{"top-song": {"weeks": {"week": "1941-06-14"}, "artist": null, "descr": {"p": ["\"Mar\u00eda Elena\" is a 1932 popular song written by Lorenzo\n    Barcelata (Spanish words and music). It was published by Peer\n    International Corporation of Mexico. The English words by Bob\n    Russell.", "The song was dedicated to Mar\u00eda Elena, the wife of Mexican\n    President Emilio Portes Gil.", {"i": [{"#tail": ", starring Paul Muni and Bette Davis, in 1935.\n    The next year the words and music were used in the Mexican film", "#text": "Bordertown"}, {"#tail": ".", "#text": "Mar\u00eda Elena"}], "#text": "An instrumental version of the song was used for the\n    background theme of the film"}, "Lawrence Welk later introduced the tune in the United States\n    on his radio program, then in 1941 on the Okeh Records\n    label.", "The song was a hit for the Jimmy Dorsey orchestra with Bob\n    Eberly doing the vocals. The recording was made on March 19,\n    1941 by Decca Records as catalog number 3698. The flip side was\n    \"Green Eyes.\" The record first reached the Billboard magazine\n    charts on May 16, 1941 and lasted 17 weeks on the chart,\n    peaking at #1 on June 14, 1941. Since \"Green Eyes\" was also a\n    #1 hit, this was a major double-sided hit recording. In the\n    same year the Wayne King Orchestra also had a #2 hit with\n    \"Maria Elena\".", "An instrumental version was recorded in 1958 and released in\n    the United States in 1962 by Natalico and Antenor Lima, better\n    known as Los Indios Tabajaras. This popular revival hit #6 pop,\n    #3 easy listening in 1963.", {"i": {"#tail": ".", "#text": "Boomer's Story"}, "#text": "Ry Cooder performed an instrumental version of this song on\n    his 1972 album"}]}, "title": "Maria Elena"}}