{"top-song": {"album": "II", "genres": {"genre": "R&B"}, "descr": {"p": ["\"On Bended Knee\" is a 1994 number-one hit single by Boyz II\n    Men for the Motown label.", "Written and produced by Jimmy Jam and Terry Lewis, the\n    single is notable for having replaced the previous Boyz II Men\n    single, \"I'll Make Love to You\", as the top song on the\n    Billboard Hot 100 in the United States. This was the first time\n    that an act had replaced itself at number one since the\n    Beatles' heyday, when \"I Want to Hold Your Hand\", \"She Loves\n    You\", and \"Can't Buy Me Love\" monopolized the top of the chart\n    for a total of twelve weeks.", "The song also reached #1 on the Hot 100 Airplay and #2 on\n    the Hot Singles Sales on December 3, 1994.", "US Maxi-CD", "US Vinyl, 12\", Promo", "France Vinyl, 12\", Promo", "Germany Single", "Europe Maxi-CD", "The music video featured the band members and their break up\n    and eventual reconciliation with four famous actresses: Kim\n    Fields, Ren\u00e9e Jones, Lark Voorhies, and Victoria Rowell."]}, "artist": null, "lengths": {"length": "5:29"}, "title": "On Bended Knee", "recorded": "1994", "label": "Motown", "producers": {"producer": "Jimmy Jam and Terry Lewis"}, "released": "November 1, 1994", "writers": {"writer": "Jimmy Jam and Terry Lewis"}, "weeks": {"week": ["1994-12-03", "1994-12-10", "1994-12-31"]}}}