{"top-song": {"album": "All Eyez on Me", "genres": {"genre": "West Coast hip hop"}, "descr": {"p": [{"i": {"#tail": ". It was a Double A-side single to\n    \"California Love\", and the tracks combined were credited as a\n    #1 single on the U.S. Billboard Hot 100 in 1996. In the UK, the\n    song peaked at #17.", "#text": "All Eyez on Me"}, "#text": "\"How Do U Want It\" is a song of 2Pac featuring K-Ci and JoJo\n    and was the third single from his album"}, {"i": "Body Heat", "#text": "It samples Quincy Jones's \"Body Heat\" from his 1974 album"}, "The song includes a diss of noted gangsta rap critic C.\n    Delores Tucker.", "There were three videos filmed for this song: two in the\n    same set for the single in April 1996 directed by Ron Hightower\n    and produced by Tracy D. Robinson. These two are distinguished\n    by MPAA rating (one is certified adult material). The video\n    portrays a wild sex party with jacuzzi, mechanical bull riding,\n    cage dancing and pole stripping. All actors and actresses are\n    dressed in renaissance-age costumes, though all clothes are\n    removed for the nude clip. The limousine segment seen in the\n    clean version is the same except no nudity. The third one is\n    the concert version, mostly them performing on stage (not the\n    House Of Blues live performance). There are cameo appearances\n    by K-Ci & Jojo both in the concert and studio segments. The\n    adult-material video also features numerous porn stars,\n    including Nina Hartley, Heather Hunter, and Angel Kelly.", "Hot 100 number-one hits of 1996 (USA)"]}, "artist": "2Pac featuring K-Ci and JoJo / featuring Dr. Dre and Roger Troutman", "lengths": {"length": "4:47"}, "title": "How Do U Want It\" / \"California Love", "recorded": "October 1995", "label": "Death Row", "producers": {"producer": "Johnny \"J\""}, "released": "June 4, 1996", "writers": {"writer": ["Tupac Shakur", "Johnny Jackson", "Bruce Fisher", "Leon Ware", "Stanley Richardson", "Quincy Jones"]}, "formats": {"format": "12-inch single"}, "weeks": {"week": ["1996-07-13", "1996-07-20"]}}}