{"top-song": {"album": "The\n  Massacre", "genres": {"genre": ["Hip hop", "Dirty rap"]}, "descr": {"p": [{"i": {"#tail": "(2005). Scott Storch, who also produced the\n    track, took influence from Middle Eastern music.", "#text": "The Massacre"}, "#text": "\"Candy Shop\" is the second single by rapper 50 Cent\n    featuring R&B singer Olivia. The song was written by 50\n    Cent and Scott Storch for 50 Cent's second commercial album"}, "The song was released as the album's second U.S. single, and\n    first international single. It was one of the year's most\n    popular songs, peaking inside the top ten on the majority of\n    the charts it entered. \"Candy Shop\" received mixed reviews from\n    critics, with some calling it a retread of 50 Cent's previous\n    collaboration with Lil' Kim on \"Magic Stick\".", {"i": {"#tail": "magazine, rapper Fat Joe claimed that he helped\n    produce the track while working with Scott Storch. He stated:\n    \"I'm pretty sure the world don't know we actually produced\n    Candy Shop together. I produced it with him (Storch)... Scott\n    called me like 50 times, 100 times: 'Yo, you sure you don't\n    want to use it? 50 Cent called me. 50 Cent want it.' I never\n    had a problem with this dude. I was like, 'Go ahead.'\" When\n    writing the song, 50 Cent stated: \"I attempted to be as sexual\n    as possible, from a male perspective, without being vulgar or\n    obscene\".", "#text": "XXL"}, "#text": "In an interview with"}, "In the intro, 50 said, \"so seductive\". This alluded to Tony\n    Yayo's hit single \"So Seductive\", due to the fact Yayo wrote\n    the track before 50 wrote \"Candy Shop\".", {"i": [{"#tail": "also wrote that the production contains\n    \"wan-sounding imitations of the Neptunes' sparse, breathy\n    funk\". PopMatters described the chorus as being \"relaxed yet\n    faintly ominous\" with 50 Cent and Olivia crooning: \"Girl what\n    we do (what we do) / And where we do (and where we do) / The\n    things we do (things we do) / Are just between me and you (oh\n    yeah).\"", "#text": "The Guardian"}, {"#tail": "also noted the chorus for 50 Cent's\n    \"amateur-sounding tenor croon\".", "#text": "Rolling Stone"}], "#text": "\"Candy Shop\" is a mid-tempo dancefloor track. The song,\n    which was officially produced by Scott Storch, samples The\n    Salsoul Orchestra's \"Love Break\". The production was described\n    by IGN as having a \"Middle Eastern tinge\" with synthesized\n    strings that \"unleash a darkly atonal whirl that sounds too\n    much like something either Timbaland or The Neptunes or Mannie\n    Fresh have concocted\"."}, {"i": [{"#tail": "wrote that the song was an\n    \"appealing throwaway single\" and lyrics such as \"after you work\n    up a sweat, you can play with the stick\" are not seductions;\n    \"they're orders\". MusicOMH's Azeem Ahmad wrote that the\n    chemistry between 50 Cent and Olivia \"is almost as explicit as\n    the lyrics... the bass line is made for grinding to\". Author\n    Ethan Brown, in a review of", "#text": "Entertainment Weekly"}, {"#tail": ", called the song \"uninspiring\" and \"nearly\n    identical\" to his previous collaboration with Lil' Kim on\n    \"Magic Stick\". He further stated that 50 Cent seemed too\n    content with his \"hypersexual image\" among other things and\n    \"not inspired enough to work beyond the same old\n    attention-getting schemes.\" Pitchfork Media also listed \"Candy\n    Shop\" as a reprise of \"Magic Stick\" both \"in beats and in\n    timbre\" and", "#text": "The Massacre"}, {"#tail": "said it was \"more of the same\" as his\n    previous collaboration. Similarly,", "#text": "Stylus magazine"}, {"#tail": "wrote that 50 Cent \"shows little growth\n    lyrically\" with the song being \"typical playa-friendly\n    fodder\".", "#text": "Billboard"}], "#text": "The song received mixed reviews from critics. PopMatters\n    described it as a track \"dripping with sexual energy and cool\"\n    and is \"sexy as hell, but contains a pretty unmistakable edge\n    of hostility, macho swagger, and thunderous chest thumping.\""}, "Fat Joe responded to the song after 50 Cent targeted him in\n    \"Piggy Bank\", a \"diss\" track aimed towards several rappers. Fat\n    Joe released a song, \"My Fo, Fo\", in which he raps \"Is it me or\n    does 'Candy Shop' sound like 'Magic Stick'?/ In the video, this\n    nigga 50 'bout to strip/ Shaking his ass. What the fuck is\n    wrong with this nigger/50 don't make me shiver.\"", {"i": {"#tail": "Hot 100, peaked at number one for nine weeks,\n    and remained on the chart for twenty-three weeks. The track\n    reached number one on the Hot R&B/Hip-Hop Songs, Hot Rap\n    Tracks, and Rhythmic Top 40 charts. The song also did well on\n    pop-oriented charts, reaching number two on the Pop 100 and\n    number five on the Top 40 Mainstream. \"Candy Shop\" was helped\n    on the Hot 100 and Pop 100 by its strong digital downloads,\n    peaking at number one on the Hot Digital Songs. The track was\n    certified Gold by the RIAA and was nominated at the 2006 Grammy\n    Awards for Best Rap Song, but lost to Kanye West's \"Diamonds\n    from Sierra Leone\".", "#text": "Billboard"}, "#text": "\"Candy Shop\" performed well in the United States, becoming\n    50 Cent's third number one single. The song debuted at number\n    eighty-two on the"}, "Across Europe, the song reached number one in Austria,\n    Belgium, Germany, and Switzerland and the top five in Ireland,\n    Norway, the Netherlands, and the UK. In Australia, the song\n    peaked at number three, was certified Platinum by the ARIA, and\n    on the 2005 year-end chart, it was listed at number\n    twenty-four. It also reached number two in New Zealand.", "The music video was directed by Jessy Terrero on January 11\n    \u2013 January 12, 2005 and filmed in Hollywood, California. Due to\n    rapper Trick Daddy's music video for \"Sugar (Gimme Some)\"\n    already having candy references, 50 Cent said \"we tried to do\n    something a little different\" and not follow the same route.\n    The video features Olivia as the lead dancer and several models\n    including Chessika Cartwright (as a dominatrix), \"Lyric\" (as a\n    nurse), and Erica Mena (as the girl in bed). It also features\n    cameo appearances from Lil Scrappy and G-Unit member Lloyd\n    Banks and former member Young Buck. The video was nominated for\n    Best Male Video at the 2005 MTV Video Music Awards, but lost to\n    Kanye West's \"Jesus Walks\".", {"i": [{"#tail": "at number nine and stayed on the chart\n    for forty-six days. It also reached number one on the", "#text": "Total Request Live"}, {"#tail": "video charts.", "#text": "MuchMusic"}], "#text": "On February 2, 2005, the video debuted on MTV's"}, "There is a remix featuring Marques Houston."]}, "artist": "50 Cent featuring Olivia", "lengths": {"length": "3:29"}, "title": "Candy Shop", "recorded": "2004", "label": "Aftermath , Interscope , Shady", "producers": {"producer": "Scott Storch"}, "released": "February 1, 2005", "writers": {"writer": ["50 Cent", "Scott Storch"]}, "formats": {"format": ["Digital download", "12\" maxi single"]}, "weeks": {"week": ["2005-03-05", "2005-03-12", "2005-03-19", "2005-03-26", "2005-04-02", "2005-04-09", "2005-04-16", "2005-04-23", "2005-04-30"]}}}