{"top-song": {"album": "Get Rich or Die\n  Tryin'", "genres": {"genre": "Hip hop"}, "descr": {"p": [{"i": {"#tail": ". The song was produced by Dr. Dre\n    with co-production from Mike Elizondo. 50 Cent, Dr. Dre, and\n    Elizondo wrote the song. The track was released in 2003 as the\n    album's lead single and it was positively received by music\n    critics.", "#text": "Get Rich or Die Tryin'"}, "#text": "\"In da Club\" is a hip-hop song performed by rapper 50 Cent\n    from his commercial debut album"}, {"i": {"#tail": "Hot 100 Songs of the Decade.", "#text": "Billboard"}, "#text": "\"In da Club\" became 50 Cent's first number one single and\n    was one of 2003's most popular songs after reaching number one\n    in the United States and peaking in the top five on the\n    majority of the European record charts it entered. At the 46th\n    Grammy Awards, it was nominated for Best Male Rap Solo\n    Performance and Best Rap Song. The song's music video won Best\n    Rap Video and Best New Artist at the 2003 MTV Video Music\n    Awards. In 2009 the single was named the 24th most successful\n    song of the 2000s, on the"}, "After 50 Cent was discovered by rapper Eminem in 2002, he\n    flew to Los Angeles where he was introduced to record producer\n    Dr. Dre. \"In da Club\" was the first of seven tracks he recorded\n    in five days with Dr. Dre. 50 Cent described the studio\n    sessions, saying:", {"i": {"#tail": "was \"dark\", he wanted to write\n    material that was \"the exact opposite\". He called the song a\n    \"celebration of life. Every day it's relevant all over 'cause\n    every day is someone's birthday.\"", "#text": "Get Rich or Die Tryin'"}, "#text": "The production was originally given to the hip hop group\n    D12, but was passed on to 50 Cent. He recorded the track with\n    only the drum beat present. Since much of the content on"}, {"i": [{"#tail": "called the song a \"guaranteed party starter\"\n    with its \"blaring horns, funky organs, guitar riffs and sparse\n    hand claps\". The BBC also wrote that the song is \"a spectacular\n    party anthem\" that \"highlights 50 Cent's ability to twist his\n    words effortlessly\".", "#text": "The Source"}, {"#tail": "noted that 50 Cent \"boasts\n    unashamedly of his career objectives and newly flush bank\n    account\" with lyrics such as \"I'm feelin' focus, man, my money\n    on my mind/Got a mil out the deal and I'm still on the grind.\"", "#text": "Entertainment Weekly"}, {"#tail": "wrote that the song sports \"a spare yet\n    irresistible synth hook augmented by a tongue-twisting\n    refrain\".", "#text": "Rolling Stone"}, {"#tail": "called the track \"irresistible\" due to its\n    \"sparse orchestral samples and snaking chorus\" and Pitchfork\n    Media also said \"the bounce on 'In Da Club' is straight-up\n    irresistible, Dre at both his minimalist best and most\n    deceptively infectious.\"", "#text": "The Guardian"}, {"#tail": "magazine called the song an \"insanely catchy\"\n    single with its \"stanky, horn-addled thump\". The track was\n    listed at number ten on", "#text": "Splendid"}, {"#tail": "magazine's \"The 500 Greatest Songs Since You Were\n    Born\". In 2008, it was ranked at number 18 on VH1's \"100\n    Greatest Hip Hop Songs\".", "#text": "Blender"}], "#text": "\"In da Club\" was positively received from music critics.\n    Allmusic described it as \"a tailor-made mass-market good-time\n    single\"."}, {"i": {"#tail": "record as the \"most listened-to\" song in radio\n    history within a week. \"In da Club\" was certified Gold by the\n    Recording Industry Association of America and was nominated for\n    Best Male Rap Solo Performance and Best Rap Song at the 2004\n    Grammy Awards, but lost to Eminem's \"Lose Yourself\". Across\n    Europe, the song reached number one in Denmark, Germany,\n    Ireland, and Switzerland and the top five in Austria, Belgium,\n    Finland, Greece, Norway, Sweden, the Netherlands, and the\n    United Kingdom. In Australia, the single peaked at number one,\n    was certified two times Platinum by the Australian Recording\n    Industry Association, and on the 2003 year-end chart, it was\n    listed at number five.", "#text": "Billboard"}, "#text": "\"In da Club\" charted well in the United States, becoming 50\n    Cent's first number one single. The song peaked at number one\n    for nine weeks on the Hot 100 (starting on February 27, 2003)\n    and remained on the chart for twenty-two weeks. The track also\n    reached number one on the Top 40 Tracks, Hot R&B/Hip-Hop\n    Songs, and Hot Rap Tracks charts. In March 2003, it broke a"}, "The music video was directed by Phillip Atwell on December\n    10\u00a0\u2013 December 11, 2002. Almost all the film footage was\n    used in the video except for a scene where 50 Cent raps in a\n    glass box. The video is set in a fictional hip hop boot camp\n    known as the Shady/Aftermath Artist Development Center. It\n    begins with a black Hummer driving to the facility at an\n    unknown location. 50 Cent is introduced by hanging upside down\n    from the roof of a gym. Atwell commented, \"I think I could have\n    done better with it, but I really liked the way that it turned\n    out\". The video also contains a shooting range, which Atwell\n    felt was appropriate because 50 Cent had been shot nine times.\n    He said, \"creatively, I felt like we were able to put guns in a\n    video and have it play. And I like it when you are able to play\n    within the standards and still give the artist something\n    symbolic of what they are going for.\"", {"i": [{"#tail": "at number nine and stayed on the chart\n    for fifty days. It also reached number one on the", "#text": "Total Request Live"}, {"#tail": "video charts. At the 2003 MTV Video Music\n    Awards, the video was awarded Best Rap Video and Best New\n    Artist and was nominated for Video of the Year, Best Male\n    Video, and Viewer's Choice.", "#text": "MuchMusic"}], "#text": "The video ends with the camera zooming out of the club to\n    reveal a two-way mirror with Eminem and Dr. Dre in white lab\n    uniforms, observing 50 Cent and taking notes. Atwell stated\n    that \"seeing 50 with Dre and Em having his back is as big a\n    visual statement as it is a musical statement\" and the shot was\n    significant because it made clear the club was inside the\n    center and not unrelated performance footage. On January 27,\n    2003, the video debuted on MTV's"}, {"i": {"#tail": ". The lawsuit was dismissed by\n    U.S. District Judge Paul Huck, who ruled that the phrase was a\n    \"common, unoriginal and noncopyrightable element of the\n    song\".", "#text": "Still a Freak for Life"}, "#text": "In January 2006, 50 Cent was sued for copyright infringement\n    by former 2 Live Crew manager Joseph Weinberger, who owns the\n    rights to the rap group's catalog. He claimed that 50 Cent\n    plagiarized the lines \"it's your birthday\" from former 2 Live\n    Crew frontman Luther Campbell on his 1994 album"}, {"i": {"#tail": ".", "#text": "Get Rich or Die Tryin'"}, "#text": "Information taken from the liner notes of"}, "Beyonc\u00e9 Knowles released a remix cover version of the song\n    titled \"Sexy Lil Thug\" that is sung from a girls perspective.\n    The song follows the same instrumentals and melody as the\n    original and cuts in at 3:13. Her version was often merged with\n    the original in the clubs and on radio play. The remix of the\n    song featuring 50 Cent, Lil Boosie, & Max Manelli was found\n    in the mixtape \"Speak My Mind\". There is another version of\n    this song that has 50 Cent's intro (the dropping coin being\n    inserted to a slot) from the album, and the intro & 2nd\n    verse from \"In Da Club\", it was found the 1st promotional CD of\n    \"Dangerously In Love\", it's the official remix to \"In Da\n    Club\"."]}, "artist": "50 Cent", "lengths": {"length": "4:10"}, "title": "In Da Club", "recorded": "2002", "label": "Aftermath , Interscope , Shady", "producers": {"producer": ["Dr. Dre", "Mike Elizondo"]}, "released": "February 4, 2003", "writers": {"writer": ["50 Cent", "Dr. Dre", "Mike Elizondo"]}, "formats": {"format": ["12-inch single", "CD"]}, "weeks": {"week": ["2003-03-08", "2003-03-15", "2003-03-22", "2003-03-29", "2003-04-05", "2003-04-12", "2003-04-19", "2003-04-26", "2003-05-03"]}}}