{"top-song": {"album": "Get\n  Rich or Die Tryin'", "genres": {"genre": "Hip hop"}, "descr": {"p": [{"i": {"#tail": "(2003). Released in 2003 as the\n    album's second single, it became his second number one song in\n    the United States after \"In Da Club\". It reached number six in\n    the UK Singles Chart while \"In Da Club\" was at #23, giving him\n    the rare feat of having two singles in the Top 30 at the same\n    time. The track was produced by Dirty Swift and Bruce Waynne of\n    Midi Mafia and samples elements from Barry White's \"It's Only\n    Love Doing Its Thing\". R&B singer Lil' Mo created the\n    answer-back remix titled \"21 Answers\". Her version received\n    decent airplay, and was often merged together with 50 Cent's\n    version for club play. While the title of the song is \"21\n    Questions,\" 50 Cent actually asks 22 questions in the duration\n    of the song.", "#text": "Get Rich or Die Tryin'"}, "#text": "\"21 Questions\" is a song performed by rapper 50 Cent. Nate\n    Dogg, who gives additional vocals, is featured, but not\n    credited, on the chorus and outro. The song was written by 50\n    Cent, K. Risto, J. Cameron, and V. Cameron for 50 Cent's\n    commercial debut album"}, "When producer Dr. Dre worked with 50 Cent on his debut\n    album, he stated that he did not want the song on the album.\n    According to 50 Cent, \"Dre was, like, 'How you goin' to be\n    gangsta this and that and then put this sappy love song on?'\"\n    50 Cent responded saying, \"I'm two people. I've always had to\n    be two people since I was a kid, to get by. To me that's not\n    diversity, it's necessity.\"", "The music video was directed by Damon Johnson, Dr. Dre and\n    Phillip Atwell in March 2003. It depicts 50 Cent arrested and\n    confined to prison, where he tries to keep in touch with his\n    girlfriend, played by Meagan Good. In prison, he is constantly\n    harangued by rival inmate, Tyson Beckford. The video ends with\n    an alternate version of the beginning, showing 50 Cent and his\n    girlfriend watching from their home as the police arrest\n    Beckford instead of 50 Cent. The video has cameo appearances by\n    G-Unit and Nate Dogg, who sings the chorus and the outro. The\n    video concept can also be originated from Nate Dogg's \"Never\n    Leave Me Alone\".", {"i": [{"#tail": "at number six, reached number one two\n    days later, and stayed on the chart for fifty days. It also\n    reached number two on the", "#text": "Total Request Live"}, {"#tail": "video charts.", "#text": "MuchMusic"}], "#text": "On April 15, 2003, the video debuted on MTV's"}, "A remix was released which featured American R&B singer\n    Monica."]}, "artist": "50 Cent featuring Nate Dogg", "lengths": {"length": "3:44"}, "title": "21 Questions", "recorded": "2002", "label": "Aftermath , Interscope , Shady", "producers": {"producer": "Dirty Swift & Bruce Waynne of Midi\n    Mafia"}, "released": "April 29, 2003", "writers": {"writer": ["50 Cent", "K. Risto", "Jimmy Cameron & Vela M. Cameron"]}, "formats": {"format": "12\" single"}, "weeks": {"week": ["2003-05-31", "2003-06-07", "2003-06-14", "2003-06-21"]}}}