{"top-song": {"album": "Hunting High and Low", "genres": {"genre": "Synthpop"}, "descr": {"p": [{"i": {"#tail": ", released in 1985. The song\n    combines synthpop with a varied instrumentation, which includes\n    acoustic guitars, keyboards, drums and synthesizers.", "#text": "Hunting High and Low"}, "#text": "\"Take on Me\" is a song by Norwegian pop band a-ha. Written\n    by the band members, the song was produced by Alan Tarney for\n    the group's first studio album"}, "The original \"Take on Me\" was recorded in 1984, and took\n    three releases to chart in the United Kingdom, reaching number\n    two on the UK Singles Chart in November 1985. In the United\n    States the song reached the top position of the Hot 100 in\n    October 1985, due in no small part to the wide exposure of its\n    memorable and cutting-edge music video on MTV, directed by\n    Steve Barron. The video features the band in a pencil-sketch\n    animation/live-action combination called rotoscoping. The video\n    won six awards, and was nominated for two others at the 1986\n    MTV Video Music Awards.", {"i": {"#tail": ", an LP for which all of the music was composed\n    by the group themselves, most of it being written by Waaktaar.\n    Soon after, Bridges disbanded. Waaktaar and Furuholmen\n    relocated to London to try their hand in the music industry\n    there, but after six months of disappointment they returned to\n    Norway. The duo decided to try to get Morten Harket to join\n    them as lead singer. At the time, Harket was singing in a band\n    called Souldier Blue, but he felt that his band was stagnating,\n    and decided to join Waaktaar and Furuholmen. They stayed\n    together for six months, writing some songs and working on demo\n    tapes, including \"Lesson One,\" the song that eventually became\n    \"Take on Me.\" In January 1983 the trio returned to London in\n    search of a recording a contract.", "#text": "Fakkeltog"}, "#text": "P\u00e5l Waaktaar and Magne Furuholmen began their music careers\n    playing in a band called Bridges, together with Viggo Bondi and\n    \u00d8ystein Jevanord. In 1981 the band produced"}, "The band moved into a flat in London and began calling on\n    record companies and publishing houses. After a few meetings\n    with various A&R personnel, the band signed with a\n    publishing house called Lionheart. a-ha then returned to Norway\n    to earn some money. When they returned to London, they left\n    Lionheart out of frustration. They decided to record new demos,\n    and chose the studio of musician and producer John Ratcliff,\n    intending to re-record five songs. The band signed with\n    Ratcliff, who in return introduced them to his manager, Terry\n    Slater. With this encouragement, the band managed to complete\n    some songs, including \"Take on Me.\" After a few meetings,\n    Slater signed them with Warner Bros. Records.", "The band met with Tony Mansfield, an expert in the use of\n    computerized synthesizers, who mixed the demos with electronic\n    instrumentation. The sound was not what a-ha had hoped to\n    achieve, and the album was remixed again. The band rushed to\n    release \"Take on Me\" as a single in the United Kingdom but\n    failed to make an impact. After this, Warner Brothers' main\n    office in the United States decided to invest in the band, and\n    gave them the opportunity to re-record the song. Terry Slater\n    convinced Alan Tarney to produce the new version. The song was\n    soon completed and re-released in the United Kingdom, but the\n    record label's office in London gave them little support, and\n    the single flopped for the second time.", {"i": {"#tail": "Hot 100.", "#text": "Billboard"}, "#text": "In the United States, Warner Brothers put the group on high\n    priority, and made the move to invest serious money in a\n    revolutionary video for \"Take on Me\" using the version produced\n    by Tarney. The single was released in the United States a month\n    after the music video, and immediately appeared in the"}, {"#text": "\"Take on Me\" is a synthpop song, written in the key of A\n    major, and includes instrumentation from acoustic guitars,\n    keyboards, and synthesizers. Like the majority of pop music,\n    the song is set in common time. It moves at a very quick tempo\n    of 170 beats per minute. The lyrics are a plea for love, and\n    are constructed in a verse-chorus form with a bridge before the\n    third and final chorus. In the song, Harket demonstrates a\n    vocal range of over two and a half octaves. He sings the lowest\n    pitch in the song, A", "sub": [{"#tail": ", at the beginning of the chorus, on the first\n    syllable of the phrase \"Take on me.\" As the chorus progresses,\n    Harket's voice hits ever higher notes, reaching a falsetto and\n    hitting the song's highest note (E", "#text": "2"}, {"#tail": ") at the end (note values specified in this article\n    using scientific pitch notation). One should also note the\n    temporary change of markings in the drum pattern in the chorus,\n    where for two bars the drums play in half time, only to pick up\n    the same rhythm as before for the climax of the vocal line. A\n    mix of drums, acoustic guitars and electronic instrumentation\n    serves as the song's backing track.", "#text": "5"}]}, "Two videos were made for the song. The first release of\n    \"Take on Me\" in 1984 includes a completely different recording,\n    and was featured in the first video, which shows the band\n    singing with a blue background. The second video was directed\n    by Steve Barron, and filmed at Kim's Caf\u00e9 and on a sound stage\n    in London, in 1985. The video used a pencil-sketch\n    animation/live-action combination called rotoscoping, in which\n    the live-action footage is traced-over frame by frame to give\n    the characters realistic movements.", "The video's main theme is a romantic fantasy narrative. It\n    begins with a young woman, played by actress Bunty Bailey,\n    drinking coffee and reading a comic book alone in a coffee\n    shop. The comic contains a narrative about competitive\n    motorcycle racing in which the hero is pursued by two villains.\n    As the girl reads, her waitress writes out the bill for her to\n    pay. The winner of the race, played by Morten Harket, winks at\n    the girl from the page. Then a graphical representation of a\n    hand reaches through the comic book, inviting the girl to enter\n    his animated world. Through a creative effect they both view\n    each other through a strange window which allows them to see\n    each other in live action, while they each actually remain in\n    pencilled comic book form.", "When the waitress comes back for the bill, she discovers the\n    girl missing and believes that she has left without paying. She\n    angrily crumples up the comic book and throws it into a garbage\n    can. Then, since the comic book is crumpled, the pages overlap\n    and touch, allowing the two motorcycle villains to cross over\n    into the panels containing Harket and the girl. One, wielding a\n    pipe wrench, smashes the window. Harket punches one of the\n    thugs and retreats with the girl into a maze created by the\n    crumpled paper. Harket tears a hole in one panel so the girl\n    can escape as he faces the two thugs with his own monkey\n    wrench. She reluctantly complies, and reappears on the floor in\n    the coffee shop, to the surprise of the shop clientele and\n    employees. The startled girl grabs the crumpled comic book and\n    runs home, where she attempts to smoothe out the creases to\n    learn what happens next.", {"i": {"#tail": ".", "#text": "Altered States"}, "#text": "One of the panels shows Harket seemingly lying lifeless, and\n    she begins to cry. Harket then wakes up and begins throwing\n    himself against the edges of the panel of the comic book's\n    page, attempting to break out into the real world. As he does\n    this, he begins to flash between animation and live action. The\n    live-action version of him appears in the hallway leading to\n    the girl's room, throwing himself against the corridor walls.\n    He finally escapes from the comic book by becoming human and\n    embraces the girl. This final scene is based on the 1980 movie"}, "At the 1986 MTV Video Music Awards, the video for \"Take on\n    Me\" won six awards\u2014Best New Artist in a Video, Best Concept\n    Video, Most Experimental Video, Best Direction, Best Special\n    Effects, and Viewer's Choice\u2014and was nominated for two others,\n    Best Group Video and Video of the Year. It was also nominated\n    for Favorite Pop/Rock Video at the 13th American Music Awards\n    in 1986.", "\"Take on Me\" was originally released in 1984, and was mixed\n    by Tony Mansfield, but failed to make an impact in the United\n    Kingdom. The group re-recorded the song with the help of\n    producer Alan Tarney, releasing it for the second time in late\n    1984, peaking at number three in Norway but also failing to\n    reach audiences abroad.", "In the United States, Warner Bros. invested in the\n    revolutionary second video for \"Take on Me,\" which used\n    Tarney's version of the song. The new video was released to\n    dance clubs and television a month before the record was\n    available in stores or played on the radio. Wide exposure on\n    MTV made the song quickly soar to the top position of the Hot\n    100 on 19 October 1985. It remained on the chart for\n    twenty-three weeks, and ended up at the tenth position of the\n    1985 year-end chart.", "\"Take on Me\" was released for the third time in the United\n    Kingdom in September 1985. The song debuted on the UK Singles\n    Chart at number fifty-five, peaked at number two for three\n    weeks, and received a gold certification by the British\n    Phonographic Industry (BPI). In Norway, a-ha's native country,\n    \"Take on Me\" reentered the VG-lista singles chart, reaching a\n    new peak of number one, a year after it was first released. The\n    single was largely successful across the rest of Europe,\n    reaching the top of the Eurochart Hot 100 for nine weeks,\n    topping the singles charts in Austria, Belgium, Germany, Italy,\n    the Netherlands, Sweden, and Switzerland, and reaching the top\n    three in France and Ireland.", "(On this record, P\u00e5l Waaktaar is miscredited as P\u00e4l\n    Waktaar)", {"i": [{"#tail": ". The song was later released on the\n    soundtrack and the international version of their album", "#text": "BASEketball"}, {"#tail": ". The band also performed the\n    song at concerts. Reel Big Fish released a video clip for \"Take\n    On Me\", directed by Jeff Moore, and features the band playing\n    the song while walking down an aisle in the stadium, and\n    playing a game of BASEketball interlaced with clips from the\n    film. An alternative video for the song's international release\n    that contained only the stadium aisle footage was also\n    released. Reel Big Fish also included a live version of the\n    song in their live album", "#text": "Why Do They Rock So Hard?"}, {"#tail": "and live\n    DVD's", "#text": "Our Live Album Is Better than Your Live Album"}, {"#tail": "and", "#text": "You're All In This Together"}, {"#tail": ".", "#text": "Reel Big Fish Live! In Concert!"}], "#text": "In 1999, ska punk band Reel Big Fish covered \"Take on Me\"\n    for the film"}, {"i": [{"#tail": ". Despite being panned by music critics, who\n    called it a \"lame cover version\", and a \"note for note copy\"\n    that seems like \"a re-release of the original\"; it was\n    commercially successful, topping the charts in Norway and the\n    United Kingdom, where it was certified silver by the BPI. The\n    cover's music video was directed by Stuart Gosling, and\n    features the band saving the world from a deadly computer\n    virus, an inspiration from the 1982 science fiction film", "#text": "The A list"}, {"#tail": ".", "#text": "TRON"}], "#text": "In August 2000, British boy band a1 released a cover of\n    \"Take on Me\" for their second studio album"}]}, "artist": "a-ha", "lengths": {"length": "3:46"}, "title": "Take on Me", "recorded": "1984-1985", "label": "Warner Bros. Records", "producers": {"producer": "Alan Tarney"}, "released": "16 September 1985", "writers": {"writer": ["Magne Furuholmen", "Morten Harket", "P\u00e5l Waaktaar"]}, "formats": {"format": ["7\"", "12\""]}, "weeks": {"week": "1985-10-19"}}}