{"top-song": {"album": "A Taste of\n  Honey", "genres": {"genre": ["Disco", "soul"]}, "descr": {"p": ["\"Boogie Oogie Oogie\" is the name of a popular song by\n    disco/R&B group A Taste of Honey. Released from their\n    self-titled album in 1978, it became an extremely popular\n    \"crossover\" song. The lyrics urge listeners to \"boogie oogie\n    oogie till you just can't boogie no more.\" It topped the\n    Billboard Hot 100 chart, the Hot Soul Singles chart, and the\n    Hot Dance Club Play chart. It would eventually sell over two\n    million copies and has become one of the most recognizable\n    songs from the late 1970s disco era. It would also help the\n    group win the Grammy Award for Best New Artist of 1978.", "In the late 1990s, the song was used in a national campaign\n    ad for Burger King and was sampled by numerous rap acts. The\n    song was also used in a campaign for Rold Gold Pretzels\n    (featuring actor Jason Alexander) in the mid 1990s. Janice\n    Marie Johnson, a member of the group, recorded another version\n    of the song in 2001.", "G.Q. also released its own version of the song in 1979."]}, "artist": "A Taste of Honey", "lengths": {"length": "3:40"}, "title": "Boogie Oogie Oogie", "label": "Capitol", "producers": {"producer": ["Fonce Mizell", "Larry Mizell"]}, "released": "1978", "writers": {"writer": ["Janice Marie Johnson", "Perry L. Kibble"]}, "weeks": {"week": ["1978-09-09", "1978-09-16", "1978-09-23"]}}}