{"top-song": {"album": "Romeo Must Die: The\n  Album", "genres": {"genre": "R&B"}, "descr": {"p": [{"i": {"#tail": "charts, received favorable reviews, and won\n    several prestigious awards.", "#text": "Billboard"}, "#text": "\"Try Again\" is a Grammy-nominated single by the late\n    American singer Aaliyah. The song went #1 on the"}, {"i": {"#tail": "soundtrack and written for the motion\n    picture of the same name. The single was released to radio\n    while \"I Don't Wanna\" was still at radio, \"Try Again\" had\n    peaked by the time \"I Don't Wanna\" was phasing out. \"Try Again\"\n    was one of her most successful songs on both the American\n    charts and the international charts. It was the first song ever\n    to reach number one on the Billboard Hot 100 based solely on\n    the strength of its radio airplay.", "#text": "Romeo Must Die"}, "#text": "The song was written by Static Major and Tim Mosley\n    (Timbaland) and produced by Tim Mosley. It was the second\n    single released from the"}, {"i": [{"#tail": "'s 2000 Pazz & Jop critics' poll.\n    In November 2002,", "#text": "The Village Voice"}, {"#tail": "magazine ranked \"Try Again\" #93 on their list of the\n    100 Greatest Singles of All Time.", "#text": "NME"}], "#text": "The song was listed 10th on"}, {"i": {"#tail": ", turning the piece into a crushing\n    orchestral industrial metal piece.", "#text": "Ich hasse Musik"}, "#text": "In 2003 German metal band Knorkator covered \"Try Again\" for\n    their album"}, {"i": [{"#tail": "magazine listed the song 86th on their list\n    of the 100 Best Songs of the Decade. On", "#text": "Rolling Stone"}, {"#tail": "'s hottest records of the 2000s list, the song\n    placed 98th.", "#text": "Billboard"}], "#text": "In December 2009,"}, {"i": [{"#tail": "and the soundtrack of the film, Aaliyah\n    performed this song on", "#text": "Romeo Must Die"}, {"#tail": ",", "#text": "The Tonight Show with Jay Leno"}, {"#tail": ",", "#text": "The Rosie O'Donnell Show"}, {"#tail": ", MTV's", "#text": "Top of the Pops"}, {"#tail": "special and", "#text": "Romeo Must Die"}, {"#tail": ".", "#text": "Total Request Live"}], "#text": "While promoting the movie"}, {"i": [{"#tail": "DVD. The video was directed by Wayne\n    Isham, with Fatima Robinson creating the choreography. The\n    \"Hall of Mirrors\" room was inspired by Bruce Lee's", "#text": "Romeo Must Die"}, {"#tail": ". The video placed 7th on BET's year-end\n    special", "#text": "Enter the Dragon"}, {"#tail": "and ranks 46th on\n    Channel Max's Top 100 Sexiest Women.", "#text": "Notarized: Top 100 Videos of 2000"}], "#text": "The music video was filmed at Hollywood Center Studios in\n    early March 2000. It begins with Jet Li entering a hall of\n    mirrors and Aaliyah stepping in, wearing a revealing low-cut\n    bra and tight low-rise leather pants. Timbaland is also shown.\n    The making of the video and the video itself was featured on\n    the"}, "CD Single", "Promo single", "At the 43rd Grammy Awards, \"Try Again\" was nominated for\n    Best Female R&B Vocal Performance. The single was also\n    honored with two Soul Train Music Award nominations: Best\n    R&B/Soul Single and R&B/Soul or Rap Music Video. \"Try\n    Again\" won two MTV Video Music Awards for Best Female Video and\n    Best Video from a Film.", "\"Try Again\" debuted on the Billboard Hot 100 in mid-March\n    2000, eventually topping the chart on the week of June 17. It\n    stayed in the top 10 for a massive fifteen weeks and in the top\n    one hundred for thirty-two weeks. It also peaked at number one\n    on the Billboard Hot 100 Airplay chart for nine weeks. On the\n    year-end chart for Billboard Hot 100, it was ranked twelfth and\n    ranked eighteenth on the Hot R&B/Hip-Hop Songs year-end\n    chart.", "On the UK Singles Chart, it debuted and peaked at number\n    five, staying in the top 75 for 12 weeks.", "It peaked at number 8 in Australia. It ranked 51st on the\n    year-end chart of ARIA Charts.", "In Germany, the song peaked at number five and remained in\n    the chart for twenty weeks. The song became the 7th most\n    successful song of Germany in 2000.", "In France, the song reached the top 30.", "This song was covered by the German heavy metal g roup\n    Knorkator.A lo-fi cover version was also done by Danish\n    musician Jesper Henriksen.", "At the beginning of the song, Timbaland pays homage to Eric\n    B. & Rakim's song \"I Know You Got Soul\" by rapping the line\n    that opens the original song (with slight alterations):", "\"It's been a long time, I shouldn't have left you without a\n    dope beat to step to.\"", "The song was sampled by British popstar George Michael on\n    his single \"Freeek!\"."]}, "artist": "Aaliyah", "lengths": {"length": "4:04"}, "title": "Try Again", "recorded": "January 2000; Manhattan Center , ( New York City , New\n  York )", "label": "Blackground / Virgin", "producers": {"producer": "Timbaland"}, "released": "February 29, 2000", "writers": {"writer": ["Steve Garrett", "Timothy Mosley"]}, "formats": {"format": ["CD", "12-inch single"]}, "weeks": {"week": "2000-06-17"}}}