{"top-song": {"album": "Arrival", "genres": {"genre": "Disco / Pop"}, "descr": {"p": [{"i": {"#tail": ", it was released as a single the following year\n    with \"That's Me\" as the B-side.", "#text": "Arrival"}, "#text": "\"Dancing Queen\" is a pop song recorded by Swedish pop group\n    ABBA, released in 1976. It was the follow-up single to the hit\n    \"Fernando\" and is commonly regarded as one of the most\n    successful singles of the 1970s. Dancing Queen was written by\n    Benny Andersson, Bj\u00f6rn Ulvaeus, and Stig Anderson and is\n    considered by many to be ABBA's signature song as it reached\n    the number 1 position on popular music charts in 13 countries.\n    Recorded in 1975 for the group's album"}, "In May 2004, the British performing rights group\n    Phonographic Performance Limited celebrated its 70th\n    anniversary by listing the 70 songs that have played most in\n    Great Britain on the radio, in clubs and on jukeboxes. On this\n    list \"Dancing Queen\" featured at number 6.", "\"Dancing Queen\" features the shared lead vocal performance\n    by Agnetha F\u00e4ltskog and Anni-Frid Lyngstad. Its opening\n    keyboard glissando is one of the most instantly recognizable\n    intros in pop music.", {"i": {"#tail": ". F\u00e4ltskog and Lyngstad recorded the\n    vocals on sessions in September, and the track was completed\n    three months later.", "#text": "Dr. John's Gumbo"}, "#text": "The recording sessions for \"Dancing Queen\" began on 4 August\n    1975. The demo was called \"Boogaloo\" and as the sessions\n    progressed, Andersson and Ulvaeus found inspiration to the\n    dance rhythm in George McCrae's disco classic \"Rock Your Baby\",\n    as well as the drumming on Dr. John's 1972 album"}, "During the sessions, Benny Andersson brought a tape home\n    with the backing track on it and played it to his then-fianc\u00e9e\n    and band member, singer Anni-Frid Lyngstad, who apparently\n    started crying when listening. \"I found the song so beautiful.\n    It's one of those songs that goes straight to your heart.\"", "While working on the lyrics, half of the second verse was\n    scrapped: \"Baby, baby, you're out of sight/hey, you're looking\n    alright tonight/when you come to the party/listen to the\n    guys/they've got the look in their eyes...\". It survives in\n    footage from a recording session.", {"i": {"#tail": "during the sessions that it's going to be a smash\n    hit\". Also Agnetha F\u00e4ltskog has stated in a TV-programe: \"It's\n    often difficult to know what will be a hit. The exception was\n    Dancing Queen. We all knew it was going to be massive\".", "#text": "know"}, "#text": "The track was premiered on Swedish tv on June 18, 1976,\n    during an all-star live gala in honour of King Carl XVI Gustaf\n    of Sweden and his bride to be, Silvia Sommerlath, who were to\n    be wedded on June 19. Benny Andersson has cited it as \"one of\n    those songs where you"}, "\"Dancing Queen\" was massive. It became ABBA's only #1 in the\n    United States in April 1977. It also hit #1 in at least 13\n    other countries worldwide: Australia, Belgium, Brazil, Germany,\n    Great Britain, Ireland, Mexico, The Netherlands, New Zealand,\n    Norway, South Africa, Sweden and Zimbabwe. \"Dancing Queen\" also\n    reached the Top 5 in Austria, Canada, Finland, France and\n    Switzerland. The track peaked at #14 in Italy, where ABBA never\n    achieved the same degree of popularity as elsewhere.", "\"Dancing Queen\" was their last of 3 consecutive Number 1's\n    they had in the UK in 1976, with \"Mamma Mia\" and \"Fernando\"\n    being #1 earlier in the year.", "In 1993, in honor of Swedish Queen Silvia\u00b4s 50th birthday,\n    Anni-Frid Lyngstad was asked to perform \"Dancing Queen\" on\n    stage, repeating ABBA's 1976 performance of the song at the\n    wedding reception of King Carl XVI Gustaf and Queen Silvia.\n    Frida contacted The Real Group and together they did an a\n    cappella version of the song on stage at the Royal Opera House\n    in Stockholm, in front of the king and queen. The Swedish Prime\n    Minister at that time, Ingvar Carlsson, was also in the\n    audience that night and he said it was an ingenious step to do\n    \"Dancing Queen\" a cappella. This performance with Lyngstad and\n    The Real Group, was filmed by Swedish Television SVT and is\n    included in Frida - The DVD.", {"i": {"#tail": "EP topping the UK charts. The re-issued\n    \"Dancing Queen\" reached #16 in the UK in September 1992.", "#text": "Abba-esque"}, "#text": "In 1992, the song was re-released in the UK, as Erasure\n    sparked an ABBA revival after the success of their"}, {"i": {"#tail": "at #97.", "#text": "100 Greatest Dance Songs in Rock & Roll"}, "#text": "In 2000, \"Dancing Queen\" came fourth in a Channel 4\n    television poll of \"The 100 Best Number Ones\" in 2001. It was\n    chosen as number 148 as part of the 365 Songs of the Century\n    list. It is also ranked #171 on Rolling Stone's list of The 500\n    Greatest Songs of All Time, the only ABBA song on the list.\n    That same year, it made VH1's"}, "On 9 November 2002, the results of a poll, \"Top 50 Favorite\n    UK #1's\", was broadcast on Radio 2, celebrating the 50th\n    anniversary of The Official UK Charts Company. 188,357\n    listeners voted and \"Dancing Queen\" came out at #8.", "Former U.S. presidential candidate John McCain named\n    \"Dancing Queen\" as his favorite song in a top 10 list submitted\n    to Blender Magazine in August 2008.", "In August 2008, \"Dancing Queen\" surpassed the 500,000 mark\n    for digital sales in the US (512,000).", "For their 1980 Spanish language album/compilation \"Gracias\n    Por La M\u00fasica\", ABBA recorded a Spanish version of \"Dancing\n    Queen\", renamed \"Reina Danzante\", with Spanish lyrics provided\n    by Buddy and Mary McCluskey.", "The first International Standard Musical Work Code was\n    assigned in 1995 to \"Dancing Queen\"; the code is\n    T-000.000.001-0.", {"i": {"#tail": ". It is a cover of the ABBA song of\n    the same name.", "#text": "The ABBA Generation"}, "#text": "\"Dancing Queen\" was A*Teens' fourth and final single from\n    their first album"}, "When the single came out in the spring of 2000, it peaked at\n    number-one in Mexico, becoming their first number-one hit in\n    that country, the song was also a smash hit in South America\n    peaking at number three in Argentina, number five in Chile,\n    number six in Colombia and number fifteen in Brazil.", "This was the main single for the United States promotion,\n    when the album was released in March 2000. \"Dancing Queen\"\n    reached ninety-five on the Billboard Hot 100, thirty-six on\n    Airplay and number thirteen on the Hot Single Sales Chart.", "\"Dancing Queen\" was released as a double A-side with \"The\n    Name of the Game\" in Europe, where both the songs were promoted\n    on radio at the same time, because Universal Music thought that\n    \"Dancing Queen\", being the last single, needed a back-up to be\n    successful. The video for \"The Name of the Game\" was an\n    unofficial video, made especially for an A*Teens TV special in\n    Sweden and it was never intended to be a promotional video. It\n    was only aired by Channel 4.", {"i": {"#tail": ". Paul Gleason (now deceased), the\n    actor who played the principal in the movie, plays the same\n    role in the video. When the principal leaves the members of the\n    band alone in the detention room (which was actually the\n    library), the school turns into a 70s discotheque.", "#text": "The Breakfast Club"}, "#text": "Directed by Patrick Kiely, it was the first A*Teens video to\n    be filmed in the United States. It was filmed on 7 March 2000,\n    the same day the song was released. The video was tribute to\n    the movie"}, "European 2-Track CD single", "European/Mexican CD maxi", "U.S. CD single", "U.S. cassette"]}, "artist": "ABBA", "lengths": {"length": "3:51"}, "title": "Dancing Queen", "recorded": "1975", "label": "Polar (Sweden) , Epic (UK) , Atlantic (US)", "producers": {"producer": ["Bj\u00f6rn Ulvaeus", "Benny Andersson"]}, "released": "16 August 1976 (Sweden) , 21 August 1976 (UK) , 12\n  November 1976 (US)", "writers": {"writer": ["Bj\u00f6rn Ulvaeus", "Benny Andersson", "Stig Anderson"]}, "formats": {"format": "7\" single"}, "weeks": {"week": "1977-04-09"}}}