{"top-song": {"album": "Happy Nation/The\n  Sign", "genres": {"genre": ["Pop", "Europop", "Dance-pop", "Reggae"]}, "descr": {"p": [{"i": [{"#tail": "in most of the world, but", "#text": "Happy Nation"}, {"#tail": "in North America.", "#text": "The Sign"}], "#text": "\"The Sign\" is a 1993 dance-pop song by the Swedish band Ace\n    of Base. The song was an international smash hit, spending six\n    non-consecutive weeks as number one on the Billboard Hot 100\n    chart in the United States, also reaching Number two in the\n    United Kingdom. It was on an album called"}, {"i": {"#tail": "for the first 50\n    years of the Hot 100 chart. The song has been covered by The\n    Mountain Goats.", "#text": "The Billboard Hot 100 All-Time Top Songs"}, "#text": "The song was the #1 song of 1994 according to Billboard\n    magazine's year-end charts. The song was ranked at #51 on"}, "The music video of the song features the pop group singing\n    amidst romantic and frolic images; \"The Sign\" was depicted as\n    an ankh and a djed. The music video is Directed By: Mathias\n    Julin.", "Amid the images is a little story of a man and woman sitting\n    side by side until the man leaves, seemingly abandoning the\n    woman. However, he comes back with a rose and offers it to the\n    woman. The woman graciously accepts and takes his hand.\n    However, a bright light shines in the woman's face, drawing her\n    away, abandoning the man and dropping the rose on the\n    chair."]}, "artist": "Ace of Base", "lengths": {"length": ["Single Version 3:11", "Album Version 3:08"]}, "title": "The Sign", "recorded": "1993", "label": "Arista", "released": "January 1994 ( United Kingdom , February 21, 1994 (\n  United States )", "writers": {"writer": "Jonas Berggren"}, "formats": {"format": "CD single"}, "weeks": {"week": ["1994-03-12", "1994-03-19", "1994-03-26", "1994-04-02", "1994-05-07", "1994-05-14"]}}}