{"top-song": {"album": "Armageddon Soundtrack", "genres": {"genre": "Rock"}, "descr": {"p": [{"i": {"#tail": "and debuted at number one on the Billboard Hot\n    100 (a first for the band after 28 years together). The song\n    stayed at number one for four weeks from September 5 to\n    September 26, 1998, introducing Aerosmith to a new generation\n    of fans. The song also stayed at #1 for several weeks in\n    several other countries. The song rose steadily up the charts\n    in the United Kingdom, peaking at number four in November 1998\n    and becoming Aerosmith's highest charting song in the UK to\n    date.", "#text": "Armageddon"}, "#text": "\"I Don't Want to Miss a Thing\" is a power ballad by American\n    rock band Aerosmith. It appeared on the soundtrack to the film"}, {"i": {"#tail": "that the song was\n    originally meant for Celine Dion.", "#text": "Diane Warren Presents Love Songs"}, "#text": "\"I Don't Want to Miss a Thing\" was written primarily by\n    Diane Warren. She stated in her compilation album"}, {"i": {"#tail": ". It features a cameo appearance by Steven\n    Tyler's daughter Liv Tyler, who plays Grace Stamper in the\n    film. Liv previously had a role in the music video for another\n    of the band's songs, \"Crazy\".", "#text": "Armageddon"}, "#text": "The music video for this song was shot in the Minneapolis\n    Armory in 1998. It features the band playing the song\n    intertwined with scenes from"}, {"i": [{"#tail": ". Along with Aerosmith, a full hand orchestra\n    plays in sync with the melody. Smoke surrounds the orchestra\n    and Aerosmith as", "#text": "Freedom"}, {"#tail": "takes off from the launch pad. Finally, the\n    screen goes out as a tearful Grace touches one of the monitors\n    to reach out to her father (real life father Steven Tyler in\n    the video; on-screen father Harry Stamper, played by Bruce\n    Willis, in the film).", "#text": "Freedom"}], "#text": "The video begins with shots of the moon and several\n    meteorites passing by and then a view of earth before zooming\n    in to show Steven Tyler singing. The shots interchange between\n    the band and Mission Control viewing the band singing via their\n    monitors. As the video progresses it reveals that the band is\n    playing in front of what appears to be the fictional Space\n    Shuttle"}, "During the filming of the video for \"I Don't Want to Miss a\n    Thing\", Steven Tyler was still recovering from a leg injury\n    sustained during the Nine Lives Tour and thus he does not move\n    much in the video.", "The song was Aerosmith's most successful single in their\n    career, debuting at #1 on the U.S. Billboard Hot 100, where it\n    stayed for four weeks in September, and became a huge hit for\n    the band internationally, reaching #1 in many countries around\n    the world, including Australia, Germany, Ireland, Austria,\n    Norway, Italy, the Netherlands, and Switzerland. \"I Don't Want\n    to Miss a Thing\" remains the only song by a rock band to debut\n    at #1 on the Billboard Hot 100. It was a shift from the hard\n    rock music Aerosmith was ordinarily known for, and being more\n    of a pop-rock song, only reached #4 on Billboard's Mainstream\n    Rock Tracks chart.", "The song was nominated for an Academy Award for Best Song in\n    1999. The song was also nominated in the Worst \"Original\" Song\n    category at the 19th Golden Raspberry Awards 1998.", {"i": {"#tail": "judge Simon Cowell labeled the song \"one of\n    the great songs of all time\" during the show's seventh season.\n    It remains one of Aerosmith's most popular songs.", "#text": "American Idol"}, "#text": "The song helped open Aerosmith up to a new generation and\n    remains a slow dance staple."}, "CD Single", {"i": [{"#tail": ". It also appeared on the Japanese version of", "#text": "Nine Lives"}, {"#tail": ".", "#text": "Just Push Play"}], "#text": "The song appeared on the Argentine version of the album"}, "CD Single 2", "Crash and the original Pink appeared as tracks 9 and 11,\n    respectively, on all versions of the album Nine Lives.", {"i": [{"#tail": ". Chesnutt's cover spent two\n    weeks at number one on the U.S.", "#text": "I Don't Want to Miss a Thing"}, {"#tail": "Hot Country Singles & Tracks (now Hot\n    Country Songs) charts in early 1999, and is the last of his\n    eight Number Ones on that chart. It is also the first of only\n    two singles in his career to reach the Billboard Hot 100, where\n    it peaked at #17 in early 1999.", "#text": "Billboard"}], "#text": "In late 1998, country music artist Mark Chesnutt recorded a\n    cover version of the song. His rendition is the first single\n    from, and title track to, his 1999 album"}, "Allison Iraheta performed \"I Don't Want to Miss a Thing\"\n    during the Top 7 (Idol in the Movies) week on American Idol\n    Season 8, and again in an appearance on Live with Regis and\n    Kelly on May 11, 2009.", {"i": [{"#tail": ". It is available as an\n    Easter egg on some DVD copies of the 2003 film", "#text": "From the Screen to Your Stereo"}, {"#tail": ", where it can be heard playing over the\n    end of the closing credits.", "#text": "I'll Be There"}], "#text": "American pop punk band New Found Glory recorded a cover\n    version in 2000, which was released on their cover album"}]}, "artist": "Aerosmith", "lengths": {"length": "4:56"}, "title": "I Don't Want to Miss a Thing", "recorded": "1998", "label": "Columbia", "producers": {"producer": "Mark Wright"}, "released": "August 18, 1998", "writers": {"writer": "Diane Warren"}, "formats": {"format": ["Cassette", "CD"]}, "weeks": {"week": ["1998-09-05", "1998-09-12", "1998-09-19", "1998-09-26"]}}}