{"top-song": {"album": "The One That You Love", "genres": {"genre": "Rock"}, "descr": {"p": "\"The One That You Love\" is a popular song written by Graham\n    Russell and sung by Air Supply that reached number one in the\n    United States in 1981. It topped the Billboard Hot 100 chart on\n    July 25, 1981, and remained there for one week."}, "artist": "Air Supply", "lengths": {"length": "4:17"}, "title": "The One That You Love", "label": "Arista Records", "released": "1981", "writers": {"writer": "Graham Russell"}, "weeks": {"week": "1981-07-25"}}}