{"top-song": {"album": "Konvicted", "genres": {"genre": ["Reggae fusion", "R&B"]}, "descr": {"p": [{"i": [{"#tail": "(2006). The song was released as the album's\n    third single in early 2007. In April 2007, it became Akon's\n    first solo U.S. number-one single and second number-one\n    overall. A crucial part of the chorus takes from Bob Marley's\n    1979 classic \"Zimbabwe\". The bridge also borrows the melody\n    from R. Kelly's song \"Ignition (Remix)\". This song was #31 on", "#text": "Konvicted"}, {"#tail": "'s list of the 100 Best Songs of 2007. This\n    song was also #81 on", "#text": "Rolling Stone"}, {"#tail": "'s list of Top 100 Hits of 2007.", "#text": "MTV Asia"}], "#text": "\"Don't Matter\" is a pop\u2013R&B song recorded by Akon for\n    his second studio album"}, "\"Don't Matter\" was released in the U.S. in mid-January 2007.\n    The song made its debut at number seventy-nine on the Hot 100\n    and reached number one after ten weeks on the chart, in large\n    part due to its substantial airplay, the song topping the Hot\n    100 Airplay chart for two weeks. In the UK, it debuted on the\n    singles chart at number forty-five, based solely upon\n    downloads, and late peaking at number three following a\n    physical release. Following the song's debut inside the top ten\n    on the singles chart in Canada, it peaked at number one for a\n    period of three weeks. As of January 2008, the song has been\n    certified 3 times platinum for 3,000,000 digital sales. Bizzy\n    Bone made a remix with this song.", {"i": {"#tail": ". They also performed the song at\n    their June 12, 2007 concert, the night after their bassist Pete\n    Wentz got in a fight with a fan.", "#text": "****: Live in Phoenix"}, "#text": "Fall Out Boy did a cover of \"Don't Matter\" for their live\n    album,"}, "The music video starts with Akon picking up his date at a\n    location. As he leaves with this date, an old man (presumably a\n    relative of the date) is shown both reading a magazine about\n    Akon partying at local clubs and staring at the two with an\n    angry look. The video continues with Akon singing \"Don't\n    Matter\" throughout the course of his date. It is set in a\n    Caribbean beach style community at social places such as the\n    beach, village market, and a dance. A scene in the video where\n    Akon photographs his date taking off her bra has led to some\n    controversy. Notably, in the video's final scene, the music\n    becomes much more lively, with a Caribbean style rhythm playing\n    under the songs chorus. It has a cameo appearance by\n    Cuban-American rapper Pitbull. The music video is one of the\n    most viewed videos on YouTube, so far #9[1], with one \"Don't\n    Matter\" video having over 60 million views, while others having\n    over 11 million, 11 million and 4 million[2]."]}, "artist": "Akon", "lengths": {"length": ["4:52 (Album Version)", "4:22 (Radio Version)", "3:02 (UK Radio Edit)"]}, "title": "Don't Matter", "label": "Konvict / UpFront / SRC / Universal", "producers": {"producer": "Akon"}, "released": "January 18, 2007 \u00a0(2007-01-18) , (see Release\n  history )", "writers": {"writer": ["Thiam", "A./ Lawson", "A."]}, "formats": {"format": ["CD", "Digital download"]}, "weeks": {"week": ["2007-04-07", "2007-04-14"]}}}