{"top-song": {"weeks": {"week": "1943-10-30"}, "artist": "Al Dexter", "descr": {"p": "\"Pistol Packin' Mama\" is a 1943 song. The song is notable in\n    that it was the first number one on the Juke Box Folk Records\n    chart, which would later be known as the Hot Country Songs\n    chart. The version performed by Bing Crosby and The Andrews\n    Sisters would be first number on the Juke Box Folk records\n    charts followed by the version performed by Al Dexter . The\n    B-side of the Al Dexter version of \"Pistol Packin' Mama, a song\n    entitled, \"Rosalita\" would hit number one on the same chart\n    later in the year."}, "title": "Pistol Packin' Mama"}}