{"top-song": {"album": "Let's Stay\n  Together", "genres": {"genre": ["Pop", "Rock", "R&B"]}, "descr": {"p": [{"i": {"#tail": "magazine on their list of the 500 Greatest\n    Songs of All Time.", "#text": "Rolling Stone"}, "#text": "\"Let's Stay Together\" is a song by Al Green on his 1972\n    album of the same name. Released as a single in 1971, the song\n    reached #1 on the Billboard Hot 100, and remained on the chart\n    for 16 weeks and also topped Billboard's R&B chart for nine\n    weeks. It was ranked the 60th greatest song of all time by"}, {"i": {"#tail": ", released in the Spring of 1984.", "#text": "Private Dancer"}, "#text": "\"Let's Stay Together\" was later covered by Tina Turner, her\n    second collaboration with the British Heaven 17/B.E.F.\n    production team after \"Ball of Confusion\" in 1982, and served\n    as her comeback single in late 1983, charting at number six in\n    the UK (one place higher than Al Green's original - and her\n    third UK Top 10 single, the first being \"River Deep, Mountain\n    High\" and second being \"Nutbush City Limits\", (both with former\n    husband Ike Turner). Tina Turner's version peaked at number 26\n    on The Billboard Hot 100 and number three on the soul singles\n    chart.. In addition, Turner's version of the song made it to\n    number one on the US Dance Chart.. The song became a turning\n    point in Turner's solo career and was later included on her\n    multi-platinum selling album"}, "Versions and mixes (Tina Turner version)", {"i": [{"#tail": ", who performed it a cappella. It\n    has also been covered by soul singer Lemar. Shirley Bassey\n    covered the song on her 1995 album Sings the Movies. An\n    instrumental version very close to the Al Green original was\n    recorded by The Memphis Horns. The song has been performed on", "#text": "America's Got Talent"}, {"#tail": "by Justin Guarini, Trenyce, Leah LaBelle,\n    and Joseph Murena. Australian Soul singer, Guy Sebastian\n    recorded a cover version on his", "#text": "American Idol"}, {"#tail": ". UK R&B artist Craig David covers\n    his very own version of the song on his album \"Signed Sealed\n    Delivered\"", "#text": "The Memphis Album"}], "#text": "\"Let's Stay Together\" has also been covered by Margie Joseph\n    (who had also recorded in Memphis contemporaneous to Green, but\n    offered a Philly-inspired version produced by Arif Mardin),\n    Roberta Flack, Michael Bolton, Donny Osmond, Jimmy Smith,\n    Michelle Williams, Boyz II Men, Big Mountain, Issac Hayes,\n    Robin Thicke, Brian Kennedy, as well as by At Last on the first\n    season of"}, {"i": {"#tail": ".", "#text": "Pulp Fiction"}, "#text": "The song was used in the 1994 Quentin Tarantino film"}]}, "artist": "Al Green", "lengths": {"length": "3:16 4:50 (full version)"}, "title": "Let's Stay Together", "recorded": "1971", "label": "Hi Records , Hi-2202", "producers": {"producer": ["Al Green", "Willie Mitchell"]}, "released": "1971", "writers": {"writer": ["Al Green", "Willie Mitchell", "Al Jackson Jr."]}, "formats": {"format": ["CD single", "Digital download", "vinyl", "Cassette"]}, "weeks": {"week": "1972-02-12"}}}