{"top-song": {"weeks": {"week": "1952-06-21"}, "artist": "Al Martino", "descr": {"p": ["\"Here in My Heart\" is a popular song, written by Pat Genaro,\n    Lou Levinson, and Bill Borrelli, and published in 1952.", "A recording of the song by Al Martino was a #1 hit single on\n    the United States pop chart. The Martino version also made\n    history as the first number one on the UK Singles Chart, on 14\n    November 1952. \"Here in My Heart\" remained in the top position\n    for nine weeks in the United Kingdom, setting a record for the\n    longest consecutive run at number one, a record which, over 50\n    years on, has only been beaten by five other tracks -\n    \"(Everything I Do) I Do It for You\" (16 weeks), the Wet Wet Wet\n    version of \"Love Is All Around\" (15), \"Cara Mia\" (10 weeks),\n    \"Umbrella\" (10 weeks) and Whitney Houston's version of I Will\n    Always Love You (10 weeks). Frankie Laine's \"I Believe\" spent a\n    total of 18 weeks at number one, but not consecutive weeks,\n    instead totalling 18 weeks across several runs at the top.", "By staying at number one until 1953 in the UK, Martino\n    secured for himself the record of being the only performer to\n    have a number one hit in the entire year of 1952. Needless to\n    say, no subsequent act has ever dominated the top spot so\n    entirely in any later year.", "Other versions, recorded by Vic Damone (reaching #8 on the\n    Billboard chart), and Tony Bennett (reaching #15 on the chart),\n    were also recorded around the same time. A rhythm and blues\n    version was also recorded that year, by Wini Brown and her Boy\n    Friends. Mario Lanza had also planned to record this song, but\n    changed his mind when asked to by Martino so his own recording\n    would not be neglected.[1]", "In 1961, Martino re-recorded the song, although it only\n    reached #86 on the Billboard Top 100 chart (Top 20 on their\n    \"Easy Listening\" survey). He had previously rerecorded the song\n    in an unsuccessful rockaballad version for MGM's Cub label.", {"i": [{"#tail": ", although he would not release his\n    first album until four years later, with 1967's", "#text": "This Sporting Life"}, {"#tail": ".", "#text": "Camelot"}], "#text": "In 1963, Richard Harris performed this song in the film"}, "The track was Al Martino's only UK number one hit; his\n    subsequent releases failed to reach the top of the charts, and\n    his final UK chart appearance was in 1973, when a reissue of\n    \"Spanish Eyes\" reached the top five.", "The song Heart(Less) by Kanute samples the opening\n    verse."]}, "title": "Here in My Heart"}}