{"top-song": {"weeks": {"week": "1948-08-14"}, "artist": "Al Trace", "descr": {"p": ["\"You Call Everybody Darlin'\" is a popular song. It was\n    written by Sam Martin, Ben Trace, and Clem Watts and published\n    in 1946.", "Several versions were recorded that charted in 1948 (mostly\n    recorded that year, but at least one possibly in the previous\n    year): by Al Trace (Clem Watts' real name; the biggest-selling\n    version), Bob Vincent, Jack Smith, The Andrews Sisters, Jerry\n    Wayne, and Jack Lathrop. The song was also recorded by Art Lund\n    that year.", "The Al Trace recording was released by Regent Records as\n    catalog number 117. The record first reached the Billboard\n    magazine charts on June 18, 1948 and lasted 22 weeks on the\n    chart, peaking at #1.", "The Bob Vincent recording was released by Mercury Records as\n    catalog number 5155. The record first reached the Billboard\n    magazine charts on July 23, 1948 and lasted 12 weeks on the\n    chart, peaking at #13.", "The Jack Smith recording was recorded about December 30,\n    1947 and released by Capitol Records as catalog number 15155.\n    The record first reached the Billboard magazine charts on\n    August 13, 1948 and lasted 9 weeks on the chart, peaking at\n    #13.", "The Andrews Sisters recording was recorded on July 26, 1948\n    and released by Decca Records as catalog number 24490. The flip\n    side was \"Underneath the Arches\". The record first reached the\n    Billboard magazine charts on August 27, 1948 and lasted 9 weeks\n    on the chart, peaking at #16.", "The Jerry Wayne recording was recorded on July 7, 1948 and\n    released by Columbia Records as catalog number 38286. The\n    record first reached the Billboard magazine charts on September\n    10, 1948 and lasted 1 week on the chart, at #26.", "The Jack Lathrop recording was released by RCA Victor\n    Records as catalog number 20-3109. The record first reached the\n    Billboard magazine charts on September 17, 1948 and lasted 2\n    weeks on the chart, peaking at #27.", "The Art Lund version was recorded on July 16, 1948 and\n    released by MGM Records as catalog number 10258.", {"i": [{"#tail": ". It was the fourth single released\n    from the project and reached #69 on the", "#text": "Love in a Small Town"}, {"#tail": "Hot Country Singles & Tracks chart.", "#text": "Billboard"}], "#text": "Country singer Lamar Morris revived the tune as a minor\n    country chart song in 1973. American country music artist K. T.\n    Oslin covered the song on her 1990 album,"}]}, "title": "You Call Everybody Darlin'"}}