{"top-song": {"weeks": {"week": "1974-01-19"}, "artist": "Al Wilson", "descr": {"p": ["\"Show and Tell\" is a popular song written by Jerry Fuller\n    and first recorded by Johnny Mathis in 1972. A 1973 recording\n    of the song by Al Wilson reached number one on the Billboard\n    Hot 100 for one week on January 19, 1974, which sold over two\n    million copies and was named a Cashbox Magazine Number One\n    Single of the Year. Wilson's version also made number ten on\n    the Hot Soul Singles chart. Peabo Bryson had a number one\n    R&B hit with his version of the song in 1989. Bryson's\n    version did not chart on the Hot 100.", {"i": {"#tail": "for the segment \"Show\n    & Tell\".", "#text": "The Late Show with David Letterman"}, "#text": "The song is often played by Paul Schaffer and The CBS\n    Orchestra on"}]}, "title": "Show and Tell"}}