{"top-song": {"album": "Alannah\n  Myles", "genres": {"genre": "Blues-rock"}, "descr": {"p": ["\"Black Velvet\" is a rock song written by Canadian musicians\n    David Tyson and Christopher Ward, and recorded by Canadian\n    singer Alannah Myles in 1989. It became a number one hit on the\n    Hot 100 charts in 1990 and reached number one on the Album Rock\n    Tracks chart, as well as number one in Canada and number two in\n    the UK Singles Chart. In 1990, country music artist Robin Lee\n    reached number 12 on the U.S. country singles charts with a\n    cover version.", "The song is about Elvis Presley. The words \"black velvet\"\n    can refer to either his likeness frequently being painted on\n    black velvet or his voice. Also, Black Velvet (full name\n    \"Sullivan's Black Velvet Hair Dye\") is what Elvis used to give\n    his naturally brown hair its distinctive black sheen. Black\n    velvet is described as a \"new religion that'll bring y'all to\n    your knees\" (changed to \"bring you to your knees\" in the Robin\n    Lee version). The chorus tells of \"Black velvet in that little\n    boy's smile/Black velvet with that slow, Southern style\" and\n    the end of the first verse claims that \"The boy could sing,\n    knew how to move, everything/Always wanting more, he'd leave\n    you longing for [black velvet]\".", "While the first verse discusses the beginning of Elvis' life\n    - \"Mama's dancing with baby on her shoulder\" - the second talks\n    about the height of his career - \"Mama's baby is in the heart\n    of every schoolgirl; Love Me Tender leaves 'em crying in the\n    aisles\". The final verse references his death - \"In a flash he\n    was gone, it happened so soon, what could you do?\"", "The song appears on the game Karaoke Revolution Presents:\n    American Idol Encore.", "The song is about broken hearts, and drinking it away (black\n    velvet is a Canadian whiskey).", {"i": [{"#tail": ". Lee's version peaked at #12 on the U.S.", "#text": "Black Velvet"}, {"#tail": "Hot Country Singles & Tracks (now Hot\n    Country Songs) chart. Her rendition, which changes the line\n    \"bring y'all to your knees\" to \"bring you to your knees\", is\n    also her highest chart peak.", "#text": "Billboard"}], "#text": "Country music artist Robin Lee, also signed to Atlantic at\n    the time, covered \"Black Velvet\" in 1990 on her third studio\n    album, also titled"}]}, "artist": "Alannah Myles", "lengths": {"length": "4:49"}, "title": "Black Velvet", "recorded": "October 1988", "label": "Atlantic", "producers": {"producer": "David Tyson"}, "released": "February 16, 1989 , February 26, 1990 (UK)", "writers": {"writer": ["David Tyson", "Christopher Ward"]}, "formats": {"format": ["CD maxi", "7\" single", "12\" maxi"]}, "weeks": {"week": ["1990-03-24", "1990-03-31"]}}}