{"top-song": {"album": "Appetizers", "genres": {"genre": "Pop rock"}, "descr": {"p": ["\"Undercover Angel\" was a hit single for singer/songwriter\n    Alan O'Day. Certified gold, it reached #1 on the Billboard Hot\n    100 (with #4 for the year of 1977) and #9 on the Australian\n    Singles Chart.", "Alan O'Day, a Hollywood-native, had scored some B-movies in\n    the 1960s, and in 1971 became a songwriter for Warner Brothers\n    Music. He had written hit songs for other artists such as Helen\n    Reddy, Bobby Sherman, Cher, and the Righteous Brothers. In\n    1977, Warner Brothers Music decided to form a special label for\n    their composers who also performed. O'Day was the first artist\n    signed, and the first release was \"Undercover Angel.\"", "The song, which O'Day described as a \"nocturnal novelette,\"\n    was released without fanfare in February 1977. But within a few\n    months it had become #1 in the country, even without an album\n    to support it. O'Day said about the experience, \"It's wonderful\n    when you find out what feels right, and then it also feels\n    right to other people. That's a songwriter's dream.\"[1]", "The song begins with a man commiserating his loneliness,\n    when a woman suddenly appears in his bed, and encourages him to\n    make love to her. The rest of the song describes his feelings\n    about her, then he discovers she must leave him, and he is\n    saddened. She tells him to \"go find the right one, love her and\n    then, when you look into her eyes you'll see me again.\"", "He then explains that was his story, as apparently he has\n    been singing this song to a woman whom he is trying to seduce,\n    and how he wants to look in her eyes to see if she is the\n    reincarnation of the angel he found."]}, "artist": "Alan O'Day", "lengths": {"length": ["4:10 (album version)", "3:40 (single version)"]}, "title": "Undercover Angel", "label": "Warner Bros.", "producers": {"producer": "Steve Barri"}, "released": "1977", "writers": {"writer": "Alan O'Day"}, "formats": {"format": "45"}, "weeks": {"week": "1977-07-09"}}}