{"top-song": {"album": "Songs in A Minor", "genres": {"genre": ["R&B", "soul"]}, "descr": {"p": [{"i": [{"#tail": "(2001). Released to radio and music\n    video outlets in 2001, it is generally considered her signature\n    song. \"Fallin'\" became Keys' first number-one single in the\n    United States and her first top five hit in several countries.\n    It is also Keys' second biggest single to date after 2007's \"No\n    One\". \"Fallin'\" won three Grammy Awards in 2002, including Song\n    of the Year, Best R&B Song, and Best Female R&B Vocal\n    Performance. In 2009 the single was named the 29th most\n    successful song of the 2000s, on the", "#text": "Songs in A Minor"}, {"#tail": "Hot 100 Songs of the Decade.", "#text": "Billboard"}, {"#tail": "ranked it number sixty-two on their Top 100\n    Songs of the 2000s decade. The song charted at 413 in", "#text": "Rolling Stone"}, {"#tail": "magazine's 500 Greatest Songs Since You Were\n    Born.", "#text": "Blender"}], "#text": "\"Fallin'\" is a song recorded, written, and produced by\n    American R&B-soul singer\u2013songwriter Alicia Keys for her\n    debut album,"}, "Keys described the song as being a strong representative of\n    who she was as an artist. She explained that the song was about\n    the \"ins and outs\" of being in a relationship. She went on to\n    say, \"Sometimes, you're completely head-over-heels in love with\n    someone, and sometimes you can't stand that person. You fall in\n    and out, sometimes it goes back and forth, and that's just what\n    relationships are about.\"", "Although it is regarded as Keys' signature song, it almost\n    did not become her single. Before she joined J Records, Keys\n    had signed a recording contract with Sony's Columbia Records.\n    Sony felt that Keys should sing more mainstream-accessible\n    material written by others, while she insisted upon recording\n    her own compositions. As a result, Keys' recording career\n    remained in limbo for two years. Bored and with free time on\n    her hands because of Sony's lack of interest in her, Keys\n    decided to put her time to good use and began to write a song.\n    Instantly, arpeggios hit her, and she became inspired with the\n    chords that would define \"Fallin'\". She quickly composed lyrics\n    basing the tune on the emotions she faced during one of her\n    first serious romantic relationships.", "As Keys was still in artistic limbo, the song was originally\n    not meant for her; Sony intended to have Kim Scott, a child\n    prodigy signed to their label, record \"Fallin'\". Keys became\n    uneasy over the matter, as she wanted to record the song\n    herself, but could not because Sony was not focusing on her\n    career. At first Keys had surrendered the piece to Scott\n    willingly, but later changed her mind, and Scott did not record\n    it. Clive Davis, a former Columbia executive then at Arista\n    Records, heard about Keys and was impressed with her artistry.\n    After Davis started a label of his own, J Records, he bought\n    out Keys' Sony contract and signed her to his label.", {"i": {"#tail": ". Unlike Sony, J Records did not mind\n    Keys recording her own compositions, and encouraged her to do\n    so. When it was time for a first single to be chosen,\n    \"Girlfriend\", a song Keys had worked on with Jermaine Dupri\n    while at Columbia, was considered, but Keys and other\n    executives agreed that \"Fallin'\" would be the best choice.", "#text": "Songs in A Minor"}, "#text": "Once at J Records, Keys began working on her debut album,"}, "\"Fallin'\" is a gospel-influenced song. It begins with piano\n    and basic drum programming, then proportionally builds up to a\n    crescendo. The record also features a violin performance of the\n    pizzicato and legato strings by Miri Ben-Ari. Keys'\n    collaborator Kerry \"Krucial\" Brothers provides the song's\n    digital programming. The song samples 1966's \"It's a Man's\n    Man's Man's World\" by James Brown. The song is written in the\n    key of E minor.", {"i": [{"#tail": "compared Keys performance in the song to an\n    Aretha Franklin vibe. Sal Cinquemani of Slant Magazine\n    complimented Keys' voice, saying it was a \"restrained vocal\n    that never permeates the track's tight arrangement\". Christian\n    Ward of", "#text": "Rolling Stone"}, {"#tail": "alluded to the song being emotional, saying it will\n    make the listener \"weep 'til you're a dribbling, snotty wreck\".\n    Simon Price of", "#text": "NME"}, {"#tail": "called the song Keys' breakthrough song.\n    Stephen Thomas Erlewine of Allmusic pointed out the lack of\n    depth in the song, saying it \"doesn't have much body to it\",\n    which he felt was \"a testament to Keys' skills as a musician\".\n    The song was listed at number four hundred and thirteen on", "#text": "The Independent"}, {"#tail": "magazine's list of The 500 Greatest Songs Since\n    You Were Born and at number four in", "#text": "Blender"}, "The Village Voice", {"#tail": "auditions due to its popularity.", "#text": "Australian Idol"}], "#text": "The song was one of the most critically acclaimed songs of\n    the year. Barry Walters of", "span": {"#tail": "s 2001 Pazz & Jop\n    critics' poll. \"Fallin'\" was banned from many", "#text": "'"}}, {"i": {"#tail": ".", "#text": "American Idol"}, "#text": "\"Fallin'\" was released in April 2001 as Keys' debut single,\n    amidst considerable promotion and praise from Davis and J\n    Records. \"Fallin'\" peaked at number one on the U.S. Hot 100 and\n    Hot R&B/Hip-Hop Songs charts and remained there for six and\n    four weeks, respectively. It also reached the top position in\n    the Netherlands, Belgium, and New Zealand as well as the top\n    five in the United Kingdom, France, Italy, Germany, Austria,\n    Switzerland, Norway, and Ireland and the top ten in Sweden and\n    Australia. A remix of the song, featuring Busta Rhymes and\n    Rampage from the Flipmode Squad (also at that time signed to J\n    Records), included on the British edition of her album,\n    reimagines the song as a hip hop-flavored dance song. Since its\n    release, \"Fallin'\" has become a popular standard for\n    contestants in the reality television series"}, "As one of the most critically acclaimed singles of 2001,\n    \"Fallin'\" was nominated for several awards. \"Fallin'\" connected\n    well with NARAS as the song was nominated in 2002 for four\n    Grammy Awards: Song of the Year, Record of the Year, Best\n    Female R&B Vocal Performance, and Best R&B Song. It\n    ended up winning Song of the Year, Best Female R&B Vocal\n    Performance, and Best R&B Song (Record of the Year was\n    awarded to U2's \"Walk On\").", "At the 2001 Billboard Music Awards, \"Fallin'\" was nominated\n    for the Hot 100 Single of the Year; however, it lost the award\n    to Lifehouse's \"Hanging by a Moment\". The song was also\n    nominated for Outstanding Song and Outstanding Music Video at\n    the 2002 NAACP Image Awards; it did not win in either\n    category.", "The music video for \"Fallin'\", directed by Chris Robinson.\n    Unlike most other contemporary R&B videos, the video for\n    \"Fallin'\" was a low-key clip with no dancing. The video opens\n    with a radio playing \"Girlfriend\", where Keys is sitting at a\n    piano. The plot has Keys traveling to a prison to visit her\n    incarcerated boyfriend. The plot is continued in the video for\n    Keys' next single, \"A Woman's Worth\", which explores what\n    happens when Keys' boyfriend is released and, with her help,\n    adjusts back to regular life. Keys said in an interview that\n    she was supposed to be the one incarcerated, and her boyfriend\n    was visiting her."]}, "artist": "Alicia Keys", "lengths": {"length": ["3:30 (album version)", "3:16 (radio edit)"]}, "title": "Fallin'", "recorded": "2001; KrucialKeys Studios , ( New York City , New York\n  )", "label": "J", "producers": {"producer": "Alicia Keys"}, "released": "June 5, 2001 \u00a0(2001-06-05)", "writers": {"writer": "Alicia Keys"}, "formats": {"format": ["CD single", "12\" single"]}, "weeks": {"week": ["2001-08-18", "2001-08-25", "2001-09-01", "2001-09-29", "2001-10-06", "2001-10-13"]}}}