{"top-song": {"album": "As I Am", "genres": {"genre": ["R&B", "soul"]}, "descr": {"p": [{"i": [{"#tail": "(2007). Written and produced by Keys, Kerry\n    Brothers, Jr., and George D. Harry, and released as the album's\n    lead single in September 2007, this is overall Keys' biggest\n    hit to date, having topped several singles charts, including\n    the Hot 100 for five consecutive weeks and the Hot\n    R&B/Hip-Hop Songs for ten consecutive weeks. \"No One\" was\n    ranked at number forty-two on The", "#text": "As I Am"}, {"#tail": "Hot 100 All-Time Top Songs and number fourteen\n    on the Top", "#text": "Billboard"}, {"#tail": "Hot 100 R&B/Hip-Hop Songs. It is her second\n    solo number-one single in the United States after 2001's\n    \"Fallin'\". In 2009 the song was named number six on the", "#text": "Billboard"}, {"#tail": "Hot 100 Songs of the Decade.", "#text": "Billboard"}], "#text": "\"No One\" is a song by American R&B and soul\n    singer\u2013songwriter Alicia Keys from her third studio album,"}, "The song won Best Female R&B Vocal Performance and Best\n    R&B Song at the 2008 Grammy Awards on February 10, 2008.\n    During the ceremony, Keys performed it in a duet with John\n    Mayer. \"No One\" was also the most listened song on U.S. radio\n    of 2008 with 3.08 billion listeners.", "Keys told MTV News Canada that the song \"is really talking\n    about the way that in relationships, the way that so many\n    things are around you all the time to try to distract you. And\n    even though people may talk and say whatever they may want to\n    say, but then no one can get in the way of this.\"", "The song was first heard in August 2007 after Keys included\n    a clip of the song in a newsletter on her official website and\n    fan club. It was released officially on September 10, 2007, and\n    its radio premiere was on Atlanta's WVEE on August 29.", "Keys performed a medley of \"No One\" with George Michael's\n    \"Freedom! '90\" at the 2007 MTV Video Music Awards on September\n    9. Remixes of the song featuring Lil' Kim, Damian Marley,\n    Junior Reid, Beenie Man, Barbee, and Kanye West exist. The\n    official remix has a different but similar beat from the\n    original version and features rapper Cassidy, it was produced\n    by Swizz Beatz.", {"i": [{"#tail": ", while it was voted number\n    twenty-three in", "#text": "Entertainment Weekly"}, "The Village Voice"], "#text": "It was ranked at number three on the recap of The 10 Best\n    Songs of 2007 by", "span": {"#tail": "s 2007 Pazz & Jop\n    critics' poll (tied with Modest Mouse's \"Dashboard\", R. Kelly's\n    \"I'm a Flirt\" (Remix) featuring T.I. and T-Pain, and Avril\n    Lavigne's \"Girlfriend\").", "#text": "'"}}, {"i": [{"#tail": "Hot R&B/Hip-Hop Songs chart the week of\n    September 8, 2007. Seven weeks later, it reached the top\n    position for ten weeks\u2014becoming Keys' fifth number-one single\n    on the chart\u2014before being knocked out by her own song \"Like\n    You'll Never See Me Again\" the first charting week of 2008. The\n    song initially debuted at number fifteen on the Bubbling Under\n    Hot 100 Singles the week of September 15, 2007, and managed to\n    jump to the Hot 100 at number seventy-one the following week\n    without the benefit of download sales. The following week, it\n    rose to number fifteen because of digital downloads, and\n    reached the top spot the charting week of December 1, 2007,\n    staying atop for five weeks, preventing Timbaland and\n    OneRepublic's hit \"Apologize\" from reaching the summit. It is\n    Keys' first solo single to reach number one on the Hot 100\n    since her debut single 2001's \"Fallin'\" and her third single,\n    to date, to top the chart. The song's success marked Keys'\n    return to the top twenty of the", "#text": "Billboard"}, {"#tail": "Hot 100 in three years; her last appearance\n    occurred with the number-twenty entry \"Karma\". Furthermore, \"No\n    One\" went on to top eleven other charts: the Hot 100 Airplay\n    (for fourteen weeks in a row, the longest run atop the chart\n    since Mariah Carey's 2005 hit \"We Belong Together\" spent\n    sixteen weeks at number one), the Hot R&B/Hip-Hop Airplay,\n    the Hot Adult R&B Airplay, the Pop 100, the Pop 100\n    Airplay, the Top 40 Mainstream, the Rhythmic Top 40, the Hot\n    Digital Songs, the Hot Digital Tracks, the Hot RingMasters, and\n    the Hot Videoclip Tracks. The song was ranked number three on\n    the Top Hot 100 Hits of 2008.", "#text": "Billboard"}], "#text": "With only one full day of airplay, \"No One\" debuted at\n    number sixty-five on the U.S."}, {"i": [{"#tail": "and secondly after Keys herself\n    performed it within a medley on", "#text": "Britain's Got Talent"}, {"#tail": "). In May 2009 it re-entered at number\n    fifty-four and in December 2009 it re-entered at number\n    fifty-one. In total \"No One\" has spent twenty-nine weeks inside\n    the UK top one hundred singles, making it by far her\n    longest-charting single in the UK. It also charted highly in\n    Oceania, spending three consecutive weeks at number three in\n    Australia and six non-consecutive weeks at number two in New\n    Zealand.", "#text": "The X Factor"}], "#text": "\"No One\" was a massive success in Europe, reaching number\n    two on the composite European Hot 100 Singles as well as\n    topping the singles chart in Switzerland and Hungary, while\n    charting inside the top five in France, Germany, Italy,\n    Portugal, the Netherlands, Belgium, Austria, Sweden, Slovakia,\n    and Turkey, and the top ten in the United Kingdom (where the\n    single became Keys' first solo top ten hit since \"Fallin'\",\n    peaking at number six, and sold in excess of 200,000 copies),\n    Ireland, Spain, Denmark, and Norway. \"No One\" has re-entered\n    the UK Singles Chart twice since its official release, both\n    times due television exposure (firstly after being performed by\n    an auditionee on"}, {"i": {"#tail": "was also at number one that week.", "#text": "As I Am"}, "#text": "In the week between October 22\u201325, \"No One\" gained 14.3% in\n    radio airplay and audience impressions which marks the single\n    at number one."}, {"i": [{"#tail": "at number ten the following day, and has\n    since peaked at number one. It premiered on Yahoo! Music on\n    September 25 at number five and peaked at number one, and it\n    premiered on", "#text": "106 and Park"}, {"#tail": "on October 4 and peaked at number one.\n    It debuted on VH1's", "#text": "Total Request Live"}, {"#tail": "at number three, peaking at number\n    one. The video was ranked at number twenty-two on VH1's Top 40\n    Videos of 2007 and at number two on BET's \"Notarized: Top 100\n    videos of 2007\".", "#text": "VSpot Top 20 Countdown"}], "#text": "The song's music video, directed by Justin Francis,\n    premiered on BET on September 24, 2007; it debuted on"}, "The video for \"No One\" consists of four settings: the first\n    one shows Keys lying on a chair in an empty room; the second\n    one is a musical instrument-decorated room in which Keys sings\n    accompanied by a keyboard; in the third one Keys is initially\n    alone, playing the piano on a rainy street, and she later finds\n    herself surrounded with dozens of people; in the fourth and\n    final one Keys is in a blue-lit nightclub. The video ends with\n    a gear divided into four fractions, each one featuring a\n    previously shown setting, and with Keys lying on the chair in\n    the same room shown at the very beginning of the video.", "As of October 2009, the official video alone has had over\n    eighty-four million views on YouTube, and peaks at number five\n    on the website's rank of all-time most viewed videos as well as\n    number four on the rank of all-time most viewed videos in the\n    music category.", {"i": [{"#tail": ", as well as in the", "#text": "27 Dresses"}, {"#tail": "episode \"Burning Questions\", originally aired\n    on May 1, 2008. Felicia Barton sang the song in the top 36\n    night on the March 3 show of", "#text": "Ugly Betty"}, {"#tail": ". Ten-year-old Natalie Okri performed the\n    song on", "#text": "American Idol"}, {"#tail": "in auditions 6 of the show, which\n    aired on May 16, 2009, receiving rave reviews from the judges\n    and a standing ovation from the audience. In the 2009 film", "#text": "Britain's Got Talent"}, {"#tail": ", The Chipettes\n    sing the song with Filipina singer Charice Pempengco. This\n    version was released on the film's soundtrack on December 1,\n    2009.", "#text": "Alvin and the Chipmunks: The Squeakquel"}], "#text": "\"No One\" was used in the theatrical trailer for the 2008\n    romantic comedy film"}]}, "artist": "Alicia Keys", "lengths": {"length": ["4:13 (Album Version)", "4:06 (Radio Edit)"]}, "title": "No One", "recorded": "Glenwood Place Studios , ( Burbank , California ) ,\n  Oven Studios , ( Long Island , New York )", "label": "J", "producers": {"producer": ["Alicia Keys", "Kerry \"Krucial\" Brothers", "Dirty Harry"]}, "released": "September 11, 2007", "writers": {"writer": ["Alicia Keys", "Kerry Brothers", "Jr.", "George D. Harry"]}, "formats": {"format": ["CD single", "digital download", null, "12\" single"]}, "weeks": {"week": ["2007-12-01", "2007-12-08", "2007-12-15", "2007-12-22", "2007-12-29"]}}}