{"top-song": {"album": "Kickin' It Up", "genres": {"genre": "Country"}, "descr": {"p": ["\"I Swear\" is a ballad written by Gary Baker and Frank J.\n    Myers that became a hit for two acts in 1994. Initially it was\n    a number one song on the U.S. Hot Country Singles & Tracks\n    chart for John Michael Montgomery at the beginning of the year.\n    His version crossed over to pop radio and climbed to #42 on the\n    Billboard Hot 100. A few months later, All-4-One covered the\n    song and achieved a great success in many countries.", {"i": {"#tail": "Hot 100 in the U.S., where it remained for\n    eleven consecutive weeks. It peaked at number two on the UK\n    Singles Chart and stayed at number two for seven consecutive\n    weeks and spent a total of 18 weeks in the chart. The All-4-One\n    version was slightly different, in that the line \"And when\n    there's silver in your hair\" from the second verse was replaced\n    by \"And when just the two of us are there.\"", "#text": "Billboard"}, "#text": "Several months after John Michael Montgomery had released\n    his original version, R&B vocal quartet All-4-One recorded\n    their own version with producer David Foster. All-4-One's\n    version hit number one in numerous countries, including the"}, {"i": {"#tail": "s Top 100 songs in the 50-year history of the\n    Billboard Hot 100 chart.", "#text": "Billboard'"}, "#text": "This version was ranked at #78 on"}, {"i": {"#tail": ". The other, written by Anica\n    Olsson, is called \"I dag\" (\"Today\") and was recorded in 1996 by\n    Anders Engbergs as 2nd track on the single \"Av hela mitt\n    hj\u00e4rta\", and by Lotta Engberg and Jarl Carlsson i a duet on\n    their 2005 album \"Kvinna & man\".", "#text": "Musik, dans & party 10"}, "#text": "In Swedish, two lyrics versions exist. One of them, \"Jag\n    sv\u00e4r\" (\"I Swear\"), was written by Ingela \"Pling\" Forsman and\n    recorded by Sten & Stanley on the 1995 album"}, {"i": {"#tail": ".", "#text": "N.Y.B3"}, "#text": "In 2003, American boy-band group B3 covered the song on\n    their album"}, "In 1998, a cover version was recorded by four\n    cantopop/mandopop singers, Sandy Lam, Prudence Liew, Teresa\n    Carpio and Chyi Yu, and was released as a single off Sandy\n    Lam's English album \"Love is the Only One\". The arrangement is\n    similar to the All-4-One version.", "In 1995, brazilian duo Leandro & Leonardo covered its\n    own version in Portuguese, called \"Eu Juro\"."]}, "artist": "All-4-One", "title": "I Swear", "recorded": "1993", "label": "Atlantic Nashville", "producers": {"producer": "Scott Hendricks"}, "released": "1993", "writers": {"writer": ["Gary Baker", "Frank J. Myers"]}, "formats": {"format": ["CD single", "Cassette single", "7\" vinyl"]}, "weeks": {"week": ["1994-05-21", "1994-05-28", "1994-06-04", "1994-06-11", "1994-06-18", "1994-06-25", "1994-07-02", "1994-07-09", "1994-07-16", "1994-07-23", "1994-07-30"]}}}