{"top-song": {"weeks": {"week": "1957-06-03"}, "artist": "\"All Shook Up\" Elvis Presley", "descr": {"p": ["\"Love Letters in the Sand\" is a popular song first published\n    in 1931. The music was written by J. Fred Coots and the lyrics\n    by Nick Kenny and Charles Kenny. The song was \"inspired\" by an\n    1881 composition, \"The Spanish Cavalier\". Ted Black's orchestra\n    had the first major hit.", "Pat Boone's cover became a major hit in June and July 1957,\n    spending 5 weeks at number one on the Billboard Top 100, with\n    34 weeks in total on the chart.", "The English singer, Vince Hill, reached #23 in the UK\n    Singles Chart in 1967, with his cover version of the track."]}, "title": "Love Letters in the Sand \"/ Bernardine Pat Boone"}}