{"top-song": {"album": "Hearts", "genres": {"genre": "Folk rock"}, "descr": {"p": [{"i": {"#tail": "(1975). It was their second single to reach number\n    one on the U.S. Billboard Hot 100, remaining in the top\n    position for just one week.", "#text": "Hearts"}, "#text": "\"Sister Golden Hair\" is a popular song written by Gerry\n    Beckley and recorded by the band America for their fifth album"}, "The song, while immensely popular, was criticized in\n    conservative circles as a plea for common law marriage and\n    living in sin.", "As the second number one single from the group America, this\n    song cemented their popularity and the song continues to turn\n    up on oldies programs, and is a popular request."]}, "artist": "America", "title": "Sister Golden Hair", "recorded": "1975", "label": "Warner Bros", "producers": {"producer": "George Martin"}, "released": "1975", "writers": {"writer": "Gerry Beckley"}, "formats": {"format": "7\""}, "weeks": {"week": "1975-06-14"}}}