{"top-song": {"album": "America", "genres": {"genre": "Folk rock"}, "descr": {"p": ["\"A Horse with No Name\" is a song by the band America. It was\n    their first and most successful single, released in early 1972,\n    topping the charts in several countries. It was certified\n    \"gold\" by the Recording Industry Association of America.", "America's self-titled debut album was released initially in\n    Europe with only moderate success and without the song \"A Horse\n    with No Name\". Trying to find a song that would be popular in\n    both the United States and Europe, \"A Horse with No Name\" was\n    originally called \"Desert Song\" and was written while the band\n    was staying at the home studio of Arthur Brown, in Puddletown,\n    Dorset. The first two demos were recorded there, by Jeff Dexter\n    and Dennis Elliott, and was intended to capture the feel of the\n    hot, dry desert, that had been depicted at the studio from\n    Salvador Dal\u00ed painting, and the strange horse had ridden out of\n    an M.C. Escher picture. Writer Dewey Bunnell also says he\n    remembered his childhood travels through the Arizona and New\n    Mexico desert when his family lived at Vandenberg Air Force\n    Base.", {"i": {"#tail": "magazine (March 2007) that the correct\n    tuning for the guitar is D E D G B D, low to high. The chord\n    pattern that repeats throughout the entire song is: 202002\n    (Em),then 020202 and 000202. The tuning is unique to this song;\n    they did not use it on any other America song.", "#text": "Acoustic Guitar"}, "#text": "\"A Horse with No Name\" was recorded in the key of E minor\n    with acoustic guitars, bass guitar, and bongo drums. The only\n    other chord is a Dadd6add9, fretted on the low E and G strings,\n    second fret. A 12 string plays an added F# (second fret, high E\n    string) on the back beat of the Em. A noted feature of the song\n    is the driving bass line with a hammer-hook in each chorus. A\n    \"waterfall\" type solo completes the arrangement. Produced by\n    Ian Samwell on the day of final recording at Morgan Studios, at\n    first the group thought it too corny and took some convincing\n    to actually play it. Gerry Beckley has explained in"}, "Despite (or perhaps, because of) the song's being banned by\n    some U.S. radio stations (including one in Kansas City) because\n    of supposed drug references the song ascended to number one on\n    the U.S. Billboard Hot 100 and the album quickly scored\n    platinum. The song did chart earlier in the Netherlands\n    (reaching number 11) and the UK (reaching number 3), than it\n    actually did in the United States. The interpretation of the\n    song as a drug reference comes from the fact that \"horse\" is a\n    common slang term for heroin.", "The song's resemblance to some of Neil Young's work aroused\n    some controversy. \"I know that virtually everyone, on first\n    hearing, assumed it was Neil,\" Bunnell says. \"I never fully\n    shied away from the fact that I was inspired by him. I think\n    it's in the structure of the song as much as in the tone of his\n    voice. It did hurt a little, because we got some pretty bad\n    backlash. I've always attributed it more to people protecting\n    their own heroes more than attacking me.\" By coincidence, it\n    was \"A Horse With No Name\" that replaced Young's \"Heart of\n    Gold\" at the #1 spot on the U.S. pop chart.", {"i": {"#tail": "\"", "#text": "Name the freakin' horse!"}, "#text": "The song has also been ridiculed for its banal, oddly\n    phrased lyrics, including \"The heat was hot\"; \"There were\n    plants, and birds, and rocks, and things\"; and \"Cause there\n    ain't no-one for to give you no pain.\" Randy Newman once\n    described it as a song \"about a kid who thinks he's taken\n    acid\". Comedian Richard Jeni mocked the song's title. \"You're\n    in the desert,\" he said. \"You got nothing else to do."}, {"i": [{"#tail": "album by The Residents. In 1987\n    the Danish rock band D-A-D made a cover version released on the\n    album", "#text": "The Third Reich 'n Roll"}, {"#tail": ". Furthermore, the song has been\n    covered by Larrikin Love with somewhat Celtic-sounding\n    instrumentation and style for Magazine in 2006. The song is\n    also featured in the movie", "#text": "D.A.D. Draws a Circle"}, {"#tail": "In 2008, it was used in a Kohls TV commercial\n    for Vera Wang. It can also be heard in season 2 of", "#text": "The Trip."}, {"#tail": ", in the episode \"Owls\" and was featured in\n    the videogame Grand Theft Auto: San Andreas on one of the\n    in-game radio stations. The song bookends the third season\n    episode of Breaking Bad, \"Caballo Sin Nombre\" (Spanish for\n    \"Horse With No Name\"), where the song plays on a car radio as\n    Walter White drives through the desert in the beginning, and is\n    sung by the Walter in the shower at the end.", "#text": "Millennium"}], "#text": "The song was one of many popular songs quoted and parodied\n    on the"}, "\"A Place With No Name\" is the first known unreleased single\n    of singer/songwriter Michael Jackson's posthumous career. It\n    currently exists as a 25-second sound bite. The sound bite was\n    released by news outlet TMZ.com on July 16, 2009 and closely\n    resembles \"A Horse with No Name\". Jim Morey, both Jackson's and\n    America's former band manager, has stated that \"America was\n    honored that Michael chose to do their song and they hope it\n    becomes available for all Michael's fans to hear.\""]}, "artist": "America", "lengths": {"length": "4:08"}, "title": "A Horse With No Name", "recorded": "1971", "label": "Warner Brothers", "producers": {"producer": "Ian Samwell"}, "released": "January 31, 1972", "writers": {"writer": "Dewey Bunnell"}, "formats": {"format": "vinyl record"}, "weeks": {"week": ["1972-03-25", "1972-04-01", "1972-04-08"]}}}