{"top-song": {"weeks": {"week": "1950-02-11"}, "artist": "Ames Brothers", "descr": {"p": ["\"Rag Mop\" was a popular American song of the late\n    1940s-early 1950s.", "The song, a 12-bar blues, was written by Johnnie Lee Wills\n    and Deacon Anderson and published in 1949. Considered a novelty\n    song, the lyrics consisted mostly of spelling out the title of\n    the song; because of the spelling used in the song, it is\n    sometimes referred to as \"Ragg Mopp.\"", "The most popular version of this song was recorded by The\n    Ames Brothers, and released by Coral Records as catalog number\n    60140. The song was part of a double-sided hit; the flip side\n    was \"Sentimental Me.\" The record first reached the Billboard\n    magazine charts on January 6, 1950 and lasted 14 weeks on the\n    chart, peaking at #1. The song was re-released in 1951 by Coral\n    as catalog number 60397, with the flip side \"Hoop-Dee-Doo\". The\n    group re-recorded the song several times. The 1950 recording is\n    considered an example of proto-rock and roll as it contained\n    elements that would later go into the defining of the\n    genre.", {"i": {"#tail": ", entitled \"D.J. the D.J\", from the\n    1960s, Cecil sang \"Rag Mopp\" with two dogs.", "#text": "Beany and Cecil"}, "#text": "In a cartoon episode of"}, "This song played on M*A*S*H in Season 9, Episode 6, after\n    Hawkeye and BJ ordered a radio from the Sears Catalog.", "Danny Kaye used a variation of \"Rag Mop\" for the 1962\n    baseball song \"Dodgers Song\" (Oh,Really, No, O'Malley),\n    spelling the names \"Dem Bums\" and \"Jints\" for the name of the\n    opposing team \"Giants\"", {"i": [{"#tail": "; he renamed it", "#text": "My Son, the Nut"}, {"#tail": ". According to numerous biographies, \"Rag Mop\"\n    was also one of the first songs Elvis Presley tried out at his\n    first Sun Records recording session in 1954, although no actual\n    recording of him performing the song has to date surfaced. \"Rag\n    Mop\" by the Ames Brothers was the last single release to hit #1\n    on the popular charts (Billboard) that was released only on\n    \"78\" speed at the time of its popularity. After this point in\n    popular music history, every song to hit #1 was released on a\n    45 rpm record.", "#text": "Rat Fink"}], "#text": "Allan Sherman parodied this song in 1963 for his album"}]}, "title": "Rag Mop"}}