{"top-song": {"album": "Knock On\n  Wood", "genres": {"genre": "Soul"}, "descr": {"p": ["\"Knock on Wood\" is a hit 1966 song written by Eddie Floyd\n    and Steve Cropper and originally performed by Eddie Floyd. The\n    Eddie Floyd version peaked at number twenty-eight on the Hot\n    100, and spent one week at number one on the soul singles.", "The song has been frequently covered, firstly by Otis\n    Redding and Carla Thomas, and with charting singles by David\n    Bowie and Amii Stewart.", {"i": {"#tail": ".", "#text": "David Live"}, "#text": "David Bowie's 1974 single is taken from the live album"}, "Amii Stewart recorded a disco version of the song which\n    reached #1 in the U.S. charts in April 1979, as well as\n    charting on the soul singles and disco charts, becoming the\n    most well-known version of the song. It also reached the Top 10\n    twice in the UK, first in 1979 (#6) and a remixed version\n    reached #7 in 1985."]}, "artist": "Amii Stewart", "lengths": {"length": "3:05"}, "title": "Knock on Wood", "recorded": "1966", "label": "Stax Records S-194", "producers": {"producer": "Steve Cropper"}, "released": "1966", "writers": {"writer": ["Eddie Floyd", "Steve Cropper"]}, "formats": {"format": "7\" single"}, "weeks": {"week": "1979-04-21"}}}