{"top-song": {"album": "Heart in Motion", "genres": {"genre": ["CCM", "Adult Contemporary", "Pop"]}, "descr": {"p": [{"i": {"#tail": "concept album, and was the first single\n    derived from that album. The lyrics are the source of the\n    album's title.", "#text": "Heart In Motion"}, "#text": "\"Baby Baby\" is a 1991 single by Christian music and pop\n    music singer Amy Grant. It was the theme song to the"}, {"i": [{"#tail": "(albeit, a cover version). It it\n    also featured in the 2004 film", "#text": "Mr. & Mrs. Smith"}, {"#tail": ".", "#text": "Harold and Kumar Go to White Castle"}], "#text": "The song is featured on the soundtrack to the 2005 film"}, "\"Baby Baby\" was Amy Grant's biggest hit since her 1986 duet\n    with Peter Cetera, \"The Next Time I Fall.\" In the United\n    States, \"Baby Baby\" was Grant's second number-one hit on the\n    pop charts and her first as a solo artist, topping the\n    Billboard Hot 100 and Adult Contemporary charts for two and\n    three weeks, respectively. The single reached the Top Ten in\n    seven countries, in addition to reaching #11 in Switzerland. In\n    Britain, \"Baby Baby\" was the singer's first (and only) Top Five\n    hit in that country, reaching #2. In the end, \"Baby Baby\"\n    proved to be Grant's biggest hit and one of the most successful\n    singles of 1991."]}, "artist": "Amy Grant", "lengths": {"length": "3:57"}, "title": "Baby Baby", "recorded": "August 1990", "label": "A&M Records", "producers": {"producer": "Brown Bannister"}, "released": "February 18, 1991", "writers": {"writer": ["Amy Grant", "Keith Thomas"]}, "formats": {"format": ["7\" single", "Cassette single", "Promotional single", "CD single"]}, "weeks": {"week": ["1991-04-27", "1991-05-04"]}}}