{"top-song": {"album": "Shadow Dancing", "genres": {"genre": ["Rock", "soft rock", "disco"]}, "descr": {"p": [{"i": {"#tail": ", Gibb became the\n    first solo artist in the history of the U.S. pop charts to have\n    his first three singles hit the number-one spot. Additionally,\n    \"Shadow Dancing\" was listed by Billboard as being the number\n    one single of 1978. In additon the song peaked at number eleven\n    on the soul chart .", "#text": "Billboard's Book Of Number One Hits"}, "#text": "\"Shadow Dancing\" is a song by Andy Gibb that reached number\n    one for seven weeks on the Billboard Hot 100 in 1978. According\n    to"}, "The song was written by Andy and his brothers (Barry,\n    Maurice and Robin Gibb) in Los Angeles, while the trio of\n    brothers were working on the film Sgt. Pepper's Lonely Hearts\n    Club Band. \"And one night,\" Andy would recall, \"while we were\n    relaxing, we sat down and we had to start getting tracks\n    together for the album\" (also titled Shadow Dancing, which\n    would eventually hit #7 on the U.S. album charts). \"So we\n    literally sat down and in ten minutes, we had a group going,\n    (singing) the chorus part. As it says underneath the song, we\n    all wrote it, the four of us.\"", "While Andy Gibb would have three more Top 10 hits in the\n    U.S., this would be his final chart-topping hit in America.", {"i": {"#tail": "[1]", "#text": "Billboard's All Time Top 100."}, "#text": "The song lists at #40 on"}]}, "artist": "Andy Gibb", "lengths": {"length": "3:45"}, "title": "Shadow Dancing", "recorded": "1978", "label": "RSO Records", "producers": {"producer": ["Barry Gibb", "Albhy Galuten", "and Karl Richardson"]}, "released": "1978", "writers": {"writer": ["Barry Gibb", "Robin Gibb", "Maurice Gibb", "Andy Gibb"]}, "formats": {"format": "7\""}, "weeks": {"week": ["1978-06-17", "1978-06-24", "1978-07-01", "1978-07-08", "1978-07-15", "1978-07-22", "1978-07-29"]}}}