{"top-song": {"album": "Flowing Rivers", "genres": {"genre": ["Rock", "soft rock", "disco"]}, "descr": {"p": [{"i": {"#tail": ", it became the first of three consecutive\n    number one Billboard Hot 100 singles for Gibb. Co-written with\n    his brother, Barry Gibb, it also reached number 19 on the\n    R&B singles chart.", "#text": "Flowing Rivers"}, "#text": "\"I Just Want to Be Your Everything\" was a hit song by pop\n    singer Andy Gibb. The first single released from his debut\n    album,"}, {"i": {"#tail": "[3] Kimberley Locke of\n    [American Idol (season 2)|season 2] covered this song for the\n    Bee Gees themed week (Top 4). Jason Castro of season 7 covered\n    this song on the show for the 70's themed week.", "#text": "Billboard's All Time Top 100."}, "#text": "The song was #22 on"}, "According to Amy Hanson of Allmusic, Andy Gibb viewed \"I\n    Just Want to Be Your Everything\" as \"one of the most personal\n    and meaningful songs he ever performed.\" Although brother Barry\n    is the only credited writer for the song, both he and Andy\n    wrote \"Everything\" in Bermuda as a tribute to Andy's recent\n    marriage and his new wife.", "\"Everything\" was Gibb's first single release in the United\n    States. Released in May 1977, the song quickly broke in\n    popularity and by the end of July, reached the top of the\n    Billboard Hot 100.", "\"Everything\" spent a cumulative four weeks at No. 1 on the\n    Billboard Hot 100. The song first reached the top of the chart\n    on July 30 for the first of three consecutive weeks. Then, The\n    Emotions went to No. 1 with \"Best of My Love\" on August 20 for\n    the first of four straight weeks.", "However, \"Everything\" maintained strong popularity,\n    remaining in the Top 10 before returning to No. 1 for one final\n    week on September 15. \"Everything\" then fell out of the top\n    spot for good, being replaced once again by \"Best of My\n    Love.\"", "\"Everything\" enjoyed one of the longest Top 40 runs in the\n    Billboard Hot 100 to that time; its 23-week run spanned from\n    the end of May through the end of October.", "The song also peaked on the Black Singles Chart, peaking at\n    number 19.", "The best-known cover version of \"I Just Want to Be Your\n    Everything\" was recorded by American country music artist,\n    Connie Smith. Released in the fall of 1977, Smith's version,\n    according to AMG reviewer Stephen Thomas Erlewine, was\n    \"relatively faithful\" to Gibb's version and \u2014 given its\n    disco-influenced sound \u2014 also a departure from her honky-tonk\n    songs of the 1960s and early 1970s.", {"i": {"#tail": "s Hot Country Songs chart in 1978,\n    becoming her last significant hit, as her further hits for\n    Monument Records, such as \"Lovin' You Baby\" and \"They'll Never\n    Be Another for Me,\" peaked in progressively lower positions on\n    the country chart between 1978 and 1979.", "#text": "Billboard Magazine'"}, "#text": "\"I Just Want to Be Your Everything\" peaked at #14 on"}]}, "artist": "Andy Gibb", "lengths": {"length": "3:45"}, "title": "I Just Want to Be Your Everything", "recorded": "1977", "label": "RSO Records", "producers": {"producer": ["Barry Gibb", "Albhy Galuten", "and Karl Richardson"]}, "released": "May 1977 ( U.S. )", "writers": {"writer": "Barry Gibb"}, "formats": {"format": "7\""}, "weeks": {"week": ["1977-07-30", "1977-08-06", "1977-08-13", "1977-09-17"]}}}