{"top-song": {"album": "Flowing\n  Rivers", "genres": {"genre": "Rock"}, "descr": {"p": ["\"(Love Is) Thicker Than Water\" is a 1977 song by Andy\n    Gibb.", "A demonstration of the Gibb brothers' U.S. chart domination\n    in 1978, this song replaced the song by Andy's brothers, the\n    Bee Gees, with their #1 single \"Stayin' Alive\", when it reached\n    #1 on the Hot 100 on March 4. This song was replaced at number\n    one by the Bee Gees' own \"Night Fever\". This was then replaced\n    by Yvonne Elliman's \"If I Can't Have You\". Since Barry Gibb had\n    a hand in writing all four of these songs, he became the only\n    person in history to write four consecutive US Number One\n    singles; this feat has not been matched to this day."]}, "artist": "Andy Gibb", "lengths": {"length": "3:18"}, "title": "(Love Is) Thicker Than Water", "label": "RSO", "producers": {"producer": ["Barry Gibb", "Albhy Galuten", "and Karl Richardson"]}, "released": "1977", "writers": {"writer": "Barry Gibb and Andy Gibb"}, "formats": {"format": "45"}, "weeks": {"week": ["1978-03-04", "1978-03-11"]}}}