{"top-song": {"genres": {"genre": ["Pop", "Rock"]}, "descr": {"p": ["Rock Me Gently was a song that was a Billboard #1 hit for\n    Andy Kim in 1974. Despite the sexual innuendo of the title and\n    verse, it has been called the \"ultimate bubblegum teen-pop\n    radio entry\" of its time.", {"i": {"#tail": ", and personally financed the recording\n    session that produced \"Rock Me Gently\". He could only afford to\n    record two sides, and deciding the second side was good enough\n    to be the A-Side of another single, he put an instrumental of\n    Rock Me Gently on its B-Side.", "#text": "Ice Records"}, "#text": "The Canadian singer, who had achieved several hits from 1968\n    to 1971, had not had a Top 100 single since September 1971, and\n    had been without a record label since early 1973. Nevertheless,\n    he said in a 1974 interview, \"I never mentally admitted defeat\n    in spite of three years off the charts\". He formed his own\n    label,"}, "The single impressed Capitol Records executives, who signed\n    Kim to a deal. The \"Rock Me Gently\" single debuted on the Hot\n    100 on June 22, 1974, and took 14 weeks to reach #1 on\n    September 28. It also rose to #2 on the UK Singles Chart. Even\n    the instrumental B-Side received substantial airplay on R&B\n    stations. It would be Kim's last top 10 hit in either\n    country.", {"i": {"#tail": ", and reached #7 on the Canadian RPM\n    country singles chart.", "#text": "Do Right By Me"}, "#text": "In 1989, Canadian country singer, Michelle Wright released\n    at version as a single on her debut album,"}, "The song resurfaced in 2007 in a television commercial for\n    Jeep Liberty."]}, "artist": "Andy Kim", "lengths": {"length": "3:24"}, "title": "Rock Me Gently", "label": "Capitol Records", "released": "1974", "writers": {"writer": "Kim"}, "formats": {"format": "Single 45 RPM"}, "weeks": {"week": "1974-09-28"}}}