{"top-song": {"album": "Songs of Love", "genres": {"genre": ["Pop", "Disco"]}, "descr": {"p": ["\"Ring My Bell\" is a 1979 popular disco song by Anita Ward.\n    Originally written for Stacy Lattisaw, when she signed with a\n    different label, Ward was asked to sing it instead and it\n    became her only major hit. The song hit number one on the disco\n    charts. \"Ring My Bell\" went to number one on both the Billboard\n    Hot 100, and soul singles chart. . It also reached number one\n    on the UK Singles Chart.", "\"Ring My Bell\" has been covered by many artists since its\n    original release, including Ann Lee, DJ Jazzy Jeff & the\n    Fresh Prince, Tori Amos, Blood Sisters, Dynamic Duo, D'Flow\n    Production Squad, Collette, Sa\u00efan Supa Crew, INOJ, Pato Fu and\n    Joey Boy. It has also been remixed many times over and is\n    considered a disco-era classic."]}, "artist": "Anita Ward", "lengths": {"length": "8:08"}, "title": "Ring My Bell", "label": "TK Records", "producers": {"producer": "Frederick Knight"}, "released": "1979", "writers": {"writer": "Frederick Knight"}, "formats": {"format": "12\" Single"}, "weeks": {"week": ["1979-06-30", "1979-07-07"]}}}