{"top-song": {"album": "By Request", "genres": {"genre": "Pop"}, "descr": {"p": [{"i": [{"#tail": ", was also a top-five country\n    single and won Song of the Year at the Academy of Country Music\n    awards. The Anne Murray version was number one in Malaysia for\n    ten weeks. Although the song reached number one on the\n    Billboard Hot 100, it never topped the two", "#text": "Let's Keep It That Way"}, {"#tail": "charts where Murray had the most success -\n    Country and Adult Contemporary.", "#text": "Billboard"}], "#text": "\"You Needed Me\" is a song written by Randy Goodrum, who\n    describes it as being about \"unconditional undeserved love.\" It\n    was a number one single in the United States in 1978 for\n    Canadian singer Anne Murray. The song, included on her 1978\n    album"}, {"i": {"#tail": ".", "#text": "Classics"}, "#text": "In 1979, Kenny Rogers and Dottie West released a cover on\n    their album"}, "Anne Murray re-recorded the song with Shania Twain for\n    Murray's 2007 album Anne Murray Duets: Friends &\n    Legends.", {"i": {"#tail": "in 1980-81, as a theme song for the\n    characters Kelly Nelson and Morgan Richards.", "#text": "Guiding Light"}, "#text": "The song was featured in an ongoing storyline on the CBS\n    soap"}, "You Needed Me became the second single for Irish Boyband\n    Boyzone from their album By Request. The single became number\n    #1 on the UK Singles Chart, beating the debut solo single of\n    Spice Girl Geri Halliwell, outselling her by just 700 copies.\n    The song has received a Silver sales status certification for\n    sales of over 200,000 copies in the UK."]}, "artist": "Anne Murray", "lengths": {"length": "3:27"}, "title": "You Needed Me", "recorded": "London , England", "label": "Polydor", "released": "May 10, 1999", "formats": {"format": ["CD single", "Cassette"]}, "weeks": {"week": "1978-11-04"}}}