{"top-song": {"weeks": {"week": "1950-04-29"}, "artist": "Anton Karas", "descr": {"p": [{"i": {"#tail": "(1949).", "#text": "The Third Man"}, "#text": "\" Theme\" is an instrumental written and performed by Anton\n    Karas for the soundtrack to the film"}, "Karas was working as a zither player when director Carol\n    Reed, during location scouting for the film, heard him playing\n    in a beer garden. Reed wanted music that wasn't waltz but would\n    be appropriate to the city of Vienna, in which the film was\n    set, so he asked Karas if he would write and record the film's\n    score. Karas agreed, and he wrote the theme based on a melody\n    in a practice book. The zither had not previously been widely\n    used in English or American music, but the theme became popular\n    with audiences of the film soon after its premiere.", {"i": [{"#tail": "Theme\" spent eleven weeks at number one on", "#text": "The Third Man"}, {"#tail": "s U.S. Best Sellers in Stores chart, from\n    April 23 to July 8. Its success led to a trend in releasing\n    film theme music as singles. A guitar version by Guy Lombardo\n    (recorded December 9, 1949, released by Decca under catalog\n    number 24839) also sold strongly, and four other versions\n    charted in the U.S. during 1950. According to Faber and Faber,\n    the different versions of the theme have collectively sold an\n    estimated forty million copies.", "#text": "Billboard'"}], "#text": "This song was originally released in the U.K. in 1949, where\n    it was 'The Harry Lime Theme.' Following its release in the\n    U.S. in 1950 (see 1950 in music), \""}, {"i": [{"#tail": "Theme\" was used in a 1982 TV mail-order\n    record collection,", "#text": "The Third Man"}, {"#tail": ", with Sharon Barbano.", "#text": "Aerobic Dancing"}], "#text": "\""}, "\"The Third Man Theme\" is also used as a theme for Japan\n    Rail's Yamanote line train station at Ebisu Station (Tokyo) in\n    Tokyo Japan. When a train arrives at the platform the initial\n    portion of this theme will play. It is known in Japan as the\n    \"Ebisu Theme\" which was used in early Ebisu beer commercials.\n    Ebisu train station was located at the site of the former\n    Yebisu#Brands beer factory which is were the station takes its\n    name and why the theme is used at this train station to this\n    day.", {"span": ["\u00b7", "\u00b7", ", Jet Harris\u00a0\u00b7", "Tony Meehan\u00a0\u00b7", "Brian 'Licorice'\n      Locking\u00a0\u00b7", "Warren Bennett\u00a0\u00b7", "John Rostill\u00a0\u00b7", "John Farrar\u00a0\u00b7", "Alan Tarney\u00a0\u00b7", {"i": {"#tail": ": Ian Samwell\u00a0\u00b7", "#text": "The Drifters"}, "#text": "Alan Hawkshaw,"}, "Terry Smart \u00a0\u00b7", "Ken Pavey \u00a0\u00b7", "Norman Mitcham"]}, {"span": [{"i": {"#tail": ": \"Feelin Fine\"\u00a0\u00b7", "#text": "The Drifters"}}, "\"Jet Black\"\u00a0\u00b7", {"i": {"#tail": ": \"Saturday Dance\"\u00a0\u00b7", "#text": "The Shadows"}}, "\"Apache\"\u00a0\u00b7", "\"Man of Mystery\" / \"The\n      Stranger\"\u00a0\u00b7", "\"FBI\"\u00a0\u00b7", "\"The Frightened\n      City\"\u00a0\u00b7", "\"Kon-Tiki\"\u00a0\u00b7", "\"The Savage\"\u00a0\u00b7", "\"Wonderful\n      Land\"\u00a0\u00b7", "\"Guitar Tango\"\u00a0\u00b7", "\"Dance On\"\u00a0\u00b7", "\"Foot Tapper\"\u00a0\u00b7", "\"Atlantis\"\u00a0\u00b7", "\"Shindig\"\u00a0\u00b7", "\"Geronimo\"\u00a0\u00b7", "\"Theme for Young\n      Lovers\"\u00a0\u00b7", "\"The Rise and Fall of\n      Flingel Bunt\"\u00a0\u00b7", "\"Rhythm and\n      Greens\"\u00a0\u00b7", "\"Genie With the Light Brown\n      Lamp\"\u00a0\u00b7", "\"Mary Anne\"\u00a0\u00b7", "\"Stingray\"\u00a0\u00b7", "\"Don't Make My Baby\n      Blue\"\u00a0\u00b7", "\"The War Lord\"\u00a0\u00b7", "\"I Met a Girl\"\u00a0\u00b7", "\"A Place in the\n      Sun\"\u00a0\u00b7", "\"The Dreams I\n      Dream\"\u00a0\u00b7", "\"Maroc 7\"\u00a0\u00b7", "\"Tomorrow's\n      Cancelled'\u00a0\u00b7", "\"Bombay Duck\"\u00a0\u00b7", "\"Somewhere\"\u00a0\u00b7", "\"Running out of\n      World\"\u00a0\u00b7", "\"Dear Old Mrs.\n      Bell\"\u00a0\u00b7", "\"Slaughter on Tenth\n      Avenue\"\u00a0\u00b7", "\"Turn Around and Touch\n      Me\"\u00a0\u00b7", "\"Let Me Be the\n      One\"\u00a0\u00b7", "\"Run Billy\n      Run\"\u00a0\u00b7", "\"It'll Be Me\n      Babe\"\u00a0\u00b7", "\"Another\n      Night\"\u00a0\u00b7", "\"Love Deluxe\"\u00a0\u00b7", "\"Don't Cry for Me\n      Argentina\"\u00a0\u00b7", "\"Theme from the Deer Hunter\n      (Cavatina)\"\u00a0\u00b7", "\"Rodrigo's Guitar\n      Concerto\"\u00a0\u00b7", "\"Riders in the\n      Sky\"\u00a0\u00b7", "\"Heart of\n      Glass\"\u00a0\u00b7", "\"Equinoxe (Part\n      V)\"\u00a0\u00b7", "\"Mozart Forte\"\u00a0\u00b7", {"#text": "\"", "strong": {"#tail": "\"\u00a0\u00b7", "#text": "The Third Man"}}, "\"Telstar\"\u00a0\u00b7", "\"Imagine/Woman\"\u00a0\u00b7", "\"Treat Me Nice\""]}]}, "title": "The Third Man Theme"}}