{"top-song": {"album": "\"LP\"[1]", "genres": {"genre": ["Funk", "Proto-disco", "Soul", "Philly soul"]}, "descr": {"p": [{"i": {"#tail": "in music history.", "#text": "funk hits"}, "#text": "\"Tighten Up\" was a 1968 song by Houston, Texas based R&B\n    vocal group Archie Bell & the Drells. It reached #1 on both\n    the Billboard R&B and pop charts in the spring of 1968. It\n    is ranked #265 on the Rolling Stone magazine's list of \"the 500\n    Greatest Songs of All Time\" and is one of the earliest"}, "\"Tighten Up\" was written by Archie Bell and Billy Buttier .\n    It was one of the first songs that Archie Bell & the Drells\n    recorded, in a session in 1967, along with a number of songs\n    including \"She's My Woman\". Soon afterwards Bell was drafted\n    into the U.S. Army and began serving in Vietnam. The song\n    became a hit in Houston, and was picked up by Atlantic Records\n    for distribution in April 1968. By the summer it topped both\n    the Billboard R&B and pop charts. It also sold a million\n    copies by May 1968, gaining an R.I.A.A. gold disc. The line in\n    \"Tighten Up\", \"we dance just as good as we walk\" was a little\n    ironic, given that Bell had been shot in the leg and was\n    consigned to a military hospital bed at the time.", "The introduction features Bell introducing himself as being\n    from Houston, Texas. According to the Billboard Book of Number\n    One Hits by Fred Bronson, Bell heard a comment after the\n    Kennedy assassination in Dallas, that \"nothing good ever came\n    out of Texas.\" Bell wanted his listeners to know \"we were from\n    Texas and we were good.\"", "The song described an accompanying dance that the band had\n    invented, also called the \"Tighten Up\"; this dance became\n    popular concurrently with the song.", {"i": {"#tail": ", which reached number 28 on the\n    R&B chart.", "#text": "I Can't Stop Dancing"}, "#text": "The phenomenal success of the single prompted the band to\n    rush out an album, despite their incapacitated leader. In 1969\n    the group recorded their first full album with Gamble and Huff,"}]}, "artist": "Archie Bell & the Drells", "lengths": {"length": "3:15 (Part 1)"}, "title": "Tighten Up", "recorded": "1967-1968", "label": "Atlantic (U.S.)", "released": "1968", "writers": {"writer": ["Archie Bell", "Billy Buttier"]}, "formats": {"format": ["7\"", "12\""]}, "weeks": {"week": ["1968-05-18", "1968-05-25"]}}}