{"top-song": {"album": "Aretha", "genres": {"genre": "R&B / Pop"}, "descr": {"p": ["\"I Knew You Were Waiting (For Me)\" was a song performed by\n    Aretha Franklin and George Michael in a duet in 1987. It was\n    written by Simon Climie and Dennis Morgan.", {"i": [{"#tail": "and", "#text": "UK Singles Chart"}, {"#tail": "s Hot 100. The song was, remarkably,\n    Franklin's first and only UK number-one hit, and only her\n    fourth top ten achievement in the country since \"I Say a Little\n    Prayer\", nearly two decades earlier. This was also the last of\n    Franklin's eighteen Top 10 hits in the", "#text": "Billboard'"}, {"#tail": "Hot 100.", "#text": "Billboard"}], "#text": "The song was a one-off project that helped Michael achieve\n    his ambition to sing with one of his favourite artists, and it\n    reached number one in both the"}, {"i": {"#tail": ") and 1986's \"A Different Corner\". However,\n    as the song was a duet, he was not afforded the same status or\n    level of congratulation as Gerry & The Pacemakers or\n    Frankie Goes to Hollywood, the only two artists to have\n    previously achieved number one with their first three releases.\n    Michael's previous success (with Wham!, which included four\n    number-ones) was also a factor in watering down the\n    achievement.", "#text": "Make It Big"}, "#text": "For Michael, it became his third consecutive number-one in\n    the UK since going solo, following 1984's \"Careless Whisper\"\n    (though the single was actually from the Wham! album"}, "The single was the first Michael had recorded (as a lead\n    artist) which he had not written himself. The co-writer, Simon\n    Climie, was unknown at the time, although he later had success\n    as a performer with Climie Fisher in 1988.", "The continuous run of UK chart-toppers ended for Michael\n    thereafter, with his next number-one coming in 1991 - again as\n    part of a duet (this time with Elton John) - while his next\n    entirely solo number-one in the UK didn't appear until\n    1996.", "On the U.S. Billboard Hot 100, \"I Knew You Were Waiting (For\n    Me)\" debuted at #59, the week of February 21, 1987, reaching #1\n    in its ninth week, April 18, 1987, and remaining there for two\n    consecutive weeks.", {"i": [{"#tail": "in 1991. A cover of \"I Knew You\n    Were Waiting (For Me)\" was recorded in 2001 by Hear'Say as the\n    B-side to their single \"Everybody\". Also Michael McDonald\n    covered it in 2008 on his album", "#text": "Live at Fairfield Halls"}, {"#tail": ". Simon Climie had co-written the song and\n    also produced it.", "#text": "Soul Speak"}], "#text": "A live version of the song was featured on the Bucks Fizz\n    album"}, {"span": ["\"Careless\n      Whisper\"\u00a0\u00b7", "\"A Different\n      Corner\"\u00a0\u00b7", "\"I Want Your\n      Sex\"\u00a0\u00b7", "\"Hard Day\"\u00a0\u00b7", "\"Faith\"\u00a0\u00b7", "\"Father\n      Figure\"\u00a0\u00b7", "\"One More Try\"\u00a0\u00b7", "\"Monkey\"\u00a0\u00b7", "\"Kissing a\n      Fool\"\u00a0\u00b7", "\"Praying for\n      Time\"\u00a0\u00b7", "\"Waiting for That\n      Day\"\u00a0\u00b7", "\"Mother's\n      Pride\"\u00a0\u00b7", "\"Freedom! '90\"\u00a0\u00b7", "\"Heal the\n      Pain\"\u00a0\u00b7", "\"Cowboys and\n      Angels\"\u00a0\u00b7", "\"Too Funky\"\u00a0\u00b7", "\"Killer\" / \"Papa Was a\n      Rollin' Stone\"\u00a0\u00b7", "\"Jesus to a\n      Child\"\u00a0\u00b7", "\"Fastlove\"\u00a0\u00b7", "\"Spinning the\n      Wheel\"\u00a0\u00b7", "\"Older / I Can't Make You\n      Love Me\"\u00a0\u00b7", "\"Star People\n      '97\"\u00a0\u00b7", "\"You Have Been Loved / The\n      Strangest Thing '97\"\u00a0\u00b7", "\"Outside\"\u00a0\u00b7", "\"Freeek!\"\u00a0\u00b7", "\"Shoot the\n      Dog\"\u00a0\u00b7", "\"Amazing\"\u00a0\u00b7", "\"Flawless (Go to the\n      City)\"\u00a0\u00b7", "\"Round Here\"\u00a0\u00b7", "\"John and Elvis Are\n      Dead\"\u00a0\u00b7", "\"An Easier\n      Affair\"\u00a0\u00b7", "\"December Song (I Dreamed of\n      Christmas)\""]}]}, "artist": "Aretha Franklin and George Michael", "title": "I Knew You Were Waiting (for Me)", "recorded": "1986", "label": "Arista", "producers": {"producer": "Narada Michael Walden"}, "released": "1987", "writers": {"writer": ["Simon Climie", "Dennis Morgan"]}, "formats": {"format": ["7\" single", "CD single"]}, "weeks": {"week": ["1987-04-18", "1987-04-25"]}}}