{"top-song": {"album": "Otis Blue", "genres": {"genre": "Soul"}, "descr": {"p": [{"i": {"#tail": ", by the Recording Industry of\n    America and the National Endowment for the Arts.", "#text": "Songs of the Century"}, "#text": "\"Respect\" is a song written and originally released by Stax\n    recording artist Otis Redding in 1965. \"Respect\" became a 1967\n    hit and signature song for R&B singer Aretha Franklin.\n    While Redding wrote the song as a man's plea for respect and\n    recognition from a woman, the roles were reversed for\n    Franklin's version. Franklin's cover was a landmark for the\n    feminist movement, and is often considered as one of the best\n    songs of the R&B era, earning her two Grammy Awards in 1968\n    for \"Best Rhythm & Blues Recording\" and \"Best Rhythm &\n    Blues Solo Vocal Performance, Female\", and was inducted in the\n    Grammy Hall of Fame in 1998. In 2002, the Library of Congress\n    honored Franklin's version by adding it to the National\n    Recording Registry. It is number five on Rolling Stone's list\n    of The 500 Greatest Songs of All Time. It was also included in\n    the list of"}, {"i": {"#tail": ". The album became widely successful, even\n    outside of his largely R&B and blues fanbase. When released\n    in the summer of 1965, the song reached the top five on\n    Billboard's Black Singles Chart, and crossed over to pop\n    radio's white audience, peaking at number thirty-five there. At\n    the time, the song became Redding's second largest crossover\n    hit (after \"I've Been Loving You Too Long\") and paved the way\n    to future presence at American radio.", "#text": "Otis Blue"}, "#text": "Otis Redding wrote and recorded \"Respect\" as a blues tune in\n    the studio while finishing his third album,"}, "Producer Jerry Wexler brought Redding's song to Franklin's\n    attention. While Redding's version was popular among his core\n    R&B audience, Wexler thought the song had potential to be a\n    crossover hit and to demonstrate Franklin's vocal ability.\n    \"Respect\" was recorded on February 14, 1967 with Aretha's\n    sisters, Carolyn and Erma, singing backup", {"i": {"#tail": ". As the title\n    track became a hit on both R&B and pop radio, Atlantic\n    Records arranged for the release of this new version of\n    \"Respect\" as a single.", "#text": "I Never Loved a Man the Way I Love You"}, "#text": "During the recording process, a bridge was added to\n    Redding's original composition. Another addition was King\n    Curtis' tenor saxophone and the slicker production of Wexler\n    and co-producer Arif Mardin. The resulting song was featured on\n    Franklin's Atlantic Records debut album,"}, "Franklin's rendition found even greater success than the\n    original, spending two weeks atop the Billboard Pop Singles\n    chart, and for eight weeks on the Billboard Black Singles\n    chart. It also became a hit internationally, reaching number\n    ten in the United Kingdom, and helping to transform Franklin\n    from a domestic star into an international one. Even Otis\n    Redding himself was impressed with the performance of the song,\n    and at the Monterey Pop Festival in the summer of the cover's\n    release, he was quoted playfully describing \"Respect\" as the\n    song \"that little girl done stole from me\".", {"i": {"#tail": "was ranked\n    eighty-third in Rolling Stone's 500 Greatest Albums of All-Time\n    in 2002. Two years later, \"Respect\" was fifth in the magazine's\n    500 Greatest Songs of All-Time. The song \"Respect\" is part of\n    the The Rock and Roll Hall of Fame's 500 Songs that Shaped Rock\n    and Roll list.", "#text": "I Never Loved a Man the Way I Love You"}, "#text": "\"Respect\" is one of several songs considered to have defined\n    the 1960s. It has appeared in dozens of films and still\n    receives consistent play on oldies radio stations. In the\n    1970s, Franklin's version of the song came to exemplify the\n    feminist movement. Although she had numerous hits after\n    \"Respect\", and several before its release, the song became\n    Franklin's signature song and her best-known recording."}, "Despite being overshadowed, Redding's version is still\n    considered a soul classic, and highly regarded by fans of\n    Stax-Volt and southern soul recordings. The Vagrants, a Long\n    Island, New York blue-eyed soul group recorded a version of\n    Respect in 1967, which became a minor hit in the Eastern United\n    States. Another regional band that had a hit with the song was\n    the Michigan-based rock band The Rationals, whose 1966 release\n    of the song received airplay on Detroit radio stations and\n    predated the release of Aretha Franklin's version by a year.\n    The Rotary Connection also have a version of the song, recorded\n    in 1969 for Chess Records.", {"i": {"#tail": ".", "#text": "What You Hear Is What You Get (Live at Carnegie\n    Hall)"}, "#text": "Ike and Tina Turner released it on their 1971 double live\n    album"}, "Janis Joplin also recorded the song. Joplin's version is\n    similar to Redding's, although it was a September 1968 studio\n    improvisation, and goes up only to 1st chorus, after which\n    Janis stops, saying: \"Another, another\". This recording is\n    released only on the unofficial album \"Rarer Pearls\", which\n    contains various other Joplin studio and live cuts.", "Cass Elliot and Sammy Davis, Jr. performed it as a medley\n    with I Dig Rock and Roll Music, Say It Loud - I'm Black and I'm\n    Proud, What'd I Say and another Franklin's tune, Think. They\n    sang it on variety show The Hollywood Palace, in 1969.", {"i": [{"#tail": "in euskara) for their 1996 cover album", "#text": "respect"}, {"#tail": ". After the band's split, singer Fermin\n    Muguruza continued to perform his version of the song in some\n    of his solo projects' concerts, and it appeared as the final\n    track on his live album", "#text": "Salam, agur"}, {"#tail": ".", "#text": "Kontrabanda - Barcelona, Apolo 2004-I-21"}], "#text": "Dexys Midnight Runners frequently included the song in their\n    live set, and have issued at least two different live\n    recordings of the song. A house music cover was released by\n    singer Adeva in 1989, and reached #17 in the UK singles chart.\n    The song was covered by the Basque fusion-rock band Negu\n    Gorriak, translated as \"Errespetua\" ("}, {"i": [{"#tail": "and Kool Moe Dee's song \"No\n    Respect,\" from his 1987 album", "#text": "Introducing Joss Stone"}, {"#tail": ". The song was featured on the game\n    Karaoke Revolution Volume 3.", "#text": "How Ya Like Me Now"}], "#text": "The phrase \"what you want, baby I got it\" was interpolated\n    on Joss Stone's song \"Headturner\", from her 2007 album"}, "Actress Jessica Biel sang the song during the season 1\n    episode Say Good-bye of the hit series 7th Heaven.", {"i": {"#tail": ".", "#text": "Glee"}, "#text": "Amber Riley also sang the song in the pilot episode of the\n    Fox series"}]}, "artist": "Aretha Franklin", "lengths": {"length": "2:08"}, "title": "Respect", "recorded": "July 1965 , Stax Recording Studios , ( Memphis,\n  Tennessee )", "label": "Volt / Atco , V-128", "producers": {"producer": "Steve Cropper"}, "released": "August 15, 1965", "writers": {"writer": "Otis Redding"}, "formats": {"format": "7\" single"}, "weeks": {"week": ["1967-06-03", "1967-06-10"]}}}