{"top-song": {"weeks": {"week": "1948-02-21"}, "artist": "Art Mooney", "descr": {"p": {"i": {"#tail": "cartoons, as it appeared in several of\n    them. The Sons of Ben, the official supporters' group of Major\n    League Soccer's Philadelphia Union, have adopted the song as\n    one of their chants.", "#text": "Merrie Melodies"}, "#text": "\"I'm Looking Over a Four Leaf Clover\" is a song from 1927,\n    written by Mort Dixon with music by Harry M. Woods. It was a\n    hit for Art Mooney in 1948 and was largely popularized by him.\n    In modern times the song is perhaps most associated with"}}, "title": "I'm Looking Over a Four Leaf Clover"}}