{"top-song": {"weeks": {"week": "1947-06-07"}, "artist": "Art Lund", "descr": {"p": [{"i": [{"#tail": "with a \"mam'selle\" (", "#text": "rendez-vous"}, {"#tail": ") in a small caf\u00e9. The music was written by\n    Edmund Goulding, the lyrics by Mack Gordon.", "#text": "mademoiselle"}], "#text": "\"Mam'selle\" is a bittersweet song about a"}, "The song originally appeared in the movie, \"The Razor's\n    Edge,\" with Tyrone Power in 1947.", "Five versions of the song became top ten hits in 1947: by\n    Art Lund, by Dick Haymes, by Frank Sinatra, by Dennis Day, and\n    by The Pied Pipers. Frankie Laine had a hit jazz version,\n    renowned for its vibe solo by Lou Singer.", "The Art Lund recording was recorded on February 20, 1947 and\n    released by MGM Records as catalog number 10011. The record\n    first reached the Billboard magazine charts on April 11, 1947\n    and lasted 11 weeks on the chart, peaking at #1.", "The Dick Haymes recording was recorded on March 6, 1947 and\n    released by Decca Records as catalog number 23861. The record\n    first reached the Billboard magazine charts on April 25, 1947\n    and lasted 8 weeks on the chart, peaking at #4.", "The Frank Sinatra recording was recorded on March 11, 1947\n    and released by Columbia Records as catalog number 37343. The\n    record first reached the Billboard magazine charts on May 9,\n    1947 and lasted 4 weeks on the chart, peaking at #6.", "The Dennis Day recording was released by RCA Victor Records\n    as catalog number 20-2211. The record first reached the\n    Billboard magazine charts on April 25, 1947 and lasted 5 weeks\n    on the chart, peaking at #8.", "The Pied Pipers recording was recorded on March 14, 1947 and\n    released by Capitol Records as catalog number 396. The record\n    first reached the Billboard magazine charts on May 2, 1947 and\n    lasted 4 weeks on the chart, peaking at #9.", "The Frankie Laine recording was recorded on March 28, 1947\n    and released by Mercury Records as catalog number 5048.", "Barbershop Harmony Society 2006 quartet champion Vocal\n    Spectrum recorded Tom Sando's arrangement of the song on their\n    first CD."]}, "title": "Mam'selle"}}