{"top-song": {"descr": {"p": ["\"Frenesi\" is a musical piece originally composed by Alberto\n    Dominguez for the marimba, and adapted as a jazz standard by\n    Leonard Whitcup and others. A hit version recorded by Artie\n    Shaw (with an arrangement by William Grant Still) reached\n    number one on the pop chart on December 21, 1940. Other\n    performers who have recorded the song include Cliff Richard,\n    Harry James, Tommy Dorsey, Glenn Miller, Dave Brubeck, June\n    Christy, The Four Freshmen, Anita O'Day, Betty Carter, Woody\n    Herman, Les Brown, Perez Prado, Linda Ronstadt, Eydie Gorme and\n    Frank Sinatra. Thomas Pynchon's 1990 novel Vineland features a\n    character named Frenesi Gates.", "The word \"frenesi\" is the Spanish equivalent of\n    \"frenzy\".", "Major Thomas Hayes, WWII flying Ace named his P-51 \"Frenesi\"\n    after the song. He said it was a tribute to his wife Marie, for\n    the song they listened to. He believed the song's name\n    translated to \"Love me Tenderly\"."]}, "artist": "Artie Shaw", "lengths": {"length": "3:00"}, "title": "Frenesi", "label": "RCA Victor", "formats": {"format": "78rpm phonograph record"}, "weeks": {"week": ["1940-12-21", "1940-12-28"]}}}