{"top-song": {"album": "Ashanti", "genres": {"genre": "R&B"}, "descr": {"p": ["\"Foolish\" is a song by American R&B singer Ashanti from\n    her debut album. It was written by Ashanti, 7 Aurelius, M.\n    DeBarge and producer Irv Gotti. It uses a sample of DeBarge's\n    \"Stay with Me\" and features elements from \"One More Chance\n    (remix)\" by The Notorious B.I.G. and M.V.P by Big L.", {"i": {"#tail": "Hot R&B Songs chart. The song became\n    Ashanti's second number-one and third top ten on both charts.\n    The song was in the top ten in United Kingdom, Australian and\n    New Zealand.", "#text": "Billboard"}, "#text": "The song was released as the album's lead single on January\n    29, 2002 (see 2002 in music), It spent ten weeks at number-one\n    on the Hot 100 and U.S."}, {"i": {"#tail": "Hot 100 Songs of the Decade.", "#text": "Billboard"}, "#text": "In 2009 it was named the 19th most successful song of the\n    2000s, on the"}, {"i": [{"#tail": ", with Ashanti in the role of Karen Hill and\n    Terrence Howard in the role of Henry Hill. Irv Gotti and Ja\n    Rule are also in a scene appearing to take the roles of Jimmy\n    Conway and Paulie Cicero. The video was a three-time nominee at\n    the 2002 MTV Video Music Awards for", "#text": "Goodfellas"}, {"#tail": ",", "#text": "Best Female Video"}, {"#tail": ", and", "#text": "Best R&B Video"}, {"#tail": ".", "#text": "Best New Artist"}], "#text": "The filming session of the video for the single took place\n    during January 2002. It was directed by Irv Gotti himself. The\n    video grants us an insight of a relationship where the man,\n    played by Terrence Howard, gets involved into some criminal\n    acts, cheats on Ashanti, which ends up in a break-up after some\n    quarrel. As the song suggests, Ashanti feels that she still\n    loves her ex and that she just can't seem to get over him and\n    becomes frusturated since her heart and her mind force her to\n    love him and hate him at the same time. In supporting roles we\n    can also see Charli Baltimore, Vita, Ja Rule and Irv Gotti. The\n    video is set in the fashion of the movie"}, {"i": [{"#tail": ", and Ashanti for", "#text": "Best R&B Vocal Performance - Female"}, {"#tail": "and won a Soul Train Music Award for", "#text": "Best New artist"}, "Best R&B/Soul Single for Female"], "#text": "The song was nominated at the 2003 Grammy Awards for"}, {"i": [{"#tail": "contains\n    Ashanti's teenage poems and diary extracts. It was followed by\n    an audio book with the same name defined as", "#text": "Foolish/Unfoolish - Reflections on love"}, {"#tail": "released by\n    Hyperion.", "#text": "A spoken word album - read by the author"}], "#text": "There are several Ashanti publications and releases under\n    the name \"Foolish\" and \"Unfoolish\" and inspired by the single\n    (or vice-versa). A book called"}, "European CD Single", "Australian/U.S. Maxi single", "UK 5\" CD single"]}, "artist": "Ashanti", "lengths": {"length": "3:47"}, "title": "Foolish", "recorded": "2001", "label": "Murder Inc.", "producers": {"producer": "Irv Gotti"}, "released": "January 29, 2002", "writers": {"writer": ["7 Aurelius", "M. DeBarge", "Ashanti", "E. Jordan", "Irv Gotti"]}, "formats": {"format": "CD single"}, "weeks": {"week": ["2002-04-20", "2002-04-27", "2002-05-04", "2002-05-11", "2002-05-18", "2002-05-25", "2002-06-01", "2002-06-08", "2002-06-15", "2002-06-22"]}}}