{"top-song": {"album": "All in the Name of\n  Love", "genres": {"genre": ["R&B", "Pop"]}, "descr": {"p": [{"i": {"#tail": ", the seventh album from R&B\n    group, Atlantic Starr. The song went to number one on both the\n    Hot Black Singles and Billboard Hot 100 charts in June 1987. .\n    The song also spent two weeks atop the U.S. adult contemporary\n    chart.", "#text": "All In The Name Of Love"}, "#text": "\"Always\" was the second single from"}, "In 2000, the pop act Boyz N Girlz United included a cover\n    version of the song on their self titled debut album.", "The song appears on the game Karaoke Revolution Party."]}, "artist": "Atlantic Starr", "lengths": {"length": "4:47 (album version); 3:59 (single version)"}, "title": "Always", "recorded": "1986", "label": "Warner Bros.", "producers": {"producer": ["David Lewis", "Wayne Lewis"]}, "released": "1987", "writers": {"writer": ["David Lewis", "Jonathan Lewis", "Wayne Lewis"]}, "formats": {"format": "12\" maxi single"}, "weeks": {"week": "1987-06-13"}}}