{"top-song": {"album": "The Best Damn\n  Thing", "genres": {"genre": ["Pop punk", "Powerpop", "Pop"]}, "descr": {"p": [{"i": [{"#tail": ". It was produced by Lukasz Gottwald.\n    \"Girlfriend\" became Lavigne's biggest hit in the United States,\n    where it became her first number one single in the U.S. Hot\n    100. It topped the chart in Australia for 6 weeks, and reached\n    number two in the United Kingdom. A remix featuring rapper Lil\n    Mama was released in June 2007. The song was recently named by", "#text": "The Best Damn Thing"}, {"#tail": "the #94 Top Single of the decade. It\n    was also the top selling song in 2007 with sales of over 7.3\n    million from 72 different countries.", "#text": "Billboard Magazine"}], "#text": "\"Girlfriend\" is a song by Canadian pop-punk singer Avril\n    Lavigne, released as the lead single from her third studio\n    album,"}, {"i": [{"#tail": "that in the bridge when the listener\n    hears hand clapping, the accompanying giggling was created by\n    Lavigne and Gottwald, despite it sounding like a girl.\n    \"Girlfriend\" is in the video game", "#text": "The Best Damn Thing"}, {"#tail": "in English, Japanese, Spanish, and\n    Chinese. It also appears in", "#text": "Burnout Dominator"}, {"#tail": "but this time only in English. This song\n    is recorded in 7 languages other than English. It is the theme\n    song of Japanese talk show", "#text": "Burnout Paradise"}, {"#tail": "- on which Lavigne appeared on May 2,\n    2007 - as well as being the insert song for popular Japanese\n    manga based drama Hanazakari no Kimitachi e. It is featured in\n    the theatrical trailer for the 2007 live-action", "#text": "Cartoon KAT-TUN"}, {"#tail": "film, and in a trailer for the film", "#text": "Bratz"}, {"#tail": ", and also for", "#text": "I Now Pronounce You Chuck and Larry"}, {"#tail": ". Lavigne performed the song\n    on", "#text": "Bring It On: In It to Win It"}, {"#tail": "on June 15, 2007.", "#text": "The Tonight Show with Jay Leno"}], "#text": "The song involves Lavigne proclaiming a crush on a boy who\n    currently has a girlfriend already, and features the typical\n    80's pop-punk influence and power pop of her earlier songs.\n    Lavigne said on the DVD side of the deluxe edition of"}, {"i": [{"#tail": "'s list of the 100 Best Songs of 2007. This\n    song was also #77 on", "#text": "Rolling Stone"}, {"#tail": "'s list of Top 100 Hits of 2007. Also was listed\n    as the number 1 hit of 2007 according to MTV Latin America. .\n    Note, Girlfriend peaked as number one in the North/Central\n    Latin American Version of \"Los 100 M\u00e1s Pedidos 2007\" (The 100\n    Top Hits of 2007), while in the South Latin American Version of\n    \"Los 100 M\u00e1s Pedidos 2007\" it peaked at number 3, losing the\n    first place to \"With Love\" by Hilary Duff. \"Girlfriend\" also\n    won the Best Song of the Year at the 2008 Kids' Choice Awards.\n    It beat \"Big Girls Don't Cry\", \"Don't Matter\", and \"Beautiful\n    Girls\".", "#text": "MTV Asia"}], "#text": "The song was #35 on"}, "Critics have compared the middle section of the song with\n    the bridge from Toni Basil's \"Mickey\".", "Reviewers have noted that the chorus bears a resemblance to\n    The Rubinoos' 1979 single \"I Wanna Be Your Boyfriend\", in which\n    they sing \"Hey hey, you you, I wanna be your boyfriend\" similar\n    to \"Hey hey, you you, I could be your girlfriend\" in\n    \"Girlfriend\". The song can be heard on the Rubinoos' MySpace\n    page.", {"i": {"#tail": "have publicly noted that the song is a \"total\n    lift from the Rubinoos' song\". McBride said that Lavigne has no\n    current plans to settle the case, but will consider the costs\n    of defending the case against those of settling. In January\n    2008, the lawsuit was settled and Gangwer and Dunbar released a\n    statement saying that the similarities between the songs were\n    based on \"certain common and widely used lyrics\" and that they\n    \"completely exonerate Avril and Luke from any wrongdoing of any\n    kind in connection with the claims made by us in our\n    lawsuit.\"", "#text": "Allmusic"}, "#text": "On May 25, 2007, Lavigne, her songwriter Lukasz Gottwald,\n    her record label, and Apple Inc. were sued by James Gangwer and\n    Tommy Dunbar, songwriters for The Rubinoos, over claims that\n    \"Girlfriend\" infringes their copyright on their 1979 song \"I\n    Wanna Be Your Boyfriend\". Lavigne's manager, Terry McBride,\n    denied that \"Girlfriend\" was copied from \"I Wanna Be Your\n    Boyfriend\", and pointed out that \"Boyfriend\" itself is similar\n    to The Rolling Stones' \"Get off of My Cloud\". McBride said he\n    hired a musicologist to compare the songs; according to McBride\n    the musicologist reported that the songs were totally\n    dissimilar, even a different meter. Prominent music critics\n    such as Stephen Thomas Erlewine of"}, {"i": [{"#tail": "and MuchMusic's", "#text": "Total Request Live"}, {"#tail": "on February 26. However, it premiered in New\n    Zealand on Music Station C4 on February 20. It was in heavy\n    rotation on European music TV channel VIVA Polska on February\n    23 as well.", "#text": "MuchOnDemand"}], "#text": "The world premiere of the music video was announced to be on\n    MTV's"}, "The music video was directed by The Malloys and filmed at\n    Golf 'n' Stuff in Norwalk, California. It features two girls:\n    one with an innocent persona, glasses and red hair (Lavigne),\n    and one with a rebellious persona and black hair (also\n    Lavigne). The video begins inside the building where the\n    red-haired girl and her boyfriend are walking together. Lavigne\n    sees her and shows her an intimidating disposition. As the\n    couple walk away, Lavigne begins to sing the song and tries her\n    luck on the red-haired girl's boyfriend. Featured in the video\n    are scenes of Lavigne fighting over the man with the red-haired\n    girl and trying to outdo her repeatedly. Between the scenes\n    show Lavigne singing with her band accompanying her at the\n    back. The video also featured Lavigne and her friends dancing\n    within the comfort room (restroom) background. After the\n    starting scene, the video shows them at Li'l Indy, where they\n    ride go-carts. Here, Lavigne is seen viciously bumping the car\n    of the red-haired girl, causing her to spin around and lose\n    control. Next, the red-haired girl and her boyfriend get inside\n    a photo booth where Lavigne hears them and grabs the red-haired\n    girl away before they take pictures. Lavigne's friends then\n    block the red-haired girl's way to give her more time.", "The next scene shows the couple eating together, where\n    Lavigne sees them, throws the food away and kisses the\n    red-haired girl's boyfriend. It is nighttime when the next\n    scene was shown. This scene takes place in a miniature golf\n    course where the couple are playing, and the red-haired girl\n    cheerfully wins.", "Unfortunately for her, Lavigne and her friends are also\n    present at the scene. As soon as she and her friends see them,\n    Lavigne hits her in the head with a golf ball, and the\n    red-haired girl splashes down below and into the water. Her\n    boyfriend tries to grab her hand but misses. Finally, the last\n    scene shows Lavigne waiting for the man. As he comes toward\n    her, they soon hold hands together, and the red-haired girl\n    sees them and tries to seize Lavigne (at the same time trying\n    to get her boyfriend back). But Lavigne ducks down and the man\n    moves sideways as soon as the red-haired girl charges towards\n    Lavigne. She then tumbles all the way down and falls into a\n    Porta Potty ahead, where she gives a look of desperation\n    towards the camera, showing that she has failed to win back her\n    boyfriend. Lavigne then finally wins the youth's affections.\n    The video ends when she takes her new boyfriend into a bathroom\n    stall and slightly opens the door after a moment and gives a\n    thumbs up. Lavigne's boyfriend in the video is played by\n    American model Bryan McMullin and dresses similarly to the\n    \"rocker\" Lavigne in the video. The video features Lavigne's\n    previous guitarist Evan Taubenfeld, and Lavigne's brother Matt\n    on bass.", "Lil Mama and Lavigne shot a video for the remix of\n    \"Girlfriend\", which was directed by R. Malcolm Jones.", {"i": {"#tail": ".", "#text": "\"Arcade Ambiance 1983\""}, "#text": "The first 15 seconds of the video include an audio sampling\n    of"}, "On July 18, 2008 \"Girlfriend\" became the most viewed video\n    of all time on YouTube and in August of that year, surpassed\n    100 million views, the first YouTube video to reach that\n    milestone, overtaking \"Evolution of Dance\" by Judson Laipply.\n    The YouTube video of the song was accused of having an\n    exaggerated number of views due to the use of a web link posted\n    by AvrilBandAids, a fansite devoted to Avril Lavigne. Clicking\n    on the link would automatically reload the YouTube video of\n    Girlfriend every fifteen seconds. Fans of Avril Lavigne were\n    encouraged to: \"Keep this page open while you browse the\n    internet, study for exams, or even sleep. For extra viewing\n    power, open up two or more browser windows at this page!\" It is\n    expected that Avril's YouTube video views have earned in excess\n    of $2 million (U.S). In November 2009, RCA Records removed the\n    video of the song from YouTube, by which time it had received\n    around 130 million views. The official video is now hosted on\n    Vevo, a premium music video site owned by Google and Sony.", "\"Girlfriend\" was premiered on Edmonton radio station 91.7\n    The Bounce before the official date it was supposed to be\n    aired; the two DJs who played it were taken off the air shortly\n    after. The single appeared and was available for download on\n    the U.S. iTunes Store on February 23, but was subsequently\n    removed the following day. It was made available again on\n    February 27.", "Because of digital download sales in excess of 122,000, the\n    song debuted at number five on the U.S. Hot 100 chart, the\n    highest debut of her career. Afterwards it became Lavigne's\n    first song to reach number one on the Hot 100, in the issue\n    dated May 5, 2007; her previous highest peak on the chart was\n    with 2002's \"Complicated\", which reached number two. It\n    remained in the top ten for eighteen weeks, and has since been\n    downloaded over 3 million times.", "\"Girlfriend\" debuted on the Australian ARIA Singles Chart at\n    number three. The following week it reached number-one, and it\n    remained at the top for six non-consecutive weeks, equaling\n    Lavigne's previous number-one single on the ARIA Charts,\n    \"Complicated\". After three weeks on the charts, it was\n    certified gold by ARIA, then platinum after seven weeks for\n    sales in excess of 70,000 copies. It was then certified double\n    platinum, sales in excess of 140,000. In 2008, it was certified\n    quadruple platinum for sales of 280,000.", "On the UK Singles Chart, \"Girlfriend\" peaked at number two,\n    surpassing \"Complicated\" as Lavigne's highest peaking single on\n    the chart. The song ended 2007 as the years 20th\n    biggest-selling single in the UK and spent 27 weeks inside the\n    chart and is Lavigne's biggest hit in the UK to date.", "It won the Award for \"Canci\u00f3n del A\u00f1o\" (Song Of The Year) in\n    \"Los Premios MTV Latinoam\u00e9rica 2007\" (The Latin American MTV\n    Awards) and was nominated for \"Monster Single\" in the MTV Video\n    Music Awards 2007. It won Most Addictive Track (Single Of The\n    Year) at the MTV Europe Music Awards", {"i": {"#tail": ", and was sent to\n    Brazil Music Channels (such as MTV and Multi Show) and was\n    released to promote the DVD release for The Best Damn Tour\n    2008.", "#text": "The Best Damn Tour - Live in Toronto"}, "#text": "There is a live video version of the song, which was part of"}, "Seven additional versions of the song are available to\n    enhance its worldwide marketability with the chorus sung in\n    French, German, Italian, Japanese, Mandarin, Portuguese and\n    Spanish language. The other parts of the song are in English.\n    According to Lavigne's label, a Hindi version was attempted but\n    Lavigne found it too difficult to record because the correctly\n    pronounced lyrics did not best match the meter of the song.", "There is also an edited version for radio, because of\n    explicit lyrics. There are two official censored versions: one\n    blanking the word \"motherfucking\" in the line \"I'm the\n    motherfucking princess\" and the other replacing it with \"I'm\n    the one and only princess\". It is played on Canadian and\n    Malaysian radio stations, and on Z100 in New York City.\n    However, on other radio stations the entire word is cut out or\n    just the word \"mother\", as in the version on the clean edition\n    of the album, is said.", "The official remix was leaked onto the Internet in May 2007\n    and features rap verses from American hip-hop musician Lil\n    Mama. Lavigne sings the chorus and bridge and Lil Mama's rap\n    verses are substituted for the original verses.", "(4988017647615; Released March 21, 2007)", "A code included on the CD to download the ringtone\n    online.", {"i": {"#tail": ", which was released on November 4, 2009, in\n    Japan and December 8 in the rest of the world. The album is\n    noticed to only have cover versions of women's famous pop songs\n    of the past two decades. It runs 3:05 and is fast-paced, thanks\n    to Ali rap sing style. It was peaked in the Hot Modern Rock\n    Tracks in the first week in the #84 place.", "#text": "Panty Raid"}, "#text": "In September 2009, punk rock American band Zebrahead\n    released \"Girlfriend\" as the first single of their new album"}, "The music video of the song was released in mid October and\n    is a parody of the original \"Girlfriend\" video, with Ali\n    playing the \"Bad Avril\" and Matty playing the good one. It\n    resembles numerous situations that occur in the original video,\n    but with a more comic sense into the video.", "\"Girlfriend\" was released in a number of countries over a\n    three-month period. The remix featuring Lil Mama was released\n    on June 15 in Taiwan, and on July 25 in the United States.", "Reaching number-one on numerous music charts worldwide,\n    \"Girlfriend\" is Lavigne's most successful charting single."]}, "artist": "Avril Lavigne", "lengths": {"length": "3:38"}, "title": "Girlfriend", "recorded": "2006", "producers": {"producer": ["Lukasz \"Dr. Luke\" Gottwald", "Matt Beckley"]}, "released": "March 5, 2007 \u00a0(2007-03-05) , (see release history\n  )", "writers": {"writer": ["Avril Lavigne", "Lukasz \"Dr. Luke\" Gottwald"]}, "formats": {"format": "CD single"}, "weeks": {"week": "2007-05-05"}}}