{"top-song": {"descr": {"p": [{"i": {"#tail": ", winning an Academy\n    Award for Best Original Song. David and Bacharach also won Best\n    Original Score. The version by B. J. Thomas was number one on\n    the Billboard Hot 100 chart in the United States in January\n    1970 for four weeks and the first number-one single of the\n    1970s. It also spent seven weeks atop the U.S. adult\n    contemporary chart.", "#text": "Butch Cassidy and the Sundance Kid"}, "#text": "\"Raindrops Keep Fallin' on My Head\" is a song written by Hal\n    David and Burt Bacharach for the 1969 film"}, "The song was recorded in seven takes, after Bacharach\n    expressed dissatisfaction with the first six.", "Ray Stevens had been first offered the opportunity to record\n    the song for the motion picture, but turned it down. He chose\n    instead to record \"Sunday Morning Coming Down,\" which was\n    written by Kris Kristofferson. Bob Dylan is also supposed to\n    have been approached for the song, but he too reportedly turned\n    down the offer.", {"i": [{"#tail": ", which parodies the scene in", "#text": "Spy Hard"}, {"#tail": "where the song plays.\n    It also is featured on the soundtracks of", "#text": "Butch Cassidy and the Sundance Kid"}, {"#tail": "and the superhero film,", "#text": "Forrest Gump"}, {"#tail": ", in the latter accentuating Peter Parker's\n    blissful mood after abandoning his Spider-Man identity and its\n    responsibilities. Most recently it was used in the Kevin Smith\n    film", "#text": "Spider-Man 2"}, {"#tail": ". It was also sung in", "#text": "Clerks II"}, {"#tail": "episode, \"Duffless\". Also, the first episode\n    of the second season from", "#text": "The Simpsons"}, {"#tail": "is named after the song.", "#text": "Grey's Anatomy"}], "#text": "The song is featured in the Leslie Nielsen movie"}, {"i": {"#tail": "[1]", "#text": "Billboard's Greatest Songs of all time."}, "#text": "B.J. Thomas's version was listed at #12 on"}, {"i": [{"#tail": ". This version also appears on their 2003 B-sides\n    and rarities compilation album", "#text": "Help"}, {"#tail": ". The Manics further referenced the film", "#text": "Lipstick Traces (A Secret History of Manic Street\n    Preachers)"}, {"#tail": "with a b-side song\n    called \"Sepia\". It includes the lines: \"And just like the\n    moment in Butch Cassidy and the Sundance Kid / I'm perpetually\n    stuck in a sepia film / But bleeding inside I manage to keep it\n    all in\".", "#text": "Butch Cassidy and the Sundance Kid"}], "#text": "The song has been covered numerous times, most notably by\n    the Rat Pack. The Welsh rock band Manic Street Preachers\n    maintain it in their repertoire of live songs, playing it as\n    part of an acoustic set during concerts. The band recorded a\n    version of the song complete with trumpet solo by their drummer\n    Sean Moore. This was the first piece of music the band recorded\n    after the disappearance of guitarist and lyricist Richey\n    Edwards, and saw release on the 1995 charity album"}, "It has also been covered by French singer Sacha Distel\n    (whose version was a hit in the United Kingdom as well as\n    France).", "The song was a hit in Australia for Australian singer John\n    Farnham in 1969. [2]", {"i": "Raindrops Keep Fallin' On My Head.", "#text": "Johnny Mathis covered this song in 1970 on his LP"}, {"i": {"#tail": "in 1970.", "#text": "Changing Times"}, "#text": "The Four Tops featured a cover of the song on their album"}, "Paul Mauriat recorded it by his Grand Orchestra it 1973.\n    This version was only \"Raindrops Keep Falling\" cover known in\n    USSR.", "Delroy Wilson recorded a reggae version for the song that\n    doesn't appear on any of his official albums; the record can be\n    found on 7\" and is considered rare.", {"i": {"#tail": ".", "#text": "March"}, "#text": "Mute Beat also recorded a reggae version for their 1989\n    album"}, {"i": [{"#tail": ". Ben Folds Five also covered the song for\n    the 1998 Burt Bacharach tribute TV special and soundtrack", "#text": "Brainville EP"}, {"#tail": ". In 2005 Australian band Jebediah\n    covered the song for Triple J's", "#text": "One Amazing Night"}, {"#tail": "compilation.", "#text": "Like a Version"}], "#text": "The Flaming Lips covered this song on their 1996"}, {"i": {"#tail": "project.", "#text": "Big Deal Recording Artists Perform The Songs Of Burt\n    Bacharach"}, "#text": "In 1998, Shonen Knife covered it as part of the"}, {"i": {"#tail": ".", "#text": "Stars in Their Eyes"}, "#text": "The former football player and actor David Ginola sang a\n    rather memorable version of this on"}, "Dionne Warwick has collaborated with Kelis on a cover of\n    this for her 2006 duets album.", {"i": {"#tail": ".", "#text": "The Greatest Songs of the Sixties"}, "#text": "Barry Manilow covered this song on his 2006 album"}, {"i": "It's Impossible.", "#text": "Perry Como recorded the song for his album,"}, "In 2008, Niki Chow & Patrick Tang have sung a song with\n    this melody. It's called \"Believing in Fairy Stories\", and it\n    is the end-of-episode song for The King Of Snooker, a drama\n    series that they have both starred in."]}, "artist": "B. J. Thomas", "lengths": {"length": "2:57"}, "title": "Raindrops Keep Fallin' on My Head", "released": "1969", "writers": {"writer": "Hal David and Burt Bacharach"}, "weeks": {"week": ["1970-01-03", "1970-01-10", "1970-01-17", "1970-01-24"]}}}