{"top-song": {"album": "Reunion", "genres": {"genre": ["country", "pop"]}, "descr": {"p": ["\"(Hey Won't You Play) Another Somebody Done Somebody Wrong\n    Song\" is an American country and pop song made famous by B.J.\n    Thomas.", {"i": [{"#tail": "Hot Country Singles chart three weeks after\n    reaching its peak on the pop chart. The song topped", "#text": "Billboard"}, {"#tail": "s Easy Listening chart as well. On top of all\n    of this, it is also the longest-titled number-one song to\n    date.", "#text": "Billboard'"}], "#text": "The song became Thomas' second number-one single on the\n    Billboard Hot 100 in April 1975. In addition, it ascended to\n    the top of the"}, "Although he wouldn't have any major country hits for another\n    eight years, \"Another Somebody Done Somebody Wrong Song\" \u2014 as\n    the song is sometimes referred to \u2014 paved the way for Thomas'\n    future success as a mainstream artist in that genre.", "\"(Hey Won't You Play) Another Somebody Done Somebody Wrong\n    Song\" was certified gold for sales of one million units by the\n    Recording Industry Association of America. [1]"]}, "artist": "B. J. Thomas", "lengths": {"length": "3:23"}, "title": "(Hey Won't You Play) Another Somebody Done Somebody Wrong Song", "recorded": "1974", "label": "ABC Records 12054", "released": "February 1975", "writers": {"writer": ["Larry Butler", "Chips Moman"]}, "formats": {"format": "7\""}, "weeks": {"week": "1975-04-26"}}}