{"top-song": {"album": "Pandemonium!", "genres": {"genre": ["Hip-hop", "R&B"]}, "descr": {"p": [{"i": {"#tail": "\". It was written by R. Kelly and Varick\n    Smith and produced by R. Kelly. It became B2K's first top 10\n    hit on the Hot 100 singles chart, and reached number one for\n    one week starting on February 1, 2003. The video was released\n    in December 2002 and features the boys and P.Diddy in colorful\n    rooms with female dancers.", "#text": "Pandemonium!"}, "#text": "\"Bump, Bump, Bump\" is a 2003 hit single by B2K featuring P.\n    Diddy, taken from their album \""}, {"i": {"#tail": "which starred Bernie Mac.", "#text": "Guess Who"}, "#text": "The song is heavily referenced in the 2005 film"}]}, "artist": "B2K featuring P. Diddy", "title": "Bump, Bump, Bump", "producers": {"producer": "R. Kelly"}, "released": "October 2002", "writers": {"writer": ["R. Kelly", "Varick Smith"]}, "formats": {"format": ["CD single", "12\" maxi"]}, "weeks": {"week": "2003-02-01"}}}