{"top-song": {"album": "Not Fragile", "genres": {"genre": "Rock"}, "descr": {"p": [{"i": {"#tail": ". It was released as a single in 1974 with an\n    instrumental track \"Free Wheelin'\" as the B-side. It reached\n    the #1 position on the Billboard Hot 100 singles chart the week\n    of November 9, 1974. The single won the Juno Award for\n    best-selling single of 1974.", "#text": "Not Fragile"}, "#text": "\"You Ain't Seen Nothing Yet\" is a rock song written by Randy\n    Bachman and performed by Bachman\u2013Turner Overdrive (BTO) on the\n    album"}, "The lyrics for the song tell of the singer meeting a \"devil\n    woman\" and her giving him love. The chorus of the song includes\n    the song's famous stutter and speaks of her looking at him with\n    big brown eyes and [saying] 'You ain't seen nothin yet. B-, b-,\n    b-, baby, you just ain't seen na, na, nothin yet. Here's\n    somethin' that you're never gonna forget. B-, b-, b-, baby, you\n    just ain't seen na, na, nothin yet.'", "The guitar riff heard throughout the song's chorus is\n    proportionate to the riff from Baba O'Riley by The Who. The\n    riff follows a main pattern of A5, E5, then a D5, while the\n    riff in Baba O'Riley is F5, C5, Bb5.", {"i": {"#tail": "writer Dave Marsh called\n    the song \"a direct steal from The Who,\" but \"an imaginative\n    one.\" The chords of the chorus riff are very similar to the\n    ones used by The Who in their song \"Baba O'Riley,\" and also,\n    the stuttering vocal is indeed reminiscent of \"My Generation.\"\n    Randy insists that the song was performed as a joke for his\n    brother, Gary, with no intention of sounding like \"My\n    Generation.\" Gary had a stutter, and Randy only intended to\n    record it once with the stutter and send the only recording to\n    Gary.", "#text": "The Rolling Stone Record Guide,"}, "#text": "\"You Ain't Seen Nothing Yet\" was written by Randy Bachman.\n    In"}, {"i": {"#tail": ". It began as an instrumental piece inspired\n    by the rhythm guitar of Dave Mason. Randy says \"it was\n    basically just an instrumental and I was fooling around... I\n    wrote the lyrics, out of the blue, and stuttered them through.\"\n    The band typically used the song as a \"work track\" in the\n    studio to get the amplifiers and microphones set properly.", "#text": "Not Fragile"}, "#text": "Randy developed the song while recording BTO's third album,"}, "But when winding up production for their third album,\n    Charlie Fach of Mercury Records said the eight tracks they had\n    lacked the \"magic\" that would make a hit single. Some band\n    members asked Randy, \"what about the work track?\" Randy\n    reluctantly mentioned that he had this ninth song, but didn't\n    intend to use it on a record. He said, \"We have this one song,\n    but it's a joke. I'm laughing at the end. I sang it on the\n    first take. It's sharp, it's flat, I'm stuttering to do this\n    thing for my brother.\"", "Fach asked to hear it, and they played the recording for\n    him. Fach smiled and said \"That's the track. It's got a\n    brightness to it. It kind of floats a foot higher than the\n    other songs when you listen to it.\"", "Bachman agreed to include the song, but only if he could\n    re-record the vocals first, without the stutter. Fach agreed,\n    but Bachman says \"I tried to sing it normal, but I sounded like\n    Frank Sinatra. It didn't fit.\" Fach said to leave it as it was,\n    with the stutter.", "It is said that Gary Bachman has since lost his stutter.", {"i": {"#tail": "album was \"Roll on Down the Highway.\" It\n    performed well, but eventually stalled at #14 on the U.S.\n    charts. \"You Ain't Seen Nothing Yet,\" meanwhile, was becoming a\n    hit as an album cut. Radio stations all over the USA were\n    giving it a great deal of airplay. So much so, Bachman was\n    embarrassed because he thought it was a stupid song, just\n    something that he wrote as a joke.", "#text": "Not Fragile"}, "#text": "The first single from the"}, "Fach would regularly call him with airplay reports, asking\n    for permission to release \"You Ain't Seen Nothing Yet\" as a\n    single. Bachman says, \"And I refused for three weeks... I was\n    producer, so I had final say on what went out. I woke up one\n    day and asked myself, 'Why am I stopping this? Some of my\n    favorite records are really dumb things like 'Louie, Louie'...\n    so I said to Charlie, 'O.K., release it. I bet it does\n    nothing.'\"", "\"You Ain't Seen Nothing Yet\" debuted at #65 on September 21,\n    1974 and shot to the top of the Hot 100 seven weeks later. It\n    was the only chart-topper for BTO. (While in The Guess Who,\n    Randy had penned only one other chart-topper, \"American Woman,\"\n    which hit #1 in 1970.)", "\"You Ain't Seen Nothing Yet\" also holds the record for\n    falling farthest on the chart before returning to the Top 10.\n    After falling to #34 two weeks after being in the #1 spot, it\n    jumped back to #8 for two weeks, largely because of interest in\n    the flip side, an instrumental called \"Free Wheelin'\".", {"i": {"#tail": "\u2013Turner Overdrive\". It was kept off the top in\n    the UK charts by \"Lonely This Christmas\" by Mud.", "#text": "Bachmann"}, "#text": "On the UK version of the single, the label credits the band\n    as \""}, "Bachman appears in the promo video for Bus Stop's 1998\n    remake of the song.", {"i": {"#tail": ".", "#text": "Harry Enfield's Television Programme"}, "#text": "The song was always played at the end of the \"Smashie and\n    Nicey\" sketch on the British sketch show,"}, {"i": {"#tail": ".", "#text": "Ballykissangel"}, "#text": "The song was played in an episode of"}, "It was also played on the third season premiere of\n    Supernatural.", {"i": [{"#tail": "episode", "#text": "The Simpsons"}, {"#tail": ". At a BTO concert, Homer demands\n    that they play the song one second after finishing it. When the\n    band reminds him of this fact, he replies, \"Whatever!\"", "#text": "Saddlesore Galactica"}], "#text": "The song is featured in"}, "A techno remix of the song was used as the theme song for\n    ITV Sport's Formula One coverage from 2003 to 2005. The remix\n    is by German group, The Disco Boys, titled \"B-B-B-Baby.\"", "The song is played at the beginning of the movie Studio 54\n    when the boys are going to club Studio 54 for the first\n    time.", "The song appears on the soundtrack of the film \"Joe\n    Dirt\".", "The song was, together with U2's \"Beautiful Day\", used as a\n    theme song by the US Democratic Party following the US 2006\n    midterm elections.", "During a trip to the US, Margaret Thatcher quoted the song\n    when talking to an audience with Ronald Reagan. Telling the\n    audience that \"You ain't seen nothing yet\". Appears in the CBC\n    movie: Keep Your Head up kid: the Don Cherry Story, also shot\n    in Winnipeg, Manitoba."]}, "artist": "Bachman-Turner Overdrive", "lengths": {"length": "3:54"}, "title": "You Ain't Seen Nothing Yet", "recorded": "1974", "label": "Mercury", "producers": {"producer": "Randy Bachman"}, "released": "1974", "writers": {"writer": "Randy Bachman"}, "weeks": {"week": "1974-11-09"}}}