{"top-song": {"genres": {"genre": "Hard rock"}, "descr": {"p": [{"i": {"#tail": ", released in 1989.", "#text": "Bad English"}, "#text": "When I See You Smile is the second single of\n    American/British hard rock band Bad English, taken from their\n    self-titled debut album"}, "In the video the band are performing on a stage, which\n    contains close-up shots of its members. The footage was taken\n    at one of their arena concerts.", "In 1992, 16-year-old reggae artist Singing Sweet scored a\n    hit with a cover version in Jamaica and on the dancehall scene\n    in the United States. Other covers were released in 1998 by\n    Uncle Sam on his debut CD, and in 2006 by Clay Aiken on his CD\n    A Thousand Different Ways.", "In August 2007 the Dutch producers duo P&A remixed \"When\n    I See You Smile\" as a dance version.", "In 2008, Filipina singer Nina Girado recorded her own\n    version of the song for her album Nina Sings The Hits of Diane\n    Warren."]}, "artist": "Bad English", "lengths": {"length": "4:22"}, "title": "When I See You Smile", "label": "Epic Records", "released": "1989", "weeks": {"week": ["1989-11-11", "1989-11-18"]}}}