{"top-song": {"album": "At Home", "genres": {"genre": "Pop / Rock"}, "descr": {"p": ["\"Venus\" is a 1969 song by the Dutch band Shocking Blue which\n    the group took to number one in the U.S. and five countries\n    across Europe in 1970. Notably covered by girl group\n    Bananarama, the song returned to number one in the U.S. and\n    topped the charts in six other countries around the world in\n    1986. The composition has been featured in numerous films,\n    television shows and commercials, and covered dozens of times\n    by artists around the world.", {"i": {"#tail": ", Shocking Blue's single reached number one on\n    the Billboard Hot 100 on February 7, 1970. RIAA certification\n    came on January 28, 1970 for selling over one million copies in\n    the U.S., garnering a gold record.", "#text": "At Home"}, "#text": "Released in late 1969 as a single from the album"}, {"i": {"#tail": ", a 1963 album by The Big 3\n    with Mama Cass Elliot on vocals, as main inspiration.", "#text": "Winkin', Blinkin' and Nod"}, "#text": "The song's lead vocals are performed by Mariska Veres. The\n    song's music and lyrics are written by Robbie van Leeuwen, the\n    band's guitarist, sitarist and background vocalist, who also\n    produced. Van Leeuwen used \"The Banjo Song\" on"}, "A cover of Shocking Blues' song \"Love Buzz\" was featured on\n    Nirvana's 1989 release \"Bleach\"", "\"Venus\" was remixed and re-released by dance producers The\n    BHF (Bisiach Hornbostel Ferrucci) Team in May 1990, scoring the\n    group a Top 10 hit in the UK and Australia 21 years after the\n    release of the original. The remix featured a hip house rhythm\n    and samples including an instrumental version mixed by Don\n    Pablo's Animals. The single began with a sample from James\n    Brown's 1988 hit \"The Payback Mix (Part One).\" This release of\n    \"Venus\" peaked at #4 on the UK Singles Chart and #8 in\n    Australia in 1990.", "\"Venus\" had been a part of Bananarama's repertoire for\n    several years before they actually recorded it. The team's\n    three members, Sara Dallin, Siobhan Fahey, and Keren Woodward,\n    had the idea of turning the song into a dance music tune, but\n    they met with resistance from their producers at the time,\n    Steve Jolley and Tony Swain. Bananarama brought the idea to the\n    production trio of Stock Aitken Waterman, and it became\n    Bananarama's first collaboration with them.", {"i": {"#tail": "with Jolley and Swain. Stock, Aitken\n    and Waterman also resisted the idea because they believed that\n    \"Venus\" would not make a good dance record. After persistence\n    by the women, SAW relented, and the result was a worldwide\n    smash. Bananarama's \"Venus\" went to number one in the U.S.,\n    Canada, Australia, New Zealand, Switzerland, Mexico, and South\n    Africa. It hit number two in Germany and Hong Kong and was a\n    top ten success in Italy, Austria, Belgium, Finland, France,\n    Netherlands, Sweden, Venezuela, Norway, Portugal, Spain, and\n    their native UK (#8 on UK Singles Chart). It also went to\n    number one for two weeks on the U.S. Dance chart.", "#text": "True Confessions,"}, "#text": "Dallin, Fahey, and Woodward had nearly completed recording\n    their third album, titled"}, {"i": {"#tail": "the following year.", "#text": "Wow!"}, "#text": "The collaboration on \"Venus\" led Bananarama and SAW to work\n    together on the group's follow-up album"}, {"i": [{"#tail": "and it was later remixed by Marc Almond, with\n    re-recorded vocals, and included on their 2005 album", "#text": "Exotica"}, {"#tail": ".", "#text": "Drama"}], "#text": "A new mix of the track appeared as b-side to the 1989\n    limited release \"Megarama '89\" in Germany and France.\n    Bananarama has since re-recorded the track for their 2001 album"}, {"i": {"#tail": "the painting by Sandro Botticelli,\n    was reenacted. The video marked a pivotal shift towards a more\n    glamorous and sexual image for the girls that contrasted with\n    the tomboyish style in their earlier work. Choreography by\n    Bruno Tonioli. Music video directed by Peter Care.", "#text": "The Birth of Venus,"}, "#text": "The music video for the song received extensive play on MTV\n    and video channels across the world, and presented Bananarama\n    in various costumes, including a she-devil, a French temptress,\n    a vampiress, and several Grecian goddesses. In one sequence of\n    the video,"}, "Bananarama", "Additional personnel", "Despite the fact that the heavily controlled Soviet mass\n    media totally ignored much of Western popular culture, the\n    Shocking Blue song quickly become a popular hit in 1970s\n    Russia, especially among street youth akin to Western hippie\n    and \"hooligan\" subcultures. Due to the song's simple\n    arrangement and danceable rhythm, \"Venus\" was adopted and\n    performed by thousands of underground amateur performers, both\n    those who accompanied themselves on acoustic guitar and full\n    contemporary bands who performed it with electric guitar at\n    dance parties. Thus, the English language song of a Dutch band\n    become a prominent phenomenon of Russian urban folklore and was\n    considered by many an unofficial \"anthem of the\n    generation\".", {"i": {"#tail": "], and it was this word which became a\n    commonly adopted name of the song in the U.S.S.R., even among\n    those who could understand the original English text.", "#text": "sheez-ga'-rah"}, "#text": "The English language in the song, however, was only very\n    loosely approximated, and the song was not even known by its\n    title, \"Venus\". A countless number of variants of Russian\n    lyrics existed for this song, but traditionally it was\n    performed using gibberish or scat singing phonetically inspired\n    by the sounds of original English lyrics which had become\n    hardly intelligible after being passed along via repeated\n    duplicate copying on cheap, low-end tape recorders. In the\n    Russian variant, the first line of the chorus, \"She's got it\",\n    was usually pronounced as \"Shizgarah\" (\"\u0428\u0438\u0437\u0433\u00e1\u0440\u0430\") ["}, {"i": {"#tail": "which is known for naming\n    each installment after an 1980s hit song, named a two-part\n    installment after this song.", "#text": "Degrassi: The Next Generation,"}, "#text": "The Canadian teenage drama series program"}]}, "artist": "Bananarama", "lengths": {"length": "3:06"}, "title": "Venus", "recorded": "1969", "label": "Pink Elephant, Metronome, Colossus , Poplandia, Joker,\n  Yugoton", "producers": {"producer": "Robbie van Leeuwen"}, "released": "1969", "writers": {"writer": "Robbie van Leeuwen"}, "formats": {"format": "7\" vinyl"}, "weeks": {"week": "1986-09-06"}}}