{"top-song": {"album": "Guilty", "genres": {"genre": "Pop"}, "descr": {"p": [{"i": {"#tail": ". The song was written by Barry, Maurice and Robin\n    Gibb of The Bee Gees.", "#text": "Guilty"}, "#text": "\"Woman in Love\" is a popular 1980 song performed by Barbra\n    Streisand and taken from her album,"}, {"i": [{"#tail": "; \"Woman in Love\", as the lead single, became one\n    of the most successful songs of Streisand's music career. It\n    spent a total of three weeks at the #1 position on the\n    Billboard Hot 100 chart, Streisand's fifth (and last, so far)\n    #1 on this chart. The others were: \"The Way We Were\" (1974);\n    \"Evergreen (Love Theme from", "#text": "Guilty"}, {"#tail": ", 1977); \"You Don't Bring Me Flowers\"\n    (duet with Neil Diamond, 1978); and \"No More Tears (Enough is\n    Enough)\" (duet with Donna Summer, 1979). It also spent five\n    weeks atop the adult contemporary chart, her sixth #1 from that\n    tally. Outside of the United States, the song also proved very\n    popular, reaching #1 in many countries, including the United\n    Kingdom.", "#text": "A Star Is Born"}], "#text": "After the success enjoyed by the Bee Gees in the late 1970s,\n    the band was asked to participate in musical endeavors for\n    other artists, and Streisand asked Barry Gibb to write an album\n    for her. This album ultimately became"}, {"i": [{"#tail": "(the word\n    \"all\" is the note held for this duration of time). During the\n    chart run of \"Woman In Love\", Casey Kasem claimed in an edition\n    of the radio program", "#text": "I stumble and fall / But I give you it all"}, {"#tail": "that this was the longest unaltered note\n    held by a soloist in a #1 song., though would be later\n    surpassed by Whitney Houston's vocals on her smash 14-weeks #1\n    single \"I Will Always Love You\".", "#text": "American Top 40"}], "#text": "About midway through the song, Streisand holds a note for\n    about 12 seconds while singing the line:"}, "Woman in Love was also covered by Dana International in\n    1999.", "[1]", "On February 13, 2006 Liz McClarnon, from Atomic Kitten,\n    released a cover of \"Woman in Love\" as her first solo single.\n    The track was produced by Robin Gibb who co-authored the song.\n    McClarnon's version peaked at #5 in the UK Top 40.", "Woman in Love was also covered by CoCo Lee in 1995.", "The Australian group, Young Divas, also covered this song on\n    their debut album in 2006.", "British band The Bluetones also covered this song on their\n    B-side of 2002 single \"After Hours\". It was also included on\n    the band's 2006 compilation A Rough Outline: The Singles &\n    B-Sides 95 - 03.", "The famous Greek diva Anna Vissi recorded a Greek version of\n    the song for her album \"\u039d\u03b1\u03b9\" (\"Yes\") in 1980.", "Legendary French singer Mireille Mathieu recorded a French\n    Version (\"Une Femme Amoureuse\") of the song in 1981.", "German songstress Gitte H\u00e6nning recorded a German version\n    titled (Die Frau, die dich liebt).", "In 2006, the Italian singer Filippa Giordano released in\n    Mexico her album \"Primadonna\", including 2 Spanish tracks, one\n    of them a cover of \"Woman in Love\" called \"Me he enamorado de\n    ti\". The song was used in Mexico for the opening of the Mexican\n    telenovela \"Cuando Seas Mia\".", "A Polish singer of Greek descent Eleni Tzoka recorded a\n    Polish cover of the song titled \"Zrobi\u0119 ten b\u0142\u0105d\" (I'll Make\n    that Mistake). The lyrical idea is completely different from\n    the original version.", "Romanian singer Luminita Soare recorded a cover version in\n    2007.", {"i": [{"#tail": "in her 1997 tour", "#text": "Woman in Love"}, {"#tail": ".", "#text": "Star Show"}], "#text": "Hong Kong singer Sammi Cheng covered"}]}, "artist": "Barbra Streisand", "lengths": {"length": "3:49"}, "title": "Woman in Love", "recorded": "February 1980 , (Middle Ear, Miami Beach)", "label": "Columbia", "producers": {"producer": ["Barry Gibb", "Albhy Galuten and Karl Richardson"]}, "released": "1980", "formats": {"format": "Vinyl record (7\")"}, "weeks": {"week": ["1980-10-25", "1980-11-01", "1980-11-08"]}}}