{"top-song": {"album": "A Star Is Born: Original Motion Picture Soundtrack", "genres": {"genre": "Pop"}, "descr": {"p": [{"i": [{"#tail": ". It was composed and performed by Barbra\n    Streisand with lyrics by Paul Williams. The song was released\n    on the soundtrack to", "#text": "A Star Is Born"}, {"#tail": ".", "#text": "A Star Is Born"}], "#text": "\"Evergreen (Love Theme from )\" is the well known theme song\n    from the 1976 film"}, "Streisand earned an Academy Award for Best Original Song,\n    her second overall, as composer of the song. With \"Evergreen\",\n    Streisand earned a Grammy Award for Song of the Year as well.\n    She and Williams also won Golden Globes in the category of Best\n    Original Song for the song.", "The single was a worldwide success, spending three weeks at\n    #1 on the Billboard Hot 100 and six weeks atop the adult\n    contemporary chart. This was Streisand's second Hot 100 #1 song\n    (following \"The Way We Were\" in 1974), and her third\n    chart-topper on the adult contemporary chart (\"The Way We Were\"\n    and 1964's \"People\").", "Streisand also recorded versions of the song in Spanish\n    (\"Tema de Amor de Nace Una Estrella\"), French ( \"De Reve en\n    Reverie\"), and Italian (\"Sempreverde\"). Of these versions, only\n    the Spanish version of the song has been released commercially\n    as a track on the CD single, \"I Finally Found Someone\", a duet\n    with Bryan Adams and on the import CD version of the \"A Star is\n    Born\" remastered soundtrack.", "Songwriter Paul Williams recorded the song for his album\n    \"Classics\" (1977). British singer Hazell Dean recorded a dance\n    version of the song. It was released as a single in 1984.\n    Luther Vandross recorded the song for his\n    album\"Songs\"(1994)."]}, "artist": "Barbra Streisand", "lengths": {"length": "3:04"}, "title": "Evergreen (Love Theme from A Star Is Born)", "recorded": "1976", "label": "Columbia", "producers": {"producer": ["Barbra Streisand", "Phil Ramone"]}, "released": "December 1976", "writers": {"writer": ["Barbra Streisand", "Paul Williams"]}, "formats": {"format": "7\""}, "weeks": {"week": ["1977-03-05", "1977-03-12", "1977-03-19"]}}}