{"top-song": {"album": "\"Barbra Streisand's Greatest Hits Volume 2\" Barbra Streisand /\n  \"You Don't Bring Me Flowers\" Neil Diamond", "genres": {"genre": "Easy Listening"}, "descr": {"p": ["\"You Don't Bring Me Flowers\" is a song that hit the top of\n    the Billboard Hot 100 charts in 1978. It is a song about two\n    lovers who have drifted apart while they \"go through the\n    motions\" and heartache of life together.", {"i": {"#tail": ". The song was intended to be a theme\n    song, but Norman Lear changed the concept of the show so that\n    the song no longer fit. Eventually, Neil Diamond and several\n    collaborators came upon the song (then only 45 seconds long)\n    and expanded it with instrumental sections. The Bergmans\n    expanded the song to full length with an additional verse, and\n    the composition took form.", "#text": "All That Glitters"}, "#text": "The song was written by Alan Bergman and Marilyn Bergman for\n    the ill-fated TV show"}, {"i": [{"#tail": ", which included the\n    track. \"You Don't Bring Me Flowers\" which was also covered by\n    Barbra Streisand on her album", "#text": "I'm Glad You're Here With Me Tonight"}, {"#tail": "and sung in the same key (C major). This led\n    Gary Guthrie, then Program Director at WAKY (an AM radio\n    station in Louisville, Kentucky) to combine the two in a\n    \"virtual\" duet.", "#text": "Songbird"}], "#text": "In 1977, Diamond released the album"}, "The popularity of the virtual duet motivated Diamond and\n    Streisand to record the real thing, and it became a very large\n    hit. The song reached number one on the Hot 100 chart for two\n    non-consecutive weeks in December 1978; this was the third #1\n    hit for both singers. Their performance of the song during the\n    1980 Grammy Awards show has been featured on live music\n    performance highlight reels ever since.", {"i": {"#tail": ", which was less successful than hoped at\n    the box office.", "#text": "The Jazz Singer"}, "#text": "Diamond and Streisand had planned to star in a motion\n    picture based on the song, but such plans were cancelled when\n    Diamond starred in a remake of"}, "Concurrent with the success of Diamond and Streisand's\n    version of the song, country singers Jim Ed Brown and Helen\n    Cornelius released a country version of the song which reached\n    #10 on the Hot Country Singles chart in early 1979.", "In 1980, a cover version of the song was recorded by\n    expatriate American singer Dean Reed and Hungarian vocalist\n    Kati Kov\u00e1cs. [1]", {"i": {"#tail": "show. It was also infamously covered\n    in spoken-word form by pianist Liberace.", "#text": "Saturday Night Live"}, "#text": "In 1996, the song was also sung by rappers Ice T and an\n    embarrassed Tupac Shakur during a"}]}, "artist": "Barbra Streisand and Neil Diamond", "lengths": {"length": "3:25"}, "title": "You Don't Bring Me Flowers", "label": "Columbia", "released": "October 1978", "writers": {"writer": "Alan Bergman and Marilyn Bergman"}, "formats": {"format": "7\" single"}, "weeks": {"week": ["1978-12-02", "1978-12-16"]}}}