{"top-song": {"album": "The Way We Were", "genres": {"genre": "Pop"}, "descr": {"p": [{"i": {"#tail": ", starring Barbra Streisand and Robert\n    Redford. The song was written by Alan Bergman and Marilyn\n    Bergman, scored by Marvin Hamlisch and performed by Streisand.\n    It won the Academy Award and Golden Globe for Best Song and\n    also made AFI's list of Top 100 Songs from Film; it was ranked\n    number eight.", "#text": "The Way We Were"}, "#text": "\"The Way We Were\" is the title song to the 1973 movie"}, "\"The Way We Were\" topped the Hot 100 chart for one week in\n    1974 and was replaced by \"Love's Theme\" by Love Unlimited\n    Orchestra. It then returned to number one for two additional\n    weeks. The song also spent two weeks atop the easy listening\n    chart, Streisand's second single to reach the top of this chart\n    (following 1964's \"People\").", "The 45 version of the song is a different vocal take than\n    the version which appeared on the original movie soundtrack and\n    subsequent greatest hits compilations. Both versions use the\n    same music track. The difference in the vocals can most easily\n    be heard on the line \"Smiles we gave to one another\" at\n    approximately 1:15 into the song. The true 45 RPM single\n    version has never appeared on CD. The soundtrack version of the\n    song, a completely different take with alternate music track,\n    appears on \"Just For the Record,\" Streisand's 4-CD box set\n    collection released in 1991.", "A bootleg of the recording sessions exists featuring\n    Streisand with composer Marvin Hamlisch in a recording studio\n    as they perform various takes of the song. One segment reveals\n    Streisand changing the first word of the song from \"Daydreams\"\n    to \"Memories.\"", {"i": {"#tail": "[1]", "#text": "Billboard's Greatest Songs of All Time."}, "#text": "Streisand's version was listed at #90 on"}, "A 1975 version by Gladys Knight & the Pips featured the\n    intro to the song \"Try to Remember\", and was credited as \"The\n    Way We Were/Try to Remember\". Released as a single, it reached\n    #11 on the Billboard Hot 100 and #6 on the Hot Soul Singles\n    chart.", {"i": {"#tail": ".", "#text": "Good, Bad, But Beautiful"}, "#text": "In 1975 Shirley Bassey recorded the song on her album"}, {"i": {"#tail": ".", "#text": "Tan Cerca...Tan Lejos"}, "#text": "Jos\u00e9 Jos\u00e9 recorded the song in Spanish titled \"Nuestros\n    Recuerdos\", included in his 1975 album"}, "In Australia from March 1977 the song was used in Australia\n    in advertisements for international phone calls by the Overseas\n    Telecommunications Commission.", {"i": {"#tail": ".", "#text": "Live and More"}, "#text": "Donna Summer performed a cover on her 1978 live double album"}, "In 1979, Gilda Radner recorded a somewhat humorous version\n    of the song as character Lisa Lupner from her LP \"Live from New\n    York.\"", {"i": {"#tail": "Season 5 while she was in the Top 6.", "#text": "American Idol"}, "#text": "In April 2006, Paris Bennett performed a cover in the style\n    of Gladys Knight & the Pips' 1975 version on"}, {"i": {"#tail": ".", "#text": "The Greatest Songs of the Seventies"}, "#text": "In 2007, Barry Manilow included the song on his album"}, {"i": {"#tail": ".", "#text": "Girlicious"}, "#text": "In 2008, Girlicious did a remake of the song on their\n    self-titled debut album,"}, "On December 30, 2008, Beyonc\u00e9 Knowles performed her cover of\n    the song to Barbra Streisand at the 31st annual Kennedy Center\n    Honors in Washington, D.C."]}, "artist": "Barbra Streisand", "lengths": {"length": "3:31"}, "title": "The Way We Were", "recorded": "1973", "label": "Columbia", "producers": {"producer": "Marty Paich"}, "released": "November 1973", "writers": {"writer": ["Alan Bergman", "Marilyn Bergman", "Marvin Hamlisch"]}, "formats": {"format": "7\""}, "weeks": {"week": ["1974-02-02", "1974-02-16", "1974-02-23"]}}}