{"top-song": {"album": "Wet & On the Radio: Greatest Hits Volumes 1 & 2", "genres": {"genre": ["Disco - pop", "Hi-NRG"]}, "descr": {"p": [{"i": {"#tail": "album mix),", "#text": "Wet"}, "#text": "4:43 (Columbia 7\"), 8:19 ("}, "\"No More Tears (Enough Is Enough)\" is a duet from 1979 by\n    Donna Summer and Barbra Streisand. While Summer was famous for\n    her disco material and Streisand for her more easy listening\n    and soundtrack work (though both had crossed over into other\n    genres before), this song fused both sounds with a slow\n    beginning (lasting almost two minutes) which then evolved into\n    a disco song. The song then becomes something of a feminist\n    anthem with two women taking action against their men and\n    throwing them out.", {"i": [{"#tail": "album and also as a new track for Summer's\n    compilation double album entitled", "#text": "Wet"}, {"#tail": ". The\n    full-length version was found on Streisand's album, while a\n    longer 11 minute plus version (the 12\" version) was featured on\n    Summer's album. The Summer version features additional\n    production by frequent collaborator Harold Faltermeyer, and\n    incorporates the harder rock edge symbolic of her work with\n    him. The single was released on both Casablanca Records\n    (Summer's label) and Columbia Records (Streisand's label) and\n    sales of the two were amalgamated. The versions on the two 7\"\n    singles differed slightly however, with different mixes and\n    slightly different background vocal arrangements. The formats\n    differed between nations - in the UK for example, only the\n    Casablanca version was released as a 12\" and Columbia released\n    the 7\".", "#text": "On the Radio: Greatest Hits Volumes 1 & 2"}], "#text": "The song was recorded for Streisand's"}, "Although the sales of the two labels' releases were\n    amalgamated, both the 7\" and the 12\" were certified Gold by the\n    RIAA in early 1980. The 7\" single was eventually certified\n    Platinum by 1997. The single spent two weeks at number one on\n    the U.S. singles chart (making it both singers' fourth\n    chart-topping single in the U.S.). It was also a big\n    international hit, and made the top three in the UK.", "During the recording of the song, Summer is said to have\n    passed out and fallen off her chair having been out partying\n    the night before. Streisand supposedly carried on singing her\n    long note and waited until she had finished it before stopping\n    and asking Summer if she was okay. Another rumour regarding the\n    song is that Streisand's son, Jason Gould, is the one who\n    talked his mother into recording the duet as he was a fan of\n    Summer's work.", {"i": [{"#tail": "album. The song was originally entitled, \"Enough Is\n    Enough\", where the ballad introduction was never recorded\n    between the two women. When the final song selections were\n    being made, it was said by the producers that \"Enough Is\n    Enough\" was not to be included, for it had nothing in common\n    with the other songs, since the track did not interpret water\n    of any kind (which was the theme of the", "#text": "Wet"}, {"#tail": "album). Barbra Streisand really wanted the song on\n    the album and thus changed the title of the song to \"No More\n    Tears (Enough Is Enough)\", upon which the ballad introduction\n    was written, to give more of an explanation of water to the\n    song...\"It's raining, it's pouring, my love life is boring me\n    to tears after all these years...\", and so forth.", "#text": "Wet"}], "#text": "It has been said that \"No More Tears (Enough Is Enough)\"\n    almost never made it on to the"}, "The Swedish pressing of the Casablanca Records 7\" single had\n    a B-side called \"No More Tears (Enough is Enough)\" (Special\n    Disco Version) - a truth with modification since it was the\n    exact same version as on the A-side, only without the ballad\n    intro ( - 3:04).", "To date Summer or Streisand have never performed the song\n    together live since recording it, although Summer still sings\n    the song live in concert with other female performers, most\n    recently her sister Mary Gaines Bernard.", "Comedian Eddie Murphy recorded a parody version of the song\n    as it would be performed by exercise guru Richard Simmons and\n    Little Rascals star \"Buckwheat.\" The song appears on his\n    self-titled comedy album."]}, "artist": "Barbra Streisand and Donna Summer", "lengths": {"length": ["4:48 (Casablanca 7\")", "4:43 (Columbia 7\")", "8:19 (Wet album mix)", "11:43 (12\"/ On The Radio album mix)"]}, "title": "No More Tears (Enough is Enough)", "recorded": "14\u201428 August 1979 at Village Recorder studios in Los\n  Angeles", "label": "Casablanca , CBS", "producers": {"producer": ["Gary Klein", "Giorgio Moroder", "Harold Faltermeyer (Donna Summer 12\"\n    version)"]}, "released": "October 1979", "writers": {"writer": ["Paul Jabara", "Bruce Roberts"]}, "formats": {"format": ["7\" single", "12\" single"]}, "weeks": {"week": ["1979-11-24", "1979-12-01"]}}}