{"top-song": {"album": "Stunt", "genres": {"genre": ["Alternative rock", "Rap rock"]}, "descr": {"p": [{"i": {"#tail": ". It was written by Ed Robertson, who features on\n    the lead vocal of the rapped verses. Steven Page sings lead on\n    the song's choruses, while the two co-lead the prechoruses in\n    harmony. The song is notable for its significant number of pop\n    culture references. It is one of the band's signature\n    songs.", "#text": "Stunt"}, "#text": "\"One Week\" is a 1998 hit single by Barenaked Ladies, the\n    first single off their 1998 album"}, {"i": {"#tail": "; Both broke the top 50 of the U.S. Hot 100.", "#text": "Maroon"}, "#text": "\"One Week\" is the band's best best-performing single on the\n    charts in both the United States and UK, though it slightly\n    under-performed several other singles in the band's native\n    Canada. It was the band's first and, as of 2009, only number\n    one single in the U.S. on both the Hot 100 (for one week) and\n    the U.S. Modern Rock Tracks (for five non-consecutive weeks);\n    The band had begun breaking in the there with \"The Old\n    Apartment\" and \"Brian Wilson\", both barely breaking the top 100\n    of the US chart, paving the way for \"One Week\" to become the\n    band's breakout single. The band's US chart success has not\n    been equalled, and was neared only by followup single \"It's All\n    Been Done\", and \"Pinch Me\", the first single off followup album"}, {"i": {"#tail": "contain some additional lines that did not make it\n    into the recorded version.", "#text": "Stunt"}, "#text": "Ed Robertson wrote the ideas for the non-rap 'choruses' with\n    the concept being the structure of a fight where the\n    protagonist knows they are wrong and is just trying to save\n    face. He wanted to come up with a rapping verse for the song\n    but all attempts failed. Bandmate Steven Page suggested he\n    simply improvise the rap as the two commonly did onstage every\n    night. Robertson heeded the advice and set up a video camera.\n    He improvised the song at a slower pace to make rhyming easier\n    and arrived at about four minutes of rap. He sent it to Page\n    who told him not to change a word. Two minutes of the\n    improvising was almost directly compiled (with very little, if\n    any, tweaking) into the verses of the song. As it is\n    improvised, it is not intended to directly have any relation to\n    the plot of the chorus sections. The lyrics in the liner notes\n    from"}, "Band members have stated that the first live run-through of\n    \"One Week\" did not go well, and that it took some time to get\n    the song to sound good live. The instrumental parts are played\n    by band members (notably Ed Robertson and Steven Page on\n    guitar, and Kevin Hearn) sometimes on guitar and sometimes on\n    keyboards; as well, while Hearn was away from touring shortly\n    after the song's release, his place at shows was taken by one\n    of two other musicians on keyboards who each added their own\n    unique parts to the song, helping to shape its live sound\n    early.", {"i": {"#tail": ".", "#text": "Big Shiny Tunes"}, "#text": "The song gained renewed popularity when it was featured in\n    an ad for the Mitsubishi Lancer, with groups of young people in\n    the car seeming to sing along until they could not keep up with\n    the rapid-fire lyrics. It was featured on the third installment\n    of"}, "In performances starting in 2003, the band developed an\n    acoustic, bluegrass version of the song. It is typically used\n    in a new performance setting they developed on the Peepshow\n    Tour that year, in which they play acoustically while they\n    stand around and sing into one omni-directional microphone.", "With the departure of Page in early 2009, Robertson has\n    taken over singing Page's lead chorus vocal, while Page's\n    harmonies have been performed by drummer Tyler Stewart.", "Verse 1", "Verse 2", "Outro", {"i": [{"#tail": ". During the interlude they make\n    an escape and sing while driving a lookalike of The General Lee\n    from", "#text": "Chitty Chitty Bang Bang"}, {"#tail": "(using the numbers 07 instead of 01\n    and minus the Confederate flag on the roof) and Starsky &\n    Hutch's Ford Gran Torino. The band drives into a suburb, where\n    they perform a concert in front of a trailer, with a female\n    motorcyclist, dressed like Evel Knievel, performing stunts. The\n    video ends with a shot of the cyclist stuck on a tree. The\n    video features Carmit Bachar from the Pussycat Dolls, playing\n    an angel.", "#text": "The Dukes of Hazzard"}], "#text": "The music video was directed by McG and begins with them\n    singing in a royal court, featuring a singing girl on a wind-up\n    pedestal, similar to a scene from the movie"}, "\"One Week\" is in the video game \"KR: American Idol Encore\"\n    as downloadable content. It is also on the game Karaoke\n    Revolution as a playable song.", "The song appeared in a 2002 commercial for the Mitsubishi\n    Lancer.", {"i": {"#tail": "album. Their version is called \"One\n    Way\", and claims that Jesus Christ is the one way to Heaven. In\n    January 2009, Collegehumor also released their own parody of\n    the song, using lyrics making fun of the song's\n    mostly-meaningless lyrics.", "#text": "Biblical Graffiti"}, "#text": "\"Weird Al\" Yankovic has parodied \"One Week\". His version,\n    called \"Jerry Springer\", features lyrics about The Jerry\n    Springer Show. ApologetiX has also parodied this song on their"}, "One Week also appeared in Digimon: The Movie, American Pie\n    and 10 Things I Hate About You"]}, "artist": "Barenaked Ladies", "lengths": {"length": "2:52"}, "title": "One Week", "recorded": "1998", "label": "Reprise Records", "producers": {"producer": ["Barenaked Ladies", null, "David Leonard", null, "Susan Rogers"]}, "released": "September 22, 1998 \u00a0(1998-09-22)", "writers": {"writer": "Ed Robertson"}, "formats": {"format": ["CD", "7\"", "12\"", "cassette"]}, "weeks": {"week": "1998-10-17"}}}