{"top-song": {"album": "Can't Get Enough", "genres": {"genre": "Soul / disco"}, "descr": {"p": [{"i": {"#tail": "in 1974, the song topped the Hot 100 and\n    U.S. R&B chart and has since become one of White's\n    signature tunes. It was his second U.S. chart-topper, after\n    \"Love's Theme\".", "#text": "Can't Get Enough"}, "#text": "\"Can't Get Enough of Your Love, Babe\" is a song written,\n    recorded and produced by Barry White. Released as the first\n    single from White's album"}, "The song is a pop-soul track with lush string arrangements\n    and a disco-influenced beat behind it.", {"i": {"#tail": ", Dayne's version was produced by the team\n    of David Cole and Robert Clivill\u00e9s (otherwise known as C+C\n    Music Factory).", "#text": "Soul Dancing"}, "#text": "\"Can't Get Enough of Your Love\" was covered by Taylor Dayne\n    (slightly retitled, losing the \"Babe\") in 1993. Released as the\n    first single from her third album"}, {"i": {"#tail": "Hot 100.", "#text": "Billboard"}, "#text": "Dayne's version was well-received, getting heavy rotation on\n    VH-1 and MTV and peaked at #20 on the"}]}, "artist": "Barry White", "title": "Can't Get Enough of Your Love, Babe", "recorded": "1974", "label": "20th Century Records", "producers": {"producer": "Barry White"}, "released": "1974", "writers": {"writer": "Barry White"}, "formats": {"format": "7 inch vinyl"}, "weeks": {"week": "1974-09-21"}}}