{"top-song": {"album": "This One's\n  For You", "descr": {"p": [{"i": {"#tail": ", composed by Richard Kerr with lyrics\n    by Will Jennings. It was released as a single on 20 April\n    1977.", "#text": "This One's For You"}, "#text": "\"Looks Like We Made It\" is a song by American singer Barry\n    Manilow, from his 1976 album,"}, {"i": {"#tail": ", and it was released as a single in\n    1977 where it reached the number one spot on both the U.S.\n    Billboard Hot 100, and the U.S. Adult Contemporary chart.", "#text": "This One's For You"}, "#text": "The song was first released in 1976 on his album"}, {"i": {"#tail": "by Wesley Hyatt (p.\u00a0208), songwriter Will Jennings\n    commented, \"Richard [Kerr] and I have often remarked on the\n    people, millions of them in the world, who misunderstood the\n    lyric of 'Looks Like We Made It.' It is a rather sad and ironic\n    lyric about making it apart and not together, and of course\n    everyone thinks it is a full on, positive statement. I don't\n    know. Perhaps it is... in a way.\"", "#text": "The Billboard Book of Number One Adult Contemporary\n    Hits"}, "#text": "Despite the optimism suggested by the song's title, the\n    narrator is actually ruminating on the fact that he and his\n    ex-lover have finally found happiness and fulfillment\u2014though\n    not with each other. They have, indeed, \"made it,\" but apart,\n    not together. In"}, {"i": {"#tail": "\"Looks Like We Made It,\" page 208. Billboard Books,\n    1999.", "#text": "The Billboard Book of Number One Adult Contemporary\n    Hits."}, "#text": "Hyatt, Wesley."}]}, "artist": "Barry Manilow", "lengths": {"length": "3:33"}, "title": "Looks Like We Made It", "label": "Arista , AS 0244 (USA, 7\")", "producers": {"producer": "Ron Dante"}, "released": "20 April 1977", "writers": {"writer": "Richard Kerr and Will Jennings"}, "formats": {"format": "7\""}, "weeks": {"week": "1977-07-23"}}}