{"top-song": {"album": "Barry Manilow II", "genres": {"genre": "Pop"}, "descr": {"p": ["\"Brandy\" is a 1971 hit for songwriters Scott English and\n    Richard Kerr. It reached number 12 in the UK Singles Charts,\n    but the fast-tempo version was a flop in the United States. In\n    1974, recorded by Barry Manilow as \"Mandy\", the song was\n    Manilow's first number-one hit on the Billboard Hot 100 and\n    Easy Listening charts, and his first gold single.", "The suggestion that Scott English wrote the song about a\n    favorite dog is apparently an urban legend. English has said\n    that a reporter called him early one morning asking who\n    \"Brandy\" was, and an irritated English made up the \"dog\" story\n    to get the reporter off his back.", "In the three years between English's 1971 recording and\n    Manilow's, Looking Glass had a hit song with \"Brandy (You're a\n    Fine Girl)\" in 1972. Therefore, to avoid confusion, when\n    Manilow decided to make his record, he changed the title to\n    \"Mandy\". It was Clive Davis who suggested that Manilow record\n    the song. Manilow originally recorded it as an up-tempo\n    bubblegum pop tune similar to English's original, but he and\n    the producer reportedly hated the way it turned out; thus, he\n    sang it as a ballad and was much more pleased with the results.\n    It was Manilow's first hit single and the first song on Clive\n    Davis' Arista Records label (formerly Bell Records) to hit the\n    Billboard Hot 100.", "There have been several other notable cover versions,\n    including Andy Williams (1975), Richard Clayderman (1994),\n    Johnny Mathis (1997), Me First and the Gimme Gimmes (1997),\n    Bradley Joseph (2005), Raymond Quinn (X Factor runner-up 2006),\n    Donny Osmond (2007).", "The song was also a hit for the Irish group Westlife.\n    \"Mandy\" was the second single released from their album\n    Turnaround."]}, "artist": "Barry Manilow", "title": "Mandy", "recorded": "1974", "label": "Bell", "released": "1974", "writers": {"writer": ["Scott English", "Richard Kerr"]}, "formats": {"format": "7\" vinyl"}, "weeks": {"week": "1975-01-18"}}}