{"top-song": {"descr": {"p": ["\"Eve of Destruction\" is a protest song written by P. F.\n    Sloan in 1965. Several artists have recorded it, but the\n    best-known recording was by Barry McGuire. This recording was\n    made between July 12 and July 15, 1965 and released by Dunhill\n    Records. The accompanying musicians were top-tier LA session\n    men: P.F. Sloan on guitar, Hal Blaine (of Phil Spector's\n    \"Wrecking Crew\") on drums, and Larry Knechtel on bass. The\n    vocal track was thrown on as a rough mix and was not intended\n    to be the final version, but a copy of the recording \"leaked\"\n    out to a DJ, who began playing it. The song was an instant hit\n    and as a result the more polished vocal track that was at first\n    envisioned was never recorded.", {"i": {"#tail": "chart, where it had debuted at number thirty.\n    McGuire was never again to break into the top forty of the\n    Billboard Hot 100.", "#text": "Cashbox"}, "#text": "In the first week of its release, the single was at number\n    103 on the charts. By August 12, Dunhill released the LP, \"Nick\n    Featuring Eve of Destruction\". The LP reached its peak of\n    number thirty-seven on the Billboard album chart during the\n    week ending September 25. That same day the single went to\n    number one on the chart, and repeated the feat on the"}, "The song had initially been presented to The Byrds as a\n    Dylanesque potential single, but they rejected it. The Turtles,\n    another LA group who often recorded The Byrds' discarded or\n    rejected material, recorded a version instead. Their version\n    was issued as an album track shortly before McGuire's version\n    was cut. It eventually hit number 100 on the Billboard Hot 100\n    in 1970.", "The song is a grave warning of imminent apocalypse, and\n    considered by some to be the epitome of a protest song. It\n    expressed the frustrations and fears of young people in the age\n    of the Cold War, Vietnam, the nuclear arms race, and the civil\n    rights movement.", "The American media helped popularize the song by using it as\n    an example of everything that was wrong with the youth of that\n    time. The song also drew flak from conservatives. A group\n    called The Spokesmen released an answer record entitled \"The\n    Dawn of Correction\". A few months later, Green Beret medic Sgt.\n    Barry Sadler released the patriotic \"Ballad of the Green\n    Berets\". Johnny Sea's spoken word recording, \"Day For\n    Decision\", was also a response to the song. The Temptations'\n    song \"Ball of Confusion (That's What the World Is Today)\"\n    mentions the song title.", {"i": [{"#tail": ". Johnny Thunders recorded it in the\n    \"Hurt Me\" album and also frequently covered the song in\n    concert, while veteran Canadian punk outfit D.O.A. also covered\n    the song on their 2004 album", "#text": "Schizoprenic Circus"}, {"#tail": ". The song has also been covered by\n    Australian band Screaming Jets on their 1997 album", "#text": "Live Free Or Die"}, {"#tail": ". Left-wing Christian punk band Crashdog\n    also covered it on their album", "#text": "World Gone Crazy"}, {"#tail": ". Post-Industrial\n    psychedelic rock outfit Psychic TV released \"Eve Ov\n    Destruction\" as a limited edition single in the late 1980s. In\n    2003, the reggae singer Luciano recorded a version of the song.\n    The band Bishop Allen also released a song titled \"Eve of\n    Destruction\" on their 2003 album, \"Charm School\" which takes\n    it's chorus from this song.", "#text": "Cashists, Fascists, and Other Fungus"}], "#text": "In the late 1970s, Los Angeles punk band The Dickies\n    recorded a cover of \"Eve of Destruction\". New Wave group Red\n    Rockers covered the song in their 1984 album"}, {"i": [{"#tail": ". With a burning Des Moines, Iowa as a\n    backdrop, Larry Underwood sits atop the hood of a car, belting\n    out the song to amuse himself until interrupted by another\n    survivor of the superflu. It also appeared in", "#text": "The Stand"}, {"#tail": "episode GABF16, \"The Girl Who Slept Too\n    Little,\" and was also featured in Michael Winterbottom's 1997\n    film", "#text": "The Simpsons"}, {"#tail": ". A Joey Scarbury cover was played\n    repeatedly in the original airing of", "#text": "Welcome to Sarajevo"}, {"#tail": "episode \"Operation Spoil\n    Sport\" to encourage the hero to prevent an automated nuclear\n    strike being triggered by a renegade U.S. general (the aliens\n    who provided the hero's super-powers commandeered his car radio\n    and tuned it to stations playing the song). Due to rights\n    issues, the song does not appear in the DVD version of the\n    episode. A French translation is used in the closing credits of\n    Michael Moore's film", "#text": "The Greatest American Hero"}, {"#tail": ". An Italian version, \"Questo vecchio pazzo mondo\"\n    (\"This old crazy world\"), was recorded by Gino Santercole in\n    1967; a 1984 recording by Adriano Celentano was included in his\n    album", "#text": "Sicko"}, {"#tail": "(a collection of US hits translated into\n    Italian).This song also makes an appearance in \"The\n    Doors\"(directed by Oliver Stone), as the opening act performs\n    it before the Doors take the stage in Miami.", "#text": "I miei americani"}], "#text": "The song was briefly featured on Stephen King's 1994\n    miniseries"}, "Though he's now known primarily as a singer of contemporary\n    Christian songs, Barry McGuire has continued to sing \"Eve Of\n    Destruction\" in recent years, often updating the lyrics to\n    refer to such events as the Columbine High School massacre.", "The song was banned by some radio stations in the USA as\n    well as by the BBC and Radio Scotland.", "The song, like many other popular songs of the day, gave its\n    name to a gun truck used by United States Army Transportation\n    Corps forces during the Vietnam war. The truck is on display at\n    the U.S. Army Transportation Museum and is believed to be the\n    only surviving example of a Vietnam era gun truck.", "The song is featured in the fourth level of the Vietnam War\n    Video game Men of Valor. While the song is playing, the main\n    character's lieutenant is dying of his wound on the\n    battlefield.", "Barry McGuire became a born-again Christian, and as a result\n    renounced the song for many years, refusing to perform it.", "Barry McGuire updated the lyrics when he performed at a\n    reunion of folksingers, with the line \"Selma, Alabama\",\n    replaced by the words \"Columbine Colorado\", referring to the\n    student massacre of 1999.", {"i": {"#tail": ", performing an updated version of \"Eve\n    of Destruction\", with new lines such as \"You're old enough to\n    kill/ you just started voting\" and \"...can live for ten years\n    in space\". The reference to \"Red China\" was also removed.", "#text": "Spicks and Specks"}, "#text": "On March 12, 2008, Barry McGuire appeared on the Australian\n    Music Comedy/Game Show"}, "McGuire also mentioned that \"Eve of Destruction\" was\n    recorded in one take on a Thursday morning (from words scrawled\n    on a crumpled piece of paper), and he got a call from the\n    record company at 7:00 the following Monday morning, telling\n    him to turn on the radio - his song was playing. The recording\n    includes an \"ahhh\" where McGuire couldn't read the words.", "ESPN sportscaster Chris Berman, famous for inventing\n    nicknames for sports figures, and often bringing song titles\n    into the play on words, dubbed slugger Mark McGwire as \"Mark\n    'Eve of Destruction' McGwire\".", "The indie rock group Bishop Allen perform a song by the same\n    name which borrows heavily from the original, but with an even\n    more sharply apocalyptic theme. It includes the lyrics \"And if\n    this moment is gone in a flash/ And my hand in yours becomes\n    ash in ash\", followed in the next verse by an imagining of\n    rejection from Heaven: \"Then we'll have a dance, yeah a dance,\n    on the head of a pin/ Then God will grin, and shoo us\n    away\"."]}, "artist": "Barry McGuire", "lengths": {"length": "3:38"}, "title": "Eve of Destruction", "label": "Dunhill", "released": "1965", "writers": {"writer": "P. F. Sloan"}, "weeks": {"week": "1965-09-25"}}}