{"top-song": {"album": "Tryin' to Get the Feeling", "genres": {"genre": "Adult contemporary"}, "descr": {"p": [{"i": {"#tail": "adult contemporary chart in December 1975. It\n    won a Grammy Award for Song of the Year and was nominated for\n    Record of the Year in 1977 and became one of Manilow's\n    signature songs.", "#text": "Billboard"}, "#text": "\"I Write the Songs\" is a popular song by Barry Manilow from\n    1975 written by Bruce Johnston. Manilow's version reached #1 on\n    the Hot 100 chart in early 1976 after spending two weeks atop\n    the"}, {"i": {"#tail": ",\" but the actual songwriter, The Beach\n    Boys' Bruce Johnston, has stated that the \"I\" in the song is\n    \"music\". He went on to say that songs come from the spirit of\n    creativity in all of us.", "#text": "writes the songs"}, "#text": "The title has been misunderstood to mean that the singer (or\n    songwriter) \""}, {"i": {"#tail": ". The single reached #11 on the UK\n    Singles Chart in August of that year.", "#text": "The Higher They Climb"}, "#text": "The first time the song was released on a single was from\n    David Cassidy in 1975 from the album,"}, {"i": [{"#tail": ": \"The problem with the song was that if you\n    didn't listen carefully to the lyric, you would think that the\n    singer was singing about himself. It could be misinterpreted as\n    a monumental ego trip.\" After persuasion by Clive Davis, then\n    president of Arista Records, Manilow relented and recorded the\n    song, and his version of \"I Write the Songs\" was the first\n    single taken from the album", "#text": "Sweet Life"}, {"#tail": ". It first charted on the", "#text": "Tryin' to Get the Feeling"}, {"#tail": "Hot 100 on November 15, 1975, reaching the top\n    of the chart nine weeks later, on January 17, 1976.", "#text": "Billboard"}], "#text": "Manilow was initially reluctant to record the song, stating\n    in his autobiography"}, {"i": [{"#tail": "album. Frank Sinatra sang it as \"I Sing The\n    Songs\". In 2008 Me First And The Gimme Gimmes recorded it on\n    their album", "#text": "Going Public"}, {"#tail": ".", "#text": "Have Another Ball"}], "#text": "This song was also recorded by Captain & Tennille,\n    Johnny Mathis, Tom Jones, Dinah Shore, David Osborne, as well\n    as Bruce Johnston himself on his 1977"}, "Manilow once did a parody duet titled \"I Write The Songs/I\n    Wreck The Songs\" with Rosie O'Donnell on her talk show on April\n    18, 1997. A sample of the lyrics is:", "B: I write the songs that you sing in the shower, R: You\n    write the songs I mutilate by the hour, B: You sing my songs\n    and make your neighbors complain, B: I write the songs, R: I\n    wreck the songs, B: I am music, R: And I wreck the songs!,", {"i": {"#tail": "on October 30, 2006.", "#text": "The Colbert Report"}, "#text": "Manilow did another shortened performance of this song with\n    Stephen Colbert when he was a guest on"}]}, "artist": "Barry Manilow", "lengths": {"length": "3:51"}, "title": "I Write the Songs", "recorded": "1975", "label": "Arista 0157", "producers": {"producer": ["Ron Dante", "Barry Manilow"]}, "released": "November 1975", "writers": {"writer": "Bruce Johnston"}, "formats": {"format": "7\" (45 rpm)"}, "weeks": {"week": "1976-01-17"}}}