{"top-song": {"genres": {"genre": "Pop"}, "descr": {"p": ["\"Saturday Night\" is a 1976 pop hit by the Scottish band Bay\n    City Rollers. It was written and produced by Bill Martin and\n    Phil Coulter. The tune is an upbeat pop-rock number with a\n    memorable hook: the word \"Saturday\" spelled out in a rhythmic\n    chant.", {"i": {"#tail": ", but never saw release as a single in their home\n    country; by this time Clark had left the band for solo work and\n    had been replaced by Les McKeown. The re-recording was issued\n    as a US single in late 1975 and became a smash hit in early\n    1976, becoming the first Billboard #1 of the US Bicentennial\n    year. Despite a string of worldwide hit songs, and other US\n    hits, \"Saturday Night\" was the group's only enduring American\n    hit.", "#text": "Rollin'"}, "#text": "An early version of the song was recorded in the UK in 1973,\n    but did not hit the charts. On the first version Gordon \"Nobby\"\n    Clark was the lead singer of the band. The song was re-recorded\n    for the Rollers' 1974 UK album"}, {"i": {"#tail": "along with the Bay City\n    Rollers' original.", "#text": "So I Married an Axe Murderer"}, "#text": "Among the remakes of \"Saturday Night\" is a 1993 hit version\n    by Ned's Atomic Dustbin, featured in the Mike Myers movie"}, "Japanese comedian Gorie released a cover of \"Saturday Night\"\n    called \"Pecori Night\" which was the 48th best-selling single in\n    Japan for 2005, according to Oricon charts. Although the melody\n    is the same, the lyrics are completely different from the\n    original.", "Also, the Japanese producer Yoichiro Ito - Akakage released\n    a groove disco cover.", "Japanese boyband Arashi borrows the chorus replacing the\n    lyrics Saturday Night with Carnival Night, in their song\n    Carnival Night Pt. 2", "Japanese band JAM Project uses the Saturday Night chant\n    rhythm in its song \"March of Rescue Hero.\"", "Japanese band Tokio uses elements from Saturday Night in\n    their song \"Kanpai!!\"", "A local band from Ottawa, Ontario, Canada, Harpoon (formerly\n    known as the Eric Eggleston Band) did a cover of the song in\n    2008. It is commonly used during Saturday night Ottawa Senators\n    games at Scotiabank Place.", "Drake Bell also did a live cover of this song at his concert\n    at the Auditorio Nacional in his dvd \"Drake Bell In\n    Concert.\""]}, "artist": "Bay City Rollers", "title": "Saturday Night", "label": "Arista", "released": "1975", "formats": {"format": "7\""}, "weeks": {"week": "1976-01-03"}}}