{"top-song": {"album": "Children of the\n  World", "genres": {"genre": "Disco"}, "descr": {"p": [{"i": [{"#tail": ", in 1976. The single hit number\n    one for one week on the U.S. Billboard Hot 100, number one for\n    seven weeks on the U.S. Hot Dance Club Play chart, and in July\n    the same year, reached number five on the UK Singles Chart. The\n    song also peaked at number four on the", "#text": "Children of the World"}, {"#tail": "R&B chart. It was this song that first\n    launched the Bee Gees into disco stardom, although\n    rock-oriented drums and guitars can be heard in the background.\n    It was also the only track from the group to top the dance\n    chart.", "#text": "Billboard"}], "#text": "\"You Should Be Dancing\" is a single by the Bee Gees, from\n    the album,"}, {"i": {"#tail": "Hot 100 number-one and their sixth number-one\n    in Canada. It ended up the year as the #31 song of the year on\n    the Hot 100. It also hit number four in Ireland. In Australia,\n    where the brothers spent a number of years in their youth, it\n    managed only to nick the top 20.", "#text": "Billboard"}, "#text": "The song was their third"}, {"i": {"#tail": "and appears on its soundtrack\n    album.", "#text": "Saturday Night Fever"}, "#text": "\"You Should Be Dancing\" is known today as the first\n    chart-topper in which Barry Gibb uses his now-trademark\n    falsetto (he had previously used it on the top-10 \"Nights on\n    Broadway\" and on \"Fanny (Be Tender With My Love)\"). The song\n    was prominently featured in the movie"}, {"i": {"#tail": "tour featured the Bee Gees' younger\n    sibling, Andy Gibb, on backing vocals.", "#text": "Spirits Having Flown"}, "#text": "Live performances of \"You Should Be Dancing\" during the 1979"}, {"i": {"#tail": ".", "#text": "Short Circuit"}, "#text": "This song and the scene from the movie containing the song\n    were seen and heard in the film"}, {"i": {"#tail": ".", "#text": "American Bandstand"}, "#text": "The Boston Celtics also play this song when they are about\n    to win a basketball game accompanied by the ever popular\n    \"Dancing Gino\" video from the television show"}, "Blockster released a cover \"You Should Be...\", which reached\n    number three in the UK chart in January 1999.", {"i": [{"#tail": ", performed the song on the show on May 8,\n    2007. His studio version was later released on the official\n    website and on", "#text": "American Idol"}, {"#tail": ", a\n    compilation of studio versions of songs performed by", "#text": "American Idol Season 6: The Collector's Edition"}, {"#tail": "finalists.", "#text": "Idol"}], "#text": "Blake Lewis, the runner-up on the sixth season of"}]}, "artist": "Bee Gees", "lengths": {"length": "4 min 16 s"}, "title": "You Should Be Dancing", "recorded": "Criteria Studios , , Miami, Florida , , January 18 \u2014 ,\n  February 8, 1976; , Le Studio , , Morin Heights, Quebec , , May\n  6, 1976", "label": "RSO", "producers": {"producer": ["Albhy Galuten", "Karl Richardson", "Barry Gibb", "Robin Gibb", "Maurice Gibb"]}, "released": "June 21, 1976", "writers": {"writer": ["Barry", "Robin", "& Maurice Gibb"]}, "formats": {"format": "Vinyl record (7\" 45 RPM)"}, "weeks": {"week": "1976-09-04"}}}