{"top-song": {"album": "Saturday Night Fever: The\n  Original Movie Sound Track", "genres": {"genre": "Disco"}, "descr": {"p": [{"i": {"#tail": "soundtrack.", "#text": "Saturday Night Fever"}, "#text": "\"Stayin' Alive\" is a disco song by the pop group Bee Gees\n    from the Saturday Night Fever motion picture soundtrack. The\n    song was written by the Bee Gees - Barry, Robin, and Maurice\n    Gibb - and produced by the Bee Gees and Albhy Galuten and Karl\n    Richardson. It was released on December 13, 1977, as the second\n    single from the"}, {"i": {"#tail": ".", "#text": "Saturday Night Fever"}, "#text": "Upon release, Stayin' Alive climbed the charts, hitting the\n    number one spot on the Billboard Hot 100 the week of February\n    4, 1978, and staying there for four weeks. In the process, it\n    became the band's most recognizable tune, in part because of\n    its place at the beginning of"}, {"i": {"#tail": "cover story about discomania. He asked them to\n    go on with the soundtrack anyway, and they wrote \"Stayin'\n    Alive\" over the course of a few days while sprawled on the\n    staircase at the Ch\u00e2teau d'H\u00e9rouville studio in Paris. As with\n    Pink Floyd, a majority of the soundtrack was recorded in France\n    for tax reasons.", "#text": "New York"}, "#text": "The producer of the soundtrack, Robert Stigwood (who doubled\n    as the Bee Gees' manager) called them up and asked them to\n    write a few songs for a soundtrack to a film he was planning.\n    At this point, the film was in early stages and it didn't have\n    a title yet. All Stigwood had to go on was a"}, "Due to the death of drummer Dennis Byron's mother in the\n    middle of the song's sessions, the group first looked for a\n    replacement. Oddly enough, the shortage of drummers in this\n    area of France prompted the group to use a drum machine\u2014yet it\n    did not offer satisfactory results. After listening to the drum\n    track of the already-recorded \"Night Fever\", the group (and\n    engineer Albhy Galuten) selected two bars from the song,\n    re-recorded them to a separate track, and proceeded with\n    sessions for \"Stayin' Alive\". This accounts for the unchanging\n    rhythm throughout the song.", "As a joke, the group listed the drummer as \"Bernard Lupe\" (a\n    takeoff on session drummer Bernard Purdie). Mr. Lupe became a\n    highly sought-after drummer - until it was discovered that he\n    did not exist.", {"i": {"#tail": ", in which the aforementioned\n    introductory scene was played. The single was eventually\n    released in mid-December, a month after the album, and moved to\n    the top of the Billboard Hot 100 in the United States in\n    February, where it would stay for four weeks. Soon after, it\n    would slide to number two, locking in a solid one-two punch\n    with the Bee Gees' other hit from the album, \"Night Fever\". In\n    the United Kingdom, \"Stayin' Alive\" was a solid seller but not\n    as popular as it was in the United States, topping out at\n    number four.", "#text": "Saturday Night Fever"}, "#text": "The song was not originally supposed to be released as a\n    single, but fans called radio stations and RSO Records\n    immediately after seeing trailers for"}, "Further demonstrating the Bee Gees' U.S. chart domination in\n    1978, \"Stayin' Alive\" was replaced at number one with the\n    group's younger brother Andy Gibb's single, \"Love Is Thicker\n    Than Water\", followed by the Bee Gees' own \"Night Fever\". This\n    was then replaced by Yvonne Elliman's \"If I Can't Have You\".\n    Since Barry Gibb had a hand in writing all four of these songs,\n    he became the only person in history to write four consecutive\n    U.S. number one singles.", {"i": {"#tail": "in 2007 in an expanded & remastered\n    edition.", "#text": "Bee Gees Greatest"}, "#text": "Besides the version that appeared on the soundtrack album\n    (and subsequent CD release) and the edited single for the 45RPM\n    and Top 40 radio release, there was yet another version, of the\n    same basic mix, that was distributed to club DJs and radio\n    stations that specialized in airing longer versions of hit\n    songs. This \"Special Disco Version\" as it was called, featured\n    all the same parts as the album version, but had a mysterious\n    horn rhythm section part interjected twice, but turned out to\n    be broadcast on very few U.S. radio stations. This version was\n    finally released on CD when Reprise re-issued"}, "As for the message of the song, Robin Gibb was quoted as\n    saying, \"Stayin' Alive\" is about survival in the big city\u2014any\n    big city\u2014but especially New York.\"", {"i": {"#tail": "at the time. This\n    set featured buildings, a train station, and other\n    elements.", "#text": "Sgt. Pepper's Lonely Hearts Club Band"}, "#text": "The music video for the song is of a completely different\n    concept to Saturday Night Fever. It depicts the group singing\n    the song on an abandoned subway terminal set at MGM Studios,\n    directly adjacent to the one where the boys were filming"}, {"i": {"#tail": "were shot on the soundstages, and\n    edited at the facilities of, Video City, Inc., in North Miami,\n    Florida. The European video for \"Stayin' Alive\" as mentioned\n    above (with Barry sans his beard) was one of these original\n    three. These original music videos were scrapped and re-shot in\n    California after Barry grew his beard.", "#text": "Saturday Night Fever"}, "#text": "The original three music videos for the movie"}, {"i": [{"#tail": "during a memorable flashback scene in which\n    Robert Hays' and Julie Hagerty's characters are shown meeting\n    at a dive bar and engaging in an extremely exaggerated\n    semblance of popular disco dancing. The music in the movie was\n    however, sped up 10% over its usual speed, with permission.\n    This parody might also have given rise to the misconception\n    that \"Stayin' Alive\" is the song played during John Travolta's\n    famous dancing scene in", "#text": "Airplane!"}, {"#tail": ". The film Foul Play featured the\n    song in a particular scene (Dudley Moore's apartment\n    scene).", "#text": "Saturday Night Fever"}], "#text": "The song was prominently featured in the 1980 disaster spoof"}, {"i": [{"#tail": ",", "#text": "A Goofy Movie"}, {"#tail": ",", "#text": "Bushwhacked"}, {"#tail": ",", "#text": "A Night at the Roxbury"}, {"#tail": ",", "#text": "Honey, I Blew Up the Kid"}, {"#tail": ",", "#text": "Arthur and the Minimoys"}, {"#tail": ",", "#text": "Young @ Heart"}, {"#tail": ",", "#text": "Naked Gun 33\u2153: The Final Insult"}, {"#tail": ",", "#text": "Madagascar"}, {"#tail": ", and", "#text": "Chicken Little"}, {"#tail": ".", "#text": "Airplane!"}], "#text": "The song has also been included on the soundtracks of over\n    20 other films, and was featured in the films"}, "The song is also featured as the theme song for the movie\n    Staying Alive, starring John Travolta.", "The Bee Gees won a Grammy Award for the song in 1977 for\n    Best Vocal Arrangement for Two or More Voices.", "Over the years, \"Stayin' Alive\" has earned more critical\n    acclaim. The song was ranked number 189 on the list of Rolling\n    Stone's 500 Greatest Songs of All Time, and it was also on the\n    list of the Rock and Roll Hall of Fame's 500 Songs that Shaped\n    Rock and Roll.", {"i": {"#tail": "[1]", "#text": "Billboard's All Time Top 100."}, "#text": "The song is also listed at #46 on"}, "A number of musicians have covered \"Stayin Alive'\":", {"i": {"#tail": ", in the episodes \"Aquamansion\" and \"The Dream\n    Team\". It is the only song to feature in more than one episode\n    of the series.", "#text": "Entourage"}, "#text": "It featured twice on the HBO series,"}, {"i": {"#tail": "have made numerous references to the song,\n    using it in scenes as the aforementioned \"Table Five\" parody\n    Homer sang, during a scene in the episode \"Two Bad Neighbors\",\n    and in a \"Treehouse of Horror\" scene. In \"Bart's Girlfriend\",\n    the opening is featured.", "#text": "The Simpsons"}}, {"i": [{"#tail": "s 14 September 2006 episode, the last 3\n    categories in the", "#text": "Jeopardy!'"}, {"#tail": "round referenced the opening lines of the\n    song:", "#text": "Jeopardy!"}], "#text": "On"}, "U.S. ventriloquist Terry Fator uses \"Stayin' Alive\" in his\n    stage show at The Mirage in Las Vegas, Nevada. One of Fator's\n    puppets, Winston the Impersonating Turtle sings part of the\n    song. The performance is included on the DVD \"Terry Fator: Live\n    from Las Vegas\".", "\"Stayin' Alive\" was used in a study to train doctors to\n    provide the correct number chest compressions per minute while\n    performing CPR. The song has exactly 103 beats per minute, and\n    100 chest compressions per minute are recommended for CPR. The\n    study found that doctors who think about \"Stayin' Alive\" are\n    much more likely to do CPR correctly.", "In the newspaper comic strip 'Fox Trot,' the older son Peter\n    in one strip sings the opening lines as 'well you can tell be\n    the way I view my clock, I'm at 0.9 C, less time to talk,' in a\n    performance he humorously dubbed 'Saturday Night Physics', with\n    other songs parodied, including 'More than a Woman' and 'Disco\n    inferno' as 'More than a Photon' and 'Disc has Inertia.'"]}, "artist": "Bee Gees", "lengths": {"length": "4:45"}, "title": "Stayin' Alive", "recorded": "Ch\u00e2teau d'H\u00e9rouville , , H\u00e9rouville , France\n  1977", "label": "RSO", "producers": {"producer": "Robert Stigwood"}, "released": "December 13, 1977", "formats": {"format": "Vinyl record (7\" 45 RPM)"}, "weeks": {"week": ["1978-02-04", "1978-02-11", "1978-02-18", "1978-02-25"]}}}