{"top-song": {"album": "Spirits Having\n  Flown", "genres": {"genre": "Pop / disco"}, "descr": {"p": [{"i": {"#tail": ". It reached number one on the\n    Billboard Hot 100 for one week in June 1979 (interrupting Donna\n    Summer's \"Hot Stuff\"). It would be the ninth and final\n    number-one hit for the Bee Gees in the US.", "#text": "Spirits Having Flown"}, "#text": "\"Love You Inside Out\" is a 1979 hit single for the Bee Gees,\n    from their album"}, "Like their other big hits of disco era, this song also\n    contained the falsetto vocal style of Bee Gees.", {"i": {"#tail": "and was sampled a few years before by R&B\n    group Total on the album track \"When Boy Meets Girl\" from their\n    self-titled debut in 1996. The sample was included on R Kelly\n    and Jay-Z's hit song \"Honey\". It was also sampled by Snoop Dogg\n    for his rap single \"Ups and Downs\" in 2005 and on rap group\n    Nemesis' hit \"Cantfiguritout.\"", "#text": "Let It Die"}, "#text": "It has been covered by Leslie Feist (under the title \"Inside\n    and Out\") on her 2004 album"}]}, "artist": "Bee Gees", "lengths": {"length": "4:12"}, "title": "Love You Inside Out", "recorded": "March - November 1978", "label": "RSO", "producers": {"producer": ["The Bee Gees", "Albhy Galuten", "Karl Richardson"]}, "released": "April 1979", "writers": {"writer": ["Barry", "Robin & Maurice Gibb"]}, "formats": {"format": "7\""}, "weeks": {"week": "1979-06-09"}}}