{"top-song": {"album": "Main Course", "genres": {"genre": "Disco"}, "descr": {"p": ["\"Jive Talkin'\" is a song by the Bee Gees, which hit number\n    one on the Billboard Hot 100 and reached the top-five on the UK\n    singles chart in the summer of 1975. Largely recognized as the\n    group's \"comeback\" song, it was their first U.S. top ten hit\n    since \"How Can You Mend a Broken Heart\" in 1971.", "The song was originally called \"Drive Talking\". The song's\n    rhythm was modeled after the sound a car would make crossing\n    the bridge from Biscayne Bay into Miami. The sound of the car's\n    tires were making a \"Chicka, Chicka, Chicka,\" sound, which was\n    used vocally before the group sings the title of the song.\n    Producer Arif Mardin wished to market the song toward the teen\n    market, and suggested the change to \"Jive Talkin'\" (the phrase\n    \"jive talkin'\", slang for \"telling lies\", was a popular\n    colloquialism at the time). Barry Gibb wrote the song and then\n    had to fix the lyrics upon completion because he had assumed\n    \"jive talkin'\" referred to \"speaking in jive\", a then-popular\n    term for African-American Vernacular English. All actual\n    \"talking jive\" references were fixed so they meant \"lying\".", "Upon its release to radio stations, the single was delivered\n    in a plain white cover, with no immediate indication of what\n    the song's name was or who sang it. The DJs would only find out\n    what the song was and who played it when it was placed on the\n    turntable; RSO did provide the song with a label on the record\n    itself.", "The disco-oriented sound was a departure from the pop\n    ballads the Bee Gees had become known for. With the new sound,\n    the public had gained a newfound interest in the Bee Gees and\n    their music. The single sold over a million copies in the\n    United States alone, and sold in excess of a hundred thousand\n    copies in Canada. While not a top seller in the United Kingdom,\n    it did mark the first time in three years that a Bee Gees\n    single had charted there.", "Two years after its release as a single the song was\n    included on the Bee Gees-dominated soundtrack to Saturday Night\n    Fever.", "In 1987 this song was covered by the Boogie Box High. Boogie\n    Box High was a musical project by Andros Georgiou in the late\n    1980s, that featured a range of vocal collaborations such as\n    his relative George Michael (of Wham!) and Nick Heyward (of\n    Haircut 100). A cover of the Bee Gees song Jive Talkin' was\n    their biggest hit in 1987.", "On Iron Maiden's song \"More Tea Vicar\", towards the end,\n    Bruce Dickinson sings a bit of the song in a voice imitating\n    The Bee Gees as a joke, then follows it up with \"No, no no! You\n    got the wrong track, you have to go in the studio next door.\"\n    Then sings \"Okay\" in a Bee Gees voice."]}, "artist": "Bee Gees", "lengths": {"length": "3 min 46 s"}, "title": "Jive Talkin'", "recorded": "Criteria Studios , , Miami, Florida , , 30 January \u2014 ,\n  19 February 1975", "label": "RSO", "producers": {"producer": "Arif Mardin"}, "released": "31 May 1975", "writers": {"writer": ["Barry", "Robin & Maurice Gibb"]}, "formats": {"format": "Vinyl record (7\" 45 RPM)"}, "weeks": {"week": ["1975-08-09", "1975-08-16"]}}}