{"top-song": {"album": "Spirits Having Flown", "genres": {"genre": "Pop / disco"}, "descr": {"p": [{"i": [{"#tail": ". The single reached number one in\n    the UK in February 1979 and repeated the feat the following\n    month on the U.S. Billboard Hot 100. Though not originally in", "#text": "Spirits Having Flown"}, {"#tail": ", it has subsequently been added to\n    the musical score of the West End version of the\n    movie-musical.", "#text": "Saturday Night Fever"}], "#text": "\"Tragedy\" is a song recorded by the Bee Gees, included on\n    their 1979 album"}, "The song knocked \"I Will Survive\" by Gloria Gaynor off the\n    top spot in the U.S. for two weeks before that song again\n    returned to number one for an additional week.", {"i": {"#tail": "which showed how the sound effect\n    for the explosion was created. Barry cupped his hands over a\n    microphone and made an exploding sound. Several of these sounds\n    were then mixed together creating one large boom heard on the\n    record.", "#text": "The Bee Gees Special"}, "#text": "In 1979, NBC aired"}, "In 1998, Steps covered \"Tragedy\", releasing it as a double\n    A-side with \"Heartbeat\". It debuted at number two on the UK\n    Singles Chart before climbing to the top spot, achieving\n    platinum status. A dance step of putting both hands parallel to\n    the sides of the head became the trademark move of the British\n    group. \"Tragedy\" has sold more copies than all three previous\n    Steps singles combined. It spent eighteen weeks in the Top 20\n    and thirty weeks on the chart in total."]}, "artist": "Bee Gees", "lengths": {"length": "5:03"}, "title": "Tragedy", "recorded": "March - November 1978", "label": "RSO", "producers": {"producer": ["The Bee Gees", "Albhy Galuten", "Karl Richardson"]}, "released": "February 1979", "writers": {"writer": ["Barry", "Robin & Maurice Gibb"]}, "formats": {"format": "Single"}, "weeks": {"week": ["1979-03-24", "1979-03-31"]}}}