{"top-song": {"album": "Trafalgar", "genres": {"genre": "Pop"}, "descr": {"p": [{"i": "Let's Stay Together", "#text": "from the album"}, {"i": "Sex and the City: Original Motion Picture Soundtrack", "#text": "from the album"}, {"i": {"#tail": ".", "#text": "Trafalgar"}, "#text": "\"How Can You Mend a Broken Heart\" is a song released by the\n    Bee Gees in 1971. The song had been written by Barry and Robin\n    Gibb in August 1970, when the Gibb brothers had reconvened\n    following a period of break-up and alienation. They said that\n    they originally offered it to Andy Williams, but ultimately the\n    Bee Gees recorded it themselves and included it on their 1971\n    album,"}, "The song was recorded on 28 January 1971 in London. The\n    instrumental track is: Barry Gibb (guitar), Maurice Gibb\n    (guitar, piano, bass guitar), possibly Alan Kendall (guitar),\n    and Geoff Bridgeford (drums), with strings and woodwinds\n    arranged and conducted by Bill Shepherd. The vocals are by\n    Robin (solo in the opening verse), Barry (solo in choruses and\n    second verse), and Maurice (joins Barry and Robin in harmony on\n    choruses). It was released as a single in May 1971 ahead of the\n    album. The B side was a non-album song \"Country Woman\", written\n    by Maurice Gibb, recorded on 6 April by Maurice (guitar, piano,\n    bass guitar), Kendall (guitar), Bridgeford (drums), and\n    Shepherd (string and horn arrangement).", {"i": {"#tail": "Adult Contemporary chart.", "#text": "Billboard"}, "#text": "Although failing to chart on the UK Singles Chart, the song\n    became the Bee Gees' first U.S. number one on the Hot 100 and\n    also reached number four on the"}, "Recently this song was featured on Denzel Washington's\n    character's I-Pod in \"The Book of Eli\"", {"i": {"#tail": ". It has different vocal,\n    piano, and bass guitar tracks. It is very noticeable that\n    Barry, not Robin, sings the first verse, and that Barry's sigh\n    does not appear before each chorus. This was a tape library\n    mistake, both this and the correct reel being marked as best.\n    The differences illustrate how the Bee Gees built up a\n    recording track by track. These unsatisfactory vocal, piano,\n    and bass tracks would be re-done to make the officially\n    released version.", "#text": "Their Greatest Hits: The Record"}, "#text": "An alternate version appeared on the first UK pressing of\n    the 2001 compilation"}]}, "artist": "Bee Gees", "lengths": {"length": "3:57"}, "title": "How Can You Mend a Broken Heart", "recorded": "28 January 1971 , IBC Studios , London", "label": "Polydor (UK) , Atco (U.S., Canada)", "producers": {"producer": ["Robert Stigwood", "Barry Gibb", "Robin Gibb", "Maurice Gibb"]}, "released": "June 1971", "writers": {"writer": ["Barry Gibb", "Robin Gibb"]}, "formats": {"format": "7\" single"}, "weeks": {"week": ["1971-08-07", "1971-08-14", "1971-08-21", "1971-08-28"]}}}