{"top-song": {"album": "Saturday Night Fever: The\n  Original Movie Sound Track", "genres": {"genre": ["Disco", "pop"]}, "descr": {"p": [{"i": [{"#tail": ". Producer Robert Stigwood wanted to\n    call the film", "#text": "Saturday Night Fever"}, {"#tail": ", but singer Robin Gibb expressed\n    hesitation at the title. Stigwood liked the title", "#text": "Saturday Night"}, {"#tail": "but was wary of marketing a movie with that\n    name. He combined the two suggestions and the idea for", "#text": "Night Fever"}, {"#tail": "as a motion picture was born.", "#text": "Saturday Night Fever"}], "#text": "\"Night Fever\", is a disco song, written and performed by The\n    Bee Gees. It first appeared on the soundtrack to"}, "\"Night Fever\" remained the number one Billboard Hot 100\n    single for over two months in 1978. It also replaced Andy\n    Gibb's \"Love Is Thicker Than Water\" at number one, and was in\n    turn replaced by Yvonne Elliman's \"If I Can't Have You\" - all\n    of which were written and produced by the Gibb brothers.", "After the success of \"Night Fever,\" the Governor of Florida,\n    Reubin O'Donovan Askew, made the three men \"honorary citizens\"\n    of the state, due to the amount of time they spent each year\n    recording singles in Miami.", "In addition to Saturday Night Fever, the song has also\n    appeared in the movie and on the soundtrack for Mystery\n    Men.", "A rare music video was made for the song in 1978, however it\n    wasn't shown to the public until 2004 despite the fact the\n    video didn't contain any uncensored content. It features the\n    brothers singing the song in a dark studio cut with images from\n    New York City streets. An interesting note, in the video Barry\n    Gibb was shown without his trademark beard.", {"i": {"#tail": "[1]", "#text": "Billboard's All Time Top 100."}, "#text": "The song lists at #33 on"}, "Texan punk rock band The Dicks covered this song on the\n    B-side of their 1980 debut single \"Hate the Police\" under the\n    title \"All Night Fever\".", {"i": {"#tail": ".", "#text": "Disco"}, "#text": "In 2008, Australian singer and songwriter Tina Arena\n    performed a cover version of \"Night Fever\" for the French film"}]}, "artist": "Bee Gees", "lengths": {"length": "3:31"}, "title": "Night Fever", "recorded": "Le Ch\u00e2teau, H\u00e9rouville , France about April 1977 and ,\n  Criteria Studios , Miami, Florida , United States in September\n  1977", "label": "RSO", "producers": {"producer": ["Bee Gees", "Albhy Galuten", "Karl Richardson"]}, "released": "February 7, 1978 \u00a0(1978-02-07)", "writers": {"writer": ["Barry", "Robin", "& Maurice Gibb"]}, "formats": {"format": "7\" single"}, "weeks": {"week": ["1978-03-18", "1978-03-25", "1978-04-01", "1978-04-08", "1978-04-15", "1978-04-22", "1978-04-29", "1978-05-06"]}}}