{"top-song": {"album": "Saturday Night\n  Fever", "genres": {"genre": "Soft rock"}, "descr": {"p": [{"i": [{"#tail": ". It was a number three hit in the\n    UK. In the U.S., it topped the Hot 100 on 24 December 1977 and\n    stayed in the Top 10 for a then-record 17 weeks. The song also\n    spent six weeks atop the U.S. adult contemporary chart. The\n    song was ranked #366 on Rolling Stone's list of the 500\n    Greatest Songs of All Time. Along with \"Stayin' Alive\", it is\n    one of the group's two songs on the list. The song also lists\n    at #20 on", "#text": "Saturday Night Fever"}, {"#tail": "It was famously covered by\n    Take That for their 1996", "#text": "Billboard's All Time Top 100."}, {"#tail": "album, reaching number one on the UK\n    Singles Chart for three weeks. In 1983, The Bee Gees were sued\n    by a Chicago songwriter, Ronald Selle, who claimed that the\n    Gibb brothers stole melodic material from one of his songs,\n    \"Let It End,\" and used it in \"How Deep Is Your Love.\" At first,\n    The Bee Gees lost the case; one juror said that a factor in the\n    jury's decision was the Gibbs' failure to introduce expert\n    testimony rebutting the plaintiff's expert testimony that it\n    was \"impossible\" for the two songs to have been written\n    independently. However, the verdict was overturned a few months\n    later. Two music videos were made for this song. In one, the\n    brothers are singing while an image of a woman shows throughout\n    the video. Barry Gibb had his beard shaven off in this video,\n    as in the \"Night Fever\" video. A second video was later made in\n    which the brothers sing while passing by a stream of rainbow\n    lights. In this video Barry Gibb is bearded.", "#text": "Greatest Hits"}], "#text": "\"How Deep Is Your Love\" is a song recorded by the Bee Gees\n    in 1977. Originally intended for Yvonne Elliman, it was\n    ultimately used as part of the soundtrack to the film"}, {"i": {"#tail": "compilation in 1996. The single went on to\n    become what was to be the band's final U.K. number one until\n    their 2005 comeback a decade later. The song stayed at number\n    one in the UK charts for three weeks. The single sold 670,000\n    copies and has received a Platinum sales status certification\n    in the UK.", "#text": "Greatest Hits"}, "#text": "Take That's version was released as a single from their"}, "The video saw the four members of the band tied to chairs\n    and in a basement. A blonde woman (actress and model Paula\n    Hamilton) looking slightly deranged with smeared mascara walks\n    into the basement and circles the four members individually\n    pulling their hair. She then puts them all into her van and\n    drives down the motorway. She stops by a reservoir and has the\n    four members placed on the edge, she points at each member\n    before grabbing Gary's rope and pushes him back still holding\n    on. Her fingers slip through the rope and he falls backwards,\n    the others look shocked as she does. She then smirks and it is\n    unsure whether she meant to get rid of him or not.", "New Zealand RnB group Adeaze released the song as a single\n    in 2004"]}, "artist": "Bee Gees", "title": "How Deep Is Your Love", "recorded": "Ch\u00e2teau d'H\u00e9rouville , , H\u00e9rouville , 1977", "label": "RSO", "producers": {"producer": ["Barry Gibb", "Robin Gibb", "Maurice Gibb", "Albhy Galuten", "and Karl Richardson"]}, "released": "1977", "writers": {"writer": ["Barry", "Robin and Maurice Gibb"]}, "formats": {"format": "vinyl record (7\" 45 RPM)"}, "weeks": {"week": ["1977-12-24", "1977-12-31"]}}}