{"top-song": {"album": "Spirits Having\n  Flown", "genres": {"genre": "Pop"}, "descr": {"p": [{"i": {"#tail": ". In the United States and Canada,\n    it became the latest in a long line of chart-toppers, and rose\n    to the top three in the United Kingdom, as well.", "#text": "Spirits Having Flown"}, "#text": "\"Too Much Heaven\" is a song by the Bee Gees, which was the\n    band's contribution to the \"Music for UNICEF\" fund. They\n    performed it at the Music for UNICEF Concert on January 9,\n    1979. The song later found its way to the group's thirteenth\n    original album,"}, "Imbued with their falsetto style, it is also notable for\n    being one of two songs on the album featuring the Chicago horn\n    section (James Pankow, Walt Parazaider and Lee Loughnane)--the\n    other track with the Chicago members being \"Search, Find\".", {"i": {"#tail": "as there are nine layers of\n    three-part harmony creating 27 voices, though the high falsetto\n    voices are the most pronounced in the final mix:", "#text": "Spirits Having Flown"}, "#text": "The recording process was the longest of all the tracks on"}, "The horn section from the band Chicago play on the song, in\n    return for the brothers\u2019 appearance on the Chicago song \"Little\n    Miss Lovin\".", "In the summer of 1978, the Gibb brothers announced their\n    latest project at a news conference at the United Nations in\n    New York City. All of the publishing royalties on their next\n    single would go into UNICEF, to celebrate the International\n    Year of the Child, which was designated to be 1979. The song\n    earned over $7 million dollars in publishing royalties.\n    Then-United Nations Secretary-General Kurt Waldheim heralded\n    the move as \"an outstanding and generous initiative.\"", "The Bee Gees were later invited to the White House, where\n    President Jimmy Carter thanked the group for their donation. At\n    the ceremony, the brothers presented Carter with one of their\n    black satin tour jackets. Carter remarked that he was \"not a\n    disco fan\" but knew enough about their music because his\n    daughter Amy was a big fan.", "\"Too Much Heaven\" was released nine months after \"Night\n    Fever\". At the time, this had been the longest gap in The Bee\n    Gees' distribution of singles since 1975.", {"i": [{"#tail": ", but was pulled before the film's\n    release reportedly because Barry Gibb thought the movie was\n    awful when he was shown a rough cut.), and started a slow\n    ascent up the music charts. In the first week of 1979,\n    preceding the Music for UNICEF Concert, the single first topped\n    the charts in both the United States and Canada. In the United\n    Kingdom, the single peaked at number three late in 1978. A slow\n    ballad that was unlike the previous two singles off the", "#text": "Moment By Moment"}, {"#tail": "soundtrack, Barry Gibb noted that\n    the group wanted to \"move in an R&B direction, still\n    maintaining our lyric power, and our melody power as well.\"", "#text": "Saturday Night Fever"}], "#text": "The single \"Too Much Heaven\" was released in the late autumn\n    of 1978 (it had originally been intended for use in the John\n    Travolta movie"}]}, "artist": "Bee Gees", "lengths": {"length": "4:56"}, "title": "Too Much Heaven", "recorded": "Criteria Studios , , Miami, Florida , , June \u2014 July\n  1978", "label": "RSO", "producers": {"producer": ["Barry Gibb", "Robin Gibb", "Maurice Gibb", "Albhy Galuten", "Karl Richardson"]}, "released": "24 October 1978 ( UK ) , 21 November 1978 , ( US ,\n  Canada )", "formats": {"format": "vinyl record (7\" 45 RPM)"}, "weeks": {"week": ["1979-01-06", "1979-01-13"]}}}