{"top-song": {"album": "Heaven on Earth", "genres": {"genre": "Pop rock"}, "descr": {"p": [{"i": {"#tail": ", it hit Number One on the Billboard\n    Hot 100 on December 5, 1987, becoming Carlisle's only U.S.\n    chart-topper with or without The Go-Go's. A month later it hit\n    number one on the UK Singles Chart and held the spot for two\n    weeks. The song reached number one in many other countries,\n    among them Switzerland, Ireland, Sweden, South Africa and\n    Norway. The song also reached number three in Germany, number\n    two in Australia, and number six in Italy. It is widely\n    considered to be Carlisle's signature song due to its success\n    on the charts, and how it has remained relevant even today. The\n    song was nominated for the Grammy Award for Best Female Pop\n    Vocal Performance.", "#text": "Christmas Oratorio"}, "#text": "\"Heaven Is a Place on Earth\" is a song recorded by Belinda\n    Carlisle, the lead singer of The Go-Go's. Written by Rick\n    Nowels and Ellen Shipley, and interpolating the aria \"Schlafe,\n    mein Liebster, genie\u00dfe der Ruh'\" from Johann Sebastian Bach's"}, "The promotional video was directed by Academy Award-winning\n    actress Diane Keaton and features an appearance of Carlisle's\n    husband Morgan Mason. Carlisle appeared wearing a sampo and\n    later changed to a black off-the-shoulder blouse. The video was\n    partially filmed at Six Flags Magic Mountain theme park in\n    Valencia, California, on the Spin Out ride.", "Carlisle's backup vocalists on the track include songwriters\n    Nowels and Shipley as well as Michelle Phillips of The Mamas\n    & the Papas and songwriter Diane Warren. It also featured\n    Thomas Dolby on keyboards."]}, "artist": "Belinda Carlisle", "lengths": {"length": ["4:06 (Album Version)", "3:35 (Radio Mix)"]}, "title": "Heaven is a Place on Earth", "recorded": "1987", "label": "MCA Records", "producers": {"producer": "Rick Nowels"}, "released": "September 18, 1987", "writers": {"writer": ["Rick Nowels", "Ellen Shipley"]}, "formats": {"format": ["CD single", "7\" single", "12\" single"]}, "weeks": {"week": "1987-12-05"}}}