{"top-song": {"album": "Let Your\n  Love Flow", "genres": {"genre": "Country pop"}, "descr": {"p": {"i": {"#tail": ", a German language adaptation of\n    the song recorded by J\u00fcrgen Drews, which spent the next six\n    weeks at #1. In 2008 the song was used in an advert in the\n    United Kingdom for Barclaycard. Subsequently, the song\n    re-entered the UK Singles Chart and peaked at #21.", "#text": "\"Ein Bett im Kornfeld\""}, "#text": "\"Let Your Love Flow\" is the title of a pop song written by\n    Larry E. Williams, a former roadie for Neil Diamond, and made\n    popular by the American country music duo The Bellamy Brothers.\n    It was offered to Neil Diamond first, but he turned it down.\n    Howard Bellamy told Songfacts: \"Well, it really wasn't in Neil\n    Diamond's vein.\" He added: \"But when we heard it we had an idea\n    of how we wanted to record it because it kind of fit our style,\n    acoustic bass with a groove, and I think that has a lot to do\n    with it. You've got to really match songs with artists, and I\n    think it was the perfect song for us, a great match.\" This\n    record was a crossover hit in the United States, reaching\n    Number One on the 1976 Billboard Hot 100 charts, #2 on Hot\n    Adult Contemporary Tracks, and #21 on Hot Country Singles. It\n    was also an international hit, landing on the charts in Great\n    Britain, Scandinavia and Germany, where the Bellamy Brothers'\n    record spent five weeks at #1 followed by"}}, "artist": "Bellamy Brothers", "lengths": {"length": "3:18"}, "title": "Let Your Love Flow", "recorded": "1976", "label": "Warner Bros. / Curb", "producers": {"producer": ["Phil Gernhard", "Tony Scotti"]}, "released": "February 14, 1976 (U.S. Pop Release) , March 13, 1976\n  (U.S. Country Release) , November 2008 (UK Download\n  Re-Release)", "writers": {"writer": "Larry E. Williams"}, "formats": {"format": "7\" (45 RPM)"}, "weeks": {"week": "1976-05-01"}}}