{"top-song": {"weeks": {"week": "1943-06-12"}, "artist": "Benny Goodman", "descr": {"p": {"i": {"#tail": ", a ground-breaking Broadway musical\n    with an all black cast, where it was performed by Ethel Waters\n    and Dooley Wilson. The re-released Benny Goodman version\n    featuring Helen Forrest reached #1 in 1943.", "#text": "Cabin in the Sky"}, "#text": "\"Taking a Chance on Love\" is a popular song by Vernon Duke\n    with lyrics by John Latouche and Ted Fetter, published in 1940\n    (see 1940 in music), which has become a standard recorded by\n    many artists. It was introduced in the 1940 show"}}, "title": "Taking a Chance on Love"}}