{"top-song": {"album": "Top Gun\n  soundtrackCount Three & Pray", "genres": {"genre": "New Wave"}, "descr": {"p": [{"i": {"#tail": "(1986). The song was written by Giorgio Moroder\n    and Tom Whitlock, performed by the band Berlin. It won the\n    Academy Award for Best Original Song as well as the Golden\n    Globe Award for Best Original Song in 1986.", "#text": "Top Gun"}, "#text": "\"Take My Breath Away\" is the name of a love song from the\n    film"}, "\"Take My Breath Away\" was the first single from the\n    soundtrack album and was released in 1986 as a split single\n    alongside the song \"Radar Radio\":", "The song reached number one on the Billboard Hot 100 on\n    September 13, 1986 and became number 1 in the UK for four weeks\n    in November 1986.", {"i": [{"#tail": "soundtrack album and the expanded edition. The\n    song was also featured in several of the band's best-of and\n    remix albums:", "#text": "Top Gun"}, {"#tail": ",", "#text": "Best of Berlin 1979-1988"}, {"#tail": ",", "#text": "Master Series"}, {"#tail": "(which includes a \"Mission UK\n    Remix\" version),", "#text": "Greatest Hits Remixed"}, {"#tail": "and", "#text": "Live: Sacred & Profane"}, {"#tail": ". \"Take My Breath Away\" was one of\n    the only songs not written by Berlin's John Crawford that they\n    had performed on any album up to that point.", "#text": "Metro Greatest Hits"}], "#text": "\"Take My Breath Away\" is available on both the original"}, {"i": {"#tail": "(by ITV, on the evening of October 6) as well as\n    Peugeot's new television advertising campaign for the 405 model\n    range. The re-release reached number three in the UK singles\n    charts.", "#text": "Top Gun"}, "#text": "\"Take My Breath Away\" was re-released in October 1990 to\n    coincide with the first television showing of"}, {"i": {"#tail": "intermingled with Berlin's singer Terri Nunn\n    performing the song in blue coveralls walking between pieces of\n    planes in a windy aircraft boneyard (part of the Mojave Air\n    & Space Port) at night. Bandmates John Crawford and Rob\n    Brill are shown relaxing in the yard and then following Terri.\n    This video clip can be seen occasionally in VH1 Europe's Top 10\n    Movie Soundtracks program. This video was re-released within\n    the 2004 DVD Collector's Edition.", "#text": "Top Gun"}, "#text": "The music video features scenes from the movie"}, "In 1994 has The Flying Pickets released a Acapella-Version\n    of this song on him Album The Original Flying Pickets: Volume 1\n    and is 4:34 long. The B-Side of this cover is the cover of Road\n    to Nowhere.", {"i": [{"#tail": "in 2004. Her version was produced by Billy\n    Mann. Simpson chose to cover this song because she felt that it\n    was the theme song of her relationship with her then husband,\n    Nick Lachey. Simpson's version was also included on the\n    compilation album", "#text": "In This Skin"}, {"#tail": "(from the U.S.", "#text": "Now That's What I Call Music! 16"}, {"#tail": "series). The remix is seen on", "#text": "Now!"}, {"#tail": ". It also received heavy airplay on\n    Mainstream Urban stations.", "#text": "Much Dance 2005"}], "#text": "American pop singer Jessica Simpson covered \"Take My Breath\n    Away\" and released it as the third single from the album"}, "The video shows her driving through a southwestern desert.\n    She stops to fill up with gas, and then arrives at a diner\n    where she watches lovers in motion. The music video peaked at\n    #5 on MTV's TRL and spent a total of 12 days on the\n    countdown.", "\"Take My Breath Away\" became a number-twenty hit on the Hot\n    100, as well as a top ten hit on the Top 40 Tracks and the Top\n    40 Mainstream charts. The song also became another number-one\n    hit for Simpson on the Hot 100 Singles Sales. Although the song\n    did not break records of any sorts, it performed decently on\n    the other tracks it charted on: the Adult Top 40, the Adult\n    Contemporary, the Hot 100 Airplay, the Hot Dance Club Play, and\n    the Hot Digital Tracks. In late 2005 it received a gold\n    certification by the RIAA.", {"i": {"#tail": ", and it was translated into\n    Cantonese and covered by Sandy Lam.", "#text": "Know Nothing Stays the Same"}, "#text": "The song has been performed by other artists; the band\n    Copeland performed it on their album of cover songs,"}, "The Christian rock band Relient K also covered it as part of\n    their \"Top Gun Medley\" on a few of their tours.", {"i": {"#tail": "CD.", "#text": "Anthologyland"}, "#text": "Originally Martha Davis of The Motels was asked by Giorgio\n    Moroder to make a demo of the song. Her demo version is\n    available on The Motels'"}, "Also to be found on YouTube under the listing for a Romanian\n    band by the name of Activ, but unsure as to its validity due to\n    not finding it on their website Activmusic.ro.", {"i": {"#tail": "(US only; the song does not appear on the\n    European edition).", "#text": "I Love You"}, "#text": "Diana Ross covered the song in 2007 for her album"}, "X Factor 2008 finalist Ruth Lorenzo covered the song for the\n    first live shows, and secured a place in the second round.", {"i": {"#tail": "\"", "#text": "'Take my breath away'"}, "#text": "Though not strictly a cover, Swedish electro-pop band The\n    Knife released a song called \"You Take My Breath Away\", a song\n    that contains some melodic allusions to the Take My Breath\n    Away, and a direct lyrical reference in the line \"I wanted to\n    get laid to"}, "My Morning Jacket has a rendition on one of its Early\n    Recordings discs. It ends with a clip from the film Top\n    Gun."]}, "artist": "Berlin", "lengths": {"length": "4:15"}, "title": "Take My Breath Away", "recorded": "1986", "label": "Columbia , Geffen", "producers": {"producer": "Giorgio Moroder"}, "released": "1986", "writers": {"writer": ["Giorgio Moroder", "Tom Whitlock"]}, "formats": {"format": ["7\"", "12\""]}, "weeks": {"week": "1986-09-13"}}}