{"top-song": {"weeks": {"week": ["1961-01-09", "1961-01-16", "1961-01-23"]}, "artist": "Bert Kaempfert", "descr": {"p": {"i": [{"#tail": "number one hit for three weeks, starting\n    January 9, 1961. It was Kaempfert's first hit with his\n    orchestra. Another cover, recorded and released by Louis Prima,\n    also charted in the same year, reaching #15 on the Billboard\n    charts. Anita Bryant's version reached #18 on the US Pop Chart.\n    Engelbert Humperdinck also recorded a vocal version of the song\n    in his 1968 album", "#text": "Billboard"}, "A Man Without Love."], "#text": "\"Wonderland by Night\" is a popular song by Bert Kaempfert\n    that was a"}}, "title": "Wonderland by Night"}}