{"top-song": {"album": "Why Lady Why", "genres": {"genre": "Country"}, "descr": {"p": ["\"Wind Beneath My Wings\" is the title of a pop song written\n    by Larry Henley and Jeff Silbar. First recorded in 1982 by\n    Roger Whittaker, then a country music hit for Gary Morris in\n    1983, it was covered six years later by Bette Midler. Morris'\n    original was a Top Ten country hit, and it won the Academy of\n    Country Music and Country Music Association Song of the Year\n    awards that year. Midler's was a Number One Billboard Hot 100\n    hit which also won her a Grammy Award in 1990.", {"i": [{"#tail": "and released as the album's third single.\n    Morris' version reached the Top 10 of the", "#text": "Why Lady Why"}, {"#tail": "Hot Country Singles chart. It was named Song of\n    the Year by both the Academy of Country Music and the Country\n    Music Association.", "#text": "Billboard"}], "#text": "\"Wind Beneath My Wings\" was recorded by American country\n    music artist Gary Morris on his 1983 album"}, {"i": {"#tail": "and became a U.S. number-one single. It was named\n    Record of the Year and Song of the Year at the Grammy Awards of\n    1990.", "#text": "Beaches"}, "#text": "\"Wind Beneath My Wings\" was performed by Bette Midler for\n    the soundtrack of the film"}, "7\": USA (Atlantic 7-88972) 7\": UK (Atlantic A8972) 7\": Japan\n    (Atlantic PRS-2048) 3\": Japan (Atlantic 09P3-6159)", "12\": UK (Atlantic A8972T) 3\": UK (Atlantic A8972CD)", "CDM: USA (Atlantic PR2615-2) Promo", "CDM: Germany (Atlantic 756785481-2)", "Note: Released in 1996", "The song has also been recorded by Lou Rawls, Sheena Easton,\n    B.J. Thomas, Perry Como, Michael Ball, Steven Houghton, Lee\n    Greenwood, Willie Nelson, Melinda Caroll, Kiki Carter, Nana\n    Mouskouri, Sonata Arctica, Judy Collins, Colleen Hewett, Patti\n    Labelle, Israel Kamakawiwo'ole, Kenny Rogers, Linzi\n    Hateley,Lara Fabian and many others. It was performed by Peggy\n    Lee in Atlantic City as early as 1984.", {"i": {"#tail": "), though neither had a hit with\n    the song. The song entered various U.S. charts the following\n    year in versions by Gary Morris, Gladys Knight & the Pips\n    (their version was released under the title \"Hero\"), and Lou\n    Rawls (whose version was a top ten Adult Contemporary hit).", "#text": "Madness, Money and Music"}, "#text": "Although the song has become primarily associated with Bette\n    Midler, other versions of the song were released to the public\n    years before Midler's. Roger Whittaker recorded the first\n    version of the tune in 1982, releasing it in Canada on his\n    \"Wind Beneath My Wings\" LP Tembo TMT-4321 and around the world\n    on numerous other LPs, followed eventually by at least 26 CDs!\n    This was later followed by Sheena Easton (on her album"}, {"i": {"#tail": ", Morgan, Cory's sister covers the song\n    on the Season 6's \"Better Average Than Cory\" in October\n    1998.", "#text": "Boy Meets World"}, "#text": "On the episode of"}, {"span": ["\"Nel blu dipinto di blu\n      (Volare)\"\u00a0\u00b7", "\"Mack the\n      Knife\"\u00a0\u00b7", "\"Theme from A Summer\n      Place\"\u00a0\u00b7", "\"Moon River\"\u00a0\u00b7", "\"I Left My Heart in San\n      Francisco\"\u00a0\u00b7", "\"Days of Wine and\n      Roses\"\u00a0\u00b7", "\"The Girl from\n      Ipanema\"\u00a0\u00b7", "\"A Taste of\n      Honey\"\u00a0\u00b7", "\"Strangers in the\n      Night\"\u00a0\u00b7", "\"Up, Up and\n      Away\"\u00a0\u00b7", "\"Mrs. Robinson\""]}, {"span": ["\"Aquarius/Let the Sunshine\n      In\"\u00a0\u00b7", "\"Bridge over Troubled\n      Water\"\u00a0\u00b7", "\"It's Too\n      Late\"\u00a0\u00b7", "\"The First Time Ever I Saw\n      Your Face\"\u00a0\u00b7", "\"Killing Me Softly with His\n      Song\"\u00a0\u00b7", "\"I Honestly Love\n      You\"\u00a0\u00b7", "\"Love Will Keep Us\n      Together\"\u00a0\u00b7", "\"This\n      Masquerade\"\u00a0\u00b7", "\"Hotel\n      California\"\u00a0\u00b7", "\"Just the Way You\n      Are\""]}, {"span": ["\"What a Fool\n      Believes\"\u00a0\u00b7", "\"Sailing\"\u00a0\u00b7", "\"Bette Davis\n      Eyes\"\u00a0\u00b7", "\"Rosanna\"\u00a0\u00b7", "\"Beat It\"\u00a0\u00b7", "\"What's Love Got to Do with\n      It\"\u00a0\u00b7", "\"We Are the\n      World\"\u00a0\u00b7", "\"Higher Love\"\u00a0\u00b7", "\"Graceland\"\u00a0\u00b7", "\"Don't Worry, Be\n      Happy\""]}, {"span": [{"#text": "\"", "strong": {"#tail": "\"\u00a0\u00b7", "#text": "Wind Beneath My Wings"}}, "\"Another Day in\n      Paradise\"\u00a0\u00b7", "\"Unforgettable\"\u00a0\u00b7", "\"Tears in\n      Heaven\"\u00a0\u00b7", "\"I Will Always Love\n      You\"\u00a0\u00b7", "\"All I Wanna\n      Do\"\u00a0\u00b7", "\"Kiss from a\n      Rose\"\u00a0\u00b7", "\"Change the\n      World\"\u00a0\u00b7", "\"Sunny Came\n      Home\"\u00a0\u00b7", "\"My Heart Will Go On\""]}, {"span": ["\"Smooth\"\u00a0\u00b7", "\"Beautiful\n      Day\"\u00a0\u00b7", "\"Walk On\"\u00a0\u00b7", "\"Don't Know\n      Why\"\u00a0\u00b7", "\"Clocks\"\u00a0\u00b7", "\"Here We Go\n      Again\"\u00a0\u00b7", "\"Boulevard of Broken\n      Dreams\"\u00a0\u00b7", "\"Not Ready to Make\n      Nice\"\u00a0\u00b7", "\"Rehab\"\u00a0\u00b7", "\"Please Read the\n      Letter\""]}, {"span": "\"Use Somebody\""}]}, "artist": "Bette Midler", "lengths": {"length": "4:40"}, "title": "Wind Beneath My Wings", "label": "Warner Bros.", "released": "1983", "weeks": {"week": "1989-06-10"}}}