{"top-song": {"weeks": {"week": "1946-03-02"}, "artist": "Betty Hutton", "descr": {"p": ["\"Doctor, Lawyer, Indian Chief\" is a popular song.", "The music was written by Hoagy Carmichael, the lyrics by\n    Paul Francis Webster. The song was published in 1945.", "The biggest-selling version of the song was recorded by\n    Betty Hutton on June 29, 1945. The recording was released by\n    Capitol Records as catalog number 220.The record first reached\n    the Billboard magazine charts on December 6, 1945 and lasted 17\n    weeks on the chart, peaking at #1.", "Another recording was made by the Les Brown Orchestra on\n    January 6, 1946. This recording was released by Columbia\n    Records as catalog number 36945, with the flip side \"Day by\n    Day\". The record first reached the Billboard magazine charts on\n    March 7, 1946 and lasted 4 weeks on the chart, peaking at\n    #6.", "The composer Hoagy Carmichael recorded the song for the ARA\n    label on October 23, 1945 (catalog number 128, with the flip\n    side \"Am I Blue?\") and for the Decca label on December 9, 1946\n    (catalog number 23862, with the flip side \"The Old Man's\n    Sleepin'\".", "A popular British version was recorded by Carole Carr with\n    Geraldo and his Orchestra on September 11, 1945."]}, "title": "Doctor, Lawyer, Indian Chief"}}