{"top-song": {"album": "I Am...\n  Sasha Fierce", "genres": {"genre": ["R&B", "dance-pop"]}, "descr": {"p": [{"i": {"#tail": ". The song was released as the\n    album's second single after her worldwide hit \"If I Were a\n    Boy\". It was a critical and commercial success, becoming\n    Knowles' fifth solo single to peak at number one on the Hot\n    100, and peaking in the top 10 in various countries.", "#text": "I Am... Sasha Fierce"}, "#text": "\"Single Ladies (Put a Ring on It)\" is a song by American\n    singer Beyonc\u00e9 Knowles, composed by Christopher Stewart, Terius\n    Nash, Kuk Harrell and Knowles for her third solo album,"}, {"i": [{"#tail": "magazine's list of the Best 100 Singles of\n    2008 and number two on MTV's list of the Best Songs of 2008.\n    The choreography-driven video achieved great success, prompting\n    a legion of imitations and parodies, and, according to the", "#text": "Rolling Stone"}, {"#tail": ", became known for starting the first major\n    dance craze of the millennium and of the Internet.", "#text": "Toronto Star"}], "#text": "The song gained popularity for its catchy hook and theme of\n    female empowerment, and it was ranked #1 on"}, "The song's music video was nominated in nine categories for\n    the 2009 MTV Video Music Awards and won three, including Best\n    Choreography and Video of the Year. It also won Video of the\n    Year at the 2009 BET Awards, the 2009 MOBO awards, and the 2009\n    MTV Europe Music Awards. It won the Song of the Year at the\n    2009 Soul Train Awards, and won Song of the Year, Best R&B\n    Song, and Best Female R&B Vocal Performance at the 52nd\n    Grammy Awards ceremony.", {"i": {"#tail": "magazine's Reader's Poll. The song appeared\n    at number 50 on the magazine's critics' list of the 100 Best\n    Songs of the Decade.", "#text": "Rolling Stone"}, "#text": "\"Single Ladies\" is ranked as the number two Best Song of the\n    Decade in"}, "\"Single Ladies (Put a Ring on It)\", alongside \"If I Were a\n    Boy\", was initially targeted to debut on radio stations on\n    October 7, 2008, with aims at rhythmic formats for the former.\n    However, the song premiered the following day on the mainstream\n    urban radio station Power 105.1.", {"i": [{"#tail": "on November 15, 2008; that night,\n    Knowles was also featured in a parody of the \"Single Ladies\n    (Put a Ring On It)\" music video, where the two female backup\n    dancers from the video were replaced by three men. One of the\n    three men was Justin Timberlake, who showed up unexpectedly at\n    the dressing room in a leotard before filming. The other two\n    were", "#text": "Saturday Night Live"}, {"#tail": "cast members Andy Samberg and Bobby Moynihan. On\n    November 16, 2008, Knowles performed the song during the final\n    episode of", "#text": "SNL"}, {"#tail": ". Knowles performed the song on\n    November 18, 2008 at BET's", "#text": "Total Request Live"}, {"#tail": ". She also performed \"Single Ladies (Put a\n    Ring on It)\" during the 2008 AMA Awards on November 23, 2008.\n    On November 25, 2008, she performed the song on", "#text": "106 & Park"}, {"#tail": ". On November 26, 2008, she\n    performed the song at Rockefeller Plaza on", "#text": "The Ellen DeGeneres Show"}, {"#tail": ". Knowles also performed the song on", "#text": "The Today Show"}, {"#tail": "with two male dancers.", "#text": "The Tyra Banks Show"}], "#text": "The song was performed on November 9, 2008 at the 2008 World\n    Music Awards and at"}, {"i": [{"#tail": ",", "#text": "Fringe"}, {"#tail": ", and was used at least three times in", "#text": "Cougar Town"}, {"#tail": ".", "#text": "Glee"}], "#text": "This song has been included in many television shows,\n    including J.J. Abrams'"}, {"i": [{"#tail": ".\" Allmusic had a negative view of the similarities\n    between the two songs, saying the song is \"a dire 'Get Me\n    Bodied' retread\". Leah Greenblatt of", "#text": "B'Day"}, {"#tail": "magazine said the song \"is all\n    bouncy hand claps and post-breakup sass, a giddy, high-stepping\n    hybrid of lyrical kiss-off and fizzy jump-rope jam\". Mariel\n    Concepcion of", "#text": "Entertainment Weekly"}, {"#tail": "magazine was not impressed with the song,\n    calling it \"standard screech-thump fare\".", "#text": "Billboard"}], "#text": "The song received generally positive critical response. Bill\n    Lamb of About.com, stated that: \"Stylistically, the pair ['If I\n    Were a Boy'/'Single Ladies'] are very distinctive from each\n    other, but both are pure Beyonc\u00e9. To my ears, 'If I Were a Boy'\n    sounds like an 'Irreplaceable' size smash. However, that is\n    only if it doesn't get overshadowed by the power bounce of\n    'Single Ladies,' an extension of the style of 'Get Me Bodied'\n    from"}, {"i": [{"#tail": "magazine named \"Single Ladies (Put a Ring\n    On It)\" the best song of 2008 writing, \"The beat, courtesy of\n    The-Dream and Tricky Stewart, is irresistible and exuberant,\n    the vocal hook is stormy and virtuosic.\" The song also landed\n    at number two on MTV's list of \"The Best songs of 2008\":\n    \"'Single Ladies' is hyperactive and supercharged in ways I\n    never thought possible. It's epic and sexy and even a bit sad\n    (because, you know, he didn't put a ring on it)...there is\n    absolutely zero chance Beyonc\u00e9 ever releases a single like this\n    ever again.\"", "#text": "Rolling Stone"}, {"#tail": "magazine's critic Josh Tyrangiel, who called the\n    song \"ludicrously infectious\", ranked it the seventh best song\n    of 2008. \"Single Ladies (Put A Ring On It)\" has also been named\n    Song of the Year by Fuse TV.", "#text": "Time"}]}, {"i": {"#tail": "issue date of November 29; the following week,\n    \"Single Ladies\" surged to number two on the Hot 100. With\n    strong digital sales of 204,000 \"Single Ladies\" topped the Hot\n    Digital Songs chart, pushing Knowles' other single \"If I Were a\n    Boy\" to number two with a tally of 160,000 copies sold. The\n    song sold 228,000 downloads the following week, a twelve\n    percent increase over the last week's tally of 204,000, and\n    spent two weeks at number one on the Hot Digital Songs. \"Single\n    Ladies\" fourth week at number one was prompted by a massive\n    surge of 157% on downloads, which gave her 382,000 downloads\n    for the week alone. The single's performance on the Hot 100 was\n    also boosted by heavy rotation, as the song also topped the Hot\n    100 Airplay chart for a number of weeks. \"Single Ladies\" became\n    Knowles' fifth number one single on the Hot 100, eventually\n    topping the chart for four non-consecutive weeks, interrupted\n    at the top in its second week by T.I. and Rihanna's \"Live Your\n    Life\". It was certified 2x Platinum by the RIAA on February 13,\n    2009. As of September, 2009, this song has so far sold over\n    3,000,000 digital downloads in the United States, becoming\n    Knowles' highest-selling song in the U.S to date.", "#text": "Billboard"}, "#text": "\"Single Ladies (Put a Ring on It)\" debuted at number 78 on\n    the Hot 100 and steadily ascended the charts, entering the top\n    40 at number 28 on the"}, "As Knowles' fifth number one song, she is now second, behind\n    R&B singer Rihanna, for most number one singles this decade\n    by a solo female artist (excluding three of her number one hits\n    with Destiny's Child from this decade). The song spent four\n    non-consecutive weeks atop the Hot 100, becoming Knowles'\n    second Christmas and New Year number-one single, the first one\n    being \"Irreplaceable\" in 2006-2007. \"Single Ladies\" was also a\n    crossover success, topping both the Hot Dance Club Play and Hot\n    Dance Airplay charts. It was well received by an R&B\n    audience, where it debuted at number 20 on the Hot\n    R&B/Hip-Hop Songs chart and spent twelve consecutive weeks\n    at the summit. It is Knowles' fifth number-one R&B single\n    in her solo career.", "Internationally, the song performed well. It debuted at\n    number 81 on the Canadian Hot 100 based on downloads alone, and\n    jumped to number 17 the following week based on strong sales,\n    eventually peaking at number two. In the UK. \"Single Ladies\"\n    was not initially released as an independent single, and was\n    released instead as the b-side to \"If I Were A Boy\". However,\n    the song achieved great success, entering UK Singles Chart at\n    number 67 on November 23, 2008, based on downloads alone, and\n    slowly climbed to a peak of number seven (and number one on the\n    UK R&B Chart for three consecutive weeks), giving Knowles\n    her twelfth UK top ten hit. To date \"Single Ladies\" has spent\n    60 weeks on the UK Singles Chart (top 100) making it her\n    longest charting single ever in the country, beating nine of\n    her other higher charting singles (including every one of her\n    #1 singles). As of March 2010, it still remains on the chart,\n    well over a year after it was released. It's sales have\n    exceeded 400,000 making it her third gold single in the UK. The\n    song peaked at number 4 on the Irish Singles Chart.", "On November 24, 2008, \"Single Ladies\" debuted at number 15\n    on the Australian ARIA Singles Chart and peaked at number 5.\n    The song was certified 3x Platinum, selling over 210,000\n    copies. In New Zealand, the song debuted at number thirty-two\n    on November 24, 2008, and peaked at number two in its fourth\n    week where it stayed for three weeks. It was certified\n    Platinum, selling over 15,000 copies. The single began charting\n    in 2008 and is only the second single to chart over three\n    consecutive years, as it sat at number 36 in the top 40 going\n    into 2010. In the Netherlands, \"Single Ladies\" became a top 10\n    hit based on downloads and airplay, eventually peaking at\n    number 8.", "On November 16, 2009, \"Single Ladies\" had spent 52 weeks (a\n    year) in the Top 50 Australian ARIA Singles Chart, before\n    dropping out the next week.", {"i": {"#tail": "photo shoot.", "#text": "Vogue"}, "#text": "The music video for \"Single Ladies\" was shot concurrently\n    with \"If I Were a Boy\", as both singles were released together\n    to emphasize the duality of the singer and her more aggressive\n    alter ego Sasha Fierce. However, Knowles revealed that the\n    budget for the videos was spent almost entirely on \"If I Were a\n    Boy\", and the producers were forced to downgrade for \"Single\n    Ladies\". Like \"If I Were a Boy\", \"Single Ladies\" is shot in\n    black and white, and was directed by Jake Nava, with whom\n    Knowles had worked on her previous music videos including\n    \"Crazy in Love\" and \"Beautiful Liar\". According to Nava, the\n    styling was inspired by a"}, "Choreographed by Frank Gatson and JaQuel Knight, Knowles\n    performs as her alter ego, Sasha Fierce. It shows her in\n    asymmetrical leotard and high-heels, with two look-alike backup\n    dancers (Ebony Williams and Ashley Everett). The video features\n    Knowles dancing inside an infinity cove (which alternates\n    between black and white), placing focus on the complex\n    choreography. The dance routine incorporates various styles,\n    including jazz, tap and hip hop, and is credited with\n    popularizing J-Setting, a flamboyant lead-and-follow dance\n    style prominent in many African American gay clubs across\n    Atlanta (which in turn was borrowed from the moves of the\n    all-female J-Sette dance troupe of Jackson State University).\n    Towards the end of the video, Knowles flashes her $5 million\n    Lorraine Schwartz wedding ring that camouflages with her\n    titanium glove, also made by Schwartz.", {"i": [{"#tail": "show. The video was released to major\n    outlets on October 13, 2008. Upon the video's release, many\n    internet bloggers noticed similarities between the choreography\n    of \"Single Ladies\" and that of a June 1969 performance by Gwen\n    Verdon on", "#text": "Total Request Live"}, {"#tail": "entitled \"Mexican Breakfast\". The\n    latter\u2014choreographed by Broadway legend Bob Fosse\u2014became an\n    internet viral sensation when Unk's \"Walk It Out\" was dubbed\n    over the original mix. While promoting the song on BET's", "#text": "The Ed Sullivan Show"}, {"#tail": ", Knowles stated that she was inspired by\n    the video after viewing it on YouTube and wanted to see if she\n    could attempt it. In an interview with", "#text": "106 & Park"}, {"#tail": "magazine, Knowles said she saw an\n    old tape of Verdon and used it as an inspiration for the video\n    to \"Single Ladies\". The choreography also borrows liberally\n    from Fosse's \"There's Gotta Be Something Better Than This\"\n    routine from the stage musical and subsequent film", "#text": "Entertainment Weekly"}, {"#tail": "(Verdon played Charity on Broadway, and\n    Shirley MacLaine, the role in the film).", "#text": "Sweet Charity"}], "#text": "Knowles premiered the music video, alongside the video for\n    \"If I Were a Boy,\" also directed by Nava, on MTV's"}, "There are gospel and acoustic versions. Toddlers have\n    tackled it. [So have] recreation centre dance classes, sorority\n    sisters in their dorm rooms, suburban teenagers in their\n    basements and high school cheerleaders... There are all-male\n    tributes, an impromptu number in an airport lounge and even\n    some \"new 'n' improved\" videos of dance teams taking a second\n    try. As with every Internet trend, there are of course the\n    requisite Facebook groups devoted to it\u00a0... a couple of\n    years ago, Soulja Boy initiated a short-lived dance\n    craze\u00a0... but it remained mainly a male hip-hop dance,\n    whereas the 'Single Ladies' dance has crossed over to all age\n    groups and genders.", {"i": [{"#tail": ", where the two female backup dancers\n    from the video were replaced by Justin Timberlake and", "#text": "Saturday Night Live"}, {"#tail": "castmembers Andy Samberg and Bobby Moynihan. On June\n    3, 2009, Joe Jonas of the Jonas Brothers did the dance and\n    posted it on their YouTube account for their album countdown.\n    Also, the song and its choreography was used on the popular\n    American TV show Glee, performed by the character Kurt, played\n    by Chris Colfer, who also performed a watered down version of\n    the dance.", "#text": "SNL"}], "#text": "\"Single Ladies\" has gained widespread popularity for its\n    catchy hook and theme of female empowerment, with critics\n    comparing the song to Aretha Franklin's \"Respect\" or Gloria\n    Gaynor's \"I Will Survive\". The music video has achieved fame\n    for its intricate choreography, which has been credited as\n    having started the \"first major dance craze of both the new\n    millennium and the Internet\". It was parodied on"}, "The music video has inspired a legion of imitators who have\n    posted videos of themselves on to YouTube attempting to perform\n    the choreography. One of the more popular viral videos is that\n    of Shane Mercado, who appeared on The Bonnie Hunt Show to\n    perform the choreography and later got the chance to meet\n    Beyonce Knowles. In one of the videos on the internet, filmed\n    by American singer John Legend, the American president Barack\n    Obama can be seen doing a small part of the \"Single ladies\"\n    dance, while talking to Knowles. In London, 100 dancers wearing\n    leotards similar to the one worn by Knowles performed the\n    choreography on April 20, 2009 to promote Trident Unwrapped, a\n    gum company. The music video for \"Single Ladies\" is also\n    parodied on a 2009 television commercial in the United Kingdom\n    for the new Doner Kebab flavoured Pot Noodle.", {"i": {"#tail": ", Knight shared his excitement\n    about the popularity of the video's one-take dance sequence as\n    an inspiration for anyone to get up off the couch and try out\n    the moves.", "#text": "All Things Considered"}, "#text": "The video has generated interest in j-setting, the dance\n    form that choreographer JaQuel Knight highlights in the video,\n    and is credited as bringing the dance style to the mainstream.\n    Like the histories of many popular dances, there are several\n    versions of the development of J-setting (named after the\n    \"Prancing J-Settes\" of Jackson State University in Jackson,\n    MS). In a radio interview on NPR's"}, "The popularity of the video on YouTube has been in turn\n    reflected by Knowles; during her concert tour, excerpts from\n    many of the YouTube videos play on the video screens in the\n    background. In the music video for \"Dancin on Me\" by DJ Webstar\n    and Jim Jones, it features three females in the background\n    imitating the \"Single Ladies\" dance.", "\"Single Ladies\" won the 2009 BET Awards Video of the Year.\n    In addition, it was nominated for a total of nine awards at the\n    2009 MTV Video Music Awards, and ultimately won the award for\n    Video of the Year, and an additional two awards as well, though\n    its loss in the Best Female Video category to Taylor Swift's\n    \"You Belong with Me\" led to controversy during the ceremony;\n    Swift's award acceptance speech was interrupted by\n    singer/rapper Kanye West, who grabbed her microphone to declare\n    the \"Single Ladies\" video as \"one of the best videos of all\n    time\". When Knowles won the Video of the Year award, she\n    stated, \"I remember being 17 years old, up for my first MTV\n    award with Destiny's Child, and it was one of the most exciting\n    moments in my life\" and that she would like for Swift to \"come\n    out and have her moment\".", {"i": {"#tail": ", and is\n    available on the film's soundtrack.", "#text": "Alvin and the Chipmunks: The Squeakquel"}, "#text": "The song is covered by The Chipettes, which also topped\n    several charts, in the film"}, {"i": [{"#tail": "features Val Stone watching the video on\n    YouTube to learn the dance, with her daughter Holly stating\n    that she will \"never show her anything on YouTube again\" in\n    reaction to seeing her doing the dance.", "#text": "Stone Soup"}, {"#tail": "put it on its end-of-the-decade,\n    \"best-of\" list, saying, \"Sorry, Taylor. Kanye was right. With\n    choreography that had everyone flashing their bling-free ring\n    fingers, Beyonc\u00e9's fierce female anthem really is \"one of the\n    best videos of all time.\"", "#text": "Entertainment Weekly"}], "#text": "A Sunday edition of"}, "The music video was parodied on an SNL sketch, which\n    included Beyonce herself.", "In Nov 2009, Australian Band 'The Pigs' released a country\n    version with John Williamson (singer) on Jaw Harp. It is the\n    first single off The Pigs\u2019 second album, Horses. The music\n    video; first aired on ABC's rage music program as Indie Video\n    Of The Week;The pigs official website", {"i": {"#tail": "\", The Chipettes\n    (Brittany, Jeanette, and Eleanor) sing the song, and this\n    version was released on the film's soundtrack.", "#text": "Alvin and the Chipmunks: The Squeakquel"}, "#text": "In the 2009 film, \""}, "The band - The Fray - also 'covered' the song \"Single\n    Ladies\" and \"Hips Don't Lie\" for laughs at concerts.", "The band Pierce The Veil often starts their song \"Yeah Boy\n    and Doll Face\" with \"Single Ladies\" when performing live.", {"i": {"#tail": ".", "#text": "Super-Hot and Sensitive"}, "#text": "Naomi, the fictional Alter ego of romanian actor and singer\n    Mihai Bendeac from satire TV show \"Mondenii\" (Prima TV)\n    parodied the song, intitling it \"Super Sexy & Sensimbile\" -"}, "It was parodied on Australian sketch show Double Take as\n    'It's Humiliating'. The lyrics are changed to make fun of\n    Beyonce's outfit and dancing in the original video", "It is featured twice in the 'Preggers' episode of Glee, most\n    notably when it is danced to by the school football team"]}, "artist": "Beyonc\u00e9", "lengths": {"length": "3:12"}, "title": "Single Ladies (Put a Ring on It)", "recorded": "2008", "label": "Columbia Records", "producers": {"producer": ["Christopher \"Tricky\" Stewart", "The-Dream", "Beyonc\u00e9 Knowles"]}, "released": "October 8, 2008 \u00a0(2008-10-08) , February 16, 2009\n  \u00a0(2009-02-16) ( UK , Germany )", "writers": {"writer": ["Beyonc\u00e9 Knowles", "Terius \"The-Dream\" Nash", "Thaddis \"Kuk Harrell\" Harrell", "Christopher \"Tricky\" Stewart"]}, "formats": {"format": ["CD single", "digital download"]}, "weeks": {"week": ["2009-01-03", "2009-01-10"]}}}