{"top-song": {"album": "#1's,\n  The Pink Panther", "genres": {"genre": ["R&B", "hip hop"]}, "descr": {"p": [{"i": [{"#tail": ", in which Knowles co-stars. Although\n    not included on its soundtrack album, the song is included on\n    Destiny's Child's greatest hits album", "#text": "The Pink Panther"}, {"#tail": "and on selected non-U.S. versions of Knowles' second\n    solo studio album,", "#text": "#1's"}, {"#tail": ".", "#text": "B'Day"}], "#text": "\"Check on It\" is a song by American R&B singer Beyonc\u00e9\n    Knowles, featuring American rapper Slim Thug. It was written by\n    Knowles, Kasseem \"Swizz Beatz\" Dean, Sean Garrett, Angela\n    Beyinc\u00e9 and Stayve Thomas, and produced by Knowles and Swizz\n    Beatz for the 2006 film"}, "Knowles said that the song started out as a joke, and that\n    the title \"Check on It\" was jokingly used with her and her\n    management before they decided to turn it into a song. However,\n    the song's lyrics bluntly talks about a woman's booty.", {"i": [{"#tail": ". It was not originally intended for release as a\n    single from the album", "#text": "#1's'"}, {"#tail": ". However, it received heavy rotation in US radio\n    stations than the first single, \"Stand Up for Love\". Because of\n    this, \"Check on It\" debuted on the Hot 100 in late 2005. A\n    remix of the song was made, which features fellow Houston\n    artist Bun B.", "#text": "#1's"}], "#text": "\"Check on It\" was released on Knowles' former group\n    Destiny's Child's greatest hits,"}, "\"Check on It\" reached number one on the Hot 100 in its\n    twelfth week on the chart, becoming Knowles' third number-one\n    as a solo artist and Slim Thug's first. The single remained at\n    number-one for five consecutive weeks, tying Canadian singer\n    Daniel Powter's 2005 single \"Bad Day\" for the longest-running\n    number-one single in 2006. It was certified platinum by the\n    RIAA for net shipment of 800,000 paid downloads. \"Check on It\"\n    achieved crossover success, peaking at number one on the\n    Rhythmic Top 40 and Hot Dance Club Play charts, and at number\n    three on the Hot R&B/Hip-Hop Songs chart. It also reached\n    number one on the Pop 100, becoming Knowles' first entry on the\n    chart. It was the eighth most played song of 2006 on the radio,\n    being played 290,231 times.", "It became Knowles' fifth top-twenty hit in Canada in late\n    2005, and in February 2006 the song climbed to number twenty on\n    the Canadian BDS airplay chart for a second time. The song\n    reached the top five in Norway and the Netherlands, the top ten\n    in Europe, Switzerland, Austria and Brazil, and the top twenty\n    in Germany and Sweden. In the UK the song debuted at number\n    four before rising to number three the week later, selling\n    122,500 copies.", {"i": [{"#tail": "and", "#text": "#1's"}, {"#tail": ". The video was directed by Hype\n    Williams, and was premiered on December 16, 2005. The remix of\n    the song in the music video features a remix of \"The Pink\n    Panther Theme\" and a rap from Bun B. \"Check on It\" won on\n    August 31, 2006 the 2006 MTV Video Music Award for Best R&B\n    Video.", "#text": "The Pink Panther"}], "#text": "When demand was growing for the song, Knowles shot a music\n    video serving as promotion for both"}, {"i": {"#tail": ". Knowles is shown in mostly all pink,\n    and the dancers wear PVC jackets and dance around rippling\n    satin sheets. The video also features Knowles bending over and\n    grabbing her behind. The video cuts to Knowles wearing a polka\n    dot corset against a hot magenta polka dot wall, wearing a pink\n    wig and pink lipstick. Where black bars normally appear on a\n    4:3 (full screen) television showing a widescreen production,\n    footage is displayed of curtains moving in the background. This\n    was a trend in Hype Williams' videos during that year.", "#text": "The Pink Panther"}, "#text": "The video has a pink theme to fit in with"}, "The video was featured on the DVD of the film."]}, "artist": "Beyonc\u00e9 featuring Slim Thug", "lengths": {"length": "3:31"}, "title": "Check on It", "recorded": "2005 , Sony Music Studios ( New York City , New York )\n  , Henson Recording Studios ( Hollywood , Los Angeles , California\n  )", "label": "Columbia", "producers": {"producer": "Swizz Beatz"}, "released": "December 13, 2005", "writers": {"writer": ["Beyonc\u00e9 Knowles", "Kasseem Dean", "Sean Garrett", "Angela Beyinc\u00e9", "Stayve Thomas"]}, "formats": {"format": ["Digital download", "CD single", "12\" single"]}, "weeks": {"week": ["2006-02-04", "2006-02-11", "2006-02-18", "2006-02-25", "2006-03-04"]}}}