{"top-song": {"album": "Dangerously in Love", "genres": {"genre": ["R&B", "funk"]}, "descr": {"p": [{"i": {"#tail": ". The track features a sample from\n    The Chi-Lites' 1970 song \"Are You My Woman (Tell Me So)\" that\n    serves as the song's horn hook.", "#text": "Dangerously in Love"}, "#text": "\"Crazy in Love\" is a song by American R&B\n    singer\u2013songwriter Beyonc\u00e9 Knowles, featuring American rapper\n    Jay-Z. Knowles, Jay-Z, and producer Rich Harrison wrote the\n    song for Knowles' debut solo album,"}, {"i": [{"#tail": "voted the song as the best song of the decade. The\n    song was also ranked at number three on", "#text": "NME"}, {"#tail": "s 100 Best Songs of the Decade, number\n    four on Pitchfork Media's list of The Top 500 Tracks of the\n    2000s, number seven on a list produced by", "#text": "Rolling Stone'"}, {"#tail": "and number six on Slant Magazine's\n    list of the 100 Best Singles of the Decade. The song won Best\n    R&B Song and Best Rap/Sung Collaboration at the 46th Grammy\n    Awards.", "#text": "The Daily Telegraph"}], "#text": "Released on July 8, 2003 as the album's lead single, \"Crazy\n    in Love\" has reached number one on the charts of United States\n    and the United Kingdom, and the top ten of many charts\n    worldwide. \"Crazy in Love\" was critically acclaimed and has\n    earned Knowles several awards. In 2009, British magazine"}, {"i": {"#tail": ". Her management scheduled the album\n    for an October 2002 release, however it was postponed several\n    times to capitalize on the success of American rapper Nelly's\n    single \"Dilemma\", which features Destiny's Child group mate\n    Kelly Rowland. These delays allowed Knowles to go back to the\n    studio and record more songs.", "#text": "Dangerously in Love"}, "#text": "In 2002, Knowles had already recorded numerous songs for"}, "Rich Harrison had already prepared a demo of \"Crazy in Love\"\n    (originally called 'Crazy Right Now') before he met Knowles. He\n    recalled: \"Yeah, I had it in the chamber, I hadn't really\n    shopped it much, because sometimes you don't want to come out\n    of the bag before it's right. People don't really get it and\n    you'll leave them with a foul taste in their mouth. So it was\n    just something that I held on to until I got the call from\n    B.\"", "Knowles was introduced to Harrison three months before the\n    song was recorded. In the studio, Harrison played the demo for\n    Knowles. After listening to the sample, Knowles asked Harrison\n    to write the song, giving him two hours. The theme came from\n    Knowles speaking of being conscious of her appearance. She kept\n    saying \"I'm looking crazy right now\" and Harrison sang that\n    back to her.", "Knowles' boyfriend, American rapper Jay-Z became involved\n    late into the song's production. Around three in the morning,\n    he came to the studio and recorded a rap verse, which he\n    thought up in about ten minutes but had not written down.", {"#text": "\"Crazy in Love\" is a love song composed in the key of D\n    minor. The song's tempo is set at a moderate 100 beats per\n    minute, in common time. Knowles' vocal range spans around one\n    and a half octaves in the song, from A", "sub": [{"#tail": "to F", "#text": "3"}, {"#tail": ". \"Crazy in Love\" builds a song out of two major\n    chords, B\u266d and G, a third apart. One of the main vocal riffs\n    uses the traditional cowbell rhythm that is often found in\n    samba music and the like. Aside from its go-go vibe, \"Crazy in\n    Love\" has also old soul influences that is derived from the\n    horn hook. The hook is sampled by Harrison from the 1970 song\n    \"Are You My Woman? (Tell Me So)\", originally recorded by the\n    Chicago-based vocal group The Chi-Lites.", "#text": "5"}]}, "The lyrics of \"Crazy in Love\" is composed in the traditional\n    verse-chorus form. Jay-Z opens the song with a brief spoken\n    lyrics. After Knowles sings \"uh-oh, uh-oh\", he continues the\n    monologue. Knowles begins the first verse, followed with the\n    chorus. She repeats the \"uh-oh, uh-oh\" phrase, leading to the\n    second verse. The chorus follows, giving way to the second rap.\n    The song continues to the bridge, chorus, then fades out with\n    the horns.", {"i": {"#tail": "magazine also remarked to the horn sample,\n    and noted the contribution of Jay-Z, writing: \"'Crazy in\n    Love'\u00a0...\u00a0roars out of the speakers on the strength\n    of a propulsive horn sample and the charged presence of her\n    pal, Jay-Z.\" Marc Anthony Neal of the international webzine\n    Popmatters complimented the \"uh-oh, uh-oh\" phrase as \"catchy\".\n    MTV News considered the song the \"proudest moment\" of the\n    album. \"Crazy in Love\" is ranked second in the list of\n    biggest-selling singles since the year 2000 produced by\n    Yahoo!.", "#text": "Rolling Stone"}, "#text": "\"Crazy in Love\" was lauded by reviewers. Tim Sendra of\n    Allmusic, an online music database, described the song as a\n    \"stunning pop masterpiece\", while Stephen Thomas Erlewine of\n    the same website called it \"deliriously catchy\". Darryl\n    Sterdan, writing for the Canadian website Jam!, noted the\n    song's \"instantly addictive horn lines\". Anthony DeCurtis for"}, {"i": [{"#tail": "magazine's VIBE Awards also recognized the song for\n    Coolest Collabo in 2003. In Europe, \"Crazy in Love\" won the\n    award for Best Song at the 2003 MTV Europe Music Awards. The\n    song has also been recognized by Knowles' peers in the urban\n    markets, and won the award for Best Collaboration at the BET\n    Awards in 2004.", "#text": "Vibe"}, {"#tail": "magazine ranked \"Crazy in Love\" 47\n    in the list of The 100 Greatest Summer Songs.", "#text": "Entertainment Weekly"}], "#text": "In 2004, Knowles received three Grammy Awards nominations\n    for \"Crazy in Love\", in the categories of Record of the Year,\n    Best R&B Song, and Best Rap/Sung Collaboration, winning the\n    last two. The award for Record of the Year was won by\n    Coldplay's \"Clocks\". A remix of \"Crazy in Love\" known as \"Krazy\n    in Luv\" (Maurice's Soul Nu Mix) won the award Best Remixed\n    Recording, Non-Classical for its remixer, Maurice Joshua. It\n    was also recognized at the 2004 ASCAP Awards as Most Performed\n    Songs and its publisher, EMI, received the Publisher of the\n    Year accolade."}, {"i": [{"#tail": ". In 2004, it was also\n    featured in the soundtracks of American comedy film", "#text": "Bridget Jones: The Edge of Reason"}, {"#tail": "and", "#text": "White Chicks"}, {"#tail": ", the Hollywood remake of the French film. The 2007\n    comedy film", "#text": "Taxi"}, {"#tail": "used \"Crazy in Love\" in its\n    soundtrack.", "#text": "Good Luck Chuck"}], "#text": "In 2002, Knowles signed with beverage company Pepsi.\n    Subsequently, she appeared on various advertising campaigns of\n    the company's product, and, in one of those promotional\n    footages, the song \"Crazy in Love\" is being used as background\n    music. \"Crazy in Love\" was included on the official soundtracks\n    to the 2004 romantic comedy film"}, {"i": {"#tail": "debuted on the 200 at number one as\n    well. The substantial airplay, and later in retail, gains of\n    \"Crazy in Love\" facilitated it to dominate the chart,\n    subsequently spending eight straight weeks atop the Hot 100,\n    making it Knowles' first #1 single in her solo career. Beyonce\n    quickly outdid herself with the release of the album's second\n    single, \"Baby Boy\", which topped the chart one week longer than\n    \"Crazy in Love.\" The single charted for twenty-seven weeks on\n    the Hot 100, spending fifteen of those weeks in the top ten,\n    and twenty-six of those weeks in the top fifty. The song was\n    certified gold by the Recording Industry Association of America\n    in 2004 for 500,000 digital downloads. In 2006 its Mobile\n    Mastertone was also certified gold. \"Crazy in Love\" eventually\n    became the fourth biggest hit of 2003 in the United States.", "#text": "Dangerously in Love"}, "#text": "\"Crazy in Love\" was a commercial success in the United\n    States. Although not yet served to retail stores, the single\n    was already gaining massive attention. The single reached\n    number one on the Hot 100, the official US singles chart, based\n    on heavy rotation alone. The same week it reached number one,"}, {"i": {"#tail": "and its single \"Can't Get You out of My Head\".\n    Counting her career with former group Destiny's Child, this\n    becomes her third number-one single in the UK and \"Crazy in\n    Love\" was the only song to top the charts in both the UK and US\n    in 2003. The single spent three weeks at number one in the\n    UK,(370,000) and reached the top ten in many European\n    countries. It reached number two in Australia; \"Crazy in Love\"\n    was certified platinum by the Australian Recording Industry\n    Association with sales in excess of 70,000 units, and emerged\n    as the twenty-eighth best-selling single in Australia.", "#text": "Fever"}, "#text": "In international markets, \"Crazy in Love\" fared as well.\n    Knowles made history being the second female artist to have a\n    number-one single and a number-one album simultaneously in the\n    UK. The first was Australian pop singer Kylie Minogue in 2001\n    with her album"}, "The music video of \"Crazy in Love\", released in May 2003,\n    was filmed by English director Jake Nava. The video showcases\n    Knowles in various dance sequences. The opening scene begins\n    with Knowles wearing a tank top, short shorts, and red\n    high-heels. She performs an elaborate solo dance on a riser.\n    The scene shifts to a gold set detailing a mock photo shoot,\n    before moving into a scene with dancers detailing Knowles and\n    dancing against a wall while wearing caps and full length\n    pants. Jay-Z then appears and ignites a line of petrol leading\n    to a car which then explodes into flames. He proceeds to\n    perform his rap in front of the burning car, and Beyonce dances\n    and gyrates beside him, wearing an exotic silk print over a fur\n    coat, before kicking the valve off a fire hydrant. She\n    continues to dance while the water is flying all over the\n    place. The video ends with Knowles and her dancers in front of\n    a giant fan in vibrant dresses in contrast to the more neutral\n    colors of the background, the video also had Carmit Bachar (one\n    of the former Pussycat Dolls) as one of the dancers.", "The music video received acclaim from critics, and won three\n    awards at the 2003 MTV Video Music Awards in the categories of\n    Best Female Video, Best R&B Video, and Best\n    Choreography.", {"i": {"#tail": "features a rap in Mandarin Chinese\n    performed by American-Taiwanese singer Vanness Wu, in lieu of\n    Jay-Z's performance.", "#text": "Dangerously in Love"}, "#text": "The song has various remixes, including the Rockwilder\n    remix, Maurice's Nu Soul remix, and Juniors World remix. These\n    versions appeared on the single releases of \"Crazy in Love\"\n    under an altered spelling, \"Krazy in Luv\". British close\n    harmony trio The Puppini Sisters have recorded a version of the\n    song on their 'The Rise of Ruby Woo' album - a cover version\n    further remixed by English electronica jazz outfit The Real\n    Tuesday Weld. A version of the song included on Asian releases\n    of"}, {"i": [{"#tail": ". Alternative rock\n    band Snow Patrol covered the song on a BBC session with Zane\n    Lowe. The cover was released as a b-side to the single\n    \"Spitting Games\" and was later included on the compilation", "#text": "Even Better Than the Real Thing Vol. 1"}, {"#tail": ". David Byrne performed \"Crazy in Love\" live, at the\n    Hollywood Bowl in 2005. In 2007, American alternative rock band\n    Switchfoot produced a rock version released in part of Yahoo!'s\n    CoverArt series. While maintaining the fundamental elements of\n    the track, Switchfoot added their \"rock flavor\" in it. The band\n    shot a video for the cover version and is available on the\n    Yahoo! Pepsi Smash website. After performing the song on air on\n    the Australian radio station Triple J, The Magic Numbers\n    recorded a cover for the 2007 Starbucks (Hear Music)\n    compilation album,", "#text": "Cosmosonica - Tom Middleton Presents Crazy Covers Vol.\n    1"}, {"#tail": ". British close\n    harmony trio The Puppini Sisters covered the song for their\n    2007 album", "#text": "Sounds Eclectic: The Covers Project"}, {"#tail": ". Indie artist Dsico\n    recorded an electronic music style cover of the song, which is\n    available for download on the Internet. German group The\n    Baseballs covered the song in rockabilly style for their debut\n    album", "#text": "The Rise and Fall of Ruby Woo"}, {"#tail": "in 2009. Antony and the Johnsons released an\n    orchestral take of the song as the b-side to their 2009 \"Aeon\"\n    single.", "#text": "Strike!"}], "#text": "Since the song's release, many artists have recorded cover\n    versions. In 2003, Irish singer-songwriter Mickey Joe Harte\n    recorded an acoustic rendition of \"Crazy In Love\" for the\n    charity album"}, {"i": {"#tail": "s 2009 list of the 50 Best Songs of the\n    Decade. And number one on NME's \" Tracks Of The Decade\"", "#text": "Rolling Stone'"}, "#text": "This song was number three on"}]}, "artist": "Beyonc\u00e9 featuring Jay-Z", "lengths": {"length": "3:55"}, "title": "Crazy in Love", "recorded": "2002, Sony Music Studios , ( New York City , New York\n  )", "label": "Columbia", "producers": {"producer": ["Rich Harrison", "Beyonce Knowles"]}, "released": "July 1, 2003", "writers": {"writer": ["Beyonc\u00e9 Knowles", "Rich Harrison", "Shawn Carter", "Eugene Record"]}, "formats": {"format": ["CD single", "DVD single", "7\" single"]}, "weeks": {"week": ["2003-07-12", "2003-07-19", "2003-07-26", "2003-08-02", "2003-08-09", "2003-08-16", "2003-08-23", "2003-08-30"]}}}