{"top-song": {"album": "Dangerously in LoveDutty Rock", "genres": {"genre": ["R&B", "reggae fusion", "dancehall"]}, "descr": {"p": [{"i": {"#tail": ". \"Baby Boy\" was written by Knowles,\n    Storch, Robert Waller, Jay-Z and Sean Paul.", "#text": "Dangerously in Love"}, "#text": "\"Baby Boy\" is a R&B\u2013reggae song by American singer\n    Beyonc\u00e9 Knowles and features Jamaican reggae rapper Sean Paul.\n    The track was produced by Knowles and Scott Storch for her\n    debut solo album"}, "\"Baby Boy\" was released on October 14, 2003 in the United\n    States as the second single from the album. The single was a\n    commercial success, and topped the US Singles Chart for nine\n    consecutive weeks. It was certified platinum in the US, and was\n    Knowles' longest-running solo number-one single until\n    Irreplaceable who topped for ten consecutive weeks . \"Baby Boy\"\n    performed well internationally, reaching the top ten in many\n    countries, and achieving platinum status in Australia. The song\n    has been praised by both critics and music industry personnel.\n    \"Baby Boy\" remains a staple of Knowles' concert set list. The\n    American Society of Composers, Authors, and Publishers\n    recognized it at the 2005 Pop Music Awards as one of the most\n    performed songs of the year.", "In 2005, US singer-songwriter Jennifer Armour filed a\n    copyright infringement lawsuit claiming that Knowles had used\n    the primary musical hook from her song \"Got a Little Bit of\n    Love for You\". It was settled in favor of Knowles.", {"i": {"#tail": ". She and Storch wrote \"Baby Boy\"\n    with contributions from American songwriter Robert Waller and\n    Knowles' long-time boyfriend rapper-hip hop artist Jay-Z. The\n    song also contains a lyrical interpolation of \"No Fear\" by\n    hip-hop group O.G.C. used towards the ending of the song: \"We\n    steppin' in hotter this year.\"", "#text": "Dangerously in Love"}, "#text": "Knowles went to Miami, Florida in the United States to work\n    with Canadian record producer Scott Storch for her debut solo\n    album,"}, "Once the track was supposedly done, Knowles had the idea\n    that it would be \"perfect\" if Jamaican dancehall-reggae artist\n    Sean Paul contributed a vocal track. Knowles contacted Sean\n    Paul about a possible collaboration. Sean Paul agreed and flew\n    in from Jamaica to join the recording sessions of the song. He\n    contributed a toast verse, and they finished recording \"Baby\n    Boy\" in March 2003, during the latter stages of the album's\n    recording.", "\"Baby Boy\" is a mid-tempo contemporary R&B song\n    performed with a moderate groove. It is in the key of C minor,\n    and is set to ninety-two beats per minute in common time. \"Baby\n    Boy\" is a hybrid of R&B and dancehall and has a reggae\n    influence. Storch's knowledge on Indian and Middle Eastern\n    music contributes to its Eastern influences. According to Fox\n    News, \"Baby Boy\" is based on the 1995 reggae song \"Here Comes\n    the Hotstepper\" by Jamaican singer Ini Kamoze.", "\"Baby Boy\" is a sequel in ways to \"'03 Bonnie & Clyde\";\n    a 2002 Jay-Z song featuring Knowles. The lyrics detail a\n    woman's fantasies, and in keeping with the album's overall\n    theme, Knowles' deemed them as personal to her. Sean Paul\n    remarked, \"She's telling me about her fantasies and picturing\n    me and her going here and there, all over the world\u00a0...\n    I'm answering back, like, 'I'm wit it.'\" The lyrics are\n    constructed in the toast\u2013chorus\u2013verse form; Sean Paul performs\n    the toasting while Knowles sings all other verses and choruses.\n    The pattern is repeated twice; a further chorus and verse\n    follow, resolving at the toasting and final verse.", {"i": [{"#tail": ". It was released as a CD in Canada\n    on May 4, 2003, in Australia on September 9, and in the United\n    States on October 14, 2003 as a 12\" single. The track appeared\n    in the revamped version of Sean Paul's 2003 second album,", "#text": "Dangerously in Love"}, {"#tail": ".", "#text": "Dutty Rock"}], "#text": "\"Baby Boy\" was released as the second single from the album"}, {"i": [{"#tail": "magazine reviewer Anthony DeCurtis wrote\n    that Knowles\u200e sounded like she was \"having fun\" on the song,\n    while Stephen Thomas Erlewine of Allmusic, an online music\n    database, described Knowles' vocals as \"assured and sexy\". Mark\n    Anthony Neal of the international webzine PopMatters, regarded\n    the song as one of the \"high-profile collaborations\" from", "#text": "Rolling Stone"}, {"#tail": ". Lisa Verrico of the daily US\n    newspaper", "#text": "Dangerously in Love"}, {"#tail": "described the song a \"Latino-tinged\n    collaboration ... set to clicky beats that sound like\n    castanets\". She concluded that \"Paul does a reggae rap in the\n    middle, but it's when he chats while Beyonc\u00e9 half raps that the\n    pair have real chemistry\". Yancey Strickler of the", "#text": "The Times"}, {"#tail": "magazine wrote that \"'Baby Boy''s diwali stutter is\n    enhanced by Sean Paul's dancehall monotone\".", "#text": "Flak"}, {"#tail": "magazine's Neil Drumming said that\n    \"'Baby Boy' goes full-tilt Bollywood 'n da hood, with Sean Paul\n    ripping a pulsing tabla raga\".", "#text": "Entertainment Weekly"}], "#text": "\"Baby Boy\" was well-received by critics."}, {"i": {"#tail": "said the track \"bridges the gap between the\n    genres of R&B and dancehall\". British record label EMI was\n    honored by the American Society of Composers, Authors and\n    Publishers (ASCAP) during the 2005 Pop Music Awards as\n    Publisher of the Year for publishing \"Baby Boy\", among other\n    songs. Scott Storch earned Songwriter of the Year at the same\n    event.", "#text": "The Guardian"}, "#text": "James Anthony of the British newspaper"}, {"i": [{"#tail": ", and helped the album to attain\n    multi-platinum certification in the US. The single debuted on\n    the Hot 100, the US' official singles chart, at number\n    fifty-seven while \"Crazy in Love\" was still in the top spot.\n    \"Baby Boy\" dominated the US airplays, charting atop the\n    Hot\u00a0100. It reached the chart's top spot eight weeks after\n    its debut, and stayed there for nine consecutive weeks. The\n    single stayed number one for a week longer than \"Crazy in Love\"\n    had, becoming Knowles' longest-charting number-one single. The\n    feat was not broken until Knowles' 2006 single \"Irreplaceable\",\n    from her second album", "#text": "Dangerously in Love"}, {"#tail": ", spent ten weeks at the top spot in late 2006 to\n    early 2007 due to heavy radio play. The single stayed on the\n    Hot\u00a0100 for twenty-nine weeks, and was certified platinum\n    on June 6, 2006 by the Recording Industry Association of\n    America. \"Baby Boy\" achieved success on", "#text": "B'Day"}, {"#tail": "crossover and mainstream radio charts,\n    appearing on the Top 40 Tracks, Rhythmic Top 40 and Top 40\n    Mainstream, as well as on the Hot 100 Airplay, Dance Radio\n    Airplay and Hot Dance Music/Club Play.", "#text": "Billboard"}], "#text": "\"Baby Boy\" attained a positioning on the commercial charts\n    before its physical release in the US. The track led to a\n    higher 200 chart placing for"}, "Internationally, \"Baby Boy\" performed just as well, peaking\n    inside the top ten on most charts. The single debuted at number\n    two in the United Kingdom, becoming the chart's highest debut\n    and \"Baby Boy\"'s highest entry internationally. Though it spent\n    eleven weeks on the chart, it failed to top it (being held off\n    by \"Where Is The Love?\" by The Black Eyed Peas). In most\n    European countries, the single entered the top ten. In\n    Australia and New Zealand, \"Baby Boy\" peaked at number three\n    and two, respectively. It was certified platinum by the\n    Australian Recording Industry Association with sales in excess\n    of 70,000\u00a0units.", "The music video for \"Baby Boy\" was filmed by English\n    director Jake Nava, who also shot Knowles' \"Crazy in Love\"\n    video. It was recorded in Miami, Florida on August 7\u20138, 2003.\n    Parts of the video were captured in a house with different\n    styles rooms: one in a Japanese style and one in an old English\n    style.", "Scenes featuring Knowles and Sean Paul are shown separately.\n    The video begins with Sean Paul sitting on a throne while\n    toasting; Knowles is leaning against the wall dancing. In the\n    following scene, Knowles is seen on a bed tossing herself. Sean\n    Paul is shown with several women who are lying on the floor\n    caressing each other. Knowles walks towards the beach; she\n    spots a man, and the two touch and flirt. At a party, Knowles\n    dances with a man. Water floods the floor as she sings \"the\n    dance floor becomes the sea\". The original track is\n    interpolated towards the end with an Arabic instrumental,\n    designed for the music video. This section showcases Knowles\n    vigorously dancing on the sand.", {"i": {"#tail": "on August 25, 2003 at number ten and\n    reached the top spot. It stayed on the show for forty-one days,\n    the same chart run \"Me, Myself & I\" earned.", "#text": "Total Request Live"}, "#text": "Sal Cinquemani of the online publication Slant Magazine,\n    described the video as a \"baby-oil-logged follow-up\" to \"Crazy\n    in Love\"'s \"bootylicous video\". \"Baby Boy\" premiered on MTV's\n    program"}, "Knowles performed \"Baby Boy\" during the 2003 MTV Video Music\n    Awards. She sang the song in a medley with the pre-recorded\n    vocals of Sean Paul, and also performed \"Crazy in Love\" with\n    Jay-Z. She later performed \"Baby Boy\" at the 2003 MTV Europe\n    Music Awards together with Sean Paul. Her performance was\n    panned by PopMatters' Jessica Hodges as a \"letdown\" compared\n    with her applauded 2003 MTV VMA.", {"i": [{"#tail": "concert DVD that was released on April\n    27, 2004. Knowles performed the song midway through the setlist\n    of her former group Destiny's Child farewell tour Destiny\n    Fulfilled ... And Lovin' It, and it subsequently appeared on\n    the", "#text": "Live at Wembley"}, {"#tail": "concert DVD. During the\n    2007 The Beyonc\u00e9 Experience world concert tour, Knowles again\n    performed \"Baby Boy\" in a version that incorporated a reggae\n    song \"Murder She Wrote\". The footage taken at the Staples\n    Center in Los Angeles on September 2, 2007 appeared on", "#text": "Destiny's Child: Live in Atlanta"}, {"#tail": "DVD. She performs the song\n    while suspended in the air during her", "#text": "The Beyonc\u00e9 Experience Live!"}, {"#tail": "and then lowered to the B-Stage to where she\n    finishes the \"Baby Boy\" number with an excerpt from Dawn Penn's\n    \"You Don't Love Me (No, No, No)\".", "#text": "I Am... Tour"}], "#text": "\"Baby Boy\" has been included on the set list for most of\n    Knowles' concert tours. The song was set as opening of her\n    Dangerously in Love World Tour that began in late 2003. During\n    the tour, she appeared suspended from the ceiling of the arena\n    being lowered to a red lounger\u2014a prop she also used during the\n    2003 MTV VMA. The footage taken in London's Wembley Arena in\n    the United Kingdom is included in the"}, "In the 2005 ASCAP Pop Music Awards, \"Baby Boy\", along with\n    Knowles' songs \"Me, Myself and I\" and \"Naughty Girl\", was\n    honored as one of the most performed songs of the year.", "In 2005, US singer-songwriter Jennifer Armour filed a\n    copyright infringement lawsuit claiming that Knowles had used\n    some lyrics and the musical hook from her song \"Got a Little\n    Bit of Love for You\". In 2003, Armour's former label manager\n    had submitted a demo recordings to record labels, including\n    Knowles' Columbia Records and Sean Paul's Atlantic Records.\n    According to the district court, an Expert witness (Chair,\n    Dept. of Music Theory & Composition, Shepherd School of\n    Music, Rice University) determined the songs to be\n    \"substantially similar\" (a requirement for an infringement\n    finding). With regard to the musical hook the Expert stated in\n    his report, \"When the aural comparisons of the two songs are\n    presented in the key of C Minor (for easy comparison) and\n    presented back-to-back, in AB fashion, even the least musically\n    inclined listener should immediately determine that the two\n    songs are strikingly similar; I daresay that many listeners may\n    even perceive them as being the same song! And again,\n    transposing a song for this purpose does not alter any\n    fundamental qualities or characteristics of the song but merely\n    assists the ability of those unfamiliar with the technicalities\n    of music in making a comparison.\" The district court judge\n    nonetheless ruled that she, herself, could not hear the\n    similarities between the two songs and dismissed the case,\n    denying the motion for the songs or case to be heard by a\n    jury.", "On appeal, the United States Court of Appeals for the Fifth\n    Circuit affirmed the district court's ruling, but ruled with\n    different reasoning. It held that there was no infringement\n    based on Knowles' claim that Armour's demo tape was received\n    shortly after the writing of Knowles' song had been\n    substantially completed. However, the court did not address the\n    issue of substantial similarity."]}, "artist": "Beyonc\u00e9 featuring Sean Paul", "lengths": {"length": "4:04"}, "title": "Baby Boy", "recorded": "2003, South Beach Studios, Miami, Florida", "label": "Columbia", "producers": {"producer": ["Beyonc\u00e9 Knowles", "Scott Storch"]}, "released": "September 9, 2003", "writers": {"writer": ["Beyonc\u00e9 Knowles", "Scott Storch", "Sean Paul Henriques", "Robert Waller", "Shawn Carter"]}, "formats": {"format": ["CD", "digital download", "12\""]}, "weeks": {"week": ["2003-10-04", "2003-10-11", "2003-10-18", "2003-10-25", "2003-11-01", "2003-11-08", "2003-11-15", "2003-11-22", "2003-11-29"]}}}