{"top-song": {"album": "B'Day", "genres": {"genre": ["R&B", "pop"]}, "descr": {"p": [{"i": {"#tail": "(2006). Originally not created for Knowles, she\n    re-arranged the demo presented by the producers\u2014a\n    country-turned-pop-contemporary R&B song. The lyrics refer\n    to breaking up with an unfaithful man, part of Knowles and\n    Ne-Yo's vision of creating a record that people could relate\n    to, and was considered an anthem to female empowerment.", "#text": "B'Day"}, "#text": "\"Irreplaceable\" is a song by American R&B singer Beyonc\u00e9\n    Knowles. The song was written by Knowles, Ne-Yo, Tor Erik\n    Hermansen, Mikkel S. Eriksen, Espen Lind, Amund Bj\u00f8rklund, and\n    produced by Stargate and Knowles for her second solo album,"}, {"i": [{"#tail": "'s most successful release. The single performed\n    well on the US Hot 100, remaining at the top spot for ten\n    consecutive weeks. Certified multi-platinum, \"Irreplaceable\" is\n    the US' best-selling single in 2007 and the 25th most\n    successful song of the 2000s, according to the", "#text": "B'Day"}, {"#tail": "Hot 100 Songs of the Decade.", "#text": "Billboard"}], "#text": "Following the less successful chart performances of \"D\u00e9j\u00e0\n    Vu\" and \"Ring the Alarm\", \"Irreplaceable\" was released on\n    December 5, 2006 in the United States as the album's third\n    single, and the second single in most international music\n    markets. \"Irreplaceable\" was a worldwide commercial and\n    critical success, becoming Knowles' second best-selling single\n    in her solo career after \"Crazy in Love\" and"}, {"i": {"#tail": "ranked it number sixty on their list of 100\n    Best Songs of the 2000s decade.", "#text": "Rolling Stone"}, "#text": "\"Irreplaceable\" was lauded by contemporary critics, citing\n    its distinct production compared with most tracks featured on\n    the album. The song won awards, including one during the 2007\n    Soul Train Music Award. The single's music video, which\n    features the debut performance of Knowles' all-female band Suga\n    Mama, earned Knowles additional awards."}, {"i": {"#tail": "; but Tor Erik Hermansen of Stargate stated that\n    \"they might not have gone in the direction they did on the\n    song\". The tune was originally not matched to Knowles' voice,\n    and Ne-Yo wrote the lyrics from a male perspective, which he\n    revealed not from his personal experiences. Written as country\n    song, he was thinking of country-based singers Shania Twain and\n    Faith Hill during the sessions. When Ne-Yo heard them playing\n    the song with a guitar, he thought it sounded like country\n    Western music. But when the drums were incorporated into the\n    music, it was brought to R&B vibe, and Ne-Yo considered\n    making an R&B-country western music song.", "#text": "B'Day"}, "#text": "\"Irreplaceable\" was originally not made for Knowles, but\n    instead for Chrisette Michele. Norwegian production team\n    Stargate and American R&B-pop singer-songwriter Ne-Yo had\n    been writing for her second solo album"}, {"i": [{"#tail": "after filming", "#text": "B'Day"}, {"#tail": ", she was pleased with the demo of the song\n    that was presented to her. Knowles asked for changes in the\n    track, including the addition of drums, vocal arrangements, and\n    singing the song in higher note than the demo. Espen Lind and\n    Amund Bj\u00f8rklund, from the Norwegian production team Espionage,\n    wrote the chord structure and came up with the guitar part. The\n    recording was engineered by Jim Caruana and mixed by Jason\n    Goldstein at Sony Music Studios in New York City.", "#text": "Dreamgirls"}], "#text": "When the team worked with him, they recorded the song with\n    male on vocals. However, they thought of a female's vocal more\n    suitable, and Ne-Yo also thought that it is empowering for a\n    woman singing it. While Knowles was working on material for"}, "What happens sometimes, is you think about a specific artist\n    and you put them in this box, the song has to be this way or\n    that, and then you're usually confining yourself to the thing\n    they did three years ago.", "After the sessions for \"Irreplaceable\" ended, Hermansen said\n    that \"everyone felt they had captured something special and\n    that Beyonc\u00e9 had done the track justice\". In an interview,\n    Ne-Yo said, \"Beyonc\u00e9 had some stuff that she wanted to get off\n    her chest\", while also aiming to make a record that women could\n    relate to, in keeping with the theme of the album.", {"#text": "\"Irreplaceable\" is a mid-tempo pop song, with ballad and\n    R&B influences. Written in the key of B\u266d major, the beat is\n    set in common time and moves at a moderate 88 bpm. Knowles\n    vocal range spans nearly two and a half octaves, from B\u266d", "sub": [{"#tail": "to E\u266d", "#text": "2"}, {"#tail": ". While most of the songs in the album are\n    aggressive and uptempo, her voice in \"Irreplaceable\" is toned\n    down.", "#text": "5"}]}, {"i": [{"#tail": "magazine wrote that \"Stargate was just\n    trying to roll out 'Irreplaceable' one more time\", while a\n    review from", "#text": "Rolling Stone"}, {"#tail": "magazine said that it \"leans a bit too heavily\"\n    to the song.", "#text": "Billboard"}], "#text": "\"Irreplaceable\" uses a gently strummed acoustic guitar,\n    following the B\u266d", "sub": [{"#tail": "-F", "#text": "5"}, {"#tail": "-Cm", "#text": "5"}, {"#tail": "-E\u266d", "#text": "7"}, {"#tail": "chord series. Hermansen and Eriksen combined the\n    classic chord progression on an acoustic guitar, a\n    modern-sounding 808 drumbeat and cellos. Al Shipley of Stylus\n    Magazine noted that the guitar strum was copied in Barbadian\n    R&B singer Rihanna's 2007 single \"Hate That I Love You\", a\n    song co-produced by Stargate and Ne-Yo. A 2007\n    Stargate-produced single \"With You\" performed by American\n    R&B-pop singer Chris Brown also features the same element,\n    which Rob Sheffield of", "#text": "6/9"}]}, {"i": {"#tail": ".", "#text": "Waiting to Exhale"}, "#text": "\"Irreplaceable\" refers to a woman breaking up with a\n    boyfriend after she found him cheating, and the lyrics were\n    considered a statement of independence. Hermansen quoted that\n    \"it's a song people from all walks of life can enjoy\", while\n    Knowles stated that it is \"a little honest\". When interviewed\n    about the song, she replied: \"Basically we can't forget our\n    power and our worth. And sometimes\u00a0...\u00a0you're so in\n    love, you forget that. And sometimes you feel like you're not\n    being\u00a0...\u00a0appreciated. And\u00a0...\u00a0sometimes\n    they forget that they can be replaced.\" Bill Lamb of About\n    noted that the female empowerment theme of \"Irreplaceable\" has\n    similarities to the central concept of Terry McMillan's 1995\n    novel"}, "The song's lyrics are constructed in the\n    verse-pre-chorus-chorus form. Starting with a guitar strum,\n    Knowles sings the hook-intro \"To the left, to the left\",\n    repeating for three times in alternating bars. In bar seven,\n    she sings the first verse, arguing her boyfriend about the\n    indifference of their relationship, and telling him to walk\n    away. The pre-chorus and chorus follows, giving way to the\n    second verse where she recollects the moment she found her\n    boyfriend unfaithful to her. The same pattern occurs, leading\n    to the second chorus. Towards the end, Knowles sings the\n    bridge. She repeats the intro and the chorus, ending with an\n    ad-libbed chorus.", {"i": {"#tail": "'s lead single \"D\u00e9j\u00e0 Vu\", \"Irreplaceable\" was\n    released as the second single in international markets through\n    Columbia Records. Two single versions were released in the\n    United Kingdom on October 26, 2006: a standard CD single, which\n    features the album version of the track and the Freemasons club\n    mix radio edit of \"Ring the Alarm\"; and an enhanced CD,\n    containing the album version, three \"Ring the Alarm\" remixes\n    and \"Ring the Alarm\" music video. A 12\" single was released in\n    the same country the following week. In Australia, a maxi\n    single was released on November 4, 2006, featuring the album\n    version and two remixes of \"D\u00e9j\u00e0 Vu\".", "#text": "B'Day"}, "#text": "Following"}, {"i": [{"#tail": "'s third single, following \"Ring the Alarm\". The\n    single was released on December 5, 2006, featuring the album\n    and instrumental version of the track. Knowles recorded a\n    Spanish version of the song called \"Irreemplazable\", and was\n    included in the second disc of the deluxe edition of", "#text": "B'Day"}, {"#tail": "released on June 12, 2007. An", "#text": "B'Day"}, {"#tail": "EP was released in the United States on\n    August 28, 2007 and on September 10 in the United Kingdom. The\n    EP includes \"Irreemplazable\" and the Norte\u00f1a Remix of\n    \"Irreplaceable\", \"Amor Gitano\", three versions of \"Beautiful\n    Liar\", the Timbaland remix of \"Get Me Bodied\" featuring Voltio,\n    and \"Oye\", the Spanish version of \"Listen\".", "#text": "Irreemplazable"}], "#text": "In the United States, \"Irreplaceable\" served as"}, {"i": {"#tail": "DVD.", "#text": "The Beyonc\u00e9 Experience Live!"}, "#text": "The song was performed in various public appearances of\n    Knowles. She opened the 2006 American Music Awards performing\n    \"Irreplaceable\". American country band Sugarland, who were\n    known for covering Knowles' songs in their live performances,\n    were joined by the singer for a performance of the country\n    version of \"Irreplaceable\" at the 2007 American Music Awards.\n    \"Irreplaceable\" was the closing song during her 2007 The\n    Beyonc\u00e9 Experience world tour. It was originally performed\n    towards the end of the set in earlier tour dates, but was\n    shifted when she embarked on the United States leg. The footage\n    of the performance at the Staples Center, Los Angeles was\n    included in"}, {"i": {"#tail": ".", "#text": "The Game"}, "#text": "In May 2007, the song was featured prominently in the\n    crucial final scene of \"When the Chickens Come Home to Roost\",\n    the first season finale of the CW comedy-drama television\n    series"}, {"i": [{"#tail": "are upbeat, \"Irreplaceable\" was well received by\n    critics for its guitar-driven melody. Bill Lamb of the website\n    About complimented Stargate for the \"simple, pop-oriented\n    production\", and listed on the site as their fourth best\n    R&B song of 2006. For a review in", "#text": "B'Day"}, {"#tail": "magazine, Jody Rosen said the track\n    is \"a lilting tune unlike anything Beyonc\u00e9 has ever performed\".\n    Sarah Rodman of", "#text": "Entertainment Weekly"}, {"#tail": "wrote that the song is \"gentle but\n    maddeningly hook-y\", and Bill Lamb called it a \"gorgeous,\n    lightly swinging Stargate arrangement\". Spence Abbott of the\n    website IGN observed that \"Irreplaceable\", alongside\n    \"Resentment\", \"go for a much more traditional contemporary\n    R&B vibe\" compared to the other tracks in the album, and\n    stated that it made them \"stand out as if they were recorded\n    separately from the rest of the album\". In 2009 Pitchfork\n    ranked the song as the #183 song on list of The Top 500 Tracks\n    of the decade.", "#text": "The Boston Globe"}], "#text": "While most of the tracks featured in"}, "Lamb listed \"Irreplaceable\" on their site as one of the\n    strongest tracks in the album, and noted it as \"subject matter\n    of female strength and independence\". The indie-oriented\n    website Pitchfork Media named the song Knowles' \"most\n    sophisticated\" and her \"most honest performance to date\". Barry\n    Schwartz of Stylus Magazine wrote that \"Irreplaceable\"\n    recaptured Knowles' debut single \"Crazy in Love\"'s\n    \"near-perfection and features her most genuinely emotional\n    vocal to date, equal parts vulnerable, upset, pissed off,\n    vindictive, resigned, and apathetic\".", "\"Irreplaceable\" won at the 2007 Soul Train Music Award for\n    Best R&B/Soul Single, Female, and the 2007 Nickelodeon\n    Kid's Choice Award for Favorite Song. It was nominated for\n    Record of the Year in the 2008 Grammy Awards, as well Song of\n    the Year at the VH1 Soul Vibe awards show. The song was awarded\n    among the top five most-performed songs in 2008 at the ASCAP\n    Pop Music Awards.", "The song created controversy over the writing credits. Ne-Yo\n    spoke to MTV to clarify any confusion: \"Apparently Beyonce was\n    at a show somewhere and right before the song came on she said,\n    'I wrote this for my girls' and then the song came on.\u00a0...\n    The song is a co-write. I wrote the lyrics, I wrote all the\n    lyrics. Beyonce helped me with the melodies and the harmonies\n    and the vocal arrangement and that makes it a co-write. Meaning\n    my contribution and her contribution made that song what it\n    is.\"", {"i": {"#tail": ".", "#text": "B'Day"}, "#text": "During the production of \"Irreplaceable\", Hermansen thought\n    that the track would not receive radio play because of its\n    acoustic guitars, and deemed the song too pop-oriented.\n    Hermansen did not expect \"Irreplaceable\" to conform to any\n    genre. Despite his prediction, the song became successful on\n    urban charts; it was played in New York- and country-based\n    radio stations. \"Irreplaceable\" entered various charts\n    worldwide, and became the most successful single released from"}, {"i": [{"#tail": "re-enter the top ten on the 200. The single peaked\n    at number one on December 16, becoming Knowles' fourth\n    number-one single as solo artist, and her second in 2006,\n    following \"Check on It\" featuring Slim Thug. The single spent\n    ten consecutive weeks at the top spot, and was replaced by\n    Canadian singer Nelly Furtado's 2006 single \"Say It Right\" on\n    February 24, 2007. The feat was achieved since 2006 after Kanye\n    West's 2005 single \"Gold Digger\" featuring Jamie Foxx took ten\n    weeks at the top spot. \"Irreplaceable\" outperformed \"Baby\n    Boy\"'s nine-week record; however, it failed to surpass her\n    former group Destiny's Child's 2000 single \"Independent Women\n    Part I\", which stayed on the top spot for eleven weeks late in\n    2000 and early in 2001. On the list of most number-one singles\n    by a female song-writer, \"Irreplaceable\" installed Knowles at\n    the third place, beating American singers Janet Jackson and\n    Carole King and tying Diane Warren for nine number-one singles.\n    Knowles received three song-writing credits in a single year,\n    the only woman to achieve since King in 1971 and Carey in 1991.\n    The single remained on the chart for thirty weeks, and was\n    certified 3x platinum by the Recording Industry Association of\n    America on July 27, 2007. \"Irreemplazable\" charted equally\n    well, peaking at number four on the Hot Latin Songs. The EP\n    appeared on the Latin Pop Albums at number two, Top Latin\n    Albums at number three, Top R&B/Hip-Hop Albums at number\n    forty-one and on the", "#text": "B'Day"}, {"#tail": "200 at number 105. \"Irreplaceable\" was\n    the US' best-performing single of 2007, topping the", "#text": "Billboard"}, {"#tail": "Top Hot 100 Hits. As of September 2009, the\n    single has sold over 2,697,000 digital downloads in the United\n    States.", "#text": "Billboard"}], "#text": "The single debuted on the US Hot 100 on November 4, 2006 at\n    number eighty-seven. It climbed the charts rapidly because of\n    heavy airplay, and received the Greatest Airplay Gainer\n    certification for six consecutive weeks in early December 2006.\n    Three weeks after its release, it helped"}, {"i": {"#tail": "single and still ranks in the top 30\n    of R&B/Soul songs.", "#text": "I Am... Sasha Fierce"}, "#text": "Internationally, \"Irreplaceable\" performed equally well. In\n    Oceania, \"Irreplaceable\" debuted at number-eight on the\n    Australian ARIA Singles Chart, and eventually peaked at\n    number-one for three consecutive weeks becoming Knowles' first\n    number-one hit in the country. \"Irreplaceable\" was certified\n    Platinum by ARIA for sales in excess of 70,000 copies,\n    \"Irreplaceable\" appeared twice on the ARIA Year-Ends charts\n    ranked at number twenty-three in 2006, and number forty-two in\n    2007. \"Irreplaceable\" debuted at number three on November 6 on\n    the New Zealand Singles Chart, and was \"Irreplaceable\"'s\n    highest entry; it peaked at number one, and charted for\n    eighteen weeks. \"Irreplaceable\" reached number two for thirteen\n    weeks in Indonesia. \"Irreplaceable\" peaked at number four in\n    the United Kingdom, and generally inside the top fifteen across\n    European music markets. Despite only reaching #4 in the UK,\n    \"Irreplaceable\" spent 12 weeks inside the top 20 and with a\n    total of 25 weeks on the UK Singles Chart the song is Beyonc\u00e9's\n    third longest charting single (with more weeks on the chart\n    than her #1 singles \"Crazy in Love\" and \"D\u00e9j\u00e0 Vu\" but slightly\n    less than her recent hits \"If I Were a Boy\" and \"Single Ladies\n    (Put a Ring on It)\"). On the UK iTunes chart, \"Irreplaceable\"\n    is currently Beyonc\u00e9's most downloaded non"}, {"i": {"#tail": ", and a video edit was\n    produced for \"Irreemplazable\". Part of the video which shows\n    Knowles dancing in silhouette in front of a glass door is\n    inspired by a James Bond movie. Late in January 2008,\n    \"Irreemplazable\" premiered on the MiTRL, a video countdown show\n    on the bilingual channel MTV Tr3s.", "#text": "B'Day Anthology Video Album"}, "#text": "\"Irreplaceable\" was directed by Anthony Mandler, who\n    co-directed the video of \"Get Me Bodied\". The video features\n    the debut performance of Knowles' all-female band, Suga Mama,\n    who also appeared in the \"Green Light\" music video. Her\n    acting-then-ex-boyfriend in the video is model Bobby Roache,\n    who played police officer for the \"Ring the Alarm\" music video\n    and warrior during Jay-Z and Knowles' live performance at the\n    2006 Fashion Rocks show. The video was included on the 2007"}, "The music video follows the storyline of the song's lyrics.\n    \"She told me to pack up all my stuff, I'm getting kicked out \u2014\n    the video starts off like that\", said Roache. Mid-way in the\n    video, Knowles follows her then-ex boyfriend outside the house\n    and leans on a 2007 Jaguar XK. She appears to be pretentiously\n    caressing him; only to find out she would be collecting things\n    she bought for him. He leaves her and the car, about to ride\n    off in a taxi. Between cuts, Knowles manages herself in front\n    of a mirror; putting on a lipstick, wearing huge curlers and a\n    high-waisted skirt. Towards the end of the video, she sings\n    with her all-female band, Suga Mama. It ends with Knowles\n    greeting her new boyfriend at the front door.", "At the 2007 Black Entertainment Television (BET) Awards,\n    Knowles won Video of the Year Award for \"Irreplaceable\", an\n    award for which \"Beautiful Liar\" was nominated. It was\n    nominated for Video of the Year during the 2007 MTV Video Music\n    Awards, but was beaten by Rihanna's single \"Umbrella\". At the\n    2007 Soul Train Music Awards, the video was nominated for the\n    Michael Jackson Award for Best R&B/Soul or Rap Music Video,\n    but lost to rapper (and husband) Jay-Z's \"Show Me What You Got\"\n    video."]}, "artist": "Beyonc\u00e9", "lengths": {"length": "3:47"}, "title": "Irreplaceable", "recorded": "2006 , Sony Music Studios , New York City, New\n  York", "label": "Columbia", "producers": {"producer": ["Stargate", "Knowles", "Ne-Yo (co-producer)"]}, "released": "December 5, 2006 ( United States ) , October 23, 2006 (\n  United Kingdom ) , November 6, 2006 ( Australia )", "writers": {"writer": ["Shaffer \"Ne-Yo\" Smith", "Mikkel S. Eriksen", "Tor Erik Hermansen", "Espen Lind", "Amund Bj\u00f8rklund", "Beyonc\u00e9 Knowles"]}, "formats": {"format": ["CD single", "digital download", "maxi single", "12\" single"]}, "weeks": {"week": ["2007-01-06", "2007-01-13", "2007-01-20", "2007-01-27", "2007-02-03", "2007-02-10", "2007-02-17"]}}}