{"top-song": {"album": "I Can Help", "genres": {"genre": ["Pop", "country"]}, "descr": {"p": [{"i": {"#tail": "Hot 100 and Hot Country Singles charts late\n    that fall.", "#text": "Billboard"}, "#text": "\"I Can Help\" is a song written and performed by Billy Swan.\n    Released in September 1974, the song was a big crossover smash,\n    reaching #1 on both the"}, "Although Swan had other charting singles on both the Hot 100\n    and country charts, the song is generally recognized as being\n    Swan's only major hit single release. However, Swan \u2014 later a\n    member of the band Black Tie \u2014 had continued success as a\n    songwriter for other artists and as a session musician.", "At the end of the song, the sound of applause by a small\n    group of people is heard. During the second take of recording\n    the song, a small dog wandered into the recording booth and\n    started growling and tugging on Swan's pants with its teeth as\n    he was playing and singing. The recording session was going so\n    well that Swan refused to stop. After the song was finished,\n    the people in the booth all applauded that Swan managed to\n    finish.", "Two versions of the song exist:", {"i": [{"#tail": "s Hot Adult Contemporary Singles chart and No.\n    6 on the United Kingdom's", "#text": "Billboard'"}, {"#tail": "chart. In addition, the song was a hit\n    throughout most of Europe and also reached #1 in Australia.", "#text": "Record Retailer"}], "#text": "In addition to being a No. 1 country and pop hit, \"I Can\n    Help\" reached No. 6 on"}, "\"I Can Help\" is certified gold for sales of 500,000 units by\n    the Recording Industry Association of America. [1]", "Elvis Presley also recorded \"I Can Help\" on 10 March 1975 at\n    RCA Studio C, Hollywood, California. Elvis gave Billy the socks\n    that he wore during the recording of his version of \"I Can\n    Help\". Billy Swan worked at Graceland during the mid 1970's as\n    a gate guard. He still has the socks.", "Loretta Lynn covered the song in 1975.", {"i": [{"#tail": ", and by Steve Kolander on his 1995 album", "#text": "Tool Box"}, {"#tail": ".", "#text": "Pieces of a Puzzle"}], "#text": "A cover version was recorded by Aaron Tippin on his 1995\n    album"}, "Ringo Starr also covered this song in his Memphis sessions\n    in 1987. The Memphis album remains unreleased."]}, "artist": "Billy Swan", "lengths": {"length": ["2:58 (single edit)", "4:01 (album version)"]}, "title": "I Can Help", "recorded": "1974", "label": "Monument Records", "producers": {"producer": "Chip Young and Billy Swan"}, "released": "September 1974", "writers": {"writer": "Billy Swan"}, "formats": {"format": "7\""}, "weeks": {"week": ["1974-11-23", "1974-11-30"]}}}