{"top-song": {"album": "Storm\n  Front", "genres": {"genre": "Rock"}, "descr": {"p": [{"i": {"#tail": ". The events are mixed with a refrain\n    asserting \"we didn't start the fire\". The song was a number-one\n    hit in the US.", "#text": "Storm Front"}, "#text": "\"We Didn't Start the Fire\" is a song by Billy Joel that\n    makes reference to a catalogue of headline events during his\n    lifetime, from March 1949 (Joel was born on May 9 of that year)\n    to 1989, when the song was released on his album"}, "The song and music video have been interpreted as a rebuttal\n    to criticism of Joel's Baby Boomer generation, from both its\n    preceding and succeeding generations. The song's title and\n    refrain imply that the frenzied and troubled state which others\n    were criticizing had been the state of the world since long\n    before his generation's time, but that this was being ignored\n    by their critics.", {"i": {"#tail": "#1 hit. It was nominated for the Grammy Award\n    for Record of the Year.", "#text": "Billboard"}, "#text": "Joel has a strong interest in history. \"I'm a history nut. I\n    devour history books. At one time I wanted to be a history\n    teacher.\" According to his mother, he was a bookworm by the age\n    of seven. Unlike most of Joel's songs, the lyrics were written\n    before the melody, owing to the somewhat unusual style of the\n    song. The song was a huge commercial success and was Joel's\n    third"}, {"i": {"#tail": ". Journalist, Walter Winchell. Athlete, Joe\n    DiMaggio. Then I went on to 1950 [...]. It's one of the worst\n    melodies I've ever written. I kind of like the lyric\n    though.", "#text": "South Pacific"}, "#text": "I had turned forty. It was 1989 and I said \"Okay, what's\n    happened in my life?\" I wrote down the year 1949. Okay, Harry\n    Truman was president. Popular singer of the day, Doris Day.\n    China went Communist. Another popular singer, Johnnie Ray. Big\n    Broadway show,"}, {"i": [{"#tail": "magazine ranked \"We Didn't Start the Fire\" #41 on\n    its list of the \"50 Worst Songs Ever\". \"We Didn't Start the\n    Fire\" also appeared in the same spot on VH1's", "#text": "Blender"}, {"#tail": ", a collaboration with", "#text": "50 Most Awesomely Bad Songs Ever"}, {"#tail": "in 2004.", "#text": "Blender"}], "#text": "Although the song ranked #1 in the U.S., and #7 in the UK,"}, "This song could be classified as a patter song characterized\n    by its moderately fast tempo with rapid succession of rhythmic\n    lyrics.", "A music video for the single was directed by Chris Blum,\n    which chronicles a middle-class married couple and their goal\n    of the American Dream: a home, careers and children. This is\n    juxtaposed with the tumultuous social times of the second half\n    of the 20th century (e.g., bra burning). The singer acts as an\n    omnipresent observer. During each chorus, Joel beats on a table\n    while, in the background, famous photographs (of Lee Harvey\n    Oswald's assassination and Nguy\u1ec5n V\u0103n L\u00e9m's execution, among\n    others) are consumed by fire.", "Stream of consciousness in style, the song could be\n    considered a natural successor to songs such as \"Subterranean\n    Homesick Blues\", \"Life Is a Rock (But the Radio Rolled Me)\" and\n    \"It's the End of the World as We Know It (And I Feel Fine)\", as\n    it consists of a series of seemingly unrelated images in a\n    rapid-fire, half-spoken, half-sung vocal style.", "Though the lyric is rapid-fire with several people and\n    events mentioned in a single word each, there is wide-spread\n    agreement on the meaning of the lyric. Steven Ettinger\n    wrote,", "The following events are in the order that they appear in\n    the song, which is, with two possible exceptions,\n    chronological. The lyric for each individual event is brief and\n    the events are punctuated by the chorus and other lyrical\n    elements. The following list includes longer, more descriptive\n    names for clarity. Events from a variety of contexts, such as\n    popular entertainment, foreign affairs, and sports, are\n    intermingled, giving an impression of the culture of the time\n    as a whole. There are 119 items listed in the song.", null, null, null, null, null, null, null, null, null, null, null, null, null, null, null, null, null, null, "(Note that these two items, while later chronologically than\n    the two 1976 items, come immediately before them in the\n    song.)", "(Note that these two items, while earlier chronologically\n    than the two 1977 items, come immediately after them in the\n    song)", null, null, null, null, null, "Of the 56 individuals mentioned by name in the song, the\n    following nine are still alive as of March 2010: Doris Day,\n    Queen Elizabeth II, Brigitte Bardot, Fidel Castro, Chubby\n    Checker, Bob Dylan, John Glenn, Sally Ride, and Bernhard\n    Goetz.", "Johnnie Ray, Joe DiMaggio, Richard Nixon, Roy Campanella,\n    Mickey Mantle, Floyd Patterson, Marlon Brando, Menachem Begin,\n    Ronald Reagan and J.D. Salinger were all alive when the song\n    was released but have died since.", "Two individuals, John F. Kennedy and Richard Nixon, are\n    mentioned by name twice in the song.", "The only U.S. Presidents in office from 1949 to 1989 not\n    mentioned in the song are Lyndon Johnson, Gerald Ford and Jimmy\n    Carter.", {"i": {"#tail": ", which was released in\n    November 2008.", "#text": "Guilt by Association Vol. 2"}, "#text": "The Forms recorded a cover of the song for Engine Room\n    Recordings' compilation album"}, "In 2009, CollegeHumor released a parody of the song on\n    video-sharing website YouTube, entitled \"We Didn't Start the\n    Flame War\", referring to flame wars on the Internet, and plays\n    in the same style to the song it parodies. As of March 2010,\n    over 4.7 million people have watched the video.", {"i": {"span": ["Piano Man\u00a0\u00b7", "Streetlife\n        Serenade\u00a0\u00b7", "Turnstiles\u00a0\u00b7", "The Stranger\u00a0\u00b7", "52nd Street\u00a0\u00b7", "Glass Houses\u00a0\u00b7", "The Nylon\n        Curtain\u00a0\u00b7", "An Innocent\n        Man\u00a0\u00b7", "The Bridge\u00a0\u00b7", "Storm Front\u00a0\u00b7", "River of\n        Dreams\u00a0\u00b7", "Fantasies &\n        Delusions"]}, "span": {"i": "Cold Spring Harbor\u00a0\u00b7"}}, {"i": {"span": ["KOH\u0426EPT\u00a0\u00b7", "2000 Years: The Millennium\n        Concert\u00a0\u00b7", "12 Gardens Live"]}, "span": {"i": "Songs in the Attic\u00a0\u00b7"}}, {"i": {"span": ["The Ultimate\n        Collection\u00a0\u00b7", "The Essential Billy\n        Joel\u00a0\u00b7", "Piano Man: The Very Best\n        of Billy Joel\u00a0\u00b7", "My Lives"]}, "span": {"i": "Greatest Hits, Vols. 1-3\u00a0\u00b7"}}, {"span": ["\"Piano Man\"\u00a0\u00b7", "\"Worse Comes to\n      Worst\"\u00a0\u00b7", "\"Travelin'\n      Prayer\"\u00a0\u00b7", "\"The\n      Entertainer\"\u00a0\u00b7", "\"New York State of\n      Mind\"\u00a0\u00b7", "\"Just the Way You\n      Are\"\u00a0\u00b7", "\"Movin' Out (Anthony's\n      Song)\"\u00a0\u00b7", "\"Only the Good Die\n      Young\"\u00a0\u00b7", "\"She's Always a\n      Woman\"\u00a0\u00b7", "\"The Stranger\"\u00a0\u00b7", "\"My Life\"\u00a0\u00b7", "\"Big Shot\"\u00a0\u00b7", "\"Honesty\"\u00a0\u00b7", "\"Until the\n      Night\"\u00a0\u00b7", "\"All for\n      Leyna\"\u00a0\u00b7", "\"You May Be\n      Right\"\u00a0\u00b7", "\"It's Still Rock and Roll to\n      Me\"\u00a0\u00b7", "\"Don't Ask Me\n      Why\"\u00a0\u00b7", "\"Sometimes a\n      Fantasy\"\u00a0\u00b7", "\"Say Goodbye to Hollywood\"\n      (Live)\u00a0\u00b7", "\"She's Got a Way\"\n      (Live)\u00a0\u00b7", "\"Pressure\"\u00a0\u00b7", "\"Allentown\"\u00a0\u00b7", "\"Goodnight\n      Saigon\"\u00a0\u00b7", "\"Tell Her About\n      It\"\u00a0\u00b7", "\"Uptown Girl\"\u00a0\u00b7", "\"An Innocent\n      Man\"\u00a0\u00b7", "\"The Longest\n      Time\"\u00a0\u00b7", "\"Leave a Tender Moment\n      Alone\"\u00a0\u00b7", "\"This Night\"\u00a0\u00b7", "\"Keeping the\n      Faith\"\u00a0\u00b7", "\"You're Only Human (Second\n      Wind)\"\u00a0\u00b7", "\"The Night Is Still\n      Young\"\u00a0\u00b7", "\"Modern Woman\"\u00a0\u00b7", "\"A Matter of\n      Trust\"\u00a0\u00b7", "\"Baby Grand\"\u00a0\u00b7", "\"This Is the\n      Time\"\u00a0\u00b7", {"#text": "\"", "strong": {"#tail": "\"\u00a0\u00b7", "#text": "We Didn't Start the Fire"}}, "\"Leningrad\"\u00a0\u00b7", "\"I Go to\n      Extremes\"\u00a0\u00b7", "\"And So It\n      Goes\"\u00a0\u00b7", "\"That's Not Her\n      Style\"\u00a0\u00b7", "\"The Downeaster\n      'Alexa'\"\u00a0\u00b7", "\"Shameless\"\u00a0\u00b7", "\"All Shook Up\"\u00a0\u00b7", "\"The River of\n      Dreams\"\u00a0\u00b7", "\"All About\n      Soul\"\u00a0\u00b7", "\"No Man's\n      Land\"\u00a0\u00b7", "\"Lullabye (Goodnight, My\n      Angel)\"\u00a0\u00b7", "\"To Make You Feel My\n      Love\"\u00a0\u00b7", "\"Hey Girl\"\u00a0\u00b7", "\"All My Life\"\u00a0\u00b7", "\"Christmas in\n      Fallujah\""]}, {"span": ["Discography\u00a0\u00b7", {"i": "Movin' Out"}]}]}, "artist": "Billy Joel", "lengths": {"length": "4:49"}, "title": "We Didn't Start the Fire", "label": "Columbia Records", "producers": {"producer": ["Mick Jones", "Billy Joel"]}, "released": "September 18, 1989", "writers": {"writer": "Billy Joel"}, "formats": {"format": ["7\" single", "12\" single", "CD", "Cassette Single"]}, "weeks": {"week": ["1989-12-09", "1989-12-16"]}}}