{"top-song": {"album": "Billy and the Beaters / By Request: The Best of Billy Vera\n  and the Beaters", "genres": {"genre": ["Blues rock", "rock and roll", "jazz rock"]}, "descr": {"p": [{"i": {"#tail": ", released that same year.", "#text": "Billy and the Beaters"}, "#text": "\"At This Moment\" is a song that was first recorded by Billy\n    Vera & The Beaters in 1981 during a string of performances\n    at the Roxy in West Hollywood (January 15-17) and featured on\n    their self-titled live album,"}, {"i": {"#tail": "during the 1985-86 season, where it was the\n    love song associated with Alex P. Keaton (played by Michael J.\n    Fox) and his girlfriend Ellen Reed (played by Tracy Pollan,\n    whom Fox eventually married in real-life) on the show, and this\n    renewed interest in the song. \"At This Moment\" began a revived\n    chart run, eventually peaking at #1 on both the Hot 100 and\n    adult contemporary charts in late January 1987. The song also\n    crossed over to the country format, peaking at #42 on the\n    country singles chart.", "#text": "Family Ties"}, "#text": "When it was originally released as a single, the song\n    stalled on the Billboard Hot 100 chart at #79. However, the\n    song was included on an episode of the NBC sitcom"}, {"i": [{"#tail": ". McCoy's version was released as a\n    single, although it did not chart. Another cover version of the\n    song appears on Michael Bubl\u00e9's 2009 album,", "#text": "At This Moment"}, {"#tail": ".", "#text": "Crazy Love"}], "#text": "A cover version was recorded by country music singer Neal\n    McCoy on his 1990 debut album, also titled"}]}, "artist": "Billy Vera and the Beaters", "lengths": {"length": "4:21"}, "title": "At This Moment", "recorded": "January 1981 at the Roxy Theatre", "label": "Alfa", "producers": {"producer": ["Jeff Baxter", "Executive Producer : Lorne Saifer"]}, "released": "1981 / 1986", "writers": {"writer": "Billy Vera"}, "weeks": {"week": "1987-01-24"}}}