{"top-song": {"weeks": {"week": ["1973-07-07", "1973-07-14"]}, "artist": "Billy Preston", "descr": {"p": [{"i": {"#tail": ". On its release as a single in 1973,\n    the song was a number-one hit on the Billboard Hot 100 chart,\n    and sold over a million copies.", "#text": "Music Is My Life"}, "#text": "\"Will It Go Round in Circles\" is a song written by Bruce\n    Fisher and Billy Preston, and recorded by Preston for his 1972\n    album"}, {"i": [{"#tail": ", and on the 2008 Band From TV\n    album,", "#text": "That's So Raven Too!"}, {"#tail": ", with vocals by Hugh Laurie. It\n    also appears on Martin Sexton's 2007 album Seeds and Eric\n    Clapton's 2002 live DVD One More Car, One More Rider.", "#text": "Hoggin' All the Covers"}], "#text": "The song was covered in the 2006 television soundtrack,"}]}, "title": "Will It Go Round in Circles"}}