{"top-song": {"weeks": {"week": "1986-07-05"}, "artist": "Billy Ocean", "descr": {"p": [{"i": {"#tail": ", which was released on Jive Records. The song\n    went to number one on the Billboard Hot 100 chart for the week\n    beginning July 5, 1986, where it remained for one week. It also\n    topped the adult contemporary and R&B charts in the United\n    States that same summer.", "#text": "Love Zone"}, "#text": "\"There'll Be Sad Songs (To Make You Cry)\" is a 1986 single\n    by Billy Ocean. The song was written and produced by Wayne\n    Brathwaite and Barry Eastmond; Ocean was also credited as a\n    co-writer for the song. It appears on Ocean's 1986 album"}, {"i": {"#tail": ", 6th Edition, 1996", "#text": "The Billboard Book of Top 40 Hits"}}]}, "title": "There'll Be Sad Songs (To Make You Cry)"}}