{"top-song": {"album": "Rocky\n  - Original Motion Picture Score", "descr": {"p": [{"i": {"#tail": ", composed by Bill Conti with lyrics by Carol\n    Connors and Ayn Robbins, and performed by DeEtta Little (the\n    sister of actor Cleavon Little) and Nelson Pigford. Released in\n    1976 with the movie Rocky, the song became part of American\n    popular culture after main character Rocky Balboa completed his\n    daily training regimen while the song played. The song finishes\n    as Rocky completes his famous run up the \"Rocky Steps\" of the\n    Philadelphia Museum of Art and raises his arms in a victory\n    pose. The song is also often played at sporting events,\n    especially at sporting events in the city of Philadelphia or\n    featuring sports teams from there.", "#text": "Rocky"}, "#text": "\"Gonna Fly Now\", also known as \"Theme from Rocky\", is the\n    theme song from the movie"}, "The song (whose lyrics have a total count of 30 words) was\n    nominated for an Academy Award for Best Original Song in the\n    49th Academy Awards. The version of the song from the movie,\n    performed by Conti with an orchestra, hit number one on the\n    Billboard Hot 100 chart in 1977, while a version by jazz\n    trumpeter Maynard Ferguson (died in 2006) hit the top 30. Disco\n    versions by Rhythm Heritage and Current were on the chart at\n    the same time. Conti's single was certified gold by the RIAA.\n    The American Film Institute placed it 58th on its AFI's 100\n    Years... 100 Songs list.", {"i": [{"#tail": ", an alternate version of the song was used,\n    with a children's choir singing the chorus.", "#text": "Rocky II"}, {"#tail": "included an updated disco influenced\n    arrangement during the training montage on the beach. This\n    recording is however missing from the soundtrack album, the\n    sleeve notes of which say \"All music on this album selected by\n    Sylvester Stallone\", who instead opted to reprise the original\n    versions of \"Gonna Fly Now\" and \"Reflections\" from the first\n    film and \"Conquest\" from the second installment. Thus the album\n    fails to present the actual score recorded for Rocky III.", "#text": "Rocky III"}], "#text": "In"}, {"i": [{"#tail": "\" returned with its composer for later\n    installments. In", "#text": "Gonna Fly Now"}, {"#tail": ", a slightly alternate version of the song\n    used more trumpets and different vocal tones. The soundtrack\n    for that film also includes a vocal remix performed by Natalie\n    Wilde.", "#text": "Rocky Balboa"}], "#text": "Rocky IV was scored by Vince DiCola who mainly introduced\n    new themes of his own but \""}, "Due to its original use, the song is used frequently in\n    various forms of popular media where a main character is forced\n    to train hard in order to defeat an opponent, often during a\n    montage sequence."]}, "artist": "Bill Conti", "lengths": {"length": "2:48"}, "title": "Gonna Fly Now (Theme From Rocky)", "producers": {"producer": "Bill Conti"}, "released": "1976", "writers": {"writer": ["Bill Conti", "Carol Connors", "Ayn Robbins"]}, "weeks": {"week": "1977-07-02"}}}