{"top-song": {"album": "Don't StopVital\n  Idol", "genres": {"genre": ["New Wave", "Rock"]}, "descr": {"p": ["\"Mony Mony\" was a 1968 single by the American rock band\n    Tommy James & The Shondells from their 1968 album of the\n    same name. The song became a hit for Billy Idol in 1987.", {"i": {"#tail": "magazine:", "#text": "Hitch"}, "#text": "\"Mony Mony\" was credited to Tommy James, Bo Gentry, Richie\n    Cordell, and Bobby Bloom. The hook in the song is said to have\n    been inspired by James' view of a MONY sign atop the Mutual of\n    New York Building in the New York City skyline from his\n    Manhattan apartment. As Tommy James says in a 1995 interview in"}, "{}quote|True story: I had the track done before I had a\n    title. I wanted something catchy like \"Sloopy\" or \"Bony\n    Maroney,\" but everything sounded so stupid. So Ritchie Cordell\n    and I were writing it in New York City, and we were about to\n    throw in the towel when I went out onto the terrace, looked up\n    and saw the Mutual of New York building (which has its initials\n    illuminated in red at its top). I said, \"That's gotta be it!\n    Ritchie, come here, you've gotta see this!\" It's almost as if\n    God Himself had said, \"Here's the title.\" I've always thought\n    that if I had looked the other way, it might have been called\n    \"Hotel Taft.\"|}}", "\"Mony Mony\" was the only song by the group to reach the top\n    twenty in the United Kingdom; it reached #1 in the UK, and #3\n    in the USA music video of it was made at the time, dated in\n    showing love beads, but a decade and half later would receive\n    some play on MTV.", {"i": {"#tail": "Hot 100 single, \"I Think We're Alone Now\",\n    covered by Tiffany.", "#text": "Billboard"}, "#text": "The song \"Mony Mony\" has been covered by many artists,\n    including Billy Idol, Amazulu, Status Quo and The Beach Boys.\n    Notably, Billy Idol's version replaced another Tommy James hit\n    as the #1"}, {"i": {"#tail": ", entitled \"Alimony\" (based on the Billy Idol\n    version). It was about a recently divorced man complaining\n    about his ex-wife taking everything he owns away from him in\n    alimony payments.", "#text": "Even Worse"}, "#text": "\"Weird Al\" Yankovic wrote a parody of this song from his\n    album,"}, "Billy Idol's version was recorded on two separate occasions.\n    The original 1981 studio recording is the most common version\n    heard on rock radio stations across the globe. However, Idol\n    released a live version as a single in 1987, while promoting\n    his forthcoming compilation Vital Idol. It was the live version\n    that shot straight to #1, beating out Tiffany's cover of Tommy\n    James I Think We're Alone Now.", {"i": {"#tail": "compilation.", "#text": "Greatest Hits"}, "#text": "The live single version can be found on Idol's"}]}, "artist": "Billy Idol", "lengths": {"length": ["5:01 (on Don't Stop )", "5:02 (on Vital Idol )"]}, "title": "Mony Mony", "recorded": "1980", "label": "Chrysalis", "producers": {"producer": "Keith Forsey"}, "released": "1981 (original version) , 1987 (live\n  version)", "writers": {"writer": ["Tommy James", "Bo Gentry", "Richie Cordell", "and Bobby Bloom"]}, "formats": {"format": ["7\"", "12\""]}, "weeks": {"week": "1987-11-21"}}}