{"top-song": {"album": "360 Degrees of\n  Billy Paul", "genres": {"genre": "R&B"}, "descr": {"p": ["\"Me and Mrs. Jones\" was written by Kenny Gamble and Leon\n    Huff. It describes an extramarital affair between a man and his\n    lover, Mrs. Jones. It has been recorded by Billy Paul and\n    Michael Bubl\u00e9, amongst others.", {"i": {"#tail": ", was written by Kenny Gamble\n    and Leon Huff. It describes an extramarital affair between a\n    man and his lover, Mrs. Jones.", "#text": "360 Degrees of Billy Paul"}, "#text": "\"Me and Mrs. Jones\" was a number-one single originally\n    performed by soul singer Billy Paul, recorded and released in\n    1972 on CBS Records' Epic imprint. The single, included on the\n    album"}, "The single became Paul's only number-one single on the\n    Billboard Hot 100, peaking at that position for three weeks in\n    December 1972. \"Me and Mrs. Jones\" also achieved this feat on\n    Billboard's R&B Singles chart, remaining at the number-one\n    position for four weeks. It replaced \"I Am Woman\" by Helen\n    Reddy and was replaced by Carly Simon's \"You're So Vain\".", {"i": {"#tail": ", Michael Bubl\u00e9's third album. The\n    song was a collaboration between Bubl\u00e9's then girlfriend, Emily\n    Blunt appears at the end of the song, singing minor back\n    vocals.", "#text": "Call Me Irresponsible"}, "#text": "\"Me and Mrs. Jones\" is the second single to be released off"}, "\"Me and Mrs. Jones\" has been well-received by critics, with\n    Okayplayer even stating", "Additionally, the song was promoted by its performance at\n    AOL Sessions. It has additionally been played at many of his\n    concerts promoting his new album.", "A music video was made for the song. It consists mainly of\n    Bubl\u00e9 standing in front of a window singing the song. Some\n    scenes show a woman, representing \"Mrs. Jones\". Some shots from\n    the promotional videos of \"Lost\" were used (particularly the\n    ones where he lies on a white bed).", "Since it is believed that the single was cancelled soon\n    after its release (there was little to no promotion for the\n    song), \"Me and Mrs. Jones\" was not eligible to chart in any\n    major music charts. However, it did chart in Switzerland.", "A cover of the song was also a hit for the 1970s group The\n    Dramatics. Their version peaked at #47 on the pop charts and #4\n    on the R&B charts in 1974.", "It has also been covered by Ten Wedge, Roy Meriwether, Andy\n    Abraham, George Huff, Sandra Bernhard, Head, Sarah Jane Morris,\n    Michael Bubl\u00e9, Hall & Oates, the experimental rock band Sun\n    City Girls, Amii Stewart and the soul band Tower of Power.", {"i": {"#tail": ", entitled \"A Thing Goin' On\".", "#text": "Gangsta's Paradise"}, "#text": "A remake of this song was recorded by Freddie Jackson in\n    1992. Coolio recorded his own version on his album"}, {"i": {"#tail": ", was published in 2003 by\n    the German soul singer Stefan Gwildis.", "#text": "Sie l\u00e4sst mich nicht mehr los"}, "#text": "A German version, entitled"}, "Bobby Brown sampled the song in his first #1 solo hit,\n    \"Girlfriend\", in 1986."]}, "artist": "Billy Paul", "lengths": {"length": "4:42"}, "title": "Me and Mrs. Jones", "label": "Philadelphia International", "producers": {"producer": ["Kenny Gamble", "Leon Huff"]}, "released": "1972", "writers": {"writer": ["Kenny Gamble", "Leon Huff and Cary Gilbert"]}, "formats": {"format": "7\" 45 RPM"}, "weeks": {"week": ["1972-12-16", "1972-12-23", "1972-12-30"]}}}