{"top-song": {"album": "An Innocent\n  Man", "genres": {"genre": "Pop / Rock"}, "descr": {"p": [{"i": {"#tail": ". An apparent homage to the Motown Sound,\n    the song was #1 on the Hot 100 charts for one week on September\n    24, 1983, replacing \"Maniac\" by Michael Sembello, which like\n    \"Tell Her About It\" was produced by Phil Ramone. The single\n    reached Gold certification from the RIAA for sales in the\n    US.", "#text": "An Innocent Man"}, "#text": "\"Tell Her About It\" is a hit 1983 song performed by Billy\n    Joel, from the hit album"}, "In the lyrics of the song, the singer exhorts a young man to\n    tell the woman he loves how he feels about her before he misses\n    his chance.", {"i": {"#tail": "of the 1960s. The cover shot for the\n    UK release of the song was taken from the video, as seen below.\n    An Ed Sullivan imitator (Will Jordan) introduces Joel after\n    Topo Gigio, the talking mouse, finishes his skit. At the end of\n    the song, comedian Rodney Dangerfield is there preparing to go\n    on \"stage\" thanking Joel for warming up the crowd.", "#text": "The Ed Sullivan Show"}, "#text": "The video for the song shows Joel singing the song as if he\n    was on"}, {"i": {"#tail": "during the announcement of the top 12.", "#text": "American Idol"}, "#text": "The song was performed once on LIVE! Tour 2009 by Joel with\n    finalists Matt Giraud and Scott MacIntyre. Due to fan reaction,\n    they also performed it on the 2010 season of"}, {"i": {"span": ["Piano Man\u00a0\u00b7", "Streetlife\n        Serenade\u00a0\u00b7", "Turnstiles\u00a0\u00b7", "The Stranger\u00a0\u00b7", "52nd Street\u00a0\u00b7", "Glass Houses\u00a0\u00b7", "The Nylon\n        Curtain\u00a0\u00b7", "An Innocent\n        Man\u00a0\u00b7", "The Bridge\u00a0\u00b7", "Storm Front\u00a0\u00b7", "River of\n        Dreams\u00a0\u00b7", "Fantasies &\n        Delusions"]}, "span": {"i": "Cold Spring Harbor\u00a0\u00b7"}}, {"i": {"span": ["KOH\u0426EPT\u00a0\u00b7", "2000 Years: The Millennium\n        Concert\u00a0\u00b7", "12 Gardens Live"]}, "span": {"i": "Songs in the Attic\u00a0\u00b7"}}, {"i": {"span": ["The Ultimate\n        Collection\u00a0\u00b7", "The Essential Billy\n        Joel\u00a0\u00b7", "Piano Man: The Very Best\n        of Billy Joel\u00a0\u00b7", "My Lives"]}, "span": {"i": "Greatest Hits, Vols. 1-3\u00a0\u00b7"}}, {"span": ["\"Piano Man\"\u00a0\u00b7", "\"Worse Comes to\n      Worst\"\u00a0\u00b7", "\"Travelin'\n      Prayer\"\u00a0\u00b7", "\"The\n      Entertainer\"\u00a0\u00b7", "\"New York State of\n      Mind\"\u00a0\u00b7", "\"Just the Way You\n      Are\"\u00a0\u00b7", "\"Movin' Out (Anthony's\n      Song)\"\u00a0\u00b7", "\"Only the Good Die\n      Young\"\u00a0\u00b7", "\"She's Always a\n      Woman\"\u00a0\u00b7", "\"The Stranger\"\u00a0\u00b7", "\"My Life\"\u00a0\u00b7", "\"Big Shot\"\u00a0\u00b7", "\"Honesty\"\u00a0\u00b7", "\"Until the\n      Night\"\u00a0\u00b7", "\"All for\n      Leyna\"\u00a0\u00b7", "\"You May Be\n      Right\"\u00a0\u00b7", "\"It's Still Rock and Roll to\n      Me\"\u00a0\u00b7", "\"Don't Ask Me\n      Why\"\u00a0\u00b7", "\"Sometimes a\n      Fantasy\"\u00a0\u00b7", "\"Say Goodbye to Hollywood\"\n      (Live)\u00a0\u00b7", "\"She's Got a Way\"\n      (Live)\u00a0\u00b7", "\"Pressure\"\u00a0\u00b7", "\"Allentown\"\u00a0\u00b7", "\"Goodnight\n      Saigon\"\u00a0\u00b7", {"#text": "\"", "strong": {"#tail": "\"\u00a0\u00b7", "#text": "Tell Her About It"}}, "\"Uptown Girl\"\u00a0\u00b7", "\"An Innocent\n      Man\"\u00a0\u00b7", "\"The Longest\n      Time\"\u00a0\u00b7", "\"Leave a Tender Moment\n      Alone\"\u00a0\u00b7", "\"This Night\"\u00a0\u00b7", "\"Keeping the\n      Faith\"\u00a0\u00b7", "\"You're Only Human (Second\n      Wind)\"\u00a0\u00b7", "\"The Night Is Still\n      Young\"\u00a0\u00b7", "\"Modern Woman\"\u00a0\u00b7", "\"A Matter of\n      Trust\"\u00a0\u00b7", "\"Baby Grand\"\u00a0\u00b7", "\"This Is the\n      Time\"\u00a0\u00b7", "\"We Didn't Start the\n      Fire\"\u00a0\u00b7", "\"Leningrad\"\u00a0\u00b7", "\"I Go to\n      Extremes\"\u00a0\u00b7", "\"And So It\n      Goes\"\u00a0\u00b7", "\"That's Not Her\n      Style\"\u00a0\u00b7", "\"The Downeaster\n      'Alexa'\"\u00a0\u00b7", "\"Shameless\"\u00a0\u00b7", "\"All Shook Up\"\u00a0\u00b7", "\"The River of\n      Dreams\"\u00a0\u00b7", "\"All About\n      Soul\"\u00a0\u00b7", "\"No Man's\n      Land\"\u00a0\u00b7", "\"Lullabye (Goodnight, My\n      Angel)\"\u00a0\u00b7", "\"To Make You Feel My\n      Love\"\u00a0\u00b7", "\"Hey Girl\"\u00a0\u00b7", "\"All My Life\"\u00a0\u00b7", "\"Christmas in\n      Fallujah\""]}, {"span": ["Discography\u00a0\u00b7", {"i": "Movin' Out"}]}]}, "artist": "Billy Joel", "lengths": {"length": "3:52"}, "title": "Tell Her About It", "label": "Columbia", "producers": {"producer": "Phil Ramone"}, "released": "July 1983", "writers": {"writer": "Billy Joel"}, "formats": {"format": "7\" vinyl"}, "weeks": {"week": "1983-09-24"}}}