{"top-song": {"album": "Glass\n  Houses", "genres": {"genre": "Rock"}, "descr": {"p": [{"i": {"#tail": ". The song was #1 on the Hot 100 charts for\n    two weeks, from July 19 through August 1, 1980.", "#text": "Glass Houses"}, "#text": "\"It's Still Rock and Roll to Me\" is a hit 1980 song\n    performed by Billy Joel, from the hit album"}, "The song is a cynical look at the music industry as a\n    publicist/manager begs the protagonist (Joel) to remain hip for\n    the younger crowd (\"What's the matter with the car I'm driving?\n    / \"Can't you tell that it's out of style?\"), and the\n    protagonist's refusal to change, claiming his music will remain\n    relevant regardless of his appearance. The song was a stab by\n    Joel at the new music genres that were around in the early\n    1980s (punk, funk, new wave) and uses a new wave sound. The\n    music video depicted Joel mixing elements of new wave, punk,\n    and funk as he records a music video. The single reached\n    Platinum certification from the RIAA for sales in the U.S.", {"i": {"#tail": ".", "#text": "Dr. Demento's Basement Tapes"}, "#text": "\"Weird Al\" Yankovic did a parody of the song entitled \"It's\n    Still Billy Joel to Me.\" The song was released on the CD set,"}, {"i": {"#tail": ".", "#text": "Karaoke Revolution Presents: American Idol Encore"}, "#text": "The song appears on the game"}, {"i": {"span": ["Piano Man\u00a0\u00b7", "Streetlife\n        Serenade\u00a0\u00b7", "Turnstiles\u00a0\u00b7", "The Stranger\u00a0\u00b7", "52nd Street\u00a0\u00b7", "Glass Houses\u00a0\u00b7", "The Nylon\n        Curtain\u00a0\u00b7", "An Innocent\n        Man\u00a0\u00b7", "The Bridge\u00a0\u00b7", "Storm Front\u00a0\u00b7", "River of\n        Dreams\u00a0\u00b7", "Fantasies &\n        Delusions"]}, "span": {"i": "Cold Spring Harbor\u00a0\u00b7"}}, {"i": {"span": ["KOH\u0426EPT\u00a0\u00b7", "2000 Years: The Millennium\n        Concert\u00a0\u00b7", "12 Gardens Live"]}, "span": {"i": "Songs in the Attic\u00a0\u00b7"}}, {"i": {"span": ["The Ultimate\n        Collection\u00a0\u00b7", "The Essential Billy\n        Joel\u00a0\u00b7", "Piano Man: The Very Best\n        of Billy Joel\u00a0\u00b7", "My Lives"]}, "span": {"i": "Greatest Hits, Vols. 1-3\u00a0\u00b7"}}, {"span": ["\"Piano Man\"\u00a0\u00b7", "\"Worse Comes to\n      Worst\"\u00a0\u00b7", "\"Travelin'\n      Prayer\"\u00a0\u00b7", "\"The\n      Entertainer\"\u00a0\u00b7", "\"New York State of\n      Mind\"\u00a0\u00b7", "\"Just the Way You\n      Are\"\u00a0\u00b7", "\"Movin' Out (Anthony's\n      Song)\"\u00a0\u00b7", "\"Only the Good Die\n      Young\"\u00a0\u00b7", "\"She's Always a\n      Woman\"\u00a0\u00b7", "\"The Stranger\"\u00a0\u00b7", "\"My Life\"\u00a0\u00b7", "\"Big Shot\"\u00a0\u00b7", "\"Honesty\"\u00a0\u00b7", "\"Until the\n      Night\"\u00a0\u00b7", "\"All for\n      Leyna\"\u00a0\u00b7", "\"You May Be\n      Right\"\u00a0\u00b7", {"#text": "\"", "strong": {"#tail": "\"\u00a0\u00b7", "#text": "It's Still Rock and Roll to Me"}}, "\"Don't Ask Me\n      Why\"\u00a0\u00b7", "\"Sometimes a\n      Fantasy\"\u00a0\u00b7", "\"Say Goodbye to Hollywood\"\n      (Live)\u00a0\u00b7", "\"She's Got a Way\"\n      (Live)\u00a0\u00b7", "\"Pressure\"\u00a0\u00b7", "\"Allentown\"\u00a0\u00b7", "\"Goodnight\n      Saigon\"\u00a0\u00b7", "\"Tell Her About\n      It\"\u00a0\u00b7", "\"Uptown Girl\"\u00a0\u00b7", "\"An Innocent\n      Man\"\u00a0\u00b7", "\"The Longest\n      Time\"\u00a0\u00b7", "\"Leave a Tender Moment\n      Alone\"\u00a0\u00b7", "\"This Night\"\u00a0\u00b7", "\"Keeping the\n      Faith\"\u00a0\u00b7", "\"You're Only Human (Second\n      Wind)\"\u00a0\u00b7", "\"The Night Is Still\n      Young\"\u00a0\u00b7", "\"Modern Woman\"\u00a0\u00b7", "\"A Matter of\n      Trust\"\u00a0\u00b7", "\"Baby Grand\"\u00a0\u00b7", "\"This Is the\n      Time\"\u00a0\u00b7", "\"We Didn't Start the\n      Fire\"\u00a0\u00b7", "\"Leningrad\"\u00a0\u00b7", "\"I Go to\n      Extremes\"\u00a0\u00b7", "\"And So It\n      Goes\"\u00a0\u00b7", "\"That's Not Her\n      Style\"\u00a0\u00b7", "\"The Downeaster\n      'Alexa'\"\u00a0\u00b7", "\"Shameless\"\u00a0\u00b7", "\"All Shook Up\"\u00a0\u00b7", "\"The River of\n      Dreams\"\u00a0\u00b7", "\"All About\n      Soul\"\u00a0\u00b7", "\"No Man's\n      Land\"\u00a0\u00b7", "\"Lullabye (Goodnight, My\n      Angel)\"\u00a0\u00b7", "\"To Make You Feel My\n      Love\"\u00a0\u00b7", "\"Hey Girl\"\u00a0\u00b7", "\"All My Life\"\u00a0\u00b7", "\"Christmas in\n      Fallujah\""]}, {"span": ["Discography\u00a0\u00b7", {"i": "Movin' Out"}]}]}, "artist": "Billy Joel", "lengths": {"length": "2:57"}, "title": "It's Still Rock and Roll to Me", "recorded": "1979", "label": "Columbia", "producers": {"producer": "Phil Ramone"}, "released": "1980", "writers": {"writer": "Billy Joel"}, "formats": {"format": "7\" vinyl"}, "weeks": {"week": ["1980-07-19", "1980-07-26"]}}}