{"top-song": {"album": "Suddenly", "genres": {"genre": ["R&B", "Funk", "Dance-pop", "Post-disco"]}, "descr": {"p": ["\"Caribbean Queen\" is a song by Billy Ocean. Co-written and\n    co-produced by Robert John \"Mutt\" Lange, it climbed to number\n    one on both the soul singles and Hot 100, in the U.S.. and\n    number six in the UK in 1984.", "The song was recorded under different titles for different\n    parts of the world\u2014resulting in versions such as \"European\n    Queen\" and \"African Queen.\"", "In 2004, the song was re-released as a digital single for\n    its 20th anniversary, shooting up to #25 on the Billboard\n    digital singles chart and garnering radio play across the US\n    and UK.", "A remix of the single by Will.I.Am was released in 2005, and\n    it later appeared on Pitchfork's \"Top 500 Tracks of the 2000s\"\n    countdown, at #87."]}, "artist": "Billy Ocean", "lengths": {"length": "4:10"}, "title": "Caribbean Queen (No More Love on the Run)", "label": "Jive", "producers": {"producer": "Robert John \"Mutt\" Lange"}, "released": "1984", "writers": {"writer": ["Billy Ocean", "Robert John \"Mutt\" Lange"]}, "weeks": {"week": ["1984-11-03", "1984-11-10"]}}}