{"top-song": {"album": "Dirty Dancing", "genres": {"genre": "Pop"}, "descr": {"p": [{"i": {"#tail": "by choreographer Kenny Ortega and his\n    assistant Miranda Garrison (who also played Vivian in the\n    film).", "#text": "Dirty Dancing"}, "#text": "\"(I've Had) The Time of My Life\" is a song composed by\n    Franke Previte, John DeNicola, and Donald Markowitz. It was\n    recorded by Bill Medley and Jennifer Warnes, after having been\n    selected to be the finale song for the 1987 film"}, {"i": {"#tail": ", the single topped the Billboard Hot 100\n    chart in November for one week. In the United Kingdom the song\n    had two chart outings. Firstly, in November 1987 after the\n    film's initial release the song peaked at #6, and again when\n    the film was shown on mainstream television the song reached as\n    high as #8 (January 1991).", "#text": "Dirty Dancing"}, "#text": "Due to the massive success of"}, {"i": {"#tail": ". The season 11 episode, \"Faith Off\" altered\n    the chorus during a football game's half-time rendition,\n    lending support to Homer's alma mater, Springfield University.\n    It sings: \"I had the halftime of my life, and I owe it all to\n    S.U.\"", "#text": "The Simpsons"}, "#text": "A parody was made in the animated comedy series"}]}, "artist": "Bill Medley and Jennifer Warnes", "lengths": {"length": ["4:47 [LP Version]", "6:46 [Extended]"]}, "title": "(I've Had) The Time of My Life", "label": "RCA", "producers": {"producer": "Michael Lloyd"}, "released": "1987 \u00a0(1987)", "writers": {"writer": ["Franke Previte", "John DeNicola", "Donald Markowitz"]}, "formats": {"format": ["7\" single", "12\" maxi", "Cassette single"]}, "weeks": {"week": "1987-11-28"}}}