{"top-song": {"album": "Tear Down These Walls", "descr": {"p": "\"Get Outta My Dreams, Get into My Car\" is a number one\n    single by singer Billy Ocean. Part of its popularity lay in its\n    cutting-edge (for the time) video, which featured cartoon mixed\n    with live-action sequences. The song went to number one on the\n    U.S. Billboard Hot 100 and the Hot Black Singles chart. . It\n    also peaked at three on the UK Singles Chart. The title was\n    inspired by a line in the song \"You're Sixteen\", \"you stepped\n    out of my dreams, and into my car\"."}, "artist": "Billy Ocean", "lengths": {"length": ["08:59 (Extended Version)", "05:36 (Original Album Version)", "05:29 (Instrumental Version)", "04:43 (Single Version)"]}, "title": "Get Outta My Dreams, Get into My Car", "recorded": "1987", "label": "Jive", "producers": {"producer": "Robert John \"Mutt\" Lange"}, "released": "1988", "writers": {"writer": ["Billy Ocean", "Robert John \"Mutt\" Lange"]}, "weeks": {"week": ["1988-04-09", "1988-04-16"]}}}