{"top-song": {"weeks": {"week": "1944-12-23"}, "artist": "Bing Crosby and The Andrews Sisters", "descr": {"p": ["Don't Fence Me In is a popular American song with music by\n    Cole Porter and lyrics by Robert Fletcher and Cole Porter.", {"i": {"#tail": "an unproduced 20th Century Fox film\n    musical, \"Don't Fence Me In\" was based on text by a poet and\n    engineer with the Department of Highways in Helena, Montana,\n    Robert (Bob) Fletcher. Cole Porter, who had been asked to write\n    a cowboy song for the 20th Century Fox musical, bought the poem\n    from Fletcher for $250. Porter reworked Fletcher's poem, and\n    when the song was first published, Porter was credited with\n    sole authorship. Porter had wanted to give Fletcher\n    co-authorship credit, but his publishers did not allow that.\n    After the song became popular, however, Fletcher hired\n    attorneys who negotiated his being given co-authorship credit\n    in subsequent publications. Although it was one of the most\n    popular songs of its time, Porter claimed it was his least\n    favorite of his own compositions.", "#text": "Adios, Argentina,"}, "#text": "Originally written in 1934 for"}, {"i": [{"#tail": ". Many people heard the song for the\n    first time when Kate Smith introduced it on her radio broadcast\n    of October 8, 1944. \"Don't Fence Me In\" was also recorded by\n    Bing Crosby and The Andrews Sisters in 1944. Crosby entered the\n    studio on July 25, 1944, without having seen or heard the song.\n    Within 30 minutes, he and The Andrews Sisters had made the\n    recording, which later sold over a million copies and topped\n    the", "#text": "Hollywood Canteen"}, {"#tail": "charts for eight weeks in 1944-45.", "#text": "Billboard"}], "#text": "Ten years later, in 1944, Warner Bros. resurrected \"Don't\n    Fence Me In\" for Roy Rogers to sing in the movie,"}, "Miss Ella Fitzgerald recorded this on her Verve Cole Porter\n    Songbook album, it was also released on her Verve release \"Ella\n    Fitzgerald Sings More Cole Porter.\"", "Also made famous by the original \"Singin' Cowboy\" Gene\n    Autry.", {"i": {"#tail": "(1945), in which Dale Evans plays a\n    magazine reporter who comes to Roy Rogers' and George \"Gabby\"\n    Hayes' ranch to research a story which she is writing about a\n    legendary late gunslinger. When it's revealed that Gabby Hayes\n    is actually the supposedly dead outlaw, Roy must clear his\n    name. Rogers and The Sons of the Pioneers also find time to\n    perform some songs, including the Cole Porter title tune.", "#text": "Don't Fence Me In"}, "#text": "The following year, the song was sung again as the title\n    tune of another Roy Rogers film,"}, {"i": {"#tail": "of Rogers singing \"Don't Fence Me\n    In.\"", "#text": "Hollywood Canteen"}, "#text": "The next year (1946), a biopic about Cole Porter used a clip\n    from"}, null]}, "title": "Don't Fence Me In"}}