{"top-song": {"weeks": {"week": "1944-07-01"}, "artist": "Bing Crosby", "descr": {"p": [{"i": {"#tail": ", which closed after fifteen performances.\n    Its music was written by Sammy Fain, the lyrics by Irving\n    Kahal. The song was published in 1938.", "#text": "Right This Way"}, "#text": "\"I'll Be Seeing You\" is a popular song from the Broadway\n    musical"}, "The musical theme has emotional power, and was much loved\n    during World War II. The lyrics begin, in Ambrose's recorded\n    version, with a preamble:,", "Cathedral bells were calling and our hearts sang on;, Was it\n    the spell of Paris or the April dawn?, Who knows if we shall\n    meet again,, But when the morning chimes ring sweet again,,\n    I'll be seeing you in all the old familiar places...", "As the song develops, the words take a jaunty commonplace of\n    casual farewell and transform it by degrees, to climax with", "\"...and when the night is new,, I'll be looking at the\n    moon,, But I'll be seeing you.\"", "The resemblance between the main tune's first four lines and\n    a passage within the theme of the last movement of Gustav\n    Mahler's Third Symphony (1896) was pointed out by Deryck Cooke\n    in 1970", {"i": [{"#tail": ", starring Ginger Rogers and Joseph\n    Cotten, the recording by Bing Crosby became a hit that year,\n    being number one for the week of July 8. Later, the song became\n    notably associated with Liberace, as the theme to his\n    television show of the 1950s. It has also been featured in the\n    1989 Woody Allen film", "#text": "I'll be Seeing You"}, {"#tail": "; in the end credits of the 1990\n    film ; in the 1992 movie", "#text": "Crimes and Misdemeanors"}, {"#tail": "; in a few episodes of", "#text": "Shining Through"}, {"#tail": "s final season; and in the\n    2004 film", "#text": "Star Trek: Deep Space Nine'"}, {"#tail": "as the song for Noah and Allie. It was also\n    featured in the closing credits for the final episode of", "#text": "The Notebook"}, {"#tail": ". During the 2009 Academy Awards\n    presentation, Queen Latifah sang the song during the 'In\n    Memoriam' tribute to members of the motion picture industry who\n    had died during the previous year, which was controversial\n    because the In Memoriam tribute was previously traditionally\n    unaccompanied.", "#text": "Beavis and Butthead"}], "#text": "Featured throughout the 1944 movie also titled"}, "The song has been covered by well known artists."]}, "title": "I'll Be Seeing You"}}