{"top-song": {"weeks": {"week": "1944-08-05"}, "artist": "Bing Crosby", "descr": {"p": ["\"Swinging on a Star\" is an American pop standard with music\n    composed by Jimmy Van Heusen and lyrics by Johnny Burke. It was\n    sung by Bing Crosby in the 1944 film Going My Way, winning an\n    Academy Award for best song, and has been recorded by numerous\n    artist since then.", {"i": {"#tail": ". During the meal one of the children began\n    complaining about how he didn\u2019t want to go to school the next\n    day. The singer turned to his son and said to him, \u201cIf you\n    don\u2019t go to school, you might grow up to be a mule. Do you\n    wanna do that?\u201d", "#text": "Going My Way"}, "#text": "Song writer Jimmy Van Heusen was at Crosby\u2019s house one\n    evening for dinner, and to discuss a song for the movie"}, "Van Heusen thought this clever rebuke would make a good song\n    for the movie. He pictured Bing, who played a priest, talking\n    to a group of children acting much the same way as his own\n    child had acted that night. Van Heusen took the idea to his\n    partner lyricist Johnny Burke, who approved. They wrote the\n    song.", {"i": {"#tail": "took place in Los Angeles on February\n    7, 1944, released by Decca Records. The Williams Brothers\n    quartet, including legendary crooner Andy Williams, sang backup\n    vocals to Crosby.", "#text": "Swinging on a Star"}, "#text": "The first recording of"}, {"i": {"#tail": ",", "#text": "Bout with a Trout."}, "#text": "It was also featured in the Little Lulu cartoon,"}, "Some additional recordings:", {"i": [{"#tail": "cartoon, which depicted a man-turned-pig\n    saying to his wife, \"Hey, so I made the wrong decision!\n    [referring to the part of the song which says \"Or would you\n    rather be a pig\"] But I wasn't sure I", "#text": "The Far Side"}, {"#tail": "to swing on a star, carry moonbeams home in a\n    jar!\"", "#text": "wanted"}], "#text": "The song was parodied in a"}, "In 1969, Ray Stevens sang \"Gitarzan\", which featured the\n    wrong notes from \"Swinging on a Star\". (\"Carrying Moonbeams\n    Home in a Jar\").", {"i": {"#tail": "indie legend Morrissey occasionally sang\n    the chorus over the chorus of his 2004 hit 'First of the Gang\n    to Die'.", "#text": "Tour of Refusal"}, "#text": "During his 2009"}]}, "title": "Swinging on a Star"}}