{"top-song": {"weeks": {"week": "1943-09-11"}, "artist": "Bing Crosby", "descr": {"p": ["\"Sunday, Monday, or Always\" is a popular song.", "The music was written by Jimmy Van Heusen, the lyrics by\n    Johnny Burke. The song was published in 1943.", "The biggest hit version, recorded by Bing Crosby in 1943,\n    was made during a musician's strike, and recorded with a vocal\n    group background instead of an orchestra. This recording was\n    released by Decca Records as catalog number 18561. It first\n    reached the Billboard magazine Best Seller chart on August 19,\n    1943 and lasted 18 weeks on the chart, peaking at #1.", "The song was also recorded by Frank Sinatra about the same\n    time, with a similar vocal background because of the strike.\n    This version was released by Columbia Records as catalog number\n    36679. It first reached the Billboard magazine Best Seller\n    chart on September 9, 1943 and lasted 4 weeks on the chart,\n    peaking at #9."]}, "title": "Sunday, Monday, or Always"}}