{"top-song": {"genres": {"genre": "Traditional pop"}, "descr": {"p": ["\"Only Forever\" is a song popularized in 1940 by Bing Crosby.\n    It reached number 1 on the Billboard charts on October 19,\n    1940. \"Only Forever\" was written by James V. Monaco and Johnny\n    Burke for the 1940 film Rhythm on the River.[1] Also recorded\n    by Nat King Cole.", "\"Only Forever's\" lyrics detail how long the singer's love\n    will last.", "Do I want to be with you, As the years come and go?, Only\n    forever, If you care to know., Would I grant all your wishes,\n    And be proud of the task, Only forever, If someone should ask.,\n    How long would it take me, To be near if you beckon?, Off hand\n    I would figure, Less than a second., Do you think I'll\n    remember, How you looked when you smile?, Only forever, That's\n    puttin' it mild.,", "How long would it take me, To be near if you beckon?, Off\n    hand I would figure, Less than a second., Do you think I'll\n    remember, How you looked when you smile?, Only forever, That's\n    puttin' it mild.,"]}, "artist": "Bing Crosby", "lengths": {"length": "03:12"}, "title": "Only Forever", "writers": {"writer": "James V. Monaco and Johnny Burke"}, "weeks": {"week": ["1940-10-19", "1940-10-26", "1940-11-09", "1940-11-16", "1940-11-23", "1940-11-30", "1940-12-07", "1940-12-14"]}}}