{"top-song": {"weeks": {"week": "1944-05-06"}, "artist": "Bing Crosby", "descr": {"p": [{"i": {"#tail": ". It was popularized by Bing Crosby in\n    the same year. The lyrics of the chorus are satirically and\n    deliberately banal, the verse apologizing for the use of\n    lyrical cliches.", "#text": "Mexican Hayride"}, "#text": "\"I Love You\" is a song written by Cole Porter in 1944 for\n    his stage musical"}, "Versions have also been recorded by Frank Sinatra, Jo\n    Stafford and John Coltrane.", "Barbra Streisand performed several lines in her \"Color Me\n    Barbra Medley\" from the TV special and album \"Color Me\n    Barbra\"."]}, "title": "I Love You"}}