{"top-song": {"weeks": {"week": ["1942-10-31", "1942-11-07", "1942-11-14", "1942-11-21", "1942-11-28", "1942-12-05", "1942-12-12", "1942-12-19", "1942-12-26"]}, "artist": "Bing Crosby", "descr": {"p": ["\"White Christmas\" is an Irving Berlin song reminiscing about\n    an old-fashioned Christmas setting. The version sung by Bing\n    Crosby is the best selling single of all time.", "Accounts vary as to when and where Berlin wrote the song.\n    One story is that he wrote it in 1940, poolside at the Biltmore\n    hotel in Phoenix, Arizona. He often stayed up all night\n    writing\u00a0\u2014 he told his secretary, \"Grab your pen and take\n    down this song. I just wrote the best song I've ever\n    written\u00a0\u2014 heck, I just wrote the best song that anybody's\n    ever written!\"", "The first public performance of the song was also by Crosby,\n    on his NBC radio show on Christmas Day, 1941 and the recording\n    is not believed to have survived. He recorded the song with the\n    John Scott Trotter Orchestra and the Ken Darby Singers for\n    Decca Records in just 18 minutes on May 29, 1942, and it was\n    released on July 30 as part of an album of six 78-rpm songs\n    from the film . At first, Crosby did not see anything special\n    about the song. He just said \"I don't think we have any\n    problems with that one, Irving.\"", "The song initially performed poorly and was overshadowed by\n    the film's first hit song: \"Be Careful, It's my Heart\". By the\n    end of October 1942, however, \"White Christmas\" topped the\n    \"Your Hit Parade\" chart. It remained in that position until\n    well into the new year. (It has often been noted that the mix\n    of melancholy\u00a0\u2014 \"just like the ones I used to know\"\u00a0\u2014\n    with comforting images of home\u00a0\u2014 \"where the treetops\n    glisten\"\u00a0\u2014 resonated especially strongly with listeners\n    during World War II. The Armed Forces Network was flooded with\n    requests for the song.)", "In 1942 alone, Crosby's recording spent eleven weeks on top\n    of the Billboard charts. The original version also hit number\n    one on the Harlem Hit Parade for three weeks, Crosby's\n    first-ever appearance on the black-oriented chart. Re-released\n    by Decca, the single returned to the #1 spot during the holiday\n    seasons of 1945 and 1946 (on the chart dated January 4, 1947),\n    thus becoming the only single with three separate runs at the\n    top of the U.S. charts. The recording became a chart perennial,\n    reappearing annually on the pop chart twenty separate times\n    before Billboard Magazine created a distinct Christmas chart\n    for seasonal releases.", {"i": {"#tail": ", the composition won the Academy Award for\n    Best Original Song. In the film, Bing Crosby sings \"White\n    Christmas\" as a duet with actress Marjorie Reynolds, though her\n    voice was dubbed by Martha Mears. This now-familiar scene was\n    not the moviemakers' initial plan; in the script as originally\n    conceived, Reynolds, not Crosby, was to sing the song.", "#text": "Holiday Inn"}, "#text": "Following its prominence in in the musical"}, "The familiar version of \"White Christmas\" most often heard\n    today is not the one Crosby recorded in 1942. He was called to\n    Decca studios on March 18, 1947, to re-record the track; the\n    1942 master had become damaged due to its frequent use. Efforts\n    were made to exactly reproduce the original recording session,\n    and Crosby was again backed by the Trotter Orchestra and the\n    Darby Singers. Even so, there are subtle differences in the\n    orchestration, most notably the addition of a celesta and\n    flutes to brighten up the introduction.", {"i": {"#tail": "\u2014 was the highest-grossing film of\n    1954.", "#text": "White Christmas"}, "#text": "Crosby was dismissive of his role in the song's success,\n    saying later that \"a jackdaw with a cleft palate could have\n    sung it successfully.\" But Crosby was associated with it for\n    the rest of his career. Another Crosby vehicle \u2014 the 1954\n    musical"}, {"i": [{"#tail": "lists the song as a\n    100-million seller, encompassing all versions of the song,\n    including albums. Crosby's holiday collection", "#text": "Guinness Book of World Records"}, {"#tail": "was first released as an LP in 1949, and\n    has never been out-of-print since. However, due to incomplete\n    record keeping before 1958, \"White Christmas\" is officially\n    listed as the second best-selling single worldwide.", "#text": "Merry Christmas"}], "#text": "Crosby's \"White Christmas\" single has been credited with\n    selling 50 million copies, the most by any release. The"}, "\"ItsRanked\" ranked Crosby's \"White Christmas\" as the number\n    one Christmas song on its Top 40 Christmas Songs of all time.\n    In 1999, National Public Radio included it in the \"NPR 100\",\n    which sought to compile the one hundred most important American\n    musical works of the 20th century. In 2002, the original 1942\n    version was one of 50 historically significant recordings\n    chosen that year by the Library of Congress to be added to the\n    National Recording Registry.", "The recording was broadcast on the radio on April 30, 1975,\n    as a secret, pre-arranged signal precipitating the U.S.\n    evacuation of Saigon (see Fall of Saigon).", {"i": {"#tail": ", sung by\n    Darlene Love.", "#text": "A Christmas Gift for You from Phil Spector"}, "#text": "Irving Berlin's opening bars are often dropped in many\n    recordings, but are included on"}, "There's never been such a day, in Beverly Hills, L.A., But\n    it's December the twenty-fourth,\u2014, And I am longing to be up\n    North\u2014", "Keane's version also did include the introduction, but\n    changed lyrics to give the song a melancholic feeling:", "Seems everyone wears a frown, for Christmas in London town,\n    It reminds me each time I roamed., I'm longing to be back\n    home", {"i": [{"#tail": "during a scene in which the lead character\n    Kevin is applying his father's aftershave while mouthing the\n    lyrics. Radio stations formats as diverse as oldies, adult\n    contemporary, Top 40, and country began playing the Drifters'\n    version. The song was later featured in the film", "#text": "Home Alone"}, {"#tail": ".", "#text": "The Santa Clause"}], "#text": "The Drifters' 1954 cover of \"White Christmas\" showcased the\n    talents of lead singer Clyde McPhatter and the bass of Bill\n    Pinkney. Their recording of the song peaked at #2 on\n    Billboard\u2019s R&B chart in December 1954, and returned to the\n    same chart in the next two years. In December 1955, \"White\n    Christmas\" became the Drifters' first of 34 singles to register\n    in the mainstream Hot 100 chart. For decades, the Drifters'\n    version was primarily heard on R & B radio stations,\n    getting little exposure elsewhere. The song received a boost in\n    the early 1990s, when it was prominently featured in the film"}, {"i": {"#tail": ". In 1963, Jimmy McGriff recorded the\n    song for his album \"Christmas With McGriff\".", "#text": "The Christmas Song"}, "#text": "Andy Williams charted on the Christmas Singles chart in 1963\n    (#1) and 1967 (#22) with his version. The B-Side was his\n    version of"}, "In 2006 was covered by Twisted Sister feat Doro Pesch and\n    was released on their album A Twisted Christmas, with\n    German/English lyrics.", {"i": [{"#tail": ", in 2009. The song debuted at No. 30, on\n    the", "#text": "My Christmas"}, {"#tail": ", spent the 2 following weeks at\n    No. 19, then rose to No. 18, on its forth week, before reaching\n    No. 16 on its fifth. The song also debuted at No. 7 on the\n    Hungarian Singles Chart.", "#text": "Portuguese Singles Chart"}], "#text": "Andrea Bocelli recorded the song for his first holiday\n    album,"}, "Stiff Little Fingers Covered the song as part of their Silly\n    Encores B-Side and also appeared on their USA release album -\n    Hanx!.", "Boy George did make a cover of the song in 2009 and released\n    as a single in digital download format."]}, "title": "White Christmas"}}