{"top-song": {"weeks": {"week": "1946-01-19"}, "artist": "Bing Crosby and Carmen Cavallaro", "descr": {"p": ["\"I Can't Begin to Tell You\" is a popular song with music\n    written by James V. Monaco and lyrics by Mack Gordon. The song\n    was published in 1945.", {"i": {"#tail": "A version by Bing Crosby was the\n    best-known recording, reaching its peak of popularity in\n    1945.", "#text": "The Dolly Sisters."}, "#text": "The song was introduced by John Payne and reprised by Betty\n    Grable in the film"}, "The recording by Bing Crosby (with Carmen Cavallaro's\n    orchestra) was released by Decca Records as catalog number\n    23457. It first reached the Best Seller chart on November 15,\n    1945, and lasted 17 weeks on the chart, peaking at #1.", {"i": {"#tail": "Best Seller chart on December 27, 1945, and\n    lasted 2 weeks on the chart, peaking at #8.", "#text": "Billboard"}, "#text": "The recording by Andy Russell was released by Capitol\n    Records as catalog number 221. It first reached the"}, {"i": {"#tail": "Best Seller chart on December 27, 1945, and\n    lasted 3 weeks on the chart, peaking at #9. The flip side,\n    \"Waitin' for the Train to Come In,\" also charted, reaching #10\n    in its only week on the chart.", "#text": "Billboard"}, "#text": "The recording by the Harry James orchestra, with Grable\n    singing vocals, was released by Columbia Records as catalog\n    number 36867. It first reached the"}, {"i": {"#tail": ", in September 2000.", "#text": "Love Songs"}, "#text": "Willie Nelson recorded a country genre version of the song\n    on his all-covers album,"}]}, "title": "I Can't Begin to Tell You"}}