{"top-song": {"album": "Another\n  Level", "genres": {"genre": "R&B"}, "descr": {"p": [{"i": [{"#tail": ". It sold\n    1.6 million copies in 1996, and won the 1998 Grammy Award for\n    Best R&B Performance by a Duo or Group with Vocals and was\n    nominated for Best R&B Song. It ranked at #32 on", "#text": "Rolling Stone and MTV: 100 Greatest Pop Songs"}, {"#tail": ".", "#text": "VH1's 100 Greatest Songs of the '90s"}], "#text": "\"No Diggity\" is a song by American R&B group Blackstreet\n    featuring Dr. Dre and Queen Pen. It reached #1 on the Billboard\n    Hot 100 and #9 in the UK. It ranked at #91 on"}, "Between BLACKstreet's sung verses are rap verses performed\n    by Dre, Teddy Riley and Queen Pen, in that order, as well as\n    backing vocals from Shaquana Elam. Despite the fact that some\n    of Dr. Dre & Queen Pen's lyrics are censored, there are no\n    \"dirty\" versions of the song.", "The song's hook is an altered sample from the beginning of\n    \"Grandma's Hands\" by R&B hitmaker Bill Withers.", "The official remix of the song is a cover to the pop artist\n    Michael Jackson's \"Billie Jean\", it's later became a\n    tribute.", "The video is directed by Hype Williams and features said\n    artists in front of a beachhouse standing in the sand, dancers\n    in a wet road surrounded by black limousines, and a marionette\n    resembling former Nike spokesman Lil' Penny playing the piano\n    sample in a club. It was nominated for Best R&B Video and\n    Best Rap Video on 1997's MTV Video Music Awards. Video\n    production and casting was handled in house by Future Recording\n    Studios manager Tony Brown who also worked closely with\n    puppeteers to develop marionettes of Teddy Riley and Chauncey\n    Black.", "On November 9, 1996, \"No Diggity\" overtook \"Macarena\" for\n    the Billboard 100 Single's number one spot. Also, the term\n    \"I'll go Blackstreet on your ass\", which is credited to\n    Chauncey \"Black as the street\" Black began to appear in\n    American slang as an expression of one's desire to \"throw down\"\n    or initiate a confrontation.", "Published by Donrill Music/Zomba Enterprises, Inc.\n    (ASCAP/Chauncey Black Music for Smokin' Sounds [ASCAP]/Queenpen\n    Music (ASCAP)/Sidi Music (BMI)/Sony Songs Inc./Ain't Nothin'\n    Goin' On But Fuckin' (ASCAP)", "Track recorded by George Mayers, John Hanes, Serban Genea\n    and Sean Poland for Future Recording Studios, Virginia Beach,\n    VA. Track mastered by Herb Powers at Hit Factory, New York,\n    NY.", "Queen Pen appears courtesy of Funky Mama\n    Productions/Interscope Records. Dr. Dre appears courtesy of\n    Aftermath Entertainment.", "Track contains portions of \"Grandma's Hands\" written by Bill\n    Withers and published by Interior Music Corp./Avant Garde Music\n    Publishing, Inc. (BMI); performed by Bill Withers, used\n    courtesy of Sony Music Entertainment", "\"Billie Jean\" written by Michael Jackson."]}, "artist": "BLACKstreet featuring Dr. Dre", "lengths": {"length": "5:03"}, "title": "No Diggity", "recorded": "1996", "label": "Interscope , 069495003-2", "producers": {"producer": "Teddy Riley and Skylz"}, "released": "October 1, 1996/1997", "writers": {"writer": "Andre Young/ Chauncey Hannibal / Teddy Riley /William\n    Stewart/Lynise Walters/Richard Vick/ Bill Withers"}, "formats": {"format": ["12-inch single", "CD5"]}, "weeks": {"week": ["1996-11-09", "1996-11-16", "1996-11-23", "1996-11-30"]}}}