{"top-song": {"album": "The\n  E.N.D.", "genres": {"genre": ["Electro-hop", "R&B", "hip-hop"]}, "descr": {"p": [{"i": {"#tail": "The song uses the auto-tune vocal effect, and\n    blends the genres of dance pop, electro-hop and hip hop.", "#text": "The E.N.D."}, "#text": "\"Boom Boom Pow\" is a single by the Black Eyed Peas released\n    as the lead single from their fifth studio album,"}, {"i": [{"#tail": ", \"I Gotta Feeling\", which held the top spot\n    for 14 consecutive weeks. It has also topped the Australian,\n    Canadian and UK singles charts as well as reaching the top 10\n    in more than 20 countries. The song was named 7th on the", "#text": "The E.N.D."}, {"#tail": "Hot 100 Songs of the Decade.", "#text": "Billboard"}], "#text": "\"Boom Boom Pow\" topped the Hot 100, making it the group's\n    first U.S. number-one single. It is the second longest-running\n    single to stay atop the Hot 100 in 2009, beaten only by the\n    Black Eyed Peas' second single from"}, "The song sold over 4,295,000 digital downloads in the U.S,\n    becoming the group's highest-selling song in the U.S. to date.\n    It reached this threshold in just 23 weeks, faster than any\n    other song in digital history. The old record was set by \"Low\"\n    by Flo Rida, which topped the 4 million mark in its 35th week\n    of release. The single has since sold 5,034,711 copies in the\n    U.S.", "\"Boom Boom Pow\" was ranked as the No. 1 song and digital\n    song at the Billboard Year End Chart of 2009.", {"i": {"#tail": "ranked the song #14 on their Best 25 Songs\n    of 2009 list.", "#text": "Rolling Stone"}, "#text": "The song was nominated at the 52nd Grammy Awards for Best\n    Dance Recording and won Best Short Form Music Video."}, "The song opens with Will.i.am meditating on and affirming a\n    new, futuristic sound for himself and the rest of the Peas (\"I\n    got that rock-and-roll, that future flow\"). Fergie, Taboo , and\n    apl.de.ap each offer a variation on this theme, after which\n    Will.i.am (introduced by Fergie) demonstrates the theme at work\n    in a series of rapid-fire raps, punctuated with digital\n    effects. The song concludes with Fergie repeating her initial\n    verse, forming an outro of sorts and taking the listener more\n    or less full-circle.", "Fergie has commented on the unusual structure of the song,\n    stating", {"i": [{"#tail": "breakfast show (", "#text": "Merrick and Rosso"}, {"#tail": ") that the song was heavily influenced by the\n    electro sounds he heard in the nightclubs in Sydney, Australia,\n    during the filming of", "#text": "Nova 96.9"}, {"#tail": "and his visit to Australia.", "#text": "X-Men Origins: Wolverine"}], "#text": "The song also attempts a futuristic quality, with Fergie\n    rapping the lyric \"I'm so three thousand and eight, you so two\n    thousand and late.\" The song's beat is influenced by 1980's\n    electro song \"Planet Rock\". Will.i.am stated that the lyric\n    helped inspire the futuristic concept of the video. Will.i.am\n    also stated on the"}, {"i": {"#tail": "on the song's success, saying:", "#text": "Billboard"}, "#text": "Following the band's record breaking success with \"Boom Boom\n    Pow\" and \"I Gotta Feeling\", Will.i.am commented in a video on"}, "\"Boom Boom Pow\" was released to U.S. mainstream radio on\n    March 13, 2009. It was released officially on iTunes in the\n    U.S. on March 30, 2009. It was scheduled to be released in the\n    UK on May 25, 2009, however due to 3 alternative versions of\n    the song entering the UK iTunes Top 50 songs, the Black Eyed\n    Peas version was released 2 weeks early, on Sunday, May 10. One\n    of their full performances took place at the American Idol\n    Finale of 2009. This had also helped the single to become more\n    well known to the public.", "As of June 2009, an unknown number of North American radio\n    stations have elected to censor the song's reference to\n    satellite radio. Most UK radio stations have also been found to\n    distort the word satellite radio, and this is the version that\n    appears on the UK CD single.", "The official remix is called, \"Let the Beat Rock (Boys Noize\n    Megamix)\", and is produced by Boys Noize and there are 5\n    versions of the song. The official remixed version features 50\n    Cent of which there are 2 versions:", "The second version features Gucci Mane also in the EP, the\n    third version features Flo Rida, the fourth version is a\n    mash-up of the 50 Cent remix and the Gucci Mane remix, and the\n    fifth version is known as \"Ching, Chang, Chong\", by Rucka Rucka\n    Ali. There are other remixes using the original version of the\n    song by Busta Rhymes and Fatman Scoop.", {"i": {"#tail": ".", "#text": "G.I. Joe: The Rise of Cobra"}, "#text": "A remix by DJ Ammo/A Poet Named Life is played in the ending\n    credits of the 2009 Summer blockbuster film"}, "At the 2009 American Music Awards, the guitar riff of\n    \"Smells Like Teen Spirit\" by Nirvana was played after the\n    performance of this song.", {"i": {"#tail": ", a District 78 remix of the\n    song was used for the sudden death challenge on the first\n    episode, in the dance-off between Beat Ya Feet Kings, Southern\n    Movement, and Fr3sh. Fr3sh was eliminated.", "#text": "America's Best Dance Crew"}, "#text": "On the fourth season of"}, {"i": [{"#tail": "gave \"Boom Boom Pow\" four out of five stars,\n    saying that \"it's a fairly ridiculous robopop stomper featuring\n    no real chorus,", "#text": "Digital Spy"}, {"#tail": "-style beats, lashings of\n    Auto-Tune, techno synths that arrive half-way through and this\n    vintage diss from Fergie: 'I'm so 3008, you're so 2000 and\n    late.' It may well become grating, but frankly who cares? Right\n    now this just sounds cracking.\"", "#text": "808s & Heartbreaks"}, {"#tail": "gave the song a positive review, stating that\n    the song \"shows the Black Eyed Peas in fine form\" and that it\n    was \"a knockout\".", "#text": "Billboard"}], "#text": "Nick Levine from"}, "In Australia, Boom Boom Pow was released on the 30th of\n    March and debuted on the ARIA Charts on April 6, 2009. It has\n    since reached number one, staying there 12 weeks and was\n    certified 4x Platinum by the RIAA. It was the highest selling\n    single of 2009 before being de-throned by Britney Spears's hit\n    single \"3\". It spent 27 weeks in the Top 20. Australia is the\n    first country in which the song was released.", {"i": {"#tail": "s Mainstream Top 40 and Rhythmic Top 40 charts\n    in the same week, reaching an estimated audience of 99 million\n    on U.S. radio that week. It was the fourth song of the decade\n    of the 2000s to spend at least twelve weeks at #1, and only the\n    twelfth song in the chart's history to spend at least twelve\n    weeks at the top. It is the band's first Rhythmic number one,\n    and their second Mainstream Top 40 number one. \"Boom Boom Pow\"\n    became the first song in digital history to spend its first\n    twelve weeks of release as the most-downloaded song in America,\n    selling at least 200,000 copies a week for eleven straight\n    weeks.", "#text": "Billboard'"}, "#text": "The song (as of the end of 2009) has sold 4,670,000 million\n    downloads in the US. The U.S., the song debuted at number 71\n    after garnering heavy airplay. In its second week, it rose to\n    number 54. In the third week, it rose to 39, still surging in\n    airplay. The song rocketed from 39 to 1 in its fourth week on\n    the Hot 100. The single sold 465,000 downloads in its first\n    week of digital release, the third-largest number of download\n    sales in a single week overall, and the largest single-week and\n    debut-download totals by a group in the history of\n    digital-download sales tracking, reaching #1 on the U.S.\n    Billboard Hot 100 and Pop 100. It became the group's first U.S.\n    #1, holding the spot for twelve consecutive weeks. Having been\n    dethroned to #2 by the Black Eyed Peas' other song \"I Gotta\n    Feeling\", it is the second longest running #1 song of 2009 to\n    date on the chart, behind I Gotta Feeling, and the first song\n    to spend at least twelve weeks at #1 since Mariah Carey's \"We\n    Belong Together\" in 2005. \"Boom Boom Pow\"'s 12-week stay at #1\n    ties the record held by Eminem's \"Lose Yourself\" as the longest\n    running Rap/Hip Hop song to top the Billboard Hot 100 chart.\n    The song was finally dethroned on the Hot 100 by the band's own\n    follow up single \"I Gotta Feeling.\" The chart week of May 30,\n    2009 \"Boom Boom Pow\" became only the fifth song to top both"}, "It has also topped the charts on the Canadian Hot 100 the\n    same week as on the Hot 100 and on the Australian ARIA Charts.\n    On the New Zealand RIANZ chart, the song has so far peaked at\n    number two. Moreover, it has charted within the top 10 in more\n    than ten countries.", "On May 17, 2009, it entered the UK Singles Chart at #1 based\n    on almost 75,000 downloads alone. It is the band's second\n    number one in the UK (the other being \"Where Is the Love?\"\n    which also reached the top of the chart six years prior). It\n    has also reached #3 so far in Ireland.", "After being knocked off the number 1 spot in the United\n    Kingdom on May 24, 2009 by \"Bonkers\" by Dizzee Rascal and\n    Armand Van Helden, the song remained at the #2 slot for 2 weeks\n    before returning to #1 on June 7, 2009. \"Bonkers\" had meanwhile\n    swapped places with \"Boom Boom Pow\" and took the #2 slot. This\n    subsequently marks the first time a song has had two separate\n    runs at the summit of the chart since Shakira's \"Hips Don't\n    Lie\" in July 2006. Their follow up single in the UK \"I Gotta\n    Feeling\" also peaked at #1 and managed the same feat of having\n    two separate runs at number one on the UK Singles Chart. With\n    sales of over 600,000, the single is currently the sixth best\n    selling of 2009 in the UK. \"Boom Boom Pow\" is also the 13th\n    best selling R&B song of the 21st century in the UK.", {"i": {"#tail": "that the music video would be shooting the\n    week of March 8, 2009. The making of the video was released by\n    MTV on April 8.", "#text": "The Insider"}, "#text": "Fergie had stated at an interview on"}, "In an interview to MTV, it was said that \"... the concept of\n    the video is the Peas' birth into the digital afterlife,\"\n    Fergie said. \"So the transformation is us going into a sort of\n    birth or cocoon and coming out the other end as forms of\n    energy. It's a parallel to the music industry. Now everything\n    is downloaded.\" Group member will.i.am stated the video was\n    inspired by how digital the world has become and hopes the\n    video portrays \"what it would be like if we were actually in\n    the computer, if art was fused in it,\" he said. \"[It's] analog\n    life from a digital perspective. Becoming technology.\" The\n    music video was directed by Mathew Cullen and Mark Cudsi. The\n    video premiered on Dipdive on April 18, 2009 and was released\n    on iTunes on April 24, 2009.", {"i": {"#tail": ".", "#text": "Musique Non Stop"}, "#text": "The video is set in the year of 3008, portraying \"how it\n    would be like if we actually lived in computers\". This concept\n    was based in a line of the song, in which singer Fergie states\n    \"I'm so 3008 / You so 2000 and late\". The video starts with\n    Taboo flicking through pictures on a HP TouchSmart, he selects\n    the image of a mushroom cloud. As the singing starts, images of\n    computer icons and random computer code and some ASCII art of\n    \"THE END\" are flashing in the background. The Black Eyed Peas\n    are then seen singing their verses of the song. While this is\n    happening, dancers are seen in striped zentai suits, dancing to\n    the song, and negative images are turned into positive images.\n    e.g. the mushroom cloud turns into a tree swing, the grenade\n    into a microphone, a gun into a trumpet and a nuclear barrel\n    played as a drum. The video also features the face used on the\n    album cover miming along to various lyrics; the face was\n    designed as an amalgam of all four band members' facial\n    features. Much of the imagery in the video is a homage to\n    Rebecca Allen's 1986 video for the Kraftwerk song"}, "The video was meant to go the full song but they cut it to\n    3:29.", "The video won a Grammy at the 52nd Grammy Awards in the\n    category of Best Short Form Music Video.", "In January 2010, it was announced that the song was\n    allegedly copied from another. Chicago artist Ebony Latrice\n    Batts, better known by her stage name Phoenix Phenom, asserted\n    the song is simply a copy of her track, \"Boom Dynamite\". It was\n    written by Manfred Mohr and conceived in a music studio in\n    Chicago. The duo sent a demo tape to Interscope Records because\n    the record company was interested in their material. Now, they\n    are seeking indemnity from The Black Eyed Peas and\n    Interscope.", "Promotional CD", "CD single - United Kingdom", {"i": {"#tail": ", An E.P. of\n    remixes entitled \"Invasion of Boom Boom Pow - Megamix E.P.\" was\n    released on May 5, 2009", "#text": "Invasion of Boom Boom Pow - Megamix E.P."}}, "Common Versions", "Other Versions"]}, "artist": "Black Eyed Peas", "lengths": {"length": ["4:11 (Album Version)", "5:08 (Album Version With Intro)", "3:38 (Radio Edit)", "3:27 (Video Edit)", null]}, "title": "Boom Boom Pow", "recorded": "2008", "producers": {"producer": "will.i.am"}, "released": "March 10, 2009 , (see release history )", "writers": {"writer": ["William Adams", "Allen Pineda", "Stacy Ferguson", "Jaime Gomez"]}, "formats": {"format": "Digital download cd single"}, "weeks": {"week": ["2009-04-18", "2009-04-25", "2009-05-02", "2009-05-09", "2009-05-16", "2009-05-23", "2009-05-30", "2009-06-06", "2009-06-13", "2009-06-20", "2009-06-27", "2009-07-04"]}}}