{"top-song": {"album": "Autoamerican", "genres": {"genre": ["Rock", "Rap", "Disco"]}, "descr": {"p": [{"i": [{"#tail": ", the first being \"The Tide Is High\", which\n    had topped the chart in the US and UK. \"Rapture\" went on to\n    reach number one on the U.S. Billboard Hot 100, number one on\n    the U.S. Hot Dance Music/Club Play chart, and number five in\n    the UK singles chart. The B-side was \"Walk Like Me\", also from", "#text": "Autoamerican"}, {"#tail": ". The song was the first #1 hit in the U.S.\n    to feature rapping.", "#text": "Autoamerican"}], "#text": "\"Rapture\" is a single by the American new wave band Blondie.\n    It was released in January 1981 and became one of the first\n    substantial hit singles to involve rap music, and the first\n    rap-influenced single to reach number one on the US Billboard\n    Chart. It was the second and final song to be released from the\n    band's 1980 album"}, "It was Chic's track \"Good Times\" that inspired Debbie Harry\n    and Chris Stein to write \"Rapture\".", "Rapture is a combination of New Wave pop, funk, jazz and rap\n    music, with the rap section forming an extended coda. While it\n    was not the first single involving rap to be successful, it was\n    the first to top the charts. The Sugarhill Gang's 1979 hit\n    \"Rapper's Delight\", a straightforward rap track based on the\n    backing track of Chic's \"Good Times\", reached #36 on the U.S.\n    Hot 100 chart and was certified Gold. Kurtis Blow's \"The\n    Breaks\" was released in 1980, and became the second rap single\n    to be certified Gold. The lyrics of \"Rapture\" included\n    references to hip-hop pioneers Fab Five Freddy and Grandmaster\n    Flash.", "Debuting in 1981, the music video was the first rap video\n    ever broadcast on MTV. Set in the Upper East Side, the \"Man\n    from Mars\" or \"voodoo god\" (dancer William Barnes in the white\n    suit and top hat) is the introductory and central figure.\n    Barnes also choreographed the piece. The final shot is a\n    one-take scene of Debbie Harry dancing along the street,\n    passing by graffiti artists, Uncle Sam, a Native American and a\n    goat. Fab Five Freddy and graffiti artists Lee Quinones and\n    Jean-Michel Basquiat make cameo appearances. Basquiat was hired\n    when Grandmaster Flash did not show for the filming.", {"i": [{"#tail": "album version, the US 12\" single a version\n    with an additional verse partly in French, making it just 40\n    seconds longer. For the UK and international single releases,\n    producer Mike Chapman remixed the track completely. The Special\n    Disco Mix has a different intro and it was also given a longer\n    instrumental break with new percussion overdubbed, making it\n    ten minutes long. The UK 7\" version (4:59) was an edit of this\n    Special Disco Mix, and a slightly different edit (5:33)\n    appeared on the band's first 'greatest hits' compilation", "#text": "Autoamerican"}, {"#tail": "in 1981. The track \"Live It Up\" was\n    also extended and remixed for the B-side of the international\n    12\" single, the 8 minute version was included on the deleted\n    1994 UK CD edition of", "#text": "The Best of Blondie"}, {"#tail": "but was re-issued as part of EMI's lavish 14\n    disc", "#text": "Autoamerican"}, {"#tail": "in 2004.", "#text": "Singles Box"}], "#text": "The versions appearing on the U.S. and UK 7\" and 12\" singles\n    were quite different. The US 7\" single, also issued with a\n    different cover picture, used the regular"}, {"i": {"#tail": ".", "#text": "Beautiful - The Remix Album"}, "#text": "The picture of Debbie Harry used for the UK/international\n    editions of the original 7\" and 12\" \"Rapture\" singles was later\n    used for the cover of 1995 compilation"}, {"i": [{"#tail": ". The track was remixed again\n    and re-issued as a single in both the UK and the US in 1994 and\n    included on compilations", "#text": "Once More into the Bleach"}, {"#tail": ",", "#text": "The Platinum Collection"}, {"#tail": "and", "#text": "Beautiful - The Remix Album"}, {"#tail": ".", "#text": "Remixed Remade Remodeled - The Remix Project"}], "#text": "Another official remix of \"Rapture\" can be found on the 1988\n    compilation"}, {"i": {"#tail": ".", "#text": "My Cousin Vinny"}, "#text": "Grandmaster Flash scratch mixed \"Rapture\" on his single \"The\n    Adventures of Grandmaster Flash on the Wheels of Steel\". In\n    1996 Foxy Brown (featuring Jay-Z) used the song as the base for\n    her hit, \"I'll Be\". It was also sampled by Won-G for his single\n    \"Caught up in the Rapture\", and was interpolated by rapper\n    KRS-One on his 1997 single \"Step into a World (Rapture's\n    Delight)\". In 2000 it was sampled once more by Glamma Kid on\n    his single \"Bills 2 Pay\". In that same year Destiny's Child\n    sampled it on their single \"Independent Women Part I\". The song\n    was also sampled by The Jungle Brothers in the song \"In Days 2\n    Come\" from the album \"Done by the Forces of Nature\". Elements\n    of \"Rapture\" were recreated for the Joe Pesci song \"Wise Guy\",\n    in which he raps in-character as Vincent LaGuardia Gambini from\n    the film"}, {"i": {"#tail": ", with Vince Clarke providing the rap.", "#text": "Cowboy"}, "#text": "English synthpop duo Erasure covered \"Rapture\" on the US\n    version of their 1997 album"}, "In 2004 at VH1's annual Diva's Live concert, Debbie Harry\n    performed \"Rapture\" with rapper Eve who performed her own\n    original rap.", "At the 2003 Brit Awards Justin Timberlake performed part of\n    the song with Kylie Minogue singing the rap, as the finale of a\n    medley including his hit songs Cry Me a River and Like I Love\n    You. During their raunchy routine Timberlake infamously touched\n    Minogue\u2019s behind. The performance reportedly caused a dispute\n    between Minogue and her then-boyfriend, model James Gooding.\n    The much-publicised bottom grope was later revealed to be a\n    part of the sequence\u2019s planned choreography.", {"i": [{"#tail": "/", "#text": "Greatest Hits: Sight + Sound"}, {"#tail": ". The song was a Top 40\n    hit in Australia and made the top ten on the U.S. Hot Dance\n    Club Play chart.", "#text": "Greatest Hits: Sound & Vision"}], "#text": "In 2005 \"Rapture\" was fused with The Doors' \"Riders on the\n    Storm\" into \"Rapture Riders\" by Go Home Productions. This\n    unofficial mashup remix was later approved to be included on\n    Blondie's"}, {"i": [{"#tail": ". Dub Pistols covered the song for their 2007 album", "#text": "APT"}, {"#tail": ", featuring Terry Hall from The\n    Specials at the vocals.", "#text": "Speakers and Tweeters"}], "#text": "Chilean musician Nicole also did a cover of this song in\n    2006, included on her album"}, "US 7\" (CHS 2485, January 1981),", "US 12\" (12 CHS 2485, January 1981),", "UK 7\" (CHS 2485, January 1981),", "UK 12\" (CHS 12 2485, January 1981)"]}, "artist": "Blondie", "lengths": {"length": ["6:33 (US)", "4:57 (UK)"]}, "title": "Rapture", "recorded": "1980", "label": "Chrysalis Records", "producers": {"producer": "Mike Chapman"}, "released": "January 1981", "writers": {"writer": ["Deborah Harry", "Chris Stein"]}, "formats": {"format": ["7\" single", "12\" single"]}, "weeks": {"week": ["1981-03-28", "1981-04-04"]}}}