{"top-song": {"album": "American Gigolo", "genres": {"genre": ["New Wave", "hard rock"]}, "descr": {"p": ["\"Call Me\" is a song by the American new wave band Blondie.\n    Released in 1980, \"Call Me\" topped the singles charts in both\n    the US (where it became the band's biggest selling single) and\n    the UK (where it became their fourth no.1 hit).", {"i": {"#tail": ". European disco producer Giorgio Moroder\n    originally asked Stevie Nicks from Fleetwood Mac to help\n    compose and perform a song for the soundtrack, but she declined\n    (as a recently signed contract with Modern Records prevented\n    her from working with Moroder). It was at this time that\n    Moroder turned to Debbie Harry and Blondie. Moroder presented\n    Harry with a rough instrumental track called \"Man Machine.\"\n    Harry was asked to write the lyrics and melody, a process that\n    Harry states took only a few hours . The completed song was\n    then recorded by the band, with Moroder producing. The bridge\n    of the original English language version also includes Harry\n    singing \"Call Me\" in Italian (\"Amore, chiamami\") and French\n    (\"Appelle-moi, mon cheri\").", "#text": "American Gigolo"}, "#text": "The song was the main theme of the film"}, {"i": [{"#tail": "(1993). In 1988, a remixed version by\n    Ben Liebrand taken from the Blondie remix album", "#text": "Blonde and Beyond"}, {"#tail": "was issued as a single in the\n    UK. In 2001 the \"original long version\" appeared as a bonus\n    track on the", "#text": "Once More into the Bleach"}, {"#tail": "album re-issue.", "#text": "Autoamerican"}], "#text": "In the US the song was released by three different record\n    companies: on the soundtrack album by Polydor, the 7\" and 12\"\n    on Blondie's label Chrysalis, and a Spanish language 12\"\n    version, with lyrics by Buddy and Mary McCluskey, on disco\n    label Salsoul Records. The Spanish version, titled \"Ll\u00e1mame,\"\n    was meant for release in Mexico and some South American\n    countries. This version was also released in the US and the UK\n    and had its CD debut on Chrysalis/EMI's rarities compilation"}, {"i": {"#tail": "magazine's 1980 year-end chart. It was released\n    in the UK two months later, where it became Blondie's fourth UK\n    no.1 single in little over a year. The song was also played on\n    a British Telecom advert from the 1980s. Twenty-five years\n    after its original release, \"Call Me\" was ranked at #283 on the\n    list of Rolling Stone's 500 Greatest Songs of All Time.", "#text": "Billboard"}, "#text": "The single was released in the United States in February\n    1980. It peaked at #1 for 6 weeks, and was certified Gold (for\n    one million copies sold) by the RIAA. It also spent four weeks\n    at number two on the U.S. dance chart. The single was also #1\n    on"}, {"i": {"#tail": ".[1]", "#text": "Billboard's All Time Top 100"}, "#text": "The song lists at #44 on"}, "There were two videos made:", "All tracks written by Deborah Harry and Giorgio Moroder.", {"i": {"#tail": "(credits)", "#text": "Another Mother"}, "#text": "The song appeared in Quantum Leap:"}, {"i": "Bride Of Chucky.", "#text": "The song appeared in 1998 film"}, "The song appeared in Deuce Bigalow: Male Gigolo", "The song appeared in 'The Business' (credits)", {"i": {"#tail": "in 1980.", "#text": "Chipmunk Punk"}, "#text": "In 1980, KMET DJ Chuck Taylor played the 12\" version of this\n    single at double speed and announced, in jest, that it was The\n    Chipmunks' latest single. So many requests came for this \"new\"\n    Chipmunks release, that Ross Bagdasarian, Jr. and his\n    collaborator Steve Vining rushed to record what would be the\n    Chipmunks' \"comeback album,\""}, "The Swedish charts"]}, "artist": "Blondie", "lengths": {"length": ["3:32 (7\" version)", "8:04 (LP version)"]}, "title": "Call Me", "recorded": "August 1979", "label": "Polydor Records , Chrysalis Records , Salsoul\n  Records", "producers": {"producer": "Giorgio Moroder"}, "released": "February 1980 (US) , April 1980 (UK)", "writers": {"writer": ["Debbie Harry", "Giorgio Moroder"]}, "formats": {"format": "Vinyl 7\" & 12\" single"}, "weeks": {"week": ["1980-04-19", "1980-04-26", "1980-05-03", "1980-05-10", "1980-05-17", "1980-05-24"]}}}