{"top-song": {"album": "Parallel Lines", "genres": {"genre": ["Disco", "New Wave"]}, "descr": {"p": [{"i": {"#tail": ", it was released as a single in 1979 and\n    topped the charts in several countries, most notably in the\n    United Kingdom and United States.", "#text": "Parallel Lines"}, "#text": "\"Heart of Glass\" is a song by American New Wave band\n    Blondie. Featured on the band's third studio album,"}, {"i": {"#tail": "ranked the song number 255 on its list of\n    the 500 greatest songs of all time.", "#text": "Rolling Stone"}}, {"i": {"#tail": ", disco was big on the music scene, and\n    producer Mike Chapman decided to give the song the disco twist\n    that made the song what it is today, and one of the best-known\n    Blondie recordings. For the single release the track was\n    remixed by Chapman with the double-tracked bass drum even more\n    accentuated.", "#text": "Parallel Lines"}, "#text": "\"Heart of Glass\" was originally recorded in 1975 under the\n    name \"Once I Had a Love,\" and was much slower with a\n    blues/reggae vibe to it. The song was frequently performed on\n    tours, then was re-recorded with the same title in 1978, when\n    the song was made a bit more rock-oriented. When Blondie\n    recorded the album"}, {"i": {"#tail": "track \"11:59\". The accompanying music\n    video for \"Heart of Glass\" was filmed at Studio 54 in New York\n    City.", "#text": "Parallel Lines"}, "#text": "The song was released in January 1979, and reached number\n    one in both the US and the UK. The UK B-side was \"Rifle Range\",\n    from Blondie's self titled debut album while the US single used\n    the"}, {"i": [{"#tail": ",", "#text": "The Platinum Collection"}, {"#tail": "(2005) and", "#text": "Greatest Hits: Sight + Sound"}, {"#tail": "(2006). For the band's\n    very first hits compilation, 1981's", "#text": "Greatest Hits: Sound & Vision"}, {"#tail": ", producer Mike Chapman created a\n    special mix including elements from both the 12\" Disco Version\n    and the 12\" Instrumental (4:33). The 1981 version appears on\n    2002's", "#text": "The Best of Blondie"}, {"#tail": ".", "#text": "Greatest Hits"}], "#text": "The versions appearing on the 7\" single issued in early 1979\n    varied from country to country, some used the regular album\n    version (UK, 3:54), others an edited album version (US, 3:22)\n    and others an edited version of the 12\" Disco Mix (4:10), which\n    is the one usually found on current hits compilations like the\n    1994 anthology"}, "Almost immediately after its release, \"Heart of Glass\"\n    became the subject of controversy because of its disco sound.\n    At the time, Blondie was one of the bands at the forefront of\n    New York's growing New Wave musical scene and were accused of\n    \"selling out\" for releasing a disco song. According to Blondie\n    frontwoman Deborah Harry, \"Heart of Glass\" made the band\n    pariahs in the eyes of many of their fellow musicians in the\n    New York music scene. The band was accused of pandering to the\n    mainstream that many punk/new wave bands at the time were\n    actively rebelling against.", "There was also the issue of the use of the expression \"pain\n    in the ass\" within the lyrics which, at the time, did not sit\n    easily with the BBC. The radio version changed it to \"heart of\n    glass.\" In Australia, the song was banned from radio for its\n    \"strong language.\"", "Despite the controversy, the song was a huge hit and helped\n    propel Blondie from cult group to mainstream icons. The band\n    itself has acknowledged the success of the song in helping\n    their careers and has downplayed criticism of the song,\n    pointing out that Blondie always experimented with different\n    styles of music and that \"Heart of Glass\" was their take on\n    disco. The band itself has jokingly taken to referring to the\n    song as \"The Disco Song\" in interviews.", "The \"Heart of Glass\" promotional video was filmed at the\n    Studio 54 discoth\u00e8que in New York City with director Stanley\n    Dorfman. The video begins with footage of New York City in the\n    night before joining Blondie perform at Studio 54. Then, the\n    video alternates between close-ups of Harry's face as she\n    lip-syncs, and mid-distance shots of the entire band. In the\n    video Harry wears a silver dress designed by Stephen Sprouse.\n    To create the dress, Sprouse photo-printed a picture of\n    television scan lines onto a piece of fabric, and then,\n    according to Harry, \"put a layer of cotton fabric underneath\n    and a layer of chiffon on top, and then the scan-lines would do\n    this op-art thing\". The popularity of the song helped Sprouse's\n    work earn a lot of exposure from the media.", {"i": [{"#tail": ", \"Debbie sang through gritted teeth, while\n    the boys cavorted with mirror balls\". Studying Harry's attitude\n    in the \"effortlessly cool\" video, music writer Pat Kane felt\n    she \"exuded a steely confidence about her sexual impact ... The\n    Marilyn [Monroe] do has artfully fallen over, and she's in the\n    funkiest of dresses: one strap across her shoulder, swirling\n    silks around about her. Her iconic face shows flickers of\n    interest, amidst the boredom and ennui of the song's lyrics\".\n    Kane also noted that the band members fooling around with disco\n    balls, \"taking the mickey out of their own disco fixation\".\n    Reviewing the", "#text": "Mojo Classic"}, {"#tail": "DVD for Pitchfork\n    Media, Jess Harvell wrote that while \"owning your own copy of\n    'Heart of Glass' may not seem as cool [anymore] ... there's the\n    always luminous Deborah Harry, who would give boiling asparagus\n    an erotic charge, all while looking too bored to live\".", "#text": "Greatest Hits: Sound & Vision"}], "#text": "\"Draped in a sheer, silver Sprouse dress,\" Kris Needs\n    summarized while writing for"}, {"i": [{"#tail": "in 1988 and was also issued as\n    a single in certain territories. The song was remixed by Diddy\n    and re-released again in July 1995, reaching number 15 in the\n    UK Singles Chart and was included on the 1995 remix compilation", "#text": "Once More into the Bleach"}, {"#tail": ". In 2007, Positiva Records\n    released a seven-track EP consisting of the original radio and\n    album versions of the song, plus five new remixes by DJ Edison.\n    Missy Elliott's 2003 hit \"Work It\" sampled the famous Roland\n    CR-78 drum machine intro from the track. Natalie\n    Bassingthwaighte sampled the song on her song \"Supersensual\",\n    which is from her debut studio album, 1000 Stars.", "#text": "Beautiful - The Remix Album"}], "#text": "The first official remix of \"Heart of Glass\", by Shep\n    Pettibone, appeared on the Blondie/Debbie Harry remix\n    compilation"}]}, "artist": "Blondie", "lengths": {"length": ["5:48 (album version)", "3:22 (US single version)", "3:54 (UK single version)"]}, "title": "Heart of Glass", "recorded": "June 1978", "label": "Chrysalis", "producers": {"producer": "Mike Chapman"}, "released": "January 3, 1979", "writers": {"writer": ["Debbie Harry", "Chris Stein"]}, "formats": {"format": ["7\"", "12\" vinyl"]}, "weeks": {"week": "1979-04-28"}}}