{"top-song": {"album": "On the Beach with the Paragons", "genres": {"genre": "Rocksteady"}, "descr": {"p": ["\"The Tide Is High\" is a 1967 song written by John Holt and\n    performed by The Paragons with John Holt as lead singer.\n    Although originally released as an A-side in Jamaica on the\n    Treasure Isle label it was relegated to the B-side of the \"Only\n    a Smile\" single for UK release a few months later.", "The song features the violin of \"White Rum\" Raymond and was\n    popular in Jamaica and became popular amongst West Indians and\n    skinheads in the UK when a deejay version by U-Roy was released\n    in 1971. The song went mainly unnoticed in the rest of the\n    world until it was rediscovered in 1980 when it became a US/UK\n    no.1 hit for the band Blondie. The British girl group Atomic\n    Kitten also had a no.1 with their version of the song in\n    2002.", {"i": [{"#tail": ". It reached number one on the Billboard Hot\n    100, and was popular outside the USA, reaching number one on\n    the UK singles chart, number four in Australia, and number\n    fifteen in the former West Germany. It was the last UK number\n    one single for the band until \"Maria\" in 1999. The B-side of\n    \"The Tide is High\" was \"Suzie and Jeffrey\", which appeared as a\n    bonus track on the original 1980 cassette edition of the album", "#text": "Autoamerican"}, {"#tail": "and was also included on EMI-Capitol's\n    re-issue of", "#text": "Autoamerican"}, {"#tail": "in 2001.", "#text": "Autoamerican"}], "#text": "\"The Tide Is High\" was covered by US New Wave band Blondie\n    in 1980, in a reggae/ska style that included horns and strings.\n    It was released as a single, and appeared on the band's fifth\n    album,"}, {"i": [{"#tail": "and the second time in 1995 by\n    Pete Arden and Vinny Vero on the album", "#text": "Once More into the Bleach"}, {"#tail": "(UK edition:", "#text": "Remixed Remade Remodeled - The Remix Project"}, {"#tail": ").", "#text": "Beautiful - The Remix Album"}], "#text": "Official remixes of the Blondie version have been issued\n    twice. First by Coldcut in 1988 on the Blondie/Debbie Harry\n    remix compilation"}, "In November 1980, the song was played on radio stations\n    across the state of Alabama in anticipation of a football game\n    between University of Alabama, whose nickname is the Crimson\n    Tide, and the University of Notre Dame.", "In 1981, Swedish singer Siw Inger recorded a German language\n    version of the song. Although the lyrics are not a direct\n    translation, the vocal and instrumental arrangements are\n    virtually identical.", {"i": {"#tail": ". A year later, parts of this song\n    were taken and used as a sample for Bryan Adams' \"Reggae\n    Christmas\".", "#text": "In the Morning Light"}, "#text": "In 1984, Nigerian singer Onyeka Onwenu covered the song for\n    the album"}, {"i": {"#tail": ". It was due for release in early 2001.\n    However, according to Piper's autobiography, Growing Pains, she\n    told Virgin Records (her record label), not to bother releasing\n    \"The Tide Is High\" as a single because she was worn out and\n    didn't want to sing anymore after appearing in court against a\n    woman named Juliet Peters who had given Piper, her friends and\n    her family numerous death threats.", "#text": "Walk of Life"}, "#text": "In 2000, \"The Tide Is High\" was covered by\n    singer-turned-actress Billie Piper for her second album,"}, "This time, the song was remade with keyboards to make it\n    more pop-oriented. Their version of the song also added a new\n    bridge, hence the subtitle \"Get the Feeling\". The song reached\n    number one in the UK in September, 2002. The full song was\n    played during the opening credits of The Lizzie McGuire Movie\n    (the album version was used in the movie, however, the version\n    on the soundtrack had slightly different lyrics), and was used\n    for a TV commercial for Japanese beer company, Asahi Breweries.\n    There are two versions of the single.", "Groove Brothers Radio Edit was also made. The mix clocks in\n    at (3:20)", {"i": {"#tail": ". It was released on iTunes on October 14,\n    2008.", "#text": "Not 4 Sale"}, "#text": "\"Numba 1 (Tide Is High)\" is the latest version of \"The Tide\n    Is High\", performed by Canadian rapper Kardinal Offishall\n    featuring Keri Hilson. Produced by Supa Dups, the song \u2013 a\n    percussive, dancehall-infused hip hop update \u2013 was released in\n    September 2008 as the fourth single from his fourth album"}, "Aside from the album version, which features Rihanna, there\n    are three other versions of \"Numba 1 (Tide Is High)\". The\n    second is the original version, featuring Nicole Scherzinger.\n    The third version features Rihanna and Nicole Scherzinger. The\n    fourth version is the official single and features Keri Hilson.\n    There is also a mash-up version which features Rihanna, Nicole\n    Scherzinger and Keri Hilson.", "The music video premiered on October 24 at Yahoo! Music. The\n    video is directed by Gil Green, and Akon makes a cameo\n    appearance. The song \"Nina\" is featured at the end of the\n    video.", "12\" single", "7\" single", "Rihanna and Nicole Scherzinger versions"]}, "artist": "Blondie", "lengths": {"length": "2:53"}, "title": "The Tide Is High", "label": "Treasure Isle Records", "released": "1967", "writers": {"writer": "John Holt"}, "weeks": {"week": "1981-01-31"}}}