{"top-song": {"album": "Hooked on a Feeling", "genres": {"genre": "Pop music"}, "descr": {"p": [{"i": {"#tail": "jungle chants similar to, but not exactly the\n    same as, Johnny Preston's \"Running Bear.\" King described it as\n    \"a reggae rhythm by male voices.\" His version was a Top 30 hit\n    throughout Europe.", "#text": "ooka shaka"}, "#text": "\"Hooked on a Feeling\" is a 1968 pop song written by Mark\n    James originally performed by B. J. Thomas. Featuring the sound\n    of the electric sitar, the song reached number five in 1969 on\n    the Billboard Hot 100. This then had two successful covers. In\n    1971, Jonathan King produced his own version, adding"}, {"i": {"#tail": ", claimed the words \"ooka shaka\" are\n    changed to the phrase \"who got sucked off\" at 0:31 into the\n    song.", "#text": "Subliminal Seduction"}, "#text": "In 1974 the Swedish pop group Blue Swede with Bj\u00f6rn Skifs as\n    lead singer did a cover, with the \"ooka shaka\" introduction.\n    Their version reached number one in the United States and was\n    revived on the soundtrack in 1992. In 1975, this version was\n    subject to some minor controversy when Wilson Bryan Key, in his\n    book"}, "It was covered again in 1997 by David Hasselhoff (with a\n    music video), which later in 2009 got a literal music video\n    created by DASjr Productions,"]}, "artist": "Blue Swede", "lengths": {"length": "2:48"}, "title": "Hooked on a Feeling", "recorded": "1974", "label": "EMI Svenska", "released": "1974", "writers": {"writer": "Mark James"}, "formats": {"format": "7\""}, "weeks": {"week": "1974-04-06"}}}