{"top-song": {"weeks": {"week": "1949-03-12"}, "artist": "Blue Barron", "descr": {"p": ["Cruising Down the River is a 1949 popular recording\n    song.", "Words and music were by Eily Beadell and Nell Tollerton, two\n    middle-aged women who wrote the song in 1945. It became the\n    winner of a public songwriting competition held in the UK.", "The recording by Russ Morgan was released by Decca Records\n    as catalog number 24568. It first reached the Billboard\n    magazine Best Seller chart on February 18, 1949 and lasted 22\n    weeks on the chart, peaking at #1. The song became one of the\n    biggest hits of his career, as well as one his signature songs.\n    The recording was actually a two-sided hit, as the flip side,\n    \"Sunflower,\" also reached #10 on the chart.", "The recording by Blue Barron was released by MGM Records as\n    catalog number 10346. It first reached the Billboard magazine\n    Best Seller chart on January 21, 1949 and lasted 19 weeks on\n    the chart, peaking at #1.", "The recording by Jack Smith was released by Capitol Records\n    as catalog number 15372. It first reached the Billboard\n    magazine Best Seller chart on February 25, 1949 and lasted 11\n    weeks on the chart, peaking at #14.", "The recording by Primo Scala and the Keynotes was released\n    by London Records as catalog number 356. It reached the\n    Billboard magazine Best Seller chart on March 4, 1949 at #27,\n    its only week on the chart.", "The recording by Frankie Carle was released by Columbia\n    Records as catalog number 38411. It reached the Billboard\n    magazine Best Seller chart on April 22, 1949 at #28, its only\n    week on the chart.", {"i": {"#tail": ".", "#text": "My Thanks to You"}, "#text": "It has been redone numerous times by various artists,\n    including Connie Francis on her 1959 album"}]}, "title": "Cruising Down the River"}}