{"top-song": {"album": "Paper Lace", "genres": {"genre": "Pop protest song"}, "descr": {"p": ["\"Billy Don't Be A Hero\" is a 1974 anti-war pop song by Paper\n    Lace and was also recorded by Bo Donaldson and the Heywoods. It\n    was written by Mitch Murray and Peter Callander.", "Because the song was released in 1974, it is often\n    associated with the Vietnam War, though it may also refer to\n    the American Civil War as evidenced by the \"soldier blues\" (the\n    Union Forces) in the lyrics and on the cover of the single\n    album. A young woman is distraught that her fianc\u00e9 chooses to\n    leave the area with an Army contingent passing through the town\n    and go with them to fight. She laments,", "The song goes on to describe how Billy is killed in action\n    in a pitched battle after volunteering to ride out and seek\n    reinforcements. In the end, the woman throws away the regret\n    letter notifying her of Billy's \"heroic\" death.", "Paper Lace's version of \"Billy Don't Be a Hero\" hit number\n    one on the UK singles chart on March 16 1974. The band made\n    plans to release it in America but the song was covered and\n    released by Bo Donaldson and the Heywoods. Their version was\n    rushed out before Paper Lace could release and it hit no 1 on\n    the Billboard Hot 100. on June 15. Subsequently although Paper\n    Lace had the chart-topper in the UK, its version stalled at #96\n    on the Billboard Hot 100. The Bo Donaldson version failed to\n    chart at all in the UK.", "The song features in the film \"The Adventures of Priscilla,\n    Queen of the Desert\" (1993).", {"i": {"#tail": ", Ross is asked about the last time he picked up\n    a girl, and he says \"Do the words 'Billy, Don't Be a Hero' mean\n    anything to you?\"", "#text": "Friends"}, "#text": "In the first episode of"}, "Massive Attack's 1991 track \"Blue Lines\" (from the album of\n    the same name) features the lyrics \"take a walk, Billy, don't\n    be a hero\".", {"i": {"#tail": ", the song is briefly\n    heard during a montage in a disco cover by Dewey Cox (John C.\n    Reilly) performing on rollerblades during \"The Dewey Cox Show\".\n    A much longer cut of this scene can be seen in the director's\n    cut, and the whole performance was included in the extras for\n    the 2-Disc editions.", "#text": "Walk Hard: The Dewey Cox Story"}, "#text": "In"}, "In the Powerpuff Girls the leader of the Gang Green Gang\n    says to another member, Billy, \"Billy, don't be a hero!\"", "In The Justice Friends (Cartoon Network, 1996) Mayor Glory\n    says \"Billy don't be a hero!\" to William, Valhallen pet goat,\n    when it jumps to save Krunk from the attack of Valhallen's\n    living clothes.", "In an episode of ALF, Alf uses the line \"Willie don't be a\n    hero, don't be a fool with your life\" referring to the head of\n    the household, Wille Tanner, after Willie comes up with a bad\n    idea.", {"i": [{"#tail": "Billy solely to make\n    possible a passing homage to", "#text": "The Adventures of Super Diaper Baby"}, {"#tail": ".", "#text": "Billy Don't Be a Hero"}], "#text": "Dav Pilkey named the hero of"}]}, "artist": "Bo Donaldson and The Heywoods", "lengths": {"length": "3:33"}, "title": "Billy Don't Be a Hero", "label": "Mercury", "released": "1974", "writers": {"writer": ["Mitch Murray", "Peter Callander"]}, "formats": {"format": "7\" single"}, "weeks": {"week": ["1974-06-15", "1974-06-22"]}}}