{"top-song": {"album": "Beverly Hills Cop II", "genres": {"genre": ["Rock", "Pop"]}, "descr": {"p": [{"i": {"#tail": ". The music was written by Harold\n    Faltermeyer, who wrote the score for the film, and Keith\n    Forsey, and the lyrics by Seger.", "#text": "Beverly Hills Cop II"}, "#text": "\"Shakedown\" is a 1987 single by Bob Seger that is from the\n    soundtrack of the film"}, "The music video featured scenes from the film intercut with\n    Seger and the band performing it, with some members approaching\n    glam metal moves. \"Shakedown\" became a number-one hit on the\n    Billboard Hot 100, Seger's only such top mark singles-wise, as\n    well as the Album Rock Tracks chart, where it became his second\n    number-one hit, spending four weeks at the top.", {"i": {"#tail": ". However, due to legal\n    issues, these songs have been edited out of the DVD releases of\n    the show.", "#text": "Captain N: The Game Master"}, "#text": "Cover versions by an uncredited artist appeared in two\n    episodes of the animated series"}]}, "artist": "Bob Seger", "lengths": {"length": "3:59"}, "title": "Shakedown", "label": "MCA", "producers": {"producer": "Keith Forsey"}, "released": "May 23, 1987", "writers": {"writer": ["Harold Faltermeyer", "Keith Forsey", "Bob Seger"]}, "formats": {"format": "7\""}, "weeks": {"week": "1987-08-01"}}}