{"top-song": {"album": "Roses Are Red", "genres": {"genre": "Pop"}, "descr": {"p": [{"i": {"#tail": "in 1962. Later that year, Buddy Greco\n    recorded a version of the song using the same backing track as\n    Vinton's version. Greco's single release reached #64 on the\n    Billboard Hot 100 in November 1962.", "#text": "Roses Are Red"}, "#text": "\"Mr. Lonely\" is a song co-written and recorded by Bobby\n    Vinton. It was released as a single in 1964 and reached #1 on\n    the United States charts. The song originally appeared on\n    Vinton's album"}, "Philippine singer Victor Wood made a bilingual version of\n    the song, alternating the original lyrics with Filipino ones.\n    This particular cover became popular in the Philippines and\n    gave some fame to the entertainer.", {"i": {"#tail": ". This song uses a sped-up sample of the earlier\n    song.", "#text": "Trouble"}, "#text": "In 2005, Senegalese singer Akon sampled this single for\n    Lonely and it was featured on his album"}]}, "artist": "Bobby Vinton", "lengths": {"length": "2:40"}, "title": "Mr. Lonely", "recorded": "1962", "label": "Epic", "released": "1964", "writers": {"writer": "Bobby Vinton and Gene Allan"}, "weeks": {"week": "1964-12-12"}}}