{"top-song": {"genres": {"genre": "Jazz"}, "descr": {"p": [{"i": [{"#tail": ", or, as it is known in English,", "#text": "Die Dreigroschenoper"}, {"#tail": ". It premiered in Berlin in 1928.\n    The song has become a popular standard.", "#text": "The Threepenny Opera"}], "#text": "\"Mack the Knife\" or \"The Ballad of Mack the Knife\",\n    originally \"Die Moritat von Mackie Messer\", is a song composed\n    by Kurt Weill with lyrics by Bertolt Brecht for their music\n    drama"}, {"i": [{"#tail": "(from", "#text": "moritat"}, {"#tail": "meaning \"deadly\" and", "#text": "mori"}, {"#tail": "meaning \"deed\") is a medieval version of the murder\n    ballad performed by strolling minstrels. In", "#text": "tat"}, {"#tail": ", the moritat singer with his street\n    organ introduces and closes the drama with the tale of the\n    deadly", "#text": "The Threepenny Opera"}, {"#tail": ", or", "#text": "Mackie Messer"}, {"#tail": ", a character based on the dashing\n    highwayman", "#text": "Mack the Knife"}, {"#tail": "in John Gay's", "#text": "Macheath"}, {"#tail": ". The Brecht-Weill version of the\n    character was far more cruel and sinister, and has been\n    transformed into a modern anti-hero.", "#text": "The Beggar's Opera"}], "#text": "A"}, "The play opens with the moritat singer comparing Macheath\n    (unfavorably) with a shark, and then telling tales of his\n    robberies, murders, rapes, and arson.", {"i": {"#tail": ", wished a more effectful introduction of his\n    character. The original German text is:", "#text": "Macheath"}, "#text": "The song was inserted in the play shortly before its\n    premiere in 1928, because Harald Paulsen, who created the role\n    of"}, "At the 1928 premiere, the Moritat was sung by Kurt Gerron,\n    who was a noted film and stage actor in Germany, and who also\n    played the part of the Police Chief Brown. Weill also intended\n    for the Moritat to be accompanied by a barrel organ, which was\n    to be played by the singer.", {"i": {"#tail": ", which introduced the song to\n    English-speaking audiences, the words are:", "#text": "The Threepenny Opera"}, "#text": "In the best known English translation, from the Marc\n    Blitzstein 1954 version of"}, "This is the version popularized by Louis Armstrong (1956)\n    and Bobby Darin (1959) (Darin's lyrics differ slightly), and\n    most subsequent swing versions. Weill's widow, Lotte Lenya, the\n    star of both the original 1928 German production and the 1954\n    Blitzstein Broadway version, was present in the studio during\n    Armstrong's recording. He spontaneously added her name to the\n    lyrics, which already named several of Macheath's female\n    victims.", "The rarely-heard final verse\u2014not included in the original\n    play, but added by Brecht for the 1930 movie\u2014expresses the\n    theme, and compares the glittering world of the rich and\n    powerful with the dark world of the poor:", "In 1976 the version translated by Ralph Manheim and John\n    Willett opened on Broadway, later made into a movie version\n    starring Ra\u00fal Juli\u00e1 as \"Mackie\". Here is an excerpt:", {"i": {"#tail": "(1994)\u2014the same movie features Darin's\n    rendition over the opening credits.", "#text": "Quiz Show"}, "#text": "This is the version later performed by Sting and Nick Cave.\n    It is also the version performed by Lyle Lovett on the\n    soundtrack of the film"}, "A much darker translation by Robert David MacDonald and\n    Jeremy Sams into English was used for the 1994 Donmar Warehouse\n    theatrical production in London. The new translation attempted\n    to recapture the original tone of the song:", "The song attributes many crimes to Macheath:", "The arson, rape and disappearance of the cabbie were omitted\n    from the original cast recording of the Blitzstein version, but\n    remain intact in the libretto.", {"i": [{"#tail": "In 2003, the Darin version\n    was ranked #251 on", "#text": "Billboard's All Time Top 100."}, {"#tail": "s list of the 500 Greatest Songs of All\n    Time. On BBC Radio 4's", "#text": "Rolling Stone'"}, {"#tail": ", pop mogul Simon Cowell named \"Mack\n    the Knife\" the best song ever written.", "#text": "Desert Island Discs"}], "#text": "\"Mack the Knife\" was introduced to the United States hit\n    parade by Louis Armstrong in 1956, but the song is most closely\n    associated with Bobby Darin, who recorded his version at Fulton\n    Studios on West 40th Street, New York City, on December 19,\n    1958 (with Tom Dowd engineering the recording). In 1959 Darin's\n    version reached number one on the Billboard Hot 100 and number\n    six on the Black Singles chart, and earned him a Grammy Award\n    for Record of the Year. Dick Clark had advised Darin not to\n    record the song because of the perception that, having come\n    from an opera, it wouldn't appeal to the rock & roll\n    audience. To this day, Clark recounts the story with good\n    humor. Frank Sinatra, who recorded the song with Jimmy Buffett,\n    called Darin's the \"definitive\" version. Darin's version hit #3\n    on"}, "Brecht's original German language version was appropriated\n    for a series of humorous and surreal blackout skits by\n    television pioneer Ernie Kovacs, showing, between skits, the\n    vibrating soundtrack line.", {"i": [{"#tail": ") in which, after\n    forgetting the lyrics after the first verse, she improvised new\n    lyrics in a performance that earned her a Grammy Award. Robbie\n    Williams also recorded the song on his 2001 album", "#text": "Ella in Berlin: Mack the Knife"}, {"#tail": ". Other notable versions\n    include performances by Jimmie Dale Gilmore, Tony Bennett,\n    Marianne Faithfull, Nick Cave, Brian Setzer, Kevin Spacey,\n    Westlife, and Michael Bubl\u00e9. Swiss band The Young Gods\n    radically reworked the song in industrial style, while jazz\n    legend Sonny Rollins recorded an instrumental version entitled\n    simply \"Moritat\" in 1956. A 1959 instrumental performance by\n    Bill Haley & His Comets was the final song the group\n    recorded for Decca Records. Tito Puente also recorded an\n    instrumental version. Salsa musician Rub\u00e9n Blades recorded an\n    homage entitled \"Pedro Navaja.\" Brazilian composer Chico\n    Buarque, in his adaptation of", "#text": "Swing When You're Winning"}, {"#tail": "(", "#text": "Threepenny Opera"}, {"#tail": "), made two versions called \"A Volta do\n    Malandro\" and \"O Malandro No. 2\", with lyrics in\n    Portuguese.", "#text": "\u00d3pera do Malandro"}], "#text": "Ella Fitzgerald made a famous live recording in 1960\n    (released on"}, {"i": [{"#tail": ". In the mid-1980s, fast food\n    giant McDonald's introduced \"Mac Tonight\", a character whose\n    signature song was based on \"Mack the Knife.\" Comedian Steve\n    Martin famously parodied \"Mack the Knife\" in his opening\n    monologue to the premiere of", "#text": "When Bush Comes to Shove"}, {"#tail": "third season in 1977.", "#text": "Saturday Night Live's"}], "#text": "The song has been put to many other uses. American parodists\n    the Capitol Steps used the tune for their song \"Pack the Knife\"\n    in their 2002 album"}, {"span": ["\"Nel blu dipinto di blu\n      (Volare)\"\u00a0\u00b7", {"#text": "\"", "strong": {"#tail": "\"\u00a0\u00b7", "#text": "Mack the Knife"}}, "\"Theme from A Summer\n      Place\"\u00a0\u00b7", "\"Moon River\"\u00a0\u00b7", "\"I Left My Heart in San\n      Francisco\"\u00a0\u00b7", "\"Days of Wine and\n      Roses\"\u00a0\u00b7", "\"The Girl from\n      Ipanema\"\u00a0\u00b7", "\"A Taste of\n      Honey\"\u00a0\u00b7", "\"Strangers in the\n      Night\"\u00a0\u00b7", "\"Up, Up and\n      Away\"\u00a0\u00b7", "\"Mrs. Robinson\""]}, {"span": ["\"Aquarius/Let the Sunshine\n      In\"\u00a0\u00b7", "\"Bridge over Troubled\n      Water\"\u00a0\u00b7", "\"It's Too\n      Late\"\u00a0\u00b7", "\"The First Time Ever I Saw\n      Your Face\"\u00a0\u00b7", "\"Killing Me Softly with His\n      Song\"\u00a0\u00b7", "\"I Honestly Love\n      You\"\u00a0\u00b7", "\"Love Will Keep Us\n      Together\"\u00a0\u00b7", "\"This\n      Masquerade\"\u00a0\u00b7", "\"Hotel\n      California\"\u00a0\u00b7", "\"Just the Way You\n      Are\""]}, {"span": ["\"What a Fool\n      Believes\"\u00a0\u00b7", "\"Sailing\"\u00a0\u00b7", "\"Bette Davis\n      Eyes\"\u00a0\u00b7", "\"Rosanna\"\u00a0\u00b7", "\"Beat It\"\u00a0\u00b7", "\"What's Love Got to Do with\n      It\"\u00a0\u00b7", "\"We Are the\n      World\"\u00a0\u00b7", "\"Higher Love\"\u00a0\u00b7", "\"Graceland\"\u00a0\u00b7", "\"Don't Worry, Be\n      Happy\""]}, {"span": ["\"Wind Beneath My\n      Wings\"\u00a0\u00b7", "\"Another Day in\n      Paradise\"\u00a0\u00b7", "\"Unforgettable\"\u00a0\u00b7", "\"Tears in\n      Heaven\"\u00a0\u00b7", "\"I Will Always Love\n      You\"\u00a0\u00b7", "\"All I Wanna\n      Do\"\u00a0\u00b7", "\"Kiss from a\n      Rose\"\u00a0\u00b7", "\"Change the\n      World\"\u00a0\u00b7", "\"Sunny Came\n      Home\"\u00a0\u00b7", "\"My Heart Will Go On\""]}, {"span": ["\"Smooth\"\u00a0\u00b7", "\"Beautiful\n      Day\"\u00a0\u00b7", "\"Walk On\"\u00a0\u00b7", "\"Don't Know\n      Why\"\u00a0\u00b7", "\"Clocks\"\u00a0\u00b7", "\"Here We Go\n      Again\"\u00a0\u00b7", "\"Boulevard of Broken\n      Dreams\"\u00a0\u00b7", "\"Not Ready to Make\n      Nice\"\u00a0\u00b7", "\"Rehab\"\u00a0\u00b7", "\"Please Read the\n      Letter\""]}, {"span": "\"Use Somebody\""}]}, "artist": "Bobby Darin", "lengths": {"length": "3:25"}, "title": "Mack the Knife", "recorded": "Los Angeles, CA ,\n  28\u00a0September,\u00a01955", "label": "Columbia 40587 , Coronet KS-349", "released": "1956", "writers": {"writer": ["Kurt Weill", "Bertolt Brecht", "English lyrics Marc Blitzstein", "arr. Turk Murphy"]}, "formats": {"format": "7\""}, "weeks": {"week": ["1959-10-05", "1959-10-12", "1959-10-19", "1959-10-26", "1959-11-02", "1959-11-09", "1959-11-23", "1959-11-30", "1959-12-07"]}}}