{"top-song": {"album": "Simple\n  Pleasures", "genres": {"genre": ["Jazz", "a cappella", "Reggae"]}, "descr": {"p": [{"i": {"#tail": "song are entirely overdubbed voice parts and\n    other sounds made by McFerrin, using no instruments at all. The\n    music video for the song is considerably shorter than the album\n    version.", "#text": "a cappella"}, "#text": "\"Don't Worry, Be Happy\" is the title and principal lyric of\n    a song by musician Bobby McFerrin. Released in September 1988,\n    it became the first a cappella song to reach number one on the\n    Billboard Hot 100 chart, a position it held for two weeks. On\n    the UK Singles Chart, the song reached number 2 during its\n    fifth week on the chart. At the 1989 Grammy Awards, \"Don't\n    Worry Be Happy\" won the awards for Song of the Year, Record of\n    the Year, and Best Male Pop Vocal Performance. The song's title\n    is taken from a famous quote by Meher Baba. The original music\n    video stars Robin Williams and Bill Irwin. The \"instruments\" in\n    the"}, {"i": {"#tail": ".", "#text": "100 Greatest One Hit Wonders of the 80s"}, "#text": "It is ranked #31 on VH1's"}, {"i": [{"#tail": "\" -- also incorporate responsibility (\"do your\n    best...\") alongside the detachment (\"don't worry...\"), as well\n    as the master/disciple spiritual relationship (\"I will help\n    you\"). In the 1960s, the truncated version of this expression\n    by Baba was printed up on inspiration cards and posters of the\n    era. In 1988, McFerrin noticed a similar poster in the\n    apartment of the jazz band Tuck & Patti in San Francisco.\n    Inspired by the expression's charm and simplicity, McFerrin\n    wrote the now famous song, which was included in the soundtrack\n    of the movie", "#text": "Do your best. Then, don\u2019t worry; be happy in My love. I will\n    help you"}, {"#tail": ", and became a hit single the next year. In an\n    interview by Bruce Fessier for", "#text": "Cocktail"}, {"#tail": "in 1988 McFerrin said, \"Whenever you\n    see a poster of Meher Baba, it usually says 'Don't worry, be\n    happy,' which is a pretty neat philosophy in four words, I\n    think.\"", "#text": "USA Weekend Magazine"}], "#text": "The Indian mystic and sage Meher Baba (1894\u20131969) often used\n    the expression \"Don't worry, be happy\" when cabling his\n    followers in the West. However, Meher Baba communicated\n    variations of the sentiment; fuller versions of the quote\u2014such\n    as, \""}, "Versions of \"Don't Worry, Be Happy\" have been recorded by\n    several artists. The Katsimiha Brothers made a Greek cover of\n    the song with original lyrics, and Montenegrin musician Rambo\n    Amadeus made a parody entitled \"Don't Happy, Be Worry,\" as a\n    critique to the optimism of the music scene in the former\n    Yugoslavia in the face of war and economic depression. The\n    lyrics of \"Fight the Power\" by hip-hop artists Public Enemy\n    also refer to \"Don't Worry, Be Happy\". This song is also added\n    into the Big Mouth Billy Bass. Hermes House Band covered the\n    song on their \"Rhythm of the Nineties\" album in 2009. Reggae\n    artist Cas Haley covered the song as a hidden bonus track on\n    his \"Favorites\" album (together with former Jah Roots lead\n    singer, Josh Heinrichs).", {"i": [{"#tail": "that many Americans would embrace\n    the philosophy of denial in the song. The song was used in\n    George H. W. Bush's 1988 U.S. presidential election campaign\n    until McFerrin, who was a Democrat, objected and the campaign\n    desisted. The song is frequently used in film and television\n    soundtracks to accompany light-hearted scenes, such as in", "#text": "Napalm and Silly Putty"}, {"#tail": "(2006),", "#text": "Flushed Away"}, {"#tail": "(2008),", "#text": "WALL-E"}, {"#tail": ",", "#text": "The Fresh Prince of Bel-Air"}, {"#tail": ",", "#text": "The Simpsons"}, {"#tail": ",", "#text": "Futurama"}, {"#tail": "and", "#text": "Nip/Tuck"}, {"#tail": ". It was also featured in the soundtrack to\n    1988 film Cocktail. It has also been used in an ironic context\n    for shocking or traumatic scenes, such as in", "#text": "That 70s Show"}, {"#tail": "(2004) and", "#text": "Dawn of the Dead"}, {"#tail": "(2005). The song has been used in various forms\n    in TV advertising for brands including Alamo Rent A Car,\n    Walkers and Huggies.", "#text": "Jarhead"}], "#text": "The song, and its title are commonly repeated in US culture.\n    Comedian George Carlin wrote in"}, {"i": {"#tail": "in 1988, the song originally peaked at #88 on\n    the Billboard Hot 100. The song was re-released the same year\n    and peaked at #1 on September 24, 1988. The song also peaked at\n    #11 on the Billboard Hot R&B/Hip-Hop Tracks chart and #7 on\n    the Billboard Hot Adult Contemporary Tracks chart. The song was\n    also a hit in the United Kingdom and peaked at #2 on the UK\n    Singles Chart.", "#text": "Cocktail"}, "#text": "Originally released in conjunction with the film"}, {"span": ["\"Nel blu dipinto di blu\n      (Volare)\"\u00a0\u00b7", "\"Mack the\n      Knife\"\u00a0\u00b7", "\"Theme from A Summer\n      Place\"\u00a0\u00b7", "\"Moon River\"\u00a0\u00b7", "\"I Left My Heart in San\n      Francisco\"\u00a0\u00b7", "\"Days of Wine and\n      Roses\"\u00a0\u00b7", "\"The Girl from\n      Ipanema\"\u00a0\u00b7", "\"A Taste of\n      Honey\"\u00a0\u00b7", "\"Strangers in the\n      Night\"\u00a0\u00b7", "\"Up, Up and\n      Away\"\u00a0\u00b7", "\"Mrs. Robinson\""]}, {"span": ["\"Aquarius/Let the Sunshine\n      In\"\u00a0\u00b7", "\"Bridge over Troubled\n      Water\"\u00a0\u00b7", "\"It's Too\n      Late\"\u00a0\u00b7", "\"The First Time Ever I Saw\n      Your Face\"\u00a0\u00b7", "\"Killing Me Softly with His\n      Song\"\u00a0\u00b7", "\"I Honestly Love\n      You\"\u00a0\u00b7", "\"Love Will Keep Us\n      Together\"\u00a0\u00b7", "\"This\n      Masquerade\"\u00a0\u00b7", "\"Hotel\n      California\"\u00a0\u00b7", "\"Just the Way You\n      Are\""]}, {"span": ["\"What a Fool\n      Believes\"\u00a0\u00b7", "\"Sailing\"\u00a0\u00b7", "\"Bette Davis\n      Eyes\"\u00a0\u00b7", "\"Rosanna\"\u00a0\u00b7", "\"Beat It\"\u00a0\u00b7", "\"What's Love Got to Do with\n      It\"\u00a0\u00b7", "\"We Are the\n      World\"\u00a0\u00b7", "\"Higher Love\"\u00a0\u00b7", "\"Graceland\"\u00a0\u00b7", {"#text": "\"", "strong": {"#tail": "\"", "#text": "Don't Worry, Be Happy"}}]}, {"span": ["\"Wind Beneath My\n      Wings\"\u00a0\u00b7", "\"Another Day in\n      Paradise\"\u00a0\u00b7", "\"Unforgettable\"\u00a0\u00b7", "\"Tears in\n      Heaven\"\u00a0\u00b7", "\"I Will Always Love\n      You\"\u00a0\u00b7", "\"All I Wanna\n      Do\"\u00a0\u00b7", "\"Kiss from a\n      Rose\"\u00a0\u00b7", "\"Change the\n      World\"\u00a0\u00b7", "\"Sunny Came\n      Home\"\u00a0\u00b7", "\"My Heart Will Go On\""]}, {"span": ["\"Smooth\"\u00a0\u00b7", "\"Beautiful\n      Day\"\u00a0\u00b7", "\"Walk On\"\u00a0\u00b7", "\"Don't Know\n      Why\"\u00a0\u00b7", "\"Clocks\"\u00a0\u00b7", "\"Here We Go\n      Again\"\u00a0\u00b7", "\"Boulevard of Broken\n      Dreams\"\u00a0\u00b7", "\"Not Ready to Make\n      Nice\"\u00a0\u00b7", "\"Rehab\"\u00a0\u00b7", "\"Please Read the\n      Letter\""]}, {"span": "\"Use Somebody\""}]}, "artist": "Bobby McFerrin", "lengths": {"length": ["4:50 (Album Version)", "4:03 (Music Video)"]}, "title": "Don't Worry, Be Happy", "recorded": "1988", "producers": {"producer": "Linda Goldstein"}, "released": "1988", "writers": {"writer": "Bobby McFerrin"}, "formats": {"format": ["7\"", "CD"]}, "weeks": {"week": ["1988-09-24", "1988-10-01"]}}}