{"top-song": {"album": "Blue on Blue", "genres": {"genre": "Pop"}, "descr": {"p": ["\"Blue Velvet\" is a popular song, written by Bernie Wayne and\n    Lee Morris, that has been recorded by several artists. It was\n    first a hit for Tony Bennett in 1951, when it peaked at #16 on\n    the Billboard Best Selling Pop Singles Chart (the predecessor\n    of the Billboard Hot 100). A 1955 version of the song by The\n    Clovers reached #14 on the Billboard Rhythm & Blues chart.\n    Bobby Vinton's version of the song hit number one on the\n    Billboard Hot 100 on September 21, 1963, and held the top spot\n    for three weeks. It also spent eight weeks atop the U.S. adult\n    contemporary chart. Vinton's version of \"Blue Velvet\" failed to\n    make the British charts when it was first released, but a\n    re-released version in 1990 went to #2 in the United Kingdom.\n    It was #7 in Australia and #9 in Korea.", "The first public performance of the song was by singer Ray\n    Mason in 1950 at a fashion show in Boston.", {"i": {"#tail": "(1964).", "#text": "Scorpio Rising"}, "#text": "The song is one of 13 other songs featured in Kenneth\n    Anger's groundbreaking, experimental film,"}, {"i": {"#tail": "(1986).", "#text": "Blue Velvet"}, "#text": "The song is also featured several times in David Lynch's\n    film,"}, {"i": {"#tail": ".", "#text": "The Greatest Songs of the Sixties"}, "#text": "Barry Manilow included \"Blue Velvet\" on his 2006 album,"}, {"i": {"#tail": "issued by Reprise Records.", "#text": "The Love Album"}, "#text": "\"Blue Velvet\" was included on the Trini Lopez LP"}, "Jimmy Velvit released a 45rpm single of \"Blue Velvet\" in the\n    mid-1960s.", "Australian singer Jason Donovan recorded the song for his\n    album \"Let It Be Me\" (2008).", "Singer Thomas Truax included a version of \"Blue Velvet\" on\n    his 2009 album 'Songs From The Films Of David Lynch'."]}, "artist": "Bobby Vinton", "title": "Blue Velvet", "label": "Epic", "released": "1963", "writers": {"writer": "Bernie Wayne and Lee Morris"}, "weeks": {"week": ["1963-09-21", "1963-09-28", "1963-10-05"]}}}