{"top-song": {"album": "Don't Be\n  Cruel", "genres": {"genre": "New jack swing"}, "descr": {"p": [{"i": {"#tail": ". It was released on October 11, 1998 as\n    the second single from the album. After recording sessions for\n    the album were completed, Brown and producer Gene Griffin\n    travelled to New York City, since he felt something was\n    \"missing\" from the record. \"My Prerogative\" was written by\n    Brown as a response to the criticism he received for his\n    departure from New Edition. He explained the song was about\n    making decisions in your life and not caring about other\n    people's judgement. \"My Prerogative\" is often considered a new\n    jack swing anthem, and contains many elements from Teddy Riley\n    productions.", "#text": "Don't Be Cruel"}, "#text": "\"My Prerogative\" is a song by American recording artist\n    Bobby Brown from his second solo studio album,"}, {"i": {"#tail": "s Hot 100 and Hot R&B/Hip-Hop Songs\n    charts. \"My Prerogative\" also reached top ten positions in many\n    countries, such as Ireland, New Zealand, the Netherlands and\n    the United Kingdom. The music video for the song features Brown\n    performing the song on stage with his band and dancers. The\n    song is also performed at most of his concerts, usually as the\n    last song of the set list. On the February 4, 1989 performance\n    at Madison Square Garden, he was joined on stage by many\n    popular rap artists and producers of the time.", "#text": "Billboard'"}, "#text": "The song was positively received by critics and was\n    nominated for a Grammy Award in the category of Best R&B\n    Urban Contemporary Single. It was also commercially successful,\n    reaching number one in"}, "\"My Prerogative\" has been covered and sampled by a number of\n    artists from different genres, most notably by Britney Spears.\n    She released her cover in her similarly titled 2004 greatest\n    hits compilation. The cover was produced by Bloodshy &\n    Avant and was noted for aptly referring to Spears's\n    relationship with the media at the time. It received mostly\n    unfavorable reviews from critics, with one reviewer calling it\n    \"unnecessary\". Although the song only appeared in component\n    charts in the United States, Spears's cover surpassed Brown's\n    version worldwide, peaking at the top of the charts in Finland,\n    Ireland, Italy and Norway and reaching the top ten in another\n    fourteen countries. The music video, directed by Jake Nava,\n    portrays Spears arriving at a Hollywood Hills manor in which a\n    party is taking place. In the end, it is revealed that the\n    party is actually Spears's wedding.", {"i": [{"#tail": "in Los Angeles, California, but felt\n    something was missing in the record. He said, \"I felt my album\n    was lacking a strong, aggressive song and I thought, 'Where\n    better to New York to come up with it'\". He travelled to the\n    city with producer Gene Griffin. \"My Prerogative\" was written\n    and co-produced by Brown, Griffin and Teddy Riley. It was\n    recorded at Axis Studios and mixed at Soundworks, in New York.\n    The track was mastered at Future Disc Systems in Hollywood,\n    California. During an interview with", "#text": "Don't Be Cruel"}, {"#tail": "on March 17, 1989, Brown explained the theme\n    behind the song, saying, \"A lot of things had been said about\n    Bobby Brown, why was he doing this [a solo career]. It's my way\n    of expressing to people it's your prerogative to do as you\n    want, but make sure what you do is the right thing\".", "#text": "The Hour"}], "#text": "Brown had already completed recording sessions for"}, {"i": [{"#tail": "(2003), that like most new jack swing songs from the\n    late 1980's, it was composed by \"punchy, street-savvy beats,\n    with sexually energetic melodies and poppy choruses\". The\n    bassline of the track was described by Cam'Ron Davis of", "#text": "Your body's calling me: music, love, sex &\n    money"}, {"#tail": "as \"truly sinister\". According to\n    the sheet music published at Musicnotes.com by EMI Music\n    Publishing, the song is composed in the key of A minor, with a\n    tempo of 120 beats per minute. Brown's vocal range spans from\n    the high-note of C to A.", "#text": "CMJ New Music Monthly"}], "#text": "\"My Prerogative\" is considered a new jack swing anthem, that\n    merges hip hop beats with elements of synthpop and soul. It\n    features a triplet swing in the sixteenth note, as included in\n    many of Riley's productions. Jake Brown said in his book"}, {"i": [{"#tail": "said \"My Prerogative\" \"sounds like gin-drenched,\n    Roaring Twenties swing\". Arion Berger of", "#text": "Spin"}, {"#tail": "called it \"a grumpy and undeniably adult\n    dance hit\". \"My Prerogative\" was nominated for at the 30th\n    Grammy Awards in the category of Best R&B Urban\n    Contemporary Single by a Male, but lost to Michael Jackson's\n    \"Man in the Mirror\". The following year,", "#text": "Rolling Stone"}, {"#tail": "listed the song at number seventy-two on the \"100\n    Greatest Singles of All Time\" list. It ranked at number\n    ninety-eight on VH1's \"100 Greatest Songs of the 80's\". The\n    track is often referred to as Brown's signature song.", "#text": "Spin"}], "#text": "Barry Michael Cooper of"}, {"i": [{"#tail": "Hot 100 during the week of October 29, 1988 at\n    number sixty-one. The following week, it climbed sixteen\n    positions to number forty-five. On January 14, 1989, it peaked\n    at the top position of the chart. The song also peaked at\n    number one in Hot R&B/Hip-Hop Songs and at number seven in\n    Hot Dance Club Songs. It was certified gold by the Recording\n    Industry Association of America (RIAA) for sales over 500,000\n    copies. In Canada, the song debuted on the", "#text": "Billboard"}, {"#tail": "Singles Chart at position ninety-eight, on the issue\n    dated December 23, 1989. In the United Kingdom, \"My\n    Prerogative\" debuted at number eighty-seven on December 10,\n    1998. On February 18, 1989, the song peaked at number six and\n    stayed in the position for two weeks. Across Europe, the song\n    reached the top ten in Ireland and the Netherlands, and the top\n    twenty in Germany and Sweden. In Australia and New Zealand, the\n    track peaked at number forty and number three,\n    respectively.", "#text": "RPM"}], "#text": "\"My Prerogative\" debuted on the U.S."}, {"i": [{"#tail": "wrote in the review of", "#text": "Rolling Stone"}, {"#tail": "(1992), \"As anyone who saw him swagger through the\n    videos for 'My Prerogative' and 'Every Little Step' can attest,\n    Brown had a phenomenal ability to convey a sense of street\n    toughness that was utterly without malice or menace, making him\n    credible and likable\". The music video was nominated at the\n    1989 MTV Video Music Awards for Best Stage Performance in a\n    Video, but lost to the music video of Living Colour's \"Cult of\n    Personality\". It also charted at number nine on", "#text": "Bobby"}, {"#tail": "video chart on July 21, 1990.", "#text": "RPM"}], "#text": "The music video for \"My Prerogative\" was directed by Alek\n    Keshishian. It begins with Brown driving a car while his\n    musicians start to perform the song on a stage. Shortly after,\n    he descends to the stage in an elevator, wearing a black\n    jumpsuit and a headset. He dances flanked by two women, one of\n    them playing a keytar. J. D. Considine of"}, {"i": [{"#tail": "as the last song of the night. Brown\n    usually performed it wearing a black outfit, flanked with two\n    male dancers wearing white clothes. On the February 4, 1989\n    show at Madison Square Garden in New York City, wore a red\n    boxing robe with the words \"King of the Stage\" printed in the\n    back. During the performance, Joseph Simmons of Run-DMC, LL\n    Cool J and Heavy D joined him onstage and freestyle rapped.\n    Eric B., KRS-One, L. A. Reid, Babyface and Teddy Riley also\n    joined him onstage, with the latter performing a keyboard solo.\n    Peter Watrous of", "#text": "Don't Be Cruel"}, {"#tail": "commented that, \"The communal scene on\n    stage mirrored the feeling in the audience; everybody seemed\n    aware that this was a generation that had rewritten the rules\n    of pop entertainment, and was justifiably proud of its\n    achievement\". Brown also performed the song at the 1997 Home\n    Again Tour with New Edition, during the second portion of the\n    show in which he performed hits from his solo career. On\n    November 10, 2005, he performed the song for the first time in\n    eight years at a concert at House of Blues in Atlantic City. He\n    wore a white suit and matching hat, and sang it as the last\n    song of the evening. On January 17, 2006, he performed it at a\n    New Edition show in Atlantic City's Trump Taj Mahal. During the\n    performance, he tore open his orange dress shirt, singing\n    bare-chested with a tie and a fur coat on. Brown also performed\n    the song during his 2007 July shows in Australia.", "#text": "The New York Times"}], "#text": "\"My Prerogative\" was performed during his tour in promotion\n    for"}, {"i": [{"#tail": "noted that the hook of Brown's 1992 single\n    \"Humpin' Around\" from", "#text": "Rolling Stone"}, {"#tail": ", \"bears a more than passing resemblance to the\n    synth part from 'My Prerogative'\". According to", "#text": "Bobby"}, {"#tail": ", American R&B group U.N.V.\n    sampled the melody for their 1993 single \"Something's Goin'\n    On\". Jamaican reggae singer Beenie Man covered \"My Prerogative\"\n    for his 1998 studio album", "#text": "Entertainment Weekly"}, {"#tail": ". American singer Rod Michael covered\n    the song for his 2004 studio album,", "#text": "Many Moods of Moses"}, {"#tail": ". English rock band Selfish Cunt also\n    covered the song for their 2004 studio album", "#text": "The Next Episode"}, {"#tail": ", changing the name to\n    \"Bobby\". On July 2007, American basketball player LeBron James\n    covered \"My Prerogative\" at the 15th ESPY Awards at the Kodak\n    Theatre in Hollywood, California, wearing a wig and Hammer\n    pants.", "#text": "No Wicked Heart Shall Prosper"}, {"#tail": "named the performance one of the \"worst of the worst\n    live performances of the year\". Anoop Desai, contestant of the\n    eight season of", "#text": "Vibe"}, {"#tail": ", covered the song for his wildcard round\n    performance. It earned him the last spot in the finals, marking\n    the first time the show ever had thirteen contestants. Desai\n    also performed the song during the American Idols LIVE! Tour\n    2009. Graeme McRanor of", "#text": "American Idol"}, {"#tail": "said in the concert review that \"My\n    Prerogative\" \"really shouldn't be covered by any artist, ever\n    again\". On July 31, 2009, American hip hop group The Pharcyde\n    covered the song at the All Points West Music & Arts\n    Festival in Jersey City. The song was also featured on the\n    films", "#text": "The Vancouver Sun"}, {"#tail": "(2000),", "#text": "Love & Basketball"}, {"#tail": "(2007) and", "#text": "Wild Hogs"}, {"#tail": "(2008).", "#text": "Sex Drive"}], "#text": "\"My Prerogative\" was sampled and covered by many artists\n    from different genres. It was sampled in Nice & Smooth's\n    \"O-o-h Child\" (1989), Public Enemy's \"Pollywanacraka\" (1990),\n    Nice & Smooth's \"Hip Hop Junkies\" (1991) and LL Cool J's\n    \"Doin It\" (1995). J.D. Considine of"}, {"i": [{"#tail": "(2003). Bloodshy & Avant recorded the\n    song at Murlyn Studios in Stockholm, Sweden. Spears recorded\n    the vocals at Teldex Studios in Berlin, Germany. On August 13,\n    2004, Spears's label Jive Records announced through a press\n    release that she had covered the song and was planning to\n    release it on her first greatest hits compilation, titled", "#text": "In the Zone"}, {"#tail": ". The song was set to\n    premiere on radio stations on September 14, 2004, however, it\n    leaked in the Real Tapemasters Inc.'s mixtape", "#text": "Greatest Hits: My Prerogative"}, {"#tail": "on September 10, 2004. Spears's\n    cover of \"My Prerogative\" is musically different from its\n    original version, with the bass and new jack swing sound\n    replaced with synthesizers and elements typical of Bloodshy\n    & Avant productions. It was noted by Christy Lemire of\n    msnbc.com that the cover also contains elements of Bollywood\n    music. At the beginning of the song, Spears says in a breathy\n    voice the lines \"People can take everything away from you / But\n    they can never take away your truth / But the question is, can\n    you handle mine?\". The rest of the lyrics do not deviate much\n    from the original version, instead they are changed to fit a\n    woman's perspective. Jennifer Vineyard of MTV commented the\n    cover could be interpreted as a statement on Spears's life and\n    the media reaction to some of her decisions at the time,\n    including her engagement to American dancer Kevin\n    Federline.", "#text": "The Future of R&B"}], "#text": "In 2004, Spears recorded a cover of \"My Prerogative\" with\n    Swedish production team Bloodshy & Avant, who produced her\n    single \"Toxic\" from her fourth studio album,"}, {"i": [{"#tail": "commented that \"judging by the\n    fuck-you sentiments\" of the cover, Spears liked to play the\n    role of \"[the] pop brat careering off the rails\". Sarah Hepola\n    of Salon.com wrote in an article about contemporary teen idols\n    that the cover \"became an anthem for teen-idol rebellion\".\n    American director Quentin Tarantino included the song in a\n    playlist that inspired him during production of his 2009 film", "#text": "New Musical Express"}, {"#tail": ".", "#text": "Inglourious Basterds"}], "#text": "Stephen Thomas Erlewine of Allmusic called the cover \"a\n    useless remake, which seems to exist solely for its video\".\n    Spence D. of IGN said that the lyrics fit perfectly with\n    Spears's relationship with the media at the time. He also\n    added, \"As for her interpretation, it's an interesting\n    chameleonic diversion that comes off like a mash-up between\n    vintage Prince-styled production, Cameo swagger, and Madonna\n    sultriness, but never seems to capture the gloss and glory of\n    any of the aforementioned influences\". Christy Lemire of\n    msnbc.com called it \"utterly unnecessary\". Louis Pattison of\n    the"}, {"i": {"#tail": "s Top 40 Tracks and Top 40 Mainstream at\n    number twenty-two and thirty-four, respectively. On November\n    15, 2004, the song debuted at the Australian Singles Chart at\n    number seven. The same week, it debuted at number seventeen in\n    New Zealand. On November 7, 2004, the song debuted at number\n    three in the United Kingdom, during a competitive week of new\n    releases, only surpassed by Eminem's \"Just Lose It\" and\n    Destiny's Child's \"Lose My Breath\". The song also reached\n    success throughout Europe, peaking at number one in Finland,\n    Ireland, Italy and Norway, number two in Spain and number three\n    in Belgium (Flanders and Wallonia), Denmark and Germany. It\n    also reached top ten positions in Austria, Czech Republic,\n    Sweden, Switzerland and the Netherlands.", "#text": "Billboard'"}, "#text": "In the United States, \"My Prerogative\" charted in"}, {"i": [{"#tail": "in their article \"Britney Spears: The\n    Complete Video Guide\", compared it to Madonna's performances of\n    her 1984 single \"Like a Virgin\". She then entered a dressing\n    room with mirrors, wearing lingerie, high heels, stockings and\n    a short fur jacket. She proceeds to a bedroom, in which a black\n    dress is laid out on the comforter. She puts on the new dress\n    and the camera cuts to the party outside where people gathered\n    waiting. During the song's bridge, it is revealed that the\n    party is actually Spears's wedding, as she starts walking\n    towards the aisle and Federline waits next to a priest. The\n    video ends with a shot of the black-and-white video and Spears\n    looking into the camera. The footage was released as an\n    alternate version of the music video in the 2004 DVD", "#text": "Rolling Stone"}, {"#tail": ".", "#text": "Greatest Hits: My Prerogative"}], "#text": "The music video for \"My Prerogative\" was filmed in August\n    2004 at The Paramour Mansion in Silver Lake, Los Angeles,\n    California and was directed by Jake Nava. According to Spears's\n    mother Lynne, the video was \"about capturing gorgeous close-ups\n    and very subtle movement\" since Spears could not do any\n    choreography due to her knee injury at the \"Outrageous\" music\n    video shoot. She also described the video as \"[having] an\n    element of old Hollywood glamour and mystery\". The music video\n    begins with Spears driving a Porsche 928 at high speed in the\n    Hollywood Hills. She crashes through a fence and lands into a\n    pool inside a manor where a party is taking place. She emerges\n    from the water and crawls in top of the car to sing the first\n    verse. Spears's brother Bryan makes a cameo in these scenes.\n    After she leaves the pool, she enters the manor and passes\n    couples making out around her. She appears in a stainless steel\n    kitchen, where a maid cuts the straps of her black wet dress.\n    In the next scene, she walks into a study in which her husband\n    at the time, Kevin Federline, is smoking and watching a\n    black-and-white video of Spears on a projection screen.\n    According to Jennifer Vineyard from MTV, the clip had the style\n    of pornographic films from the 1940's and 1950's."}]}, "artist": "Bobby Brown", "lengths": {"length": "4:51"}, "title": "My Prerogative", "recorded": "1988", "label": "MCA", "producers": {"producer": ["Bobby Brown", "Gene Griffin", "Teddy Riley"]}, "released": "October 11, 1988", "writers": {"writer": ["Bobby Brown", "Gene Griffin", "Teddy Riley"]}, "formats": {"format": ["7\" single", "12\" single", "CD single"]}, "weeks": {"week": "1989-01-14"}}}