{"top-song": {"weeks": {"week": ["1964-01-04", "1964-01-11", "1964-01-18", "1964-01-25"]}, "artist": "Bobby Vinton", "descr": {"p": ["\"There! I've Said It Again\" is a popular song written by\n    Redd Evans and David Mann popularized originally by Vaughn\n    Monroe in 1945, and then again in late 1963 by Bobby\n    Vinton.", "Vinton's version topped the Billboard Hot 100 chart on\n    January 4, 1964 and remained there for four weeks. This song is\n    significant because it marks the dividing line between the\n    \"innocent years\" and Rock and Roll era - more specifically, it\n    was the last song to reach number one on the Hot 100 before \"I\n    Want to Hold Your Hand\" topped the chart. The song also spent\n    five weeks atop the easy listening chart. It was Vinton's third\n    number-one song on both charts, following \"Roses Are Red (My\n    Love)\" and \"Blue Velvet\"."]}, "title": "There! I've Said It Again"}}