{"top-song": {"descr": {"p": [{"i": {"#tail": ".", "#text": "Animal House"}, "#text": "\"Tossin' and Turnin'\" is a song written by Ritchie Adams and\n    Malou Rene, and originally recorded by Bobby Lewis. The record\n    reached number one on both the Billboard Hot 100 on July 10,\n    1961, and R&B chart, , and has since become a standard on\n    oldies compilations. It was named Billboard's number-one single\n    for 1961, after spending seven consecutive weeks at the top. It\n    was featured on the soundtrack for the 1978 film,"}, "On the original hit single version, the track begins with\n    Lewis singing \"I couldn't sleep at all last night,\" and it\n    appears this way on most oldies compilations. However, on some\n    releases the song has a prelude, where Lewis sings\n    \"Baby...Baby...you did something to me,\" followed by a musical\n    cue into the first verse. Lewis usually includes this prelude\n    when he performs the song live.", {"i": {"#tail": "), and polka star Jimmy Sturr.", "#text": "Peter Criss"}, "#text": "The song was covered by folk singer Steve Goodman, Kiss\n    drummer Peter Criss (on his 1978 solo album entitled"}, {"i": {"#tail": "magazine ranked the song as the 27th biggest\n    song of all time that charted on the Billboard Hot 100,\n    commemorating the 50th anniversary of the chart.[1]", "#text": "Billboard"}, "#text": "In 2008,"}]}, "artist": "Bobby Lewis", "lengths": {"length": "2:21"}, "title": "Tossin' and Turnin'", "released": "July 1961", "writers": {"writer": "Ritchie Adams and Malou Rene"}, "weeks": {"week": ["1961-07-10", "1961-07-17", "1961-07-24", "1961-07-31", "1961-08-07", "1961-08-14", "1961-08-21"]}}}