{"top-song": {"album": "The Original Monster Mash", "genres": {"genre": ["Novelty", "pop"]}, "descr": {"p": [{"i": {"#tail": ", which contained several other\n    monster-themed tunes. The \"Monster Mash\" single reached number\n    one on the Hot 100 chart on October 20 of that year, just in\n    time for Halloween. It has been a perennial holiday favorite\n    ever since.", "#text": "The Original Monster Mash"}, "#text": "\"Monster Mash\" is a 1962 novelty song and the best-known\n    song by Bobby \"Boris\" Pickett. The song was released as a\n    single on Gary S. Paxton's Garpax Records label in October 1962\n    along with a full-length LP called"}, "Pickett was an aspiring actor who sang with a band called\n    The Cordials at night while going to auditions during the day.\n    One night, while performing with his band, Pickett did a\n    monologue in imitation of horror movie actor Boris Karloff\n    while performing The Diamonds', \"Little Darlin'\". The audience\n    loved it and fellow band member Lenny Capizzi encouraged\n    Pickett to do more with the Karloff imitation.", "Pickett and Capizzi composed \"Monster Mash\" and recorded it\n    with Gary S. Paxton, Leon Russell, Johnny McCrae, Rickie Page,\n    and Terry Berg, credited as \"The Crypt-Kickers\". The song was\n    partially inspired by Paxton's earlier novelty hit \"Alley Oop\",\n    as well as by the Mashed Potato dance craze of the era. A\n    variation on the Mashed Potato was danced to \"Monster Mash\", in\n    which the footwork was the same but monster gestures were made\n    with the arms and hands. Mel Taylor, drummer for The Ventures\n    claimed to play on this, and that fact is repeated many places,\n    including Taylor's N.Y. Times obituary.", "The song is narrated by a mad scientist whose monster, late\n    one evening, rises from a slab to perform a new dance. The\n    dance becomes \"the hit of the land\" when the scientist throws a\n    party for other monsters. The producers came up with several\n    low-budget but effective sound effects for the recording. For\n    example, the sound of a coffin opening was imitated by a rusty\n    nail being pulled out of a board. The sound of a cauldron\n    bubbling was actually water being bubbled through a straw, and\n    the chains rattling were simply chains being dropped on a tile\n    floor. Pickett also impersonated horror film actor Bela Lugosi\n    as Dracula with the lyric \"Whatever happened to my Transylvania\n    Twist?\"", "The song was re-released several times and appeared in the\n    Billboard charts on three occasions after the original release\n    \u2014 December 1962, August 1970 and May 1973. The BBC had banned\n    the record from airplay in 1962 on the grounds that the song\n    was \"too morbid\". It was eventually released in the United\n    Kingdom in 1973, where it peaked at #3 in early October. It\n    re-entered the British Charts again on November 2, 2008 at\n    #60.", {"i": {"#tail": "chart. The tune was penned by the renowned\n    novelty song composer Paul Harrison. In 1985, with American\n    culture experiencing a growing awareness of rap music, Pickett\n    released \"Monster Rap\", which describes the mad scientist's\n    frustration at being unable to teach the dancing monster from\n    \"Monster Mash\" how to talk. The problem is solved when he\n    teaches the monster to rap. A movie musical based on the song\n    starring Pickett was released in 1995.", "#text": "Billboard"}, "#text": "\"Monsters' Holiday\", a Christmas-themed follow up, was\n    recorded by Pickett and released in December 1962, peaking at\n    #30 on the"}, {"i": [{"#tail": ". That same year the Bonzo Dog Doo Dah\n    Band covered it on", "#text": "Beach Boys Concert"}, {"#tail": "and in 1968 performed it on the British\n    television series", "#text": "Tadpoles"}, {"#tail": ". Boris Karloff was so taken with\n    the song that he performed it himself on a 1965 episode of", "#text": "Do Not Adjust Your Set"}, {"#tail": ". In 1972 horror film actor and DJ Mike Raven\n    performed a version of \"Monster Mash\" on the music show", "#text": "Shindig!"}, {"#tail": ". Actor Vincent Price recorded a\n    version of it as well in 1977. A 1978 Halloween episode of", "#text": "2 G's and the Pop People"}, {"#tail": "featured Ron Howard performing a rendition of\n    the song, using a Peter Lorre impression rather than Pickett's\n    Karloff one. In 1980 the British ska band Bad Manners covered\n    \"Monster Mash\" on their debut album", "#text": "Happy Days"}, {"#tail": ". Hardcore punk band Ill Repute covered it as\n    well on their 1985 album", "#text": "Ska 'n' B"}, {"#tail": ". In 1988, The Big O covered it for the Return\n    of the Living Dead Part II Soundtrack.", "#text": "Omelette"}], "#text": "\"Monster Mash\" became a pop music standard, and many cover\n    versions have been recorded over the years. The Beach Boys\n    covered the song just two years after its original release, on\n    their 1964 album"}, {"i": {"#tail": ", which contains several samples from \"Monster\n    Mash\" including the line \"Whatever happened to my Transylvania\n    Twist?\".", "#text": "Limbo"}, "#text": "The 1996 album Test for Echo by the Canadian rock trio Rush\n    includes an instrumental track,"}, {"i": [{"#tail": "(see below). A Kidz Bop cover version\n    appeared on", "#text": "Project 1950"}, {"#tail": "(2004). Mannheim Steamroller also\n    covered the song for their 2006 album", "#text": "Kidz Bop Halloween"}, {"#tail": ". The song has\n    also been covered by Zombina and the Skeletones.", "#text": "Halloween, Vol. 2: Creatures Collection"}], "#text": "In 1997, the horror punk group The Misfits released a music\n    video of them covering \"Monster Mash\" live. They also released\n    a studio version as a single in 1999, and recorded a separate\n    version for their 2003 album"}, "In 2008, The Smashing Pumpkins released a live recording of\n    the song from Halloween of that year through Live Smashing\n    Pumpkins.", {"i": [{"#tail": ". Their version was released as a\n    single in 1999, and a new version was recorded for their 2003\n    album", "#text": "Mad Monster Party"}, {"#tail": ".", "#text": "Project 1950"}], "#text": "Horror punk band the Misfits recorded a cover version of\n    \"Monster Mash\" in 1997 as part of a promotion surrounding a DVD\n    release of the 1969 stop motion film"}, "The Misfits recorded their version of \"Monster Mash\" in 1997\n    in a recording studio in Newark, New Jersey. Bassist Jerry Only\n    later stated that \"The 'Monster Mash' was a no-brainer for the\n    Misfits to cover as a timeless Halloween release. The song was\n    always a childhood favorite of mine.\" The recording was the\n    first time that Only had performed lead vocals for the band,\n    while then-Misfits lead singer Michale Graves provided backing\n    vocals. On October 18, 1997 a live performance of the song was\n    recorded and broadcast from the studio of the New Jersey-based\n    cable television music show \"Power Play\", the same studio in\n    which the song was recorded.", {"i": [{"#tail": ". Deluxo had recently acquired the\n    rights to the film in hopes of restoring it, but could not find\n    a quality print. They eventually found a quality 16 mm print\n    and the Misfits hosted a special screening of the film at\n    Anthology Film Archives in New York City, with the \"American\n    Psycho\" music video as an opening featurette. Notable attendees\n    at the screening included members of the Misfits, Cafiero,\n    Marky Ramone, Jimmy Gestapo of Murphy's Law, and executives\n    from both Geffen Records and Roadrunner Records. Deluxo\n    restored", "#text": "Mad Monster Party"}, {"#tail": "from the 16\u00a0mm print and\n    re-released it on VHS in limited numbers. A music video for the\n    Misfits' live recording of \"Monster Mash\" was created\n    interspersing clips from the film with footage from their\n    \"Power Play\" performance, and was intended to be included as a\n    bonus feature on a forthcoming DVD release. However, due to\n    complications over distribution rights, the DVD was not\n    released and the VHS version was discontinued. A DVD version of\n    the film was eventually released in 2003 by Anchor Bay\n    Entertainment, restored from a different 35 mm print.", "#text": "Mad Monster Party"}], "#text": "The Misfits' version of \"Monster Mash\" was used in a\n    cross-promotion campaign arranged by Deluxo and John Cafiero,\n    who had directed the Misfits' music videos for \"American\n    Psycho\" and \"Dig Up Her Bones\", to create awareness of a home\n    video release of the 1969 Rankin/Bass stop motion film"}, {"i": {"#tail": "was used under license from his\n    daughter Sarah Karloff in artwork for a 7\" vinyl single of the\n    Misfits' version of \"Monster Mash\". Percepto Records used the\n    same image of Karloff for the cover of the film's soundtrack\n    album which was released in September 1998. The Misfits single\n    was intended to be released the following month, but was\n    delayed due to lack of time to properly mix the studio\n    recording. Instead the artwork was used in connection with a\n    free MP3 download of the band's live recording of \"Monster\n    Mash\", available through their website as a \"virtual single\".\n    The image was used again as cover artwork when the finished\n    single was released physically in October 1999 as the first\n    release of the band's new label Misfits Records.", "#text": "Mad Monster Party"}, "#text": "As part of the promotional campaign, an image of Boris\n    Karloff as he appears in"}, {"i": [{"#tail": ". At the insistence of the band's\n    label Roadrunner Records, the live recording was omitted from\n    the album and only the studio version was used. The Misfits\n    recorded a new version of the song, featuring Cafiero on\n    backing vocals, for their 2003 album", "#text": "Cuts from the Crypt"}, {"#tail": ". By this time the band had a new lineup\n    consisting of Jerry Only (bass guitar and lead vocals), Dez\n    Cadena (guitar and backing vocals), and Marky Ramone (drums).\n    Only called this version of the song \"probably the best version\n    we've ever done. I'm really happy with it. We've recorded it\n    several times in the past and this is the hardest hitting\n    version of them all.\" Ramone commented:", "#text": "Project 1950"}], "#text": "The Misfits' studio recording of \"Monster Mash\" was included\n    on their 2001 compilation album", "span": {"#tail": "'Monster Mash' always\n    reminded me of Boris Karloff. Our version's a lot faster than\n    the original, which was a slower 4/4 beat. I always liked the\n    way the drums seemed to come in out of nowhere after Igor\n    walked across the room.\" Cadena, meanwhile, remarked that \"If I\n    didn't know any better ['Monster Mash'] could have been written\n    for the Misfits.\"", "#text": "\""}}, "Two separate pressings of the Misfits single were released,\n    both issued on 7\" vinyl in 1999. The first pressing had the\n    studio version on both sides and consisted of 1,000 copies: 800\n    on green vinyl, 100 on red, and 100 on gold. It was sold by the\n    band while on tour and also by mail order through their \"Fiend\n    Club\" fan club and official website. 1,000 promotional CD\n    copies of the studio version were also pressed and used for\n    limited solicitation to radio stations. A second pressing of\n    the vinyl single had the studio version on side A and the live\n    version on side B and consisted of 1,000 copies on\n    glow-in-the-dark vinyl, available exclusively by mail order\n    through the band's website. The single sold out and is no\n    longer in print.", "All songs written and composed by Bobby Pickett, Leonard L.\n    Capizzi."]}, "artist": "Bobby \"Boris\" Pickett and the Crypt-Kickers", "title": "Monster Mash", "released": "October 1962", "writers": {"writer": ["Bobby Pickett", "Leonard L. Capizzi"]}, "formats": {"format": "7\" vinyl"}, "weeks": {"week": ["1962-10-20", "1962-10-27"]}}}