{"top-song": {"album": "Ode to Billie Joe", "genres": {"genre": ["Country", "Blues"]}, "descr": {"p": [{"i": {"#tail": "'s list of \"the 500 Greatest Songs of All\n    Time\". The recording of \"Ode to Billie Joe\" generated eight\n    Grammy nominations, including three wins for Gentry and one win\n    for arranger Jimmie Haskell.", "#text": "Rolling Stone"}, "#text": "\"Ode to Billie Joe\" is a 1967 song written and recorded by\n    Bobbie Gentry, a singer-songwriter from Chickasaw County,\n    Mississippi. The single, released in late July, was a\n    number-one hit in the United States, and became a big\n    international seller. The song is ranked #412 on"}, "This song is a first-person narrative that reveals a\n    quasi-Southern Gothic tale in its verses by including the\n    dialog of the narrator's family at dinnertime on the day that\n    \"Billie Joe McAllister jumped off the Tallahatchie Bridge.\"\n    Throughout the song, the suicide and other tragedies are\n    contrasted against the banality of everyday routine and polite\n    conversation.", "The song begins with the narrator and her brother returning,\n    after morning chores, to the family house for dinner. After\n    cautioning them about tracking in dirt, \"Mama\" says that she\n    \"got some news this mornin' from Choctaw Ridge\" that \"Billie\n    Joe McAllister jumped off the Tallahatchie Bridge,\" apparently\n    to his death.", "At the dinner table, the narrator's father is unsurprised at\n    the news and says, \"Well, Billie Joe never had a lick o' sense;\n    pass the biscuits, please\" and mentions that there are \"five\n    more acres in the lower forty I got to plow.\" Although her\n    brother seems to be taken aback (\"I saw him at the sawmill\n    yesterday.... And now you tell me Billie Joe has jumped off the\n    Tallahatchie Bridge\"), he's not shocked enough to keep him from\n    having a second piece of pie. Late in the song, Mama questions\n    the narrator's complete loss of appetite (\"Child, what's\n    happened to your appetite? I been cookin' all mornin' and you\n    haven't touched a single bite,\") yet earlier in the song\n    recalled a visit earlier that morning by Brother Taylor, the\n    local preacher, who mentioned that he had seen Billie Joe and a\n    girl who looked very much like the narrator herself and they\n    were \"throwin' somethin' off the Tallahatchie Bridge.\"", "In the song's final verse, a year has passed, during which\n    the narrator's brother has married and moved away. Also, her\n    father died from a viral infection, which has left her mother\n    despondent. The narrator herself now visits Choctaw Ridge\n    often, picking flowers there to drop from the Tallahatchie\n    Bridge onto the murky waters flowing beneath.", "The bridge mentioned in this song collapsed in June\n    1972.", {"i": {"#tail": "on 16 April 2009, singer Rachel\n    Harrington claimed that Bobbie Gentry originally wrote 11\n    verses but deleted six because a record producer thought it was\n    too long.", "#text": "Bob Harris Country"}, "#text": "In an interview with Bob Harris broadcast by BBC Radio 2 in"}, {"i": {"#tail": ",\" on Capitol Records. It was\n    originally a seven minute recording with only Gentry's guitar\n    backing the lyrics which told more of the story of what\n    happened to Billie Joe at the Tallahatchie Bridge. After the\n    original version was finished, the label executives realized\n    that this song was the better option for a single release.\n    Thus, they went back into the studio with the string orchestra\n    for backing and cut the song length almost in half. Cutting the\n    length and lyrics provided the song with a mystical allure\n    which left more to the listener's imagination about what really\n    happened to Billie Joe. It also made it more suitable for radio\n    airplay.", "#text": "Mississippi Delta"}, "#text": "\"Ode to Billy Joe\" was originally intended as the \"B side\"\n    of Gentry's first single recording, a blues number called \""}, "Gentry continually dismissed speculation that the song was\n    autobiographical. At the height of the song's popularity,\n    numerous rumors circulated that she had been questioned by\n    Mississippi police.", {"i": {"#tail": ". The poster's tagline, which treats the\n    film as being based on actual events and even gives a date of\n    death for Billy (June 3, 1953), led many to believe that the\n    song was based on actual events. In fact, when Raucher met\n    Bobbie Gentry in preparation for writing the novel and\n    screenplay, she confessed that she herself had no idea why\n    Billie Joe killed himself. In Raucher's novel and screenplay,\n    Billy Joe kills himself after a drunken homosexual experience,\n    and the object thrown from the bridge is the narrator's\n    ragdoll.", "#text": "Ode to Billy Joe"}, "#text": "The song's popularity proved so enduring that in 1976, nine\n    years after its release, Warner Bros. commissioned author\n    Herman Raucher to adapt it into a novel and screenplay,"}, {"i": {"#tail": "as an archetype\n    of what Howard calls the \"gay suicide myth\".", "#text": "Men Like That: A Queer Southern History"}, "#text": "Billy Joe's story is analyzed in Professor John Howard's\n    history of gay Mississippi entitled"}, {"i": {"#tail": ") is a parody of the song. It mimics\n    the conversational style of \"Ode to Billie Joe\" with lyrics\n    concentrating on routine household chores. The shocking event\n    buried in all the mundane details is the revelation that \"The\n    Vice-President's gone mad!\". Dylan's song was originally titled\n    'Answer to \"Ode\"'", "#text": "The Basement Tapes"}, "#text": "Bob Dylan's 1967 \"Clothesline Saga,\" (on the album"}, {"i": {"#tail": ", is melodically similar to \"Ode to Billie\n    Joe\", and ends with the line \"and that's why Billie Joe\n    McAllister jumped off the Tallahatchie Bridge\".", "#text": "Small Minds"}, "#text": "The Austin Lounge Lizards' \"Shallow End of the Gene Pool\",\n    from their 1995 album"}, {"i": {"#tail": "featured Kristen Wiig and guest host\n    Paul Rudd (with guitar) in a skit as a duo covering the song's\n    melody, but with lyrics regarding a delivery man attempting to\n    deliver a package, reading off the tracking numbers, etc.", "#text": "Saturday Night Live"}, "#text": "The November 15, 2008"}, "In 1967 American/French singer-songwriter Joe Dassin had\n    much success with a French translation of the song, that tells\n    exactly the same story almost word for word, only with the\n    characters reversed. The narrator is one of the sons of the\n    household, and the character who committed suicide is a girl\n    named Marie-Jeanne Guillaume.", "A quick overview of the translated names and places:", "Besides the change in character names and locations, there\n    are also obvious changes to various environments like the food,\n    the crops, etc. For example, instead of \"Pickin'cotton\", the\n    narrator took care of the vineyards. The setting is a\n    fictitious small town in south west France. The river Garonne\n    however is real.", "In 1968, a Swedish translation by Olle Adolphson titled \"Jon\n    Andreas visa\" was recorded by Siw Malmkvist. It is faithful to\n    the story in \"Ode to Billie Joe\", but has changed the setting\n    to rural Sweden."]}, "artist": "Bobbie Gentry", "lengths": {"length": "4:15"}, "title": "Ode to Billie Joe", "label": "Capitol 5950", "producers": {"producer": "Kelly Gordon"}, "released": "July 1967", "writers": {"writer": "Bobbie Gentry"}, "formats": {"format": ["7\"", "45rpm"]}, "weeks": {"week": ["1967-08-26", "1967-09-02", "1967-09-09", "1967-09-16"]}}}