{"top-song": {"album": "Roses Are Red", "genres": {"genre": "Pop"}, "descr": {"p": "\"Roses Are Red (My Love)\" is a popular song composed by Al\n    Byron and Paul Evans. It was recorded by Bobby Vinton and was a\n    number-one song in the United States during the year 1962. It\n    topped the Billboard Hot 100 singles chart on July 15, 1962,\n    and remained there for four weeks. The recording was his first\n    hit. He found the song in a reject pile at Epic Records. He\n    first recorded it as an R&B number but was allowed to\n    record it with a new arrangement including strings. The single\n    was also the first number one hit for Epic."}, "artist": "Bobby Vinton", "lengths": {"length": "2:38"}, "title": "Roses Are Red (My Love)", "label": "Epic Records", "producers": {"producer": "Robert Morgan"}, "released": "1962", "writers": {"writer": ["Paul Evans", "Al Byron"]}, "weeks": {"week": ["1962-07-14", "1962-07-21", "1962-07-28", "1962-08-04"]}}}