{"top-song": {"album": "Take Good Care of My Baby", "genres": {"genre": "Pop"}, "descr": {"p": [{"i": [{"#tail": "album. In 1968, it became a hit\n    again, this time for Bobby Vinton, but his version reached only\n    #33 on the U.S. Billboard Hot 100 in comparison. Vee\n    re-recorded the song as a ballad in 1973 on his album", "#text": "She's Just My Style"}, {"#tail": "(released under his real\n    name, Robert Thomas Velline). However, it's his original\n    version, along with Vinton's, that remain as staples of oldies\n    radio stations.", "#text": "Ain't Nothing Like a Sunny Day"}], "#text": "\"Take Good Care of My Baby\" is a song written by Carole King\n    and Gerry Goffin and made famous by Bobby Vee, when it was\n    released in 1961. It quickly became popular, reaching #1 on the\n    U.S. Billboard Hot 100 in September. The song was covered by\n    The Beatles during their audition at Decca Records on January\n    1, 1962. Dion also recorded a version, though it was not\n    released as a single. Gary Lewis & The Playboys recorded a\n    cover version in 1965 on their"}, "It has also been covered by Smokie (Solid Ground, 1981) and\n    German Pop Star Sasha (Dick Brave and the Backbeats, 2003)."]}, "artist": "Bobby Vee", "title": "Take Good Care of My Baby", "label": "Epic", "released": "1968", "writers": {"writer": "Carole King and Gerry Goffin"}, "weeks": {"week": ["1961-09-18", "1961-09-25", "1961-10-02"]}}}