{"top-song": {"album": "Honey", "genres": {"genre": "Country"}, "descr": {"p": [{"i": {"#tail": ". The song's protagonist mourns his deceased lover,\n    beginning with him looking at a tree in their garden,\n    remembering \"it was just a twig\" on the day that they planted\n    it together, then reflecting on their relationship before\n    turning to the day \"the angels came.\"", "#text": "Honey"}, "#text": "\"Honey\", also known as \"Honey (I Miss You)\", is a song\n    written by Bobby Russell. He first produced it with former\n    Kingston Trio member Bob Shane. Then he gave it to American\n    singer Bobby Goldsboro who recorded it for his tenth album"}, "It was released as a single in the U.S. in 1968 (see 1968 in\n    music) and spent five weeks at the top of the Billboard Pop\n    Singles Chart, from April 7 to May 11, and three weeks atop\n    Billboard's Hot Country Singles chart. It was preceded on the\n    Billboard Hot 100 by \"(Sittin' on) the Dock of the Bay\" by Otis\n    Redding, and was followed by Archie Bell & the Drells'\n    \"Tighten Up\". It was Goldsboro's first and only number-one hit\n    on the Pop Singles and Country Singles charts, and it was his\n    first song to top the Adult Contemporary chart. \"Honey\" reached\n    number two on the UK Singles Chart, and a re-release of the\n    single in England in 1975 (see 1975 in music) was also popular.\n    In Australia it spent four weeks at #1 on the ARIA Charts,\n    replacing The Beatles' \"Lady Madonna\", and was the sixth most\n    popular song of 1968.", "One day in Spring 1968, Bobby Goldsboro was sitting at home\n    in his apartment in Nashville, Tennessee, when Larry Henley\n    (the falsetto singer from the group The Newbeats) walked in to\n    talk to him. Larry Henley had said that he had just heard this\n    nice new song that Bobby Russell had played for him. Bobby\n    Russell's office at Acuff-Rose Music was right across the\n    street from where Goldsboro lived. So they went over to Bobby\n    Russell's office. Russell then played the song, Honey, for\n    Larry Henley and Bobby Goldsboro, on a guitar. At the end of\n    the song, Henley said \"That's a great song. Wasn't that just\n    beautiful\" or words to that effect. Goldsboro just thought \"If\n    that's what makes you happy, then okay\", but the song \"didn't\n    do anything for him\", he later remembered. Goldsboro then\n    walked back to his apartment, and that was that.", "A few weeks later, Goldsboro was sitting in the office of\n    his new producer, Bob Montgomery (his producer up to that point\n    had been Jack Gold, who produced \"Little Things\", \"See The\n    Funny Little Clown\", and most of the pre-1968 songs that he\n    did). Bob Montgomery and Bobby Goldsboro were sitting around\n    and thinking about new songs that he could sing. Then, in an\n    ironic twist of events, Bob Montgomery took him over to Bobby\n    Russell's office again, and the three were all thinking\n    together, and Goldsboro said \"How about that other song you\n    played for me the other day?\". And Russell said \"You mean\n    \"Honey\"?? Goldsboro replied \"Yes, I think so\". So Russell\n    played the song for Montgomery and Goldsboro, with another\n    guitar, and it just \"floored them both\". Goldsboro was\n    delighted. He asked Russell if he could try singing the song as\n    a possibility of a new hit. However, Russell told him Bob\n    Shane, from the group The Kingston Trio already had recorded\n    the song. It was already getting a little bit of airplay on\n    radio stations. Russell said to Bobby Goldsboro that it was in\n    top 20 in the music charts down in Texas, where Shane was from.\n    Russell told Goldsboro that he could have a try at the song if\n    Shane's record flopped. Luckily nothing happened for Shane, so\n    then Bobby Goldsboro recorded \"Honey\", and it became a number\n    one hit song for 5 weeks in April 1968. (summarized from liner\n    notes by Steve Kolanjian from \"The Best Of Bobby Goldsboro:\n    Honey by Bobby Goldsboro\", September 1991, issued by\n    Capitol-EMI Records, available on CD).", "Bobby Russell was married to Vicki Lawrence (who played Mama\n    Thelma Harper on the TV sitcom Mama's Family in the 1980s) from\n    June 1972 until November 1974. He wrote several other songs\n    other than \"Honey\", including The Night The Lights Went Out In\n    Georgia, which was sung by his then wife Vicki Lawrence (they\n    got divorced in 1974), and the O.C. Smith song Little Green\n    Apples, which was a big hit in 1969. Russell died of a heart\n    attack on November 19, 1992, in Nicholasville, Kentucky, which\n    is near Lexington. He was only 52 years old when he passed away\n    in November 1992.", "Larry Henley later ended up writing the song The Wind\n    Beneath My Wings, which was sung by Bette Midler in the movie\n    Beaches, in 1989. He still lives in Nashville, Tennessee as of\n    present, in 2010.", {"i": {"#tail": "reported that the song frequently\n    appears on \"worst songs of all-time\" lists, and in April 2006,\n    Todd Leopold of CNN named it the \"Worst Song of All Time\".\n    Nonetheless, it remains heavily played on the radio and has\n    been covered many times. In the 1970s when British radio DJ\n    Tony Blackburn was going through his divorce with his wife\n    Tessa Wyatt, he regularly played \"Honey\" and would comment live\n    on air about how much he missed his wife.", "#text": "The Cincinnati Enquirer"}}]}, "artist": "Bobby Goldsboro", "title": "Honey", "label": "United Artists", "released": "1968", "writers": {"writer": "Bobby Russell"}, "formats": {"format": "Vinyl"}, "weeks": {"week": ["1968-04-13", "1968-04-20", "1968-04-27", "1968-05-04", "1968-05-11"]}}}