{"top-song": {"album": "New\n  Jersey", "genres": {"genre": "Hard rock"}, "descr": {"p": ["\"I'll Be There for You\" is a Billboard Hot 100 number one\n    single written by Jon Bon Jovi and Richie Sambora and performed\n    by American rock band Bon Jovi.", {"i": {"#tail": ", it became the band's third single from the\n    album when it was released as a single in 1989. As the band\n    (and hard rock music) was at its peak popularity at this time,\n    the song quickly climbed to the number one position on the\n    Billboard Hot 100, becoming their fourth and final number one\n    single. The song has remained as one of Bon Jovi's signature\n    songs and a classic in the power ballad genre. The song was\n    also a peek into a more mature sound heard on their following\n    albums Keep the Faith and These Days.", "#text": "New Jersey"}, "#text": "Originally released on the 1988 album"}, "The video for the song features the band performing on a\n    dark stage with an almost monochromatic blue color due to the\n    stage lighting, with close-ups of each member, most notably\n    lead singer Jon Bon Jovi and guitarist Richie Sambora. The\n    video footage then switches midway to black-and-white footage\n    from a Bon Jovi concert at the old Wembley Arena in London,\n    England."]}, "artist": "Bon Jovi", "lengths": {"length": "5:46"}, "title": "I'll Be There for You", "recorded": "1988", "label": "Mercury Records", "producers": {"producer": "Bruce Fairbairn"}, "released": "1989", "writers": {"writer": "Jon Bon Jovi and Richie Sambora"}, "formats": {"format": "CD Single"}, "weeks": {"week": "1989-05-13"}}}