{"top-song": {"album": "New Jersey", "genres": {"genre": ["Glam metal", "hard rock"]}, "descr": {"p": [{"i": {"#tail": ". The song is 5 minutes and 17 seconds\n    long.", "#text": "New Jersey"}, "#text": "\"Bad Medicine\" is a number-one single by American rock band\n    Bon Jovi. It was written by Jon Bon Jovi, Richie Sambora, and\n    Desmond Child. It was released in 1988 as the lead single from\n    the band's massively successful album"}, "The song climbed to #1 on the Billboard Hot 100, #3 on the\n    Mainstream Rock Tracks chart, #17 in the UK and #15 in\n    Australia.", "The song compares a love affair to a drug addiction (\"now\n    this boy's addicted cause your kiss is the drug\", \"your love is\n    like bad medicine, bad medicine is what I need\") and also has\n    many tongue-in-cheek medical analogies (\"Let's play doctor,\n    baby cure my disease\"; \"There ain't no paramedic gonna save\n    this heart attack\"; \"I need a respirator cause I'm runnin' out\n    of breath\").", {"i": {"#tail": ".", "#text": "New Jersey"}, "#text": "The song is highlighted by a near constant keyboard playing\n    by David Bryan that is well defined in the beginning of the\n    song and at several interludes, as well as loud guitar playing\n    by Richie Sambora, background singing in the bridge and chorus,\n    and a loud fast-paced delivery of lyrics by Jon Bon Jovi. It is\n    one of the more upbeat and hard rocking songs on"}, "Towards the end of the song, Jon says he's got to go and\n    he's running out of breath, but then says \"I'm not done...one\n    more time, with feelin'\" and the band finishes out the song\n    with another repeat of the chorus.", "There are two videos for the song, one with the band live in\n    concert, and the more well-known live video in which a crowd of\n    young people waiting in line to get into the Bon Jovi live\n    video shoot is asked by Sam Kinison if they (the public) \"can\n    make a better Bon Jovi video than these guys can.\" The crowd\n    gives a very enthusiastic response, and members of the crowd\n    are given hand-held cameras and invited onstage to help shoot\n    the video.", "The video was very groundbreaking at the time for using such\n    a fan-inclusive approach to making a music video, and captured\n    live shots not often captured by regular video crews.", "The video was in color, although the quality given by the\n    hand-held video cameras was not as superb.,", "\"Bad Medicine\" continues to see considerable airplay on many\n    rock radio stations and has always been a live staple at Bon\n    Jovi concerts. In concert, an approximately 1-minute interlude\n    of the classic \"Shout\" is incorporated into the middle of the\n    song.", {"i": [{"#tail": ", the live album", "#text": "Cross Road"}, {"#tail": ", the acoustic collection", "#text": "One Wild Night: Live 1985-2001"}, {"#tail": ", as well as several concert videos\n    including", "#text": "This Left Feels Right"}, {"#tail": "and", "#text": "Live From London"}, {"#tail": ".", "#text": "The Crush Tour"}], "#text": "The song was featured on the band's compilation album"}, {"i": {"#tail": ".", "#text": "Name Me With My Title"}, "#text": "The song was covered by the post-punk band Allah & The\n    72 Virgins on their 2002 album"}]}, "artist": "Bon Jovi", "lengths": {"length": "5:16"}, "title": "Bad Medicine", "recorded": "1988", "label": "Mercury Records", "producers": {"producer": "Bruce Fairbairn"}, "released": "1988", "writers": {"writer": ["Jon Bon Jovi", "Richie Sambora", "Desmond Child"]}, "formats": {"format": "CD Single"}, "weeks": {"week": ["1988-11-19", "1988-11-26"]}}}