{"top-song": {"album": "Slippery When\n  Wet", "genres": {"genre": "Glam metal"}, "descr": {"p": [{"i": "Blake Lewis (EP)", "#text": "from the album"}, {"i": {"#tail": "and hit number one on the Hot 100 on\n    November 29, 1986, Bon Jovi's first number one hit. The song\n    reentered the charts at #29 after Blake Lewis performed it on\n    American Idol. In 2009 it was named the 20th greatest hard rock\n    song of all time by VH1.", "#text": "Slippery When Wet"}, "#text": "\"You Give Love a Bad Name\" is a song written by Jon Bon\n    Jovi, Desmond Child, Jack Ponti, and Richie Sambora about a\n    nameless woman who has jilted her lover. Although originally\n    written for the band Loverboy, the song was recorded by Bon\n    Jovi. The track was released as the first single from the hard\n    rock album"}, "The song was written with several catchy repeated lines and\n    associated hooks to appeal to mainstream audiences including\n    the chorus as well as several bridges.", "The album version of the song ends with the title being\n    repeated until it fades.", {"i": {"#tail": ") and Soteria photogenic shots\n    primarily of Jon Bon Jovi as well as other band members in\n    concert. This video was filmed at the Olympic auditorium in Los\n    Angeles, CA.", "#text": "Slippery When Wet"}, "#text": "The music video for the song used all-color concert footage\n    (the only all-color video song from"}, "In 1989 Bananarama did a live version of this song during\n    their World Tour.", {"i": {"#tail": ". It was covered on the Kerrang! CD, High\n    Voltage. It is frequently played during their shows even though\n    it was voted one of the years biggest rock atrocities in Total\n    Guitar.", "#text": "The Curse"}, "#text": "The song was also covered by the metalcore band Atreyu and\n    is available on the Japanese Version of their 2004 album"}, {"i": {"#tail": ". The song reached #1 on the Polish\n    Singles Chart.", "#text": "mandaryna.com2me"}, "#text": "In 2005, Polish singer Mandaryna released a version of \"You\n    Give Love a Bad Name\" as the second single from her number one\n    album"}, "Jonathan Fin covered this song, but, talking about how Barry\n    Bonds gave baseball a bad name. The line, \"shot through the\n    heart and you're to blame, you give love a bad name,' was\n    changed to, \"Shot in the ass before the game, you give baseball\n    a bad name.\"", "Some critics say that the song has the same chorus structure\n    as \"If You Were A Woman And I Was A Man\" by Bonnie Tyler. The\n    Tyler song was also cowritten by Desmond Child. There is also a\n    remix called \"Shock From The Heart\" with a new rapper named\n    Famouz. Desmond Child has stated that the song is effectively a\n    reuse of the musical structure of the earlier song.", "Demi Lovato performed a version of the song during a concert\n    at the Wiltern Theatre in December 2008.", {"i": {"#tail": "\".", "#text": "100 Greatest Hard Rock Songs"}, "#text": "Ranked Number 20 in VH1's \""}, "In the popular game Warcraft 3, the Night Elf Archer unit\n    will quote after multiple mouse clicks, \"Shot through the\n    heart, and I'm to blame.\"", "The song was used in the commercial of a 1995 Kia Pregio.\n    (released in South Korea). [1]", {"i": [{"#tail": "/", "#text": "GuitarFreaks 6th Mix"}, {"#tail": ", as well as", "#text": "Drummania 5th Mix"}, {"#tail": ",", "#text": "Lego Rock Band"}, {"#tail": ", and", "#text": "Guitar Hero On Tour: Decades"}, {"#tail": ".", "#text": "Guitar Hero 5"}], "#text": "The song was made playable in the music video game,"}, "This song was played on a recorder by Rainn Wilson's\n    character Dwight Schrute on the NBC TV Show \"The Office\" in\n    Episode 4 of Season 4 (Money).", "In the TV sitcom How I Met Your Mother, the song features\n    prominently (and repeatedly) on Barney's \"Get Psyched\" mix in\n    the episode \"The Limo.\"", "On Australian music TV channel MAX, it was name #131 on\n    their top 1000 80's vs. 90's countdown over Easter weekend\n    2009.", {"i": {"#tail": "#131, Black Widow shot Deadpool in the\n    chest. After examining the hole, Deadpool dropped to his knees\n    and sang the chorus.", "#text": "Thunderbolts"}, "#text": "In"}, "On the 9th Season of Dancing with the stars Donny Osmond,\n    Joanna Krupa, Kelly Osbourne and there partners danced to this\n    song for their Team Tango."]}, "artist": "Bon Jovi", "lengths": {"length": "3:42"}, "title": "You Give Love a Bad Name", "recorded": "1986", "label": "Mercury", "producers": {"producer": "Bruce Fairbairn"}, "released": "July 1986", "writers": {"writer": ["Jon Bon Jovi", "Richie Sambora and Desmond Child"]}, "formats": {"format": "CD Single"}, "weeks": {"week": "1986-11-29"}}}