{"top-song": {"album": "Slippery When\n  Wet", "genres": {"genre": ["Glam metal", "hard rock"]}, "descr": {"p": [{"i": {"#tail": "album. Written by Jon Bon Jovi and\n    Richie Sambora with Desmond Child, the single, released in late\n    1986, was well-received at both rock and pop radio and its\n    music video was given heavy rotation at MTV, giving the band\n    their first #1 on the Hot Mainstream Rock Tracks chart. The\n    single also became Bon Jovi's second consecutive #1 Hot 100 pop\n    hit and has become the band's signature song, topping fan-voted\n    lists and re-charting around the world decades after its\n    release.", "#text": "Slippery When Wet"}, "#text": "\"Livin' on a Prayer\" is Bon Jovi's second single from their"}, {"i": [{"#tail": ". Richie Sambora\n    convinced him the song was good, and they reworked it with a\n    new bass line, different drum fills and the use of a talk box\n    to include it on their", "#text": "100,000,000 Bon Jovi Fans Can't Be Wrong"}, {"#tail": "album. The songs verse melody closely\n    resembles the verse melody of the song \"Venus\" by the band\n    Shocking Blue. It spent two weeks at number one on the\n    Mainstream Rock Tracks, from January 31\u2013February 14, 1987, and\n    four weeks at number one on the Billboard Hot 100, from\n    February 14\u2013March 7. It also hit number four on the UK singles\n    chart.", "#text": "Slippery When Wet"}], "#text": "Jon Bon Jovi did not like the original recording of this\n    song, which can be found as a hidden track on"}, {"i": [{"#tail": ". Bon Jovi performed a\n    similar version as part of the special", "#text": "The Concert for New York City"}, {"#tail": ".", "#text": "America: A Tribute to Heroes"}], "#text": "After the attacks of September 11th, 2001\u2014in which New\n    Jersey was the second-hardest hit state after New York,\n    suffering hundreds of casualties among both WTC workers and\n    first responders\u2014the band performed an acoustic version of this\n    song for"}, "In 2006, online voters rated \"Livin' on a Prayer\" #1 on\n    VH1's \"list of The 100 Greatest Songs of the '80s\". More\n    recently, in New Zealand, \"Livin' on a Prayer\" was #1 on the C4\n    music channel show's \"U Choose 40\", on the 80's Icons list. It\n    was also #1 on the \"Sing-a-long Classics List\". After Bon Jovi\n    performed in New Zealand on January 28 2008 while on their Lost\n    Highway Tour, the song re-entered the official New Zealand\n    RIANZ singles chart at number 24, over twenty years after the\n    initial release.", "Australian music TV channel MAX placed this song at #18 on\n    their 2008 countdown \"Rock Songs: Top 100\". In 2009, the song\n    returned to the charts in the UK, notably hitting the\n    number-one spot on the UK Rock Chart.", "In 2010 the song was chosen in an online vote on the\n    Grammy.com website over the group's more recent hits \"Always\"\n    and \"It's My Life\" to be played live by the band on the 52nd\n    Grammy Awards telecast.", "In the Billboard Hot 100 Anniversary 50, \"Livin' on a\n    Prayer\" was named as 46 in the All time rock songs.", "The song is about a fictional working class couple, Tommy\n    and Gina, who struggle to make ends meet and maintain their\n    relationship. Tommy \"used to work on the docks\" because\n    \"union's been on strike, he's down on his luck\". Gina works at\n    a diner, \"workin' for her man\".", "While some have loosely interpreted the lyrics to be\n    anti-labor, inferring that the striking labor union are the\n    catalyst for the troubled chain of events for Tommy and Gina,\n    others have pointed out that the song does not clarify the\n    circumstances behind the strike, and the lone, vague reference\n    does not equate with an anti-union political message. In fact,\n    Jon Bon Jovi explained that he \"wrote that song during the\n    Reagan era and the trickle-down economics are really\n    inspirational to writing songs\".", "The video for the song features shots of the band\n    rehearsing, then playing in front of a crowd. The first half of\n    the video, featuring the rehearsal footage, is black and white,\n    and the second half of the video, performing to the arena\n    audience, is in color.", "In the beginning of the video, Jon Bon Jovi has a harness\n    attached, and later in the music video he soars over the crowd\n    via overhead wires.", "The music video was recorded at the Olympic Auditorium in\n    Los Angeles, California and was directed by Wayne Isham.", "Bon Jovi made several references to lyrics in \"Livin' on a\n    Prayer\" in subsequent songs.", "Some other bands referenced Tommy and Gina in their songs,\n    too.", {"i": [{"#tail": "series and a re-recorded version of the\n    song, \"Prayer '94\", which appeared on U.S. versions of their", "#text": "MTV Unplugged"}, {"#tail": "hits collection. But the song has had a life\n    of its own beyond the band, particularly in several dance music\n    incarnations. Stellar Kart covered the song for their first\n    album,", "#text": "Cross Road"}, {"#tail": "The Audition recorded a version for\n    Kerrang!'s CD Higher Voltage (June 7). Disco singer Hazell\n    Dean, popular in the UK in the '80s, recorded Hi-NRG/Trance\n    remixes of the song, released on Academy Street Records in\n    1999. Jordan James recorded his own version, and released a\n    slew of remixes of the song on the Robbins Entertainment label\n    which charted on the U.S. Dance charts in 2004. Other dance\n    versions of the song have been recorded by Topmodelz, Groove\n    Coverage, and Heavydance.", "#text": "All Gas. No Brake."}], "#text": "Bon Jovi have themselves reworked the song several times,\n    including an acoustic live version that served as a precursor\n    to the"}, {"i": [{"#tail": "The same year, during the first\n    American leg of Tori Amos'", "#text": "All Gas. No Brake."}, {"#tail": "tour she performed \"Livin' on a\n    Prayer\" in a cover section called \"Tori's Piano Bar\".", "#text": "Original Sinsuality"}], "#text": "Christian rock band Stellar Kart covered the song on their\n    2005 album"}, {"i": [{"#tail": "competitions and similar talent contest shows.\n    The song was sung by", "#text": "Pop Idol"}, {"#tail": "season 6 winner Jordin Sparks on May 1,\n    2007 as her pick for Bon Jovi week on the show.", "#text": "American Idol"}, {"#tail": "season 7 winner David Cook auditioned with\n    the song. The song was sung also on", "#text": "American Idol"}, {"#tail": ", Season One, by runner-up Shannon Noll.\n    It was considered one of his better performances. 2008", "#text": "Australian Idol"}, {"#tail": "Kevin Borg performed a rousing rendition\n    of \"Living on a Prayer\", which many believed was the cause of\n    his victory. In 2009, all-vocal rock group Face performed this\n    song on NBC's a cappella competition,", "#text": "Swedish Pop Idol"}, {"#tail": ".", "#text": "The Sing-Off"}], "#text": "The song has been a popular karaoke and wedding band song\n    and has been attempted by numerous contestants in the various\n    worldwide"}, {"i": [{"#tail": ". They also made a remix called \"Praying On A\n    Liver\". Alvin and the Chipmunks released a cover of the song on\n    their 2008 album", "#text": "Good Things"}, {"#tail": ". Kidz Bop covered\n    this song on the album", "#text": "Alvin and the Chipmunks: Undeniable"}, {"#tail": ". There's even an oompah version in 3/4\n    time by UK oompah band Oompah Brass featured on their 2008\n    album", "#text": "Kidz Bop 80s Gold"}, {"#tail": ".", "#text": "Oompocalypse Now"}], "#text": "In 2008, Swedish rap group Looptroop released a cover on\n    their album"}, {"i": {"#tail": ".", "#text": "Reimagination"}, "#text": "Mash-up band Rock Sugar covered the song, mixed with Guns N'\n    Roses' \"Sweet Child o' Mine\" and Loverboy's \"Working for the\n    Weekend\", on their album"}, {"i": {"#tail": ".", "#text": "Alan Partridge and Other Less Successful Characters"}, "#text": "The song was also sung by Steve Coogan as Alan Partridge, as\n    part of his 2008 stand-up comedy tour"}, {"i": {"#tail": ", as a sort of unofficial anthem. \"Livin' on\n    a Prayer\" was one of the theme songs for the 2004 presidential\n    campaign of Democrat John Kerry.", "#text": "Born To Run"}, "#text": "New Jersey is the only state in the union without an\n    official state anthem, but Bon Jovi's \"Livin' on a Prayer\" is\n    cited by many, after Bruce Springsteen's"}, "That same year, \"Livin' on a Prayer\" was the \"theme song\"\n    for the 2004 Boston Red Sox after their historic comeback in\n    the American League Championship Series against the New York\n    Yankees. During halftime at Philadelphia Soul Arena Football\n    games, the song is played, paying tribute to their owner Jon\n    Bon Jovi. For a commercial about the Arena Football League that\n    Bon Jovi did with John Elway, he asks the quarterback (who is\n    suiting up to go into the fictional game) \"What? Are you living\n    in the past?\" To which Elway says, \"Better than living on a\n    prayer.\" The song is often played during Chicago White Sox and\n    Baltimore Orioles home games, during an offensive rally when\n    the home team needs a big clutch hit. The Washington Nationals\n    use this song in-between innings karoake contest. The Chicago\n    Cubs use this song during home games when the opposing team\n    makes a pitching change in the middle of an inning.", {"i": {"#tail": "in 2006. The Rutgers University Scarlet\n    Knights football team plays \"Livin' on a Prayer\" in the 4th\n    quarter of all home games. The song is performed by the Roamin'\n    Bones of the Florida State University Marching Band, the\n    Marching Chiefs. The Louisiana State University marching band,\n    The Golden Band From Tigerland, plays the song during the\n    fourth quarter of home football games with the student section\n    continuing the song when the band finishes. \"Livin' on a\n    Prayer\" is the unofficial theme song of the Stimson Superfans,\n    a group of Fanatic Washington State Volleyball fans, and the\n    song is sung by the group before every WSU Volleyball game.", "#text": "Final Four"}, "#text": "The song has been performed by many college marching bands\n    including San Diego State University, Michigan State\n    University, The University of Tennessee, Auburn University,\n    Purdue University, Notre Dame, Northern Illinois University,\n    Pennsylvania State University, Eastern Michigan University,\n    Niagara University, Northwestern University, University of\n    Michigan, Columbia University, and Georgia Tech and it is\n    frequently a crowd favorite. The song become a theme for the\n    George Mason University Patriots during their run to the"}, {"i": {"#tail": ", and appears on its\n    soundtrack album. The song was also featured on the trailer and\n    a commercial for the 2009 film Paul Blart: Mall Cop.", "#text": "Charlie's Angels: Full Throttle"}, "#text": "Bon Jovi's \"Livin' on a Prayer\" was featured in the film"}, {"i": [{"#tail": ". In 2009 the song was featured on an\n    episode of the hit UK series", "#text": "Gilmore Girls"}, {"#tail": ".", "#text": "Skins"}], "#text": "A brief a cappella set of \"Livin' on a Prayer\" was included\n    as part of the November 7, 2006, episode of the TV show"}, "The song is in the 2008 version of the Cadbury's \"Trucks\"\n    advert. The song's chorus was used in an old Filipino Zesto\n    orange juice commercial in the 1990s. The lyrics were reworked\n    as \"Cool and refreshing, that's the way to go-o. Oh! Way to go,\n    Zesto!\"", {"i": [{"#tail": ", and for", "#text": "Rock Band 2"}, {"#tail": ". On the latter of the two, the\n    ending is changed. Instead of it fading out on the ending\n    chorus, it finishes the chorus and then has an \"outro\" riff.\n    The song is also featured in the musical video game", "#text": "Guitar Hero World Tour"}, {"#tail": ".", "#text": "Karaoke Revolution Presents: American Idol Encore 2"}], "#text": "It is a playable track for the music video games Rock Band\n    Unplugged,"}, {"i": [{"#tail": ". The scene was a tribute to \"Made\n    in America\", the final episode of the HBO drama", "#text": "Everybody Hates Chris"}, {"#tail": ", which featured Journey's \"Don't Stop\n    Believing\" in its final scene.", "#text": "The Sopranos"}], "#text": "On May 8, 2009, the song was featured prominently in the\n    final scene of \"Everybody Hates G.E.D.\", the final episode of\n    the UPN/CW sitcom"}, {"i": {"#tail": "episode \"One Fall\".", "#text": "Cold Case"}, "#text": "In 2010, the song was used the"}, "An altered version of this song, entitled \"Livin' on a\n    Grant\", is the anthem of the New ERA cohort of students within\n    University College Dublin. The chorus is amended to reflect New\n    ERA students' defiance of the status quo within Irish\n    university society.", "In a Alvin and the Chipmunks Cd sponsoring the 2007 film,\n    Livin on a prayer was one of the featured songs."]}, "artist": "Bon Jovi", "lengths": {"length": "4:12"}, "title": "Livin' on a Prayer", "recorded": "1986", "label": "Mercury Records", "producers": {"producer": "Bruce Fairbairn"}, "released": "1986", "writers": {"writer": ["Jon Bon Jovi", "Richie Sambora and Desmond Child"]}, "formats": {"format": ["7\"", "12\"", "CD Single"]}, "weeks": {"week": ["1987-02-14", "1987-02-21", "1987-02-28", "1987-03-07"]}}}