{"top-song": {"album": "E 1999\n  Eternal", "genres": {"genre": ["Midwest hip hop", "Melodic hip hop", "R&B", "Ballad"]}, "descr": {"p": ["\"The Crossroads\" is a Grammy-award winning song performed by\n    the hip hop group Bone Thugs-n-Harmony, dedicated to the late\n    rap icon Eazy-E and released in 1995. It is one of the group's\n    most popular songs to date, and their biggest selling.", {"i": {"#tail": ".", "#text": "E 1999 Eternal"}, "#text": "Originally named \"Crossroad,\" it wasn't until the group and\n    their producer, DJ U-Neek, decided to remake the song that the\n    name was changed. The song \"Crossroad\" was originally dedicated\n    to Bone's deceased friends, but after the death of Eazy-E they\n    decided to remake it as \"Tha Crossroads\". The song is performed\n    by four of the group's members, (Krayzie Bone, Layzie Bone,\n    Bizzy Bone and Wish Bone). The remake contained the line \"And\n    I'm askin' the good Lord 'Why?' and sigh It's I, he told me we\n    lived to die\" from the original. Bone's lightning fast rhymes\n    are delivered softer than is usual for the group, without\n    profanities and creating a sad and heartfelt effect. With soft\n    instrumentals revolving around a sample of The Isley Brothers'\n    \"Make Me Say It Again Girl (Pts. 1 and 2),\" the song has a sad\n    yet quick tone to it. After receiving high praise for their\n    song the group decided to add it to their already launched\n    album,"}, "The song was a smash hit worldwide and reached the top of\n    the charts in several countries, including the Billboard Hot\n    100 and the UK Singles Chart. It has been certified 2X Platinum\n    in the United States.", "The official remix, \"Tha Crossroads (Tha Flesh Flip Remix)\",\n    features latest member Flesh-n-Bone and new & old verses by\n    the group's members, Krayzie Bone, Layzie Bone, Bizzy Bone and\n    Wish Bone.", "The song was accompanied by a music video that opens with\n    the female vocal group Tre singing the traditional spiritual\n    \"Mary Don't You Weep\" in a church funeral setting, followed by\n    the members of Bone Thugs-n-Harmony singing the main song in\n    several settings, such as a church and a mountaintop.\n    Additionally, an imposing black man with sunglasses and a\n    trench coat, akin to a Reaper, appears throughout the video.\n    Bone are among the few who can see the man, and watch him as he\n    gathers the souls of various individuals who are marked for\n    death, such as a young man who leaves his distraught mother\n    behind, Bone's friend Wally, Wish Bone's Uncle Charles, Eazy-E,\n    and a newborn baby. The Reaper then leads the souls, with the\n    baby in his arms, up a mountain and transforms into an angel,\n    taking the deceased people to Heaven.", {"i": {"#tail": ". There are three versions of the song:\n    a Radio Edit lasting 3:10 (which appears on their album), the\n    Full Version (which includes extra instrumental section)\n    lasting 3:50, and the Extended Cut (which includes two extra\n    verses), lasting 3:48. The Extended Cut only appears on the\n    promotional single.", "#text": "In the Beginning"}, "#text": "Crossroads became the first single for hip-hop/garage band\n    Blazin' Squad. It became the band's only number one single,\n    staying at the top spot for two weeks in August 2002. The track\n    is the first to be taken from their debut album,"}]}, "artist": "Bone Thugs-N-Harmony", "lengths": {"length": "3:46"}, "title": "Tha Crossroads", "recorded": "1995", "label": "Ruthless", "released": "April 23, 1996", "writers": {"writer": ["Bryon McCane II", "Anthony Henderson", "Steven Howse", "Charles Scruggs"]}, "formats": {"format": "CD single"}, "weeks": {"week": ["1996-05-18", "1996-05-25", "1996-06-01", "1996-06-08", "1996-06-15", "1996-06-22", "1996-06-29", "1996-07-06"]}}}