{"top-song": {"album": "Faster\n  Than the Speed of Night", "genres": {"genre": "Pop"}, "descr": {"p": [{"i": {"#tail": ". The song was the first\n    single release from the album and is Tyler's biggest hit.", "#text": "Faster Than the Speed of Night"}, "#text": "\"Total Eclipse of the Heart\" is a song written and produced\n    by Jim Steinman and recorded by Welsh singer Bonnie Tyler in\n    1983 on her fifth studio album"}, "The song remains Tyler's most successful song, peaking at #1\n    in the United States, Australia, Canada, and the United\n    Kingdom. At its peak, it sold 60,000 copies per day, and\n    approximately 6 million copies in total. It won the Variety\n    Club award in the UK for best single of 1983.", {"i": {"#tail": "album. However, Meat\n    Loaf's record company refused to pay for Steinman and he wrote\n    separate songs himself. \"Total Eclipse of the Heart\" was then\n    given to Bonnie Tyler and \"Making Love (Out of Nothing At All)\"\n    to Air Supply.", "#text": "Midnight at the Lost and Found"}, "#text": "According to Meat Loaf, Steinman had given the song, along\n    with \"Making Love (Out of Nothing At All)\", to Meat Loaf for\n    his"}, {"i": {"#tail": ". The Gothic themed video features Bonnie\n    Tyler clad in white, apparently having a dream or fantasy about\n    her students in a boys' boarding school. Young men are seen\n    dancing and participating in various school activities such as\n    swim team, karate, fencing, football, and singing in a choir.\n    The video was shot at Holloway Sanatorium.", "#text": "Futureworld"}, "#text": "The music video for \"Total Eclipse of the Heart\" was\n    directed by Russell Mulcahy. It was story-boarded by Jim\n    Steinman and drew inspiration from the 1976 film"}, {"i": {"#tail": ", was just over seven\n    minutes in length. Thus, an edited version was, and still is\n    most commonly played on radio. The radio version is four and a\n    half minutes, and removes the entire third verse and trims the\n    extended fade-out ending. The music video version is roughly\n    one minute longer than the radio version.", "#text": "Faster Than the Speed of Night"}, "#text": "The original version of the song, on"}, {"i": {"#tail": ", and listed the song at #9.", "#text": "Top 50 Guilty Pleasures"}, "#text": "In November 2002, it was voted the #72 in \"The Greatest\n    Number Ones Of All Time\" in UK. It was also voted #94 in the\n    \"Greatest Music Videos of All Time\" poll held by Channel 4. In\n    October, 2006, VH1's \"100 Greatest Songs of the 80s\" special\n    included \"Total Eclipse of the Heart\" at #56. MuchMoreMusic\n    aired a four-episode series in 2006 titled"}, {"i": {"#tail": "as \"Totale Finsternis\".", "#text": "Tanz der Vampire"}, "#text": "It has been covered several times, and rewritten with\n    Michael Kunze for the musical"}, "Nicki French released a dance cover of the song in 1994,\n    which was also a worldwide hit. In the United States, French's\n    version peaked at #2 on the Hot 100 and garnered frequent\n    airplay on CHR and AC radio. It also reached #5 in the UK\n    Singles Chart after being re-issued in 1995. On June 2006 Nicki\n    French released an updated version of the track with the Diva\n    DJs."]}, "artist": "Bonnie Tyler", "lengths": {"length": ["7:02 (Album version)", "4:30 (Single version)", "5:32 (Music video version)", "3:49 (2005 re-recording for the album Wings )"]}, "title": "Total Eclipse of the Heart", "label": "Columbia", "producers": {"producer": "Jim Steinman"}, "released": "5 March 1983", "writers": {"writer": "Jim Steinman"}, "formats": {"format": ["7\"", "12\""]}, "weeks": {"week": ["1983-10-01", "1983-10-08", "1983-10-15", "1983-10-22"]}}}