{"top-song": {"album": "Third Stage", "genres": {"genre": "Rock"}, "descr": {"p": [{"i": {"#tail": ".", "#text": "Third Stage"}, "#text": "\"Amanda\" is a popular song by the American rock band Boston.\n    \"Amanda\" features a mix of acoustic and electric guitars\n    forming a love ballad, a type of song Boston doesn't typically\n    perform. It also ended up being Boston's biggest hit single on\n    the Billboard Hot 100, reaching number one for two weeks in\n    November 1986. The song was written in 1980, and appeared on\n    their 1986 album"}, {"i": {"#tail": "album, does show a couple of minutes of a\n    music video near the end. The band does not appear in that\n    video, which intersperses shots of a model smiling for the\n    camera with special effects footage of the band's spaceship\n    logo flying over the Boston skyline. One shot shows the\n    animated spaceship almost colliding with the John Hancock\n    Tower.", "#text": "Third Stage"}, "#text": "Amanda is a relatively rare example of a song that reached\n    #1 on the Top 100 in or after the 1980s without having a\n    performance music video made for it. An interview for British\n    television, made while the band was promoting the"}]}, "artist": "Boston", "lengths": {"length": "4:16"}, "title": "Amanda", "label": "MCA", "producers": {"producer": "Tom Scholz"}, "released": "September 26, 1986", "writers": {"writer": "Tom Scholz"}, "formats": {"format": "7\""}, "weeks": {"week": ["1986-11-08", "1986-11-15"]}}}