{"top-song": {"album": "The Letter/Neon\n  Rainbow", "genres": {"genre": ["Pop rock", "Psychedelic rock"]}, "descr": {"p": ["\"The Letter\" is a song written by Wayne Carson Thompson\n    which was a #1 hit in 1967 for the Box Tops.", "The track was recorded at American Sound Studio in Memphis\n    in a session produced by Dan Penn. Previously a musician and\n    engineer at FAME Studios, Penn had been hired as production\n    assistant to American Sound's owner Chips Moman, who Penn felt\n    was shutting him out as a collaborator. Penn recalls: \"Finally,\n    I just told [Moman]...'Look, we can't produce together...I\n    think I can produce records [alone]...But I do need somebody to\n    cut. Give me the worst one you got'.\" Moman suggested Penn\n    record a local five man outfit who had been pitched to him by\n    disc jockey Ray Banks (Penn - \"Chips was just graspin'. He'd\n    never heard [the group]\") and also passed on to Penn a demo\n    tape of songs cut by his friend Wayne Carson Thompson which\n    included \"The Letter\". Thompson's father dabbled in songwriting\n    and would suggest ideas to his son, who had written \"The\n    Letter\" after his father had suggested: \"Give me a ticket for\n    an aeroplane\" as a potential opening line for a song. Penn met\n    with some of the members of the group - who were eventually\n    dubbed the Box Tops - \"and told them to pick anything they\n    wanted from this tape [by Thompson], but make sure that we do\n    'The Letter'\" which Penn considered the one outstanding\n    song.", "The session for \"The Letter\" began at 10 o'clock on a\n    Saturday morning and took over thirty takes wrapping at either\n    three or five o'clock that afternoon. Penn met Box Tops'\n    vocalist Alex Chilton for the first time at the session: \"I\n    coached him a little...told him to say 'aer-o-plane\", told him\n    to get a little gruff, and I didn't have to say anything else\n    to him\". (Composer Thompson, who says he played guitar at the\n    session, was thrown by Chilton's vocal, having imagined the\n    song being sung in a higher key.) Penn - \"[Chilton] picked it\n    up exactly as I had in mind, maybe even better. I hadn't even\n    paid any attention to how good he sang because I was busy\n    trying to put the band together...I had a bunch of greenhorns\n    who'd never cut a record, including me...I borrowed everything\n    form Wayne Thompson's original demo - drums, bass, guitar. I\n    added an organ with an 'I'm a Believer' lick.\" Penn added the\n    sound of an airplane take-off to the track by recording off of\n    a special effects record played in an office adjacent to the\n    recording studio. When the track was previewed for Chips Moman\n    he suggested the take-off sounds be excised, to which Penn\n    responded: \"Give me that razor blade right there...[and] I'll\n    cut this damn tape up! The airplane stays on it, or we don't\n    have a record.\"", "Augmented with strings and horns (arranged by Mike Leach),\n    the track was picked up by Larry Uttal of Bell Records who\n    released it on the subsidiary Mala label in July 1967 to reach\n    #1 that September. Retaining the #1 position for a total of\n    four weeks, \"The Letter\" was ranked as the #1 hit of 1967. The\n    track also gave the Box Tops an international hit charting in\n    Australia (#4 for six weeks), Austria (#9), Belgium (Flemish\n    Region) (#2), Chile (#1), Denmark (#7)France (#2), Germany\n    (#5), Greece (#2 Foreign Release), Ireland (#11), Israel (#1),\n    Malaysia (#4), New Zealand (#4), the Netherlands (#3) Norway\n    (#1), Poland (#1),South Africa (#4), Spain (#9) and Sweden\n    (#2). The Box Tops also reached #5 in the UK, besting a cover\n    by the Mindbenders which reached #42.", "In November 1968 the Arbors recorded an easy listening style\n    version of \"The Letter\" in a session at Record Plant Studios in\n    New York City produced by Roy Cicala and Lori Burton; the\n    session was arranged and conducted by Joe Scott. Released on\n    CBS Records Date label, the track reached #20 in the spring of\n    1969, also ranking at #26 on the Easy Listening charts and #24\n    in Canada.", {"i": {"#tail": "live album recorded that March at\n    the Fillmore East. Cocker's revival was also a chart item in\n    Australia (#27), Canada (#7), France (#48), the Netherlands\n    (#27) and the UK (#39).", "#text": "Mad Dogs and Englishmen"}, "#text": "\"The Letter\" returned to the U.S. Top Ten in June of 1970\n    via a single release of Joe Cocker's blues-rock reinvention of\n    the song as featured on the"}, {"i": {"#tail": "album. Amii Stewart also recorded a\n    disco version of \"The Letter\" which was released on a single\n    with \"Paradise Bird\" to become a double sided chart entry in\n    the UK at #39 in 1980. Stewart's \"The Letter\" also reached #31\n    in France, becoming the fourth version of the song to appear on\n    the French charts, following the Box Tops and Joe Cocker\n    versions and also a translated version by Herbert L\u00e9onard\n    entitled \"Une Lettre\" which charted December 1967 - January\n    1968 with a #82 peak.", "#text": "Any Way You Want It"}, "#text": "In 1978 \"The Letter\" became a disco hit for Deborah\n    Washington reaching #13 on the dance chart in tandem with\n    Washington's remakes of \"Standing in the Shadows of Love\" and\n    \"Fire\" - all three tracks were taken from Washington's"}, {"i": [{"#tail": "at #363 on the magazine's list of the 500\n    Greatest Songs of All Time, \"The Letter\" was reported in July\n    1979 to have been recorded in over 200 different versions.\n    Among the artists who have recorded the song are Bachman-Turner\n    Overdrive, the Beach Boys, Eva Cassidy, Shaun Cassidy, Classics\n    IV, Bobby Darin, John Davidson, Don Fardon, Al Green, Ellie\n    Greenwich, Sonny James, Robert Knight, Brenda Lee, Trini Lopez,\n    Barbara Mandrell, Bob Marley and the Wailers did a cover\n    re-named \"give me a ticket\" on the album \"Selassie is the\n    Chapel\" Melanie, the Moments, Lou Rawls, Johnny Rivers and\n    Dionne Warwick. In 1987 David Kolin as \"Dr. Dave\" had a 12-inch\n    single release of \"Vanna Pick Me a Letter\" which remade \"The\n    Letter\" substituting new lyrics by Kolin which made the\n    narrator a contestant on", "#text": "Rolling Stone"}, {"#tail": ".", "#text": "Wheel of Fortune"}], "#text": "Ranked by"}]}, "artist": "Box Tops", "lengths": {"length": "1:58"}, "title": "The Letter", "label": "Mala", "producers": {"producer": "Dan Penn"}, "released": "June 1967 ( U.S. )", "writers": {"writer": "Wayne Carson Thompson"}, "formats": {"format": "7\" single"}, "weeks": {"week": ["1967-09-23", "1967-09-30", "1967-10-07", "1967-10-14"]}}}