{"top-song": {"album": "Boomerang Original\n  Soundtrack and Cooleyhighharmony (1993 re-release)", "genres": {"genre": "R&B"}, "descr": {"p": [{"i": "Billboard's All Time Top 100'.", "#text": "\"End of the Road\" is a 1992 number-one song recorded in June\n    1992 by Boyz II Men for the Motown label. Written and produced\n    by Kenneth \"Babyface\" Edmonds, Antonio \"L.A.\" Reid and Daryl\n    Simmons. It is Boyz II Men's most successful single and\n    replaced The Jackson 5's \"I'll Be There\" as Motown's most\n    successful single. It was the last Motown single to reach #1 on\n    the UK singles chart. The song is listed at #43 on"}, {"i": {"#tail": ", the song (themed about a breakup where the\n    man really doesn't want the woman to go) topped the charts from\n    August 15 through November 7, 1992, setting a record for most\n    weeks at number one with 13 weeks, beating Elvis Presley's\n    11-week hold with \"Hound Dog\" / \"Don't Be Cruel\". Presley's\n    record had stood 36 years.", "#text": "Boomerang"}, "#text": "Originally recorded as a soundtrack song for the Eddie\n    Murphy picture"}, "However, two weeks after \"End of the Road\" left the top\n    spot, Whitney Houston's \"I Will Always Love You\" reached number\n    one, and remained there 14 weeks, one week longer than \"End of\n    the Road.\" Boyz II Men's new record stood only 17 weeks. The\n    group's next single (\"I'll Make Love to You\"), however, would\n    tie Houston's record, and 1995's Boyz II Men/Mariah Carey\n    collaboration \"One Sweet Day\" would break it, logging 16\n    consecutive weeks.", "1993 Grammy Awards", {"i": [{"#tail": ", We Are Scientists in concert, Gladys\n    Knight on the live medley from her album", "#text": "Take a Break"}, {"#tail": ", and the Backstreet Boys during their\n    concerts. An a capella version was re-recorded for Boyz II\n    Men's 2007 album,", "#text": "Just for You"}, {"#tail": ". Marcela Morelo\n    recorded an spanish version of the song in her 2009 album \"Otro\n    plan\".", "#text": "Motown: A Journey Through Hitsville USA"}], "#text": "The song was covered by several artists, including Me First\n    and the Gimme Gimmes on their album"}, {"i": {"#tail": ", Whitley led everyone in singing \"End\n    of the Road\" at hers and Dwayne's farewell party as they\n    prepared to leave for Tokyo.", "#text": "A Different World"}, "#text": "During the series finale of the sitcom"}]}, "artist": "Boyz II Men", "lengths": {"length": "5:48"}, "title": "End of the Road", "recorded": "June 1992 in Philadelphia, PA", "label": "Motown", "producers": {"producer": ["Kenneth \"Babyface\" Edmonds", "Antonio \"L.A.\" Reid", "Daryl Simmons"]}, "released": "June 30, 1992", "writers": {"writer": ["Kenneth \"Babyface\" Edmonds", "Antonio \"L.A.\" Reid", "Daryl Simmons"]}, "formats": {"format": ["CD single", "CD maxi", "7\" single"]}, "weeks": {"week": ["1992-08-15", "1992-08-22", "1992-08-29", "1992-09-05", "1992-09-12", "1992-09-19", "1992-09-26", "1992-10-03", "1992-10-10", "1992-10-17", "1992-10-24", "1992-10-31", "1992-11-07"]}}}