{"top-song": {"album": "II", "genres": {"genre": "R&B"}, "descr": {"p": [{"i": {"#tail": ". It was at number one on the Billboard Hot 100 for 14\n    weeks, from August 27 to November 26, 1994. The song set a\n    record for the most weeks at number one at the time (tied with\n    Whitney Houston's \"I Will Always Love You\" from late 1992 to\n    early 1993). This record was later broken by \"One Sweet Day\", a\n    collaboration between Boyz II Men and Mariah Carey, which\n    remained at #1 on the Hot 100 for 16 weeks. \"I'll Make Love To\n    You\" also topped the U.S. R&B and adult contemporary charts\n    in 1994, and the single went Top 5 in the United Kingdom.", "#text": "II"}, "#text": "\"I'll Make Love to You\" is a 1994 number-one hit single by\n    R&B group Boyz II Men for the Motown label. The song, which\n    was written by Babyface, was the lead single from their second\n    album"}, "A platinum-selling single, \"I'll Make Love to You\" won the\n    1995 Grammy Award for Best R&B Performance by a Duo or\n    Group with Vocals and two American Music Awards for Favorite\n    Pop/Rock Single and Favorite Soul/R&B Single.", {"i": {"#tail": ".", "#text": "Karaoke Revolution Volume 2"}, "#text": "The song is featured on the video game"}, {"i": {"#tail": "[1]", "#text": "Billboard's All Time Top 100."}, "#text": "The song ranks at #17 on"}, "The music video features a woman and a man. The man, whose\n    name is Dwayne, installs a security system in the woman's\n    house. She later invites him to have a drink, but he's busy. It\n    turns out that she really likes him, likewise as he likes her\n    too. In the end, he writes her a letter, she receives it and\n    reads it: it is a love letter, with the song lyrics.", "Throughout the video, Boyz II Men appear in two sets of\n    white and beige clothes, white shorts and pastels over white\n    muscle shirts, shorts and track jackets over t-shirts with\n    green canvas shoes and no socks, dress pants and chest-bearing\n    open dress shirts, colorful suits with muscle shirts\n    underneath, all in different areas and landscapes.", "European Single", "US Maxi-CD [2]"]}, "artist": "Boyz II Men", "lengths": {"length": "4:04"}, "title": "I'll Make Love to You", "recorded": "1994", "label": "Motown Records", "producers": {"producer": "Babyface"}, "released": "July 26, 1994", "writers": {"writer": "Babyface"}, "formats": {"format": "CD Single"}, "weeks": {"week": ["1994-08-27", "1994-09-03", "1994-09-10", "1994-09-17", "1994-09-24", "1994-10-01", "1994-10-08", "1994-10-15", "1994-10-22", "1994-10-29", "1994-11-05", "1994-11-12", "1994-11-19", "1994-11-26"]}}}