{"top-song": {"album": "Evolution", "genres": {"genre": "Pop / R&B"}, "descr": {"p": [{"i": {"#tail": "album in 1997.", "#text": "Evolution"}, "#text": "\"4 Seasons of Loneliness\" is a R&B/pop ballad recorded\n    by Philadelphia-based vocal quartet Boyz II Men. Written and\n    produced by Jimmy Jam and Terry Lewis, the song was issued as\n    the first single from the"}, "Already a success at U.S. radio, the release of the single\n    prompted a Hot 100 debut at number two. The following week the\n    song moved up to number one, becoming Boyz II Men's fifth and\n    last chart-topper. The song spent one week at the top before\n    being pushed aside by Elton John's massive Princess Diana\n    tribute single \"Candle in the Wind 1997\". It was also the\n    group's last top ten hit in the UK, debuting at number ten on\n    the singles chart, and dropping off the chart a short time\n    after.", "Spanish-version, \"4 Estaciones de Soledad\""]}, "artist": "Boyz II Men", "lengths": {"length": "4:27"}, "title": "4 Seasons of Loneliness", "recorded": "1997", "label": "Motown", "producers": {"producer": "Jimmy Jam and Terry Lewis"}, "released": "August 19, 1997 (airplay) , September 9,\n  1997", "writers": {"writer": ["James Harris III", "Terry Lewis"]}, "formats": {"format": ["CD single", "CD maxi", "cassette single", "7\" single"]}, "weeks": {"week": "1997-10-04"}}}