{"top-song": {"album": "Never Say\n  NeverThe Boy Is Mine", "genres": {"genre": "R&B"}, "descr": {"p": ["\"The Boy Is Mine\" is a song recorded by American R&B\n    singers Brandy and Monica. It was written by LaShawn Daniels,\n    Fred Jerkins III, Rodney \"Darkchild\" Jerkins and Brandy with\n    co-production by Darkchild and Dallas Austin, and released as\n    the lead single from both singers' second albums during the\n    second quarter of 1998. The song's lyrics tell a story about\n    two women disputing the love of a man and were inspired by Paul\n    McCartney and Michael Jackson's 1982 duet \"The Girl Is\n    Mine.\"", "\"The Boy Is Mine\" was the first number-one pop record for\n    both artists, both stateside and internationally. Exploiting\n    the media's presumption of a rivalry between the two young\n    singers, the song became one of the most successful records of\n    the year, spending a record-breaking thirteen weeks on top of\n    the U.S. Hot 100 during the Summer of 1998, and it reached the\n    top five on most of the other charts on which it appeared.", {"i": [{"#tail": "(whose episode title is that of\n    the song) but then Monica accidentally turns Brandy's TV to a\n    romantic movie, in which Monica is watching on her own TV set.\n    Whenever Brandy or Monica turns the channel, the other's TV\n    stays on that channel and they grow sick of it. They then give\n    up and start to sing. The next scene shows Brandy and Monica\n    discussing their problem with their separate groups of friends.\n    The video premiered on Wednesday, April 29, 1998. The \"boy\"\n    himself (played by Mekhi Phifer, who played Brandy's boyfriend\n    in the movie", "#text": "The Jerry Springer Show"}, {"#tail": ") then appears\n    outside the two girls apartment, where all their friends walk\n    by him as they exit their respective friends place. The girls\n    are in pajamas next, and then each one calls the man over to\n    choose. After Brandy and Monica fight with words, the man comes\n    to the apartment, frustrated over who to choose. The door\n    opens, and only Brandy is shown. Then it swings a little wider\n    and Monica comes. The man gets a startled expression, and the\n    door is slammed in his face. The video was nominated for two\n    1998 MTV Video Music Awards, for Best R&B Video, and Video\n    of the Year, which both lose for Wyclef Jean's", "#text": "I Still Know What You Did Last Summer"}, {"#tail": "for", "#text": "Gone Till November"}, {"#tail": "and Madonna's Ray of Light for", "#text": "Best R&B Video"}, "Video of The Year"], "#text": "The video, shot in April 1998 and directed by Joseph Kahn,\n    begins with the girls in their apartments, watching television.\n    Brandy watches the"}, {"i": {"#tail": "listed it 54th on the Billboard: All-Time Hot\n    100 Top Songs. It is listed as the 62nd on the most successful\n    singles in France ever. It is also listed among one of the most\n    successful 200 singles in Australia, Netherlands and Belgium in\n    music history.", "#text": "Billboard"}, "#text": "The song garnered the pair a number of industry awards,\n    including a Grammy for \"Best R&B Performance by a Duo or\n    Group with Vocal\" and three Billboard Music Awards. It was also\n    nominated for Record of the Year."}, {"i": {"#tail": "Hot 100.", "#text": "Billboard"}, "#text": "\"The Boy Is Mine\" topped the U.S. Hot 100 for thirteen weeks\n    and the Canadian Singles Chart for fifteen weeks, which made it\n    one of the biggest singles of the 1990s, selling over two\n    million copies. The song became the first significant European\n    success for Brandy and Monica and peaked at number two on the\n    UK Singles Chart at number three on the Swedish Singles Chart.\n    \"The Boy Is Mine\" also charted at number three on the\n    Australian Singles Chart. In the U.S. it ascended twenty-two\n    positions from number twenty-three to number one the week of\n    June 6, 1998, and became one of the biggest jumps to number one\n    in the history of the"}, {"#text": "\"Gone Be Fine\" \u00a0\u00b7", "span": "\"Still Standing\""}]}, "artist": "Brandy and Monica", "lengths": {"length": ["4:54 (album version)", "4:03 (radio version)"]}, "title": "The Boy Is Mine", "recorded": "Los Angeles, California ; , Atlanta, Georgia", "label": "Atlantic , Arista", "producers": {"producer": ["Rodney Jerkins", "Dallas Austin"]}, "released": "May 12, 1998", "writers": {"writer": ["Brandy Norwood", "LaShawn Daniels", "Rodney Jerkins", "Fred Jerkins III"]}, "formats": {"format": ["Vinyl single", "cassette single", "CD single"]}, "weeks": {"week": ["1998-06-06", "1998-06-13", "1998-06-20", "1998-06-27", "1998-07-04", "1998-07-11", "1998-07-18", "1998-07-25", "1998-08-01", "1998-08-08", "1998-08-15", "1998-08-22", "1998-08-29"]}}}