{"top-song": {"album": "Never Say Never", "genres": {"genre": ["R&B", "Pop", "ballad"]}, "descr": {"p": [{"i": [{"#tail": "(1998). It was produced by David Foster\n    and released as the album's third single during the fourth\n    quarter of 1998 (see 1998 in music). The single became Brandy's\n    second song to reach the top position on the", "#text": "Never Say Never"}, {"#tail": "Hot 100. The ballad also reached number one in\n    New Zealand, peaked within the top ten in Australia, and the\n    top 30 in Canada, Ireland and the United Kingdom.", "#text": "Billboard"}], "#text": "\"Have You Ever?\" is a pop ballad written by Diane Warren for\n    Brandy's second studio album,"}, "\"That was the first time I had been in the studio with a\n    producer like David Foster,\" Brandy said about recording in a\n    2005 interview. \"My voice wasn't as developed as it is now and\n    the song required what producers call \u2018money notes' - the kind\n    that get you a No. 1 on the charts! I was really nervous but it\n    all worked just fine.\"", "These are the formats and track listings of major\n    single-releases of \"Have You Ever?.\""]}, "artist": "Brandy", "lengths": {"length": ["4:26 (album version)", "3:32 (radio edit)"]}, "title": "Have You Ever?", "recorded": "1997", "label": "Atlantic", "producers": {"producer": "David Foster"}, "released": "December 29, 1998 (U.S.)", "writers": {"writer": "Diane Warren"}, "formats": {"format": ["CD single", "vinyl record", "compact cassette"]}, "weeks": {"week": ["1999-01-16", "1999-01-23"]}}}