{"top-song": {"album": "On the Waters", "genres": {"genre": "Soft rock"}, "descr": {"p": [{"i": {"#tail": ". Released as a single in June 1970, it\n    would become the group's first top ten and only number-one\n    single on the Billboard Hot 100 singles chart in the U.S.,\n    spending the week of August 22, 1970, at the top spot. The\n    single reached number five on the UK Singles Chart. It also was\n    certified gold by the RIAA for sales of over one million\n    copies. The song was well-received by easy-listening stations\n    at the beginning of the singer-songwriter driven soft-rock era,\n    reaching number four on the Billboard Easy Listening Top 40.\n    Aretha Franklin, Earth, Wind & Fire, Dusty Springfield, The\n    Originals, The Main Ingredient, Teddy Pendergrass, Don Julian\n    & The Larks, Let Loose and Dennis Brown are amongst those\n    who have recorded cover versions of the song.", "#text": "On the Waters"}, "#text": "\"Make It with You\" is a song written by David Gates and\n    originally recorded by the pop/rock group, Bread, of which\n    Gates was a member. The song first appeared on Bread's 1970\n    album"}, "It has also been recorded in other languages including\n    Spanish as 'Quiero Hacerte El Amor' with a version by Blvd\n    featuring M C Blvd being popular on the West Coast. Ralfi Pagan\n    reached number 32 on the Billboard R&B chart during an\n    eleven week run in the summer of 1971 with a Latin-soul version\n    of the song."]}, "artist": "Bread", "lengths": {"length": "3:14"}, "title": "Make It With You", "label": "Elektra", "producers": {"producer": "David Gates"}, "released": "June 1970", "writers": {"writer": "David Gates"}, "formats": {"format": "7\" 45 RPM"}, "weeks": {"week": "1970-08-22"}}}