{"top-song": {"weeks": {"week": "1960-10-24"}, "artist": "Brenda Lee", "descr": {"p": {"i": {"#tail": ". This was Brenda Lee's second number-one\n    single, her first being \"I'm Sorry\". The English lyrics of \"I\n    Want to Be Wanted\" were written by Kim Gannon.", "#text": "Never on Sunday"}, "#text": "\"I Want to Be Wanted\" is a popular song sung by Brenda Lee\n    that was a number-one song in the United States during the year\n    1960. It topped the Hot 100 singles chart for the issue dated\n    October 24, 1960, and remained there for one week. It is an\n    Italian song that was in the original version of"}}, "title": "I Want to Be Wanted"}}