{"top-song": {"weeks": {"week": ["1960-07-18", "1960-07-25", "1960-08-01"]}, "artist": "Brenda Lee", "descr": {"p": ["\"I'm Sorry\" is a 1960 hit song for then-15-year-old American\n    country pop singer Brenda Lee. It peaked at number one on the\n    Billboard Hot 100 singles chart in July 1960. Allmusic guide\n    wrote that it is the pop star's \"definitive song\", and one of\n    the \"finest teen pop songs of its era\". It was written by Dub\n    Albritton and Ronnie Self. On the UK Singles Chart, the song\n    peaked at number twelve.", {"i": {"#tail": "by Fred Bronson, Brenda\n    Lee recorded the song early in 1960 but her label, Decca\n    Records, held it from release for several months out of concern\n    that a 15-year-old girl was not mature enough to sing about\n    unrequited love. When the song finally was released, it was\n    considered to be the flip side of the more uptempo \"That's All\n    You Gotta Do.\" Although \"That's All You Gotta Do\" was a chart\n    success in its own right, reaching number six on the Hot 100,\n    it was \"I'm Sorry\" that became the smash hit and the standard .\n    On other charts, \"I'm Sorry\" peaked at number four on the\n    R&B chart and \"That's All You Gotta Do\" peaked at number\n    nineteen on the R&B charts .", "#text": "Billboard Book of Number One Hits"}, "#text": "According to the"}, "Although it was never released to country radio as a single,\n    \"I'm Sorry\" would in time become accepted by country fans as a\n    standard of the genre. The song \u2014 a fixture on many \"country\n    oldies\" programs \u2014 was an early example of the then-new\n    \"Nashville Sound,\" a style which emphasized a\n    stringed-instrumental sound and background vocals.", "Ben Vaughn referenced it in his song \"I'm Sorry (But So Is\n    Brenda Lee)\"."]}, "title": "I'm Sorry"}}