{"top-song": {"album": "Huggin An'a Kissin'", "genres": {"genre": "Pop"}, "descr": {"p": ["\"Itsy Bitsy Teenie Weenie Yellow Polka Dot Bikini\" is a\n    novelty song telling the story of a shy girl wearing a\n    revealing polka dot bikini bathing suit at the beach, who in\n    the first verse is too afraid to leave the locker where she has\n    changed into the aforementioned swimwear; in the second, she\n    has made it to the beach but sits on the sand wrapped in a\n    blanket; and in the closing verse, she has finally gone into\n    the ocean, but is too afraid to come out, and stays immersed in\n    the water \u2013 despite the fact that she's \"turning blue\", to\n    quote the song's lyrics \u2013 to hide herself from view. It was\n    written by Paul Vance and Lee Pockriss and first released in\n    June 1960 by Brian Hyland with orchestra conducted by John\n    Dixon as \"Itsy Bitsy Teenie Weenie Yellow Polkadot Bikini.\"\n    Hyland's version hit number one on the Hot 100 on August 8,\n    1960 and also made the top 10 in other countries, including #8\n    on the UK Singles Chart. Trudy Packer recited the phrases\n    beginning with \"One, two, three, four\" \u2013 i.e. \"Tell the people\n    what she wore\", heard at the end of each verse before the\n    chorus; and \"Stick around, we'll tell you more\", heard after\n    the first chorus and before the start of the second verse.", "In September 2006, the song's co-writer Paul Vance read his\n    own mistaken obituary. Paul Van Valkenburgh, who had long\n    claimed to have written the song, died and the false\n    information was included in the newspaper. The impostor had\n    explained his lack of royalty payments for the song by further\n    claiming that he'd sold the rights to his alleged composition\n    as a teenager. Vance, the song's true co-author, has earned\n    several million dollars from the song since 1960, describing it\n    as \"a money machine.\"", {"i": [{"#tail": "\u2014 in a key scene, the character", "#text": "One, Two, Three"}, {"#tail": "(Horst Buchholz), suspected of being a spy, is being\n    tortured by East German police playing the song to him\n    repetitively, eventually with the record off-center to create a\n    weird howling variation of pitch. The actual recording was\n    re-released in 1962 to capitalize on the film's success, but it\n    did not rechart.", "#text": "Otto"}], "#text": "The song was featured in the 1961 Billy Wilder film comedy"}, {"i": [{"#tail": "and", "#text": "Sister Act 2"}, {"#tail": ".", "#text": "Revenge of the Nerds II"}], "#text": "A faster version of the song appears on North American\n    commercials for Yoplait Light yogurt. The song is also used in\n    a television commercial for the YWCA, and in films such as"}, "At the beginning of 2006 this song was also used in an\n    advert for TV Easy magazine.", "At a time when bikini bathing suits were still seen as too\n    risque to be mainstream, the song prompted a sudden takeoff in\n    bikinis sales and is credited as being one of the earliest\n    contributors to the acceptance of the suit in society. The\n    early 60s saw a slew of surf movies and other film and\n    television productions that rapidly built on the song's\n    momentum.", {"i": [{"#tail": ". The song reached #1 in the UK Singles Chart on\n    August 19, 1990, and stayed at the position for three weeks.\n    The song was released around the world and topped the charts in\n    over a dozen countries, selling more than a million copies.\n    Another version was made by Devo on the CD", "#text": "Wacaday"}, {"#tail": ". The video featured Timmy\n    Mallett along with two dancers, Dawn and Annie. Dawn later went\n    onto marry Gary Barlow of Take That fame.", "#text": "Pioneers Who Got Scalped"}], "#text": "There have been cover versions in many languages, for\n    example, a French and Italian version by Dalida in 1960. It has\n    also been sung in German with Club Honolulu (Caterina Valente\n    & her brother Silvio Francesco) the same year. It was also\n    remade in 1990 by Bombalurina which featured Timmy Mallett,\n    star of then-popular United Kingdom children's television show,"}, "A Spanish version, titled \"Bikini Amarillo,\" very faithful\n    to the original, was an enormous hit for Mexican singer Manolo\n    Mu\u00f1oz in the 1960s.", {"i": [{"#tail": ", a Cuban propaganda song sung by", "#text": "El Cohete Americano"}, {"#tail": "in Album de la Revolucion Cubana (2000).", "#text": "Las D'Aida"}], "#text": "Another interesting cover version is"}, "In Serbian, it was sung by Ljiljana Petrovic. In Croatian,\n    there is cover by trio Tividi.", "A Brazilian version, a little faithful to the original,\n    titled \"Biqu\u00edni de Bolinha Amarelinha T\u00e3o Pequenininho,\" was a\n    hit in 1965 when it was sung by Ronnie Cord , and had some\n    re-recordings, as Blitz's 1983 version .", "A parody of the song was used for a TV Easy magazine advert\n    entitled 'I need an Itsy Bitsy Teenie Weenie TV Easy\n    Magaziney'.", {"i": {"#tail": ". It was\n    released as a promo single under the alias Die Roten Rosen.\n    Also, on the 2007 re-release the English version was added as a\n    bonus track.", "#text": "Never Mind the Hosen, Here's Die Roten Rosen"}, "#text": "German punk band Die Toten Hosen covered the Club Honolulu\n    version (in German) on their 1987 cover album"}]}, "artist": "Brian Hyland", "title": "Itsy Bitsy Teenie Weenie Yellow Polka Dot Bikini", "label": "Polydor Records / Carpet Records", "producers": {"producer": "Timmy Mallet"}, "released": "1990", "formats": {"format": ["CD single", "cassette single"]}, "weeks": {"week": "1960-08-08"}}}