{"top-song": {"album": "Circus", "genres": {"genre": ["Electropop", "synthpop"]}, "descr": {"p": [{"i": {"#tail": ". It was released on September 26, 2008 by Jive\n    Records as the first single of the album. The song, described\n    by Spears as a girl anthem, recalls a womanizing man, while the\n    protagonist of the song makes clear she knows who he really is.\n    Produced and co-written by Nikesha Briscoe and Rafael Akinyemi\n    of The Outsyders, the song is musically an uptempo electropop\n    song with influences of Spears' songs from her previous two\n    studios albums. Spears re-recorded some vocals after a snippet\n    of the track was leaked before it was released.", "#text": "Circus"}, "#text": "\"Womanizer\" is a song by American recording artist Britney\n    Spears from her sixth studio album"}, "The song was well-received by contemporary critics, with\n    reviewers complimenting its hook and deeming it as a comeback\n    single for Spears. \"Womanizer\" was commercially successful,\n    topping the charts in Belgium, Canada, Turkey, Denmark,\n    Finland, France, Norway, Sweden and the United States. It also\n    reached the top ten in Australia, Japan, New Zealand and many\n    European countries. In the United States, it was her first\n    single to reach number one since \"...Baby One More Time\",\n    almost 10 years prior.", "The music video was directed by Joseph Kahn and was created\n    by Spears as a sequel to the music video of \"Toxic\". The video\n    portrays Spears as a woman who disguises herself in different\n    costumes and follows her boyfriend through his daily activities\n    to expose him in the end. The video also contains scenes of\n    Spears naked in a steam room, as a response to the attacks she\n    had received over the years about her weight. It received\n    positive reviews and was considered as a return to form for\n    Spears.", "Spears performed \"Womanizer\" on various TV shows and on The\n    Circus Starring Britney Spears, where she performed it as the\n    encore number of the show, wearing a policewoman uniform. The\n    song has been covered by a number of artists from different\n    genres, including Lily Allen, Franz Ferdinand and Girls Aloud.\n    It received a Grammy Nomination in 2010 in the Best Dance\n    Recording category.", "The song was written and co-produced by Nikesha Briscoe and\n    Rafael Akinyemi of the production team, The Outsyders. Spears\n    recorded main vocals with Brendan Dakora at Glenwood Place\n    Studios in Burbank, California and Bojan \"Genius\" Dugic at\n    Legacy Studios in New York City. ProTools engineering was done\n    by John Hanes, assisted by Tim Roberts. On September 19, 2008,\n    a low quality 37 second snippet of the song was posted on the\n    official website of 107.5 The River, a radio station in\n    Lebanon, Tennessee. According to Jive Records, a representative\n    of the label played a rough mix of the song for people at the\n    station, who recorded it and leaked it on the Internet. The\n    snippet was later removed from the website. The song was\n    scheduled to premiere on September 23, 2008, but the release\n    was delayed when Spears went into the studio to re-record some\n    vocals. The new recordings were done with Jim Beanz and\n    Marcella \"Ms. Lago\" Araica. The song was finally mixed by\n    Serban Ghenea at MixStar Studios in Virginia.", "\"Womanizer\" was officially sent to radio stations on\n    September 26, 2008. A few days later, Spears talked about it\n    during a live interview with New York's Z100 on October 18,\n    2008, stating, \"It's basically saying, 'We know what you're up\n    to.' It's about guys cheating on girls, it's a girl anthem.\n    That's why I like it\".", {"i": [{"#tail": ", Spears \"quick-witted\" vocals are\n    similar to the style of the Andrew sisters. It was also noted\n    by", "#text": "Los Angeles Times"}, {"#tail": "writer Jim Farber that Spears' delivery has a\n    \"tone of petulance\". After the bridge, Spears sings the chorus\n    one more time and the song ends while the beat drops and Spears\n    sings the \"you\u2019re a womanizer, baby\" hook. The song is composed\n    in the key of C# minor with 139 beats per minute. The chord\n    progression in the song is C#m-F#m-E-Eb-D. Lyrically, the song\n    refers to a womanizing man. It has been suggested that the\n    lyrics address Spears' ex-husband Kevin Federline.", "#text": "Daily News"}], "#text": "\"Womanizer\" is an uptempo electropop song with dark synths\n    that runs through a dance oriented beat. It has been compared\n    to previous Spears' songs such as \"Toxic\" (2003) and \"Ooh Ooh\n    Baby\" (2007). It is written in the verse\u2013pre-chorus\u2013chorus\n    form. The track opens with its characteristical sirens.\n    According to Ann Powers of the"}, {"i": [{"#tail": "gave the song the maximum five stars\n    referring to it as a \"comeback single\" and as having a \"genius\n    hook\". He added that the song \"[has] been called lazy, largely\n    by misinformed people who also think that Kylie's 'la la la's\n    would have been better with proper words\". Popjustice compared\n    it to \"Some Girls\" by Rachel Stevens and added \"[The] track\n    lays a really strong foundation for the fully-realised comeback\n    that didn't quite happen last time and it's hard not to think\n    of it as a late contender for single of the year. [...] It's\n    literally quite good\". Myrddin Gwynedd of", "#text": "The Observer"}, {"#tail": "said \"it's got hit written all\n    over it\". On the week of November 24, 2008, the", "#text": "The New Zealand Herald"}, {"#tail": "chose it as single of the week. In the\n    album review, Nekesa Mumbi Moody of", "#text": "Derby Telegraph"}, {"#tail": "said that along with \"Shattered\n    Glass\", they were \"[two] fun disco tracks\".", "#text": "The Providence Journal"}], "#text": "Peter Robinson of"}, {"i": [{"#tail": "writer Steve Jones named it one of the standout\n    tracks of the album and commented that \"she seems most at ease\n    when she's playing the teasing tart\". Talia Kraines of the BBC\n    commented that Spears needed more songs like \"Womanizer\",\n    saying \"Britney 2.0 needs to be full of wild dancefloor driven\n    moves\". Simon Price of", "#text": "USA Today"}, {"#tail": "commented the song borrows its electronic\n    sound from Goldfrapp. Ann Powers of the", "#text": "The Independent"}, {"#tail": "complimented Spears' delivery and the\n    lyrics, saying the song is \"about the kind of girl power that's\n    focused on besting one obnoxious man, is also vintage and\n    contemporary at the same time \u2013 more feminism as\n    individualism\". Mike Newmark of PopMatters called the song \" a\n    meaty, high-voltage shuffler helmed by the Outsyders, who do an\n    admirable job of recreating the chemistry of Spears and Danja\n    on last year\u2019s single 'Gimme More'\".", "#text": "Los Angeles Times"}, {"#tail": "praised the song as an \"electro-glam stomp\"\n    and went on to describe it as \"head-boppingly hypnotic\".", "#text": "Rolling Stone"}]}, {"i": [{"#tail": "said the pre-chorus was the most repetitive in\n    a pop song since The Shaggs's \"Gimmie Dat Ding\". Jim Abbott of\n    the", "#text": "Daily News"}, {"#tail": "called it \"basically an adult update of\n    her teen-pop tease act\". Ian Watson of Dotmusic wrote that\n    Spears sounded \"trapped on this single. Not trapped, as in\n    desperate and distraught, but trapped as in literally frozen \u2013\n    like she's been placed into a robot on a production line and\n    she has to sing these words, dance these steps, work it like\n    this, until the spotlight snaps off and the factory's powered\n    down for the night\". The song has been nominated for a Grammy\n    Award in the category of Best Dance Recording on December 2,\n    2009. Spears had previously won the category in the 2004\n    ceremony for her single \"Toxic\". However, it lost to Lady\n    Gaga's \"Poker Face\". The song was also nominated for Best Track\n    at the 2008 Virgin Media Music Awards, but it lost to Katy\n    Perry's \"I Kissed a Girl\".", "#text": "Orlando Sentinel"}], "#text": "Bill Lamb of About.com thought that Spears was confident,\n    but the song sounded \"like a rather weak attempt to approach\n    the attitude of Katy Perry in a classic Britney futuristic\n    bubblegum pop context\". He would later name \"Womanizer\" the\n    third most annoying pop song of 2008. Jim Farber of the"}, {"i": {"#tail": "Pop Songs and number six on Radio Songs.", "#text": "Billboard"}, "#text": "In the United States, the song entered the Hot 100 at number\n    ninety-six on the issue dated October 8, 2008. The following\n    week, the song jumped to number one breaking the records for\n    largest jump to number one and largest jump to any position in\n    the history of the chart, previously held by T.I.'s \"Live Your\n    Life\" and Beyonc\u00e9 and Shakira's \"Beautiful Liar\", respectively.\n    The record was later broken by Kelly Clarkson's \"My Life Would\n    Suck Without You\". It also garnered first-week download sales\n    of 286,000, the biggest opening-week tally by a female artist\n    since Nielsen SoundScan began tracking digital downloads in\n    2003, surpassing the record previously held by Mariah Carey's\n    \"Touch My Body\". The record was broken on January 27, 2010 by\n    Taylor Swift's \"Today Was a Fairytale\". \"Womanizer\" was Spears'\n    first number one single since her debut \"...Baby One More Time\"\n    in 1999. On the week of January 3, 2009, the song reached\n    number one on the"}, "As of July 2009, \"Womanizer\" was listed at number\n    thirty-nine in the best selling digital songs of all time, with\n    sales over 2,777,600. In Canada, the single topped the Canadian\n    Hot 100 on October 18, 2008, and stayed in the position for\n    five consecutive weeks. \"Womanizer\" entered the Australian\n    charts on October 13, 2008 at number sixteen. Three weeks\n    later, it peaked at number five. It shipped over 70,000 copies,\n    earning a platinum certification by the Australian Recording\n    Industry Association (ARIA). In New Zealand, the song peaked at\n    number nine on October 27, 2008. The song was certified gold\n    according to the Recording Industry Association of New Zealand\n    (RIANZ), selling over 7,500 copies. The track debuted at number\n    four in the United Kingdom on November 9, 2008 and reached its\n    peak position of number three four weeks later. On January 16,\n    2009, it was certified silver by the British Phonographic\n    Industry (BPI), with sales over 60,000 copies. The song reached\n    the peak in a number of European countries, including Belgium\n    (Flanders), Denmark, Finland, France, Norway and Sweden. It\n    also reached the top ten in Austria, Belgium (Wallonia), Czech\n    Republic, Italy, Spain and the Netherlands. In addition, the\n    track became Spears' sixth European number-one single.", {"i": [{"#tail": ", whereas Kahn approached it as\n    \"a 2008 answer\" to the previous clip. He added that, \"'Toxic'\n    was a crystallization of her career at that time, [...] There\n    are elements and moments of that I felt could [have been]\n    improved. ['Womanizer'] is a bit more fashion-forward\". About\n    how the concept of the video related to their previous work,\n    Kahn commented that \"It's just a great girl fantasy. There are\n    things she's really good at, like having a really natural knack\n    for knowing what girls want. [...] It's a much more mature\n    sound and much more mature lyrics, and she always has the\n    greatest ideas. She's hyper-aware of pop culture\". The costumes\n    and looks for each of the different women were chosen by Spears\n    and Kahn. The scenes in the sauna were suggested by Kahn, as a\n    response to the attacks Spears received over the years about\n    her weight. He stated, \"I knew that the whole world would be\n    watching, so I wanted something in there that stated, 'This is\n    Britney, this is why you should respect her'\". The set was\n    cleared for two hours, leaving her and Kahn alone shooting the\n    sequence. Kahn also decided to end the video with an image of\n    Spears smiling, because \"We just needed to tell everybody she's\n    OK\". A censored version of the music video premiered on October\n    10, 2008 on ABC's", "#text": "Britney: For the Record"}, {"#tail": "at the end of their show. The uncensored version\n    premiered on MTV the same night.", "#text": "20/20"}], "#text": "The music video was filmed on September 24 and September 25,\n    2008 in Los Angeles, California, directed by Joseph Kahn, who\n    previously worked with Spears for the music videos of\n    \"Stronger\" and \"Toxic\". According to Kahn, Spears pitched him\n    her original concept, which included all the main elements used\n    in the final version. Spears thought of the video as a sequel\n    to \"Toxic\", as seen in her documentary"}, "The video begins with an opening caption that reads\n    \"Womanizer\". During the introduction, Spears is naked and\n    smiling at a sauna, while covering herself with her hands.\n    These scenes are seen throughout the video. When the first\n    verse begins, a blond Spears wearing a slip nightgown is making\n    breakfast for her boyfriend as he gets ready for work. When he\n    is at the office, he sees a new secretary, which is actually\n    Spears in disguise wearing horn-rimmed glasses and a pencil\n    skirt. She starts dancing in front of him and sings the chorus.\n    She makes him follow her into the photocopier, where she\n    photocopies her buttocks. On the back, we see an\n    awkward-looking man, the same who appears in the plane scene on\n    \"Toxic\". Then, Spears is disguised as a redhaired waitress in a\n    restaurant. She dances around him with her dancers and plays\n    with him over the kitchen counter. After this, her boyfriend is\n    seen getting driven home by Spears, disguised as chauffeur. She\n    starts to kiss him, driving the car with her heel until both\n    get home. Once they get into the bedroom, Spears reveals that\n    she was the three women he was \"womanizing\" all along. She then\n    begins attacking her boyfriend. This is shown through Spears as\n    her three alter egos, and then as the real version of herself.\n    Spears throws a blanket over him and making the bed. The video\n    ends with Spears smiling and the opening caption.", {"i": [{"#tail": "said the video \"looks promising.\n    [...] The dancing is stiff and minimal, a disappointment since\n    her moves are her strong suit. But this is a welcome return to\n    the Britney we love \u2014 gorgeous, gyrating, greased up, and\n    gamely playing the vamp\".", "#text": "Entertainment Weekly"}, {"#tail": "commented that \"in addition to seeing Brit in three\n    different sexy getups, the video [...] features an oiled-up\n    Britney writhing around in nothing but a smile\".", "#text": "OK!"}, {"#tail": "said the video was \"a cross between 'Toxic'\n    and", "#text": "Rolling Stone"}, {"#tail": "\" and added, \"she\u2019s dancing [and] looking like\n    the old Britney\". Courtney Hazlett of msnbc.com claimed \"When\n    Spears isn\u2019t shown naked and writhing in a steam room, she\u2019s\n    fired up\". news.com.au stated that \"Britney Spears is back to\n    her old sexy self and she's not afraid to flaunt it\".", "#text": "The Office"}, {"#tail": "writer Adam Bryant said that \"the music video\n    features some of the most strategically placed hands in\n    music-video history [...] [The] video is quite a return to form\n    for the troubled pop star\".", "#text": "TV Guide"}], "#text": "Margeaux Watson of"}, "The music video for \"Womanizer\" became a worldwide success\n    right after it premiered on the Internet, gaining seven million\n    viewers in less than 48 hours. The music video was listed as\n    the best video of 2008 in polls by MTV and Fuse TV. It won\n    Music Video of the Year at the 2009 NRJ Music Awards. The video\n    was also nominated for Best Pop Video and Video of the Year at\n    the 2009 MTV Video Music Awards. It lost the latter category to\n    Beyonc\u00e9's \"Single Ladies\", but won Best Pop Video.", {"i": [{"#tail": ", with similar choreography and dance moves\n    but wearing a red strapless dress. On November 30, 2008, Spears\n    performed at", "#text": "Star Academy"}, {"#tail": ". The performance was watched by over\n    thirteen million UK citizens, making it the most viewed episode\n    in the show\u2019s history. On December 2, 2008, she performed the\n    song at", "#text": "The X Factor"}, {"#tail": "along with a performance of\n    \"Circus\". On December 15, 2008, she performed at the Japanese\n    music show", "#text": "Good Morning America"}, {"#tail": ". The following day, she\n    performed at", "#text": "Hey! Hey! Hey! Music Champ"}, {"#tail": "in a black and gold bra, hot pants\n    and a white top hat. She also sported a fake tattooed heart in\n    her cheek.", "#text": "NTV Best Artist 2008"}], "#text": "The song was performed for the first time at the Bambi\n    Awards in Germany, on November 27, 2008. For the performance\n    Spears wore hot pants, fishnet stockings and a black top hat.\n    The ensemble was compared to the costume Madonna wore during\n    the first act of her Sticky & Sweet Tour. Spears was also\n    presented with an award for Best International Popstar by Karl\n    Lagerfeld, who said, \"I admire you\u00a0... not just for your\n    art, but for your energy. [You are] coming back not only as a\n    phoenix but as a bird of paradise\". The following night, Spears\n    performed the song at"}, "The song was a major part in The Circus Starring Britney\n    Spears, as the encore of the show. After a video interlude of\n    Spears's music videos set to \"Break the Ice\" ended, Spears\n    appeared wearing a police officer uniform designed by Dean and\n    Dan Caten, with black sunglasses, a hat with her trademark logo\n    and sequined handcuffs. Her female dancers were also dressed as\n    policewomen, while her male dancers were dressed as criminals.\n    During the performance, she danced and flirted with the male\n    dancers. At the end of the song, she returned to the main stage\n    while her dancers surrounded her and a shower of sparks fell\n    over them. She thanked the audience and bowed to each side of\n    the arena. She left the stage with an instrumental version of\n    \"Circus\" playing in the background. The performance was praised\n    for being a standout number in the show.", {"i": [{"#tail": "explained that \"the song has been\n    covered by other artists with an enthusiasm only matched in\n    recent times by musicians\u2019 desire to remake Radiohead\u2019s 'Creep'\n    in their own image\". On December 8, 2008, New Zealand singer\n    Ladyhawke performed a cover at BBC Radio 1's Live Lounge. The\n    song was covered by American band The All-American Rejects on\n    the Yahoo! Music Pepsi Smash show in December 2008. It was\n    performed in an acoustic version, in which the band members\n    played percussions with beer bottles. The cover also included\n    an excerpt from The Turtles's \"Happy Together\". British singer\n    Lily Allen also covered the song, because \"simple really, I\n    love Britney and I love the song\". Her cover was a stripped\n    down version, that according to Nick Levine of Digital Spy,\n    \"might provoke those who reckon it doesn't have much of a\n    chorus to revise their opinion\". Allen also performed the song\n    as the encore during her 2009 tour. French singer Sliimy cover\n    was deemed as an \"indie makeover\". He would later be the\n    opening act of the second Paris date at The Circus Starring\n    Britney Spears. On January 13, 2009, English singer Ana Silvera\n    covered the song during one of her London concerts. On April 6,\n    2009, Scottish band Franz Ferdinand also covered the song at\n    Radio 1's Live Lounge. Lead singer Alex Kapranos claimed \"It's\n    been the best song out in the last few months\". It was also\n    covered regularly by them during their 2009 American spring\n    tour. The song was performed live by UK girl group Girls Aloud\n    during their Out of Control Tour, starting April 24, 2009.\n    Their version was released on their 2009 live album", "#text": "Entertainment Weekly"}, {"#tail": ". \"Womanizer\" was also\n    covered by Fall Out Boy, among others.", "#text": "Out of Control: Live from the O2"}], "#text": "\"Womanizer\" has been covered by many artists from a variety\n    of music genres, as well as a great number of amateurs. Clark\n    Collis of"}]}, "artist": "Britney Spears", "lengths": {"length": "3:43"}, "title": "Womanizer", "recorded": "September 2008", "label": "Jive", "producers": {"producer": "K. Briscoe/ The Outsyders"}, "released": "September 26, 2008 \u00a0(2008-09-26)", "writers": {"writer": ["Nikesha Briscoe", "Rafael Akinyemi"]}, "formats": {"format": ["CD single", "digital download"]}, "weeks": {"week": "2008-10-25"}}}