{"top-song": {"album": "The Singles Collection", "genres": {"genre": "Electropop"}, "descr": {"p": [{"i": {"#tail": ". It was released on September 29,\n    2009, as the lead single of the album by Jive Records. The song\n    was produced by Max Martin and Shellback while Spears was on\n    tour in Sweden. \"3\" is an uptempo electropop song, that\n    features a heavy bassline and has influences of dance and rave.\n    The song's lyrics refer to threesomes, while referencing Peter,\n    Paul & Mary during the chorus.", "#text": "The Singles Collection"}, "#text": "\"3\" is a song by American recording artist Britney Spears,\n    from her second greatest hits compilation"}, "The song received positive appreciation from contemporary\n    critics, with some reviewers calling it a classic Spears song.\n    \"3\" has also achieved commercial success by topping charts in\n    the United States and Canada as well as reaching the top ten in\n    many countries around the world, including Australia, Finland,\n    Norway, Sweden and the United Kingdom. In the United States,\n    the song debuted at number one in the Hot 100, becoming the\n    first song to debut at the top position in over three years.\n    The accompanying music video, directed by Diane Martel,\n    featured Spears and her dancers in different black and white\n    backgrounds. It received positive reviews from critics.", {"i": {"#tail": ", and was sent to radio stations\n    on September 29, 2009.", "#text": "The Singles Collection"}, "#text": "In July 2009, Spears went into the studio to work with\n    Swedish songwriter and producer Max Martin, while she was in\n    Stockholm, during the European leg of The Circus Starring\n    Britney Spears. They had previously collaborated on earlier\n    hits including \"...Baby One More Time\", \"Oops!...I Did It\n    Again\", \"Stronger\" and \"If U Seek Amy\". Spears recorded the\n    song with Martin and Shellback at Maratone Studios.\n    Instrumental work was done by Martin and Shellback. The song\n    was later mixed by Serban Ghenea at MixStar Studios in\n    Virginia. \"3\" was announced as the lead single along with the\n    release of"}, {"i": {"#tail": ", gives the song \"a futuristic, contemporary\n    feel\".", "#text": "Daily Mail"}, "#text": "\"3\" is an uptempo electropop song, which opens with synths\n    and vocal effects. The song is written in the key of F minor\n    and is set in time signature of common time with a tempo of 138\n    beats per minute. Spears' vocal range spans from the high-tome\n    of C", "span": [{"#tail": "\u2013B", "#text": "\u266f"}, {"#tail": "m\u2013Fm as its chord progression. During the middle eight, the\nsong slows down with synthetic strings and bass beats, and the\nsection ends with a beat similar to a four-on-the floor, a rhythm\npattern popularized in 1970's disco music. Throughout the song,\nSpears' vocals are autotuned that, according to the", "#text": "\u266f"}], "sub": [{"#tail": "to the lower register of C", "#text": "4"}, {"#tail": ". The song has a basic sequence of Fm\u2013E", "#text": "5"}]}, {"i": [{"#tail": ". The chorus has been compared to a playground\n    chant and closes with an extended moan. During the second part\n    of the chorus, there is a reference to the folk group Peter,\n    Paul & Mary, that in the song is used as sexual slang for a\n    threesome. Todd Martens of the", "#text": "Dirty Mind"}, {"#tail": "called the reference \"the cut's biggest\n    oddity\".", "#text": "Los Angeles Times"}], "#text": "The song's lyrics is about threesomes. Unlike \"If U Seek\n    Amy\", the song has no double entendre and it\u2019s more\n    straightforward lyrically. The innuendo in the lyrics such as\n    \"Merrier the more, triple fun that way\" have been compared to\n    the songs in Prince\u2019s 1980's studio album"}, {"i": [{"#tail": "commented that the song \"builds to a climax of\n    wildly pulsing bass that summons fans to the dancefloor\" and\n    added that \"[it] will be another notch in this pop\n    provocateur's belt\". On its online edition,", "#text": "Billboard"}, {"#tail": "s writer Daniel Kreps praised the song for\n    its up-tempo melody and racy lyrics, while comparing it to Flo\n    Rida's recent work, saying that \"3\" \"is more of a surefire\n    dance-floor stomper than anything Brit loaded onto", "#text": "Rolling Stone'"}, {"#tail": "or", "#text": "Blackout"}, {"#tail": "\". On the printed issue, the magazine gave the\n    song four stars and called it an \"instant Britney classic\".\n    Clark Collis of", "#text": "Circus"}, {"#tail": "called it \"a fembot voice,\n    near-seizure-inducing dance-floor frenzy\". While crediting the\n    production for \"elevating the song above typical dance\n    products\", the", "#text": "Entertainment Weekly"}, {"#tail": "said that Spears sounded \"sweetly\n    generic\". Bill Lamb of About.com said that although the lyrics\n    are controversial, \"the bottom line is this is another\n    irresistibly catchy pop confection that beats out most\n    everything else on pop radio today\". He praised the chorus and\n    the middle section and called the track \"classic Britney\". The\n    song was also compared to Madonna\u2019s \"Celebration\" (2009), since\n    they \"musically present nothing particularly new, but they do\n    manage to encapsulate many of the elements that make the singer\n    a star\". Lamb later named it the most essential pop song of its\n    time in the week of November 20, 2009. A.J. Mayers of MTV\n    picked it as the eighth best song of 2009.", "#text": "Los Angeles Times"}], "#text": "\"3\" received positive reviews from contemporary music\n    critics. Monica Herrera of"}, {"i": [{"#tail": "artist in eleven years to do so. It was the\n    sixteenth song in the chart history to debut at the top\n    position and also the shortest title for a song reaching the\n    top of the", "#text": "American Idol"}, {"#tail": "Hot 100. The song also charted at number one on\n    the Digital Songs, selling 255,000 downloads in its first week\n    and having the highest one week total of any song, since Black\n    Eyed Peas' \"Boom Boom Pow\" back in April 2009. \"3\" has sold\n    over 1,600,000 copies in the United States as of February 2010.\n    In Canada, the song debuted at number eighty-six on the\n    Canadian Hot 100 on October 17, 2009 and rose up to number one\n    the following week. It was certified two times platinum by the\n    Canadian Recording Industry Association (CRIA) for sales over\n    80,000 copies.", "#text": "Billboard"}], "#text": "On October 8, 2009, \"3\" entered at number fourteen on the\n    U.S. Bubbling Under Hot 100 and at number thirty-eight on the\n    U.S. Pop Songs, becoming Spears' twenty-fourth career entry in\n    the latest chart, most among all artists. On the following\n    week, the song debuted at number one on the Hot 100, becoming\n    Spears\u2019 third number-one single in the United States and\n    breaking many of the chart records. It made Spears the first\n    artist in over three years to debut at the top position and the\n    only non-"}, "The track debuted at number fifty on the Australian ARIA\n    Singles Chart on February 16, 2009, with only two days of\n    digital sales. The song peaked at number six on the week of\n    October 26, 2009. It has since been certified platinum by the\n    Australian Recording Industry Association (ARIA) with sales of\n    over 70,000 copies. On October 12, 2009, the song debuted at\n    number sixteen in New Zealand, making it her highest chart\n    debut since \"Womanizer\". On its fifth week on the chart, \"3\"\n    reached its peak position at number twelve.", "On the UK Singles Chart, \"3\" debuted at number seven on\n    November 16, 2009, becoming Spears' twentieth top ten hit on\n    the chart. The track has achieved similar success throughout\n    Europe reaching the top ten in Belgium (Wallonia), Czech\n    Republic, Finland, Norway, Sweden as well as the top twenty in\n    Austria, Belgium (Flanders) and Denmark.", "The music video was filmed on October 5 and October 6, 2009\n    in Los Angeles, California, directed by Diane Martel and\n    choreographed by Tone & Rich. Fashion stylist GK Reid\n    worked closely with Spears to design the fashion. On October\n    15, 2009, images of the video were released. A countdown,\n    including images and video previews, was announced on her\n    official website and the release date was revealed to be on\n    October 30, 2009. When asked about the video, Diane Martel\n    said,", "\"I think it's her next sexy video. It's a very simple video\n    for her \u2013 I don't think you've seen her this much under a\n    magnifying glass. Everything's really strong and playful. We\n    collaborated on the wardrobe and had meetings about hair and\n    makeup people, we talked a lot on the phone and met Tone and\n    Rich \u2014 two of the best choreographers. [..] [Spears]' so sweet\n    and funny and so normal and down to earth. It's really fun as a\n    director to see her in front of the camera. She's so creative\n    with this stuff. The video is very simple, it's very, very\n    minimal. So it's her, her, her. And she's totally engaging\n    every second. She really knows how to work with a camera and\n    move. I was really impressed, and I have worked almost with\n    every female artist in the business\".", "The video begins with Spears wearing a sparkly black dress\n    at a dressing table, putting mascara and Circus Fantasy on.\n    Then, it cuts to her holding her hair up and singing the first\n    lines in front of a white background. There are also black and\n    white scenes of her wearing a white leotard behind a foggy\n    glass. She then appears wearing the leotard and glasses, while\n    surrounded by four female dancers wearing black outfits,\n    hanging from a raised barre. The word \"sin\" is censored and\n    changed for the word \"this\" during the pre-chorus. In the\n    chorus, she dances in front of a white wall with barcode-like\n    light installations with six male dancers. There also scenes of\n    her dancing provocatively with two male dancers. At the bridge,\n    there are intercut close-ups of her that end with a smirk. The\n    video concludes with Spears dancing with the two male dancers\n    and cuts to a close-up of her looking into the camera.", {"i": [{"#tail": "writer Daniel Kreps compared the video with\n    the music video of \"Single Ladies\" and complimented the\n    choreography saying Spears had not danced with so much\n    conviction since the", "#text": "Rolling Stone"}, {"#tail": "era. Jocelyn Vena of MTV gave the video a\n    positive review, stating that it's a \"sexy, fast-paced clip\"\n    and that \"there are a few moments in the video where Britney's\n    personality shines\" adding that \"she smiles at the song's\n    tongue-in-cheek lyrics, particularly when she finishes the\n    song's bridge.\" Tanner Stransky of", "#text": "In the Zone"}, {"#tail": "complimented the video\u2019s choice of\n    wardrobe, but said that the video was \"sparse\", adding \"there\u2019s\n    not much to the single besides trite, ridiculous advocation for\n    a m\u00e9nage \u00e0 trois anyway, so why would the video go any\n    deeper?\". The", "#text": "Entertainment Weekly"}, {"#tail": "said the video \"features Britney writhing\n    around in scantily-clad outfits with male dancers in the best\n    way she knows how\".", "#text": "Daily Mail"}]}, {"i": {"#tail": "release\".", "#text": "The Singles Collection"}, "#text": "On December 15, 2009, the director's cut version of the\n    video leaked online. Kreps commented that the new version\n    \"offers up a slightly more NSFW edit of Martel\u2019s dance-heavy\n    vid that seems to find a better cadence with the music, as\n    opposed to the original version, which was essentially filmed\n    and edited in the matter of days to coincide with"}]}, "artist": "Britney Spears", "lengths": {"length": "3:33"}, "title": "3", "recorded": "July 12\u201318, 2009; Maratone Studios , ( Stockholm,\n  Sweden )", "label": "Jive", "producers": {"producer": ["Max Martin", "Shellback"]}, "released": "September 29, 2009 \u00a0(2009-09-29)", "writers": {"writer": ["Max Martin", "Shellback", "Tiffany Amber"]}, "formats": {"format": ["CD single", "digital download"]}, "weeks": {"week": "2009-10-24"}}}