{"top-song": {"album": "...Baby One\n  More Time", "genres": {"genre": "Bubblegum pop"}, "descr": {"p": [{"i": {"#tail": "on Jive Records. It was released on\n    October 13, 1998 in the United States and in the first quarter\n    of 1999 internationally as the album's lead single. The song\n    was written by Max Martin and was originally intended for TLC\n    but after they rejected it, Spears and Martin decided to record\n    the track. The song\u2019s lyrics refer to breaking up with someone\n    and regretting the decision.", "#text": "...Baby One More Time"}, "#text": "\"\u2026Baby One More Time\" is the debut song by American pop\n    singer Britney Spears from her debut album"}, "The song was well received by music critics, most calling it\n    the highlight of the album and was nominated for a Grammy Award\n    for Best Female Pop Vocal Performance. The track also achieved\n    commercial success and remains Spears' most successful single,\n    topping the charts in Australia, Canada, New Zealand, the\n    United States and every European country in which it charted.\n    In the United Kingdom, it became the highest selling single of\n    the year and one of the highest selling singles of all\n    time.", {"i": {"#tail": ". Martin showed Spears and her management the\n    track. Spears later claimed that she felt excited when she\n    heard it and knew it was going to be a hit record. Of the\n    recording sessions she said, \"I didn\u2019t do well at all the first\n    day in the studio, I was just too nervous. So I went out that\n    night and had some fun. The next day I was completely relaxed\n    and nailed it. You gotta be relaxed singing \u2018\u2026 Baby One More\n    Time\u2019\". Executives at Jive Records were concerned that the line\n    \"Hit Me\" would condone domestic violence. The title was later\n    revised to its current title.", "#text": "FanMail"}, "#text": "After being signed by Jive Records, Spears started working\n    with a number of producers. In early 1998, she flew to Cheiron\n    Studios in Sweden to work with Max Martin, Denniz PoP and Rami,\n    among others. Martin had originally written a song titled \"Hit\n    Me Baby One More Time\" for popular R&B group TLC; however,\n    when the song was submitted to them they rejected it because\n    they had already completed their third studio album,"}, {"i": [{"#tail": "due to the fact the track \u201cmakes its presence known\n    in exactly one second\u201d. According to", "#text": "Jaws"}, {"#tail": ", musically the song is composed by \u201cwah-wah\n    guitar lines and EKG-machine bass-slaps\u201d.", "#text": "Blender"}], "#text": "Musically, \"\u2026Baby One More Time\" is a pop song set in common\n    time and has a metronome of 93 beats per minute. The song\n    begins with three piano notes, an opening that has been\n    compared to many other songs, such as \"We Will Rock You\",\n    \"Start Me Up\" and the theme song of the film"}, "Lyrically, the song speaks about lost love. Spears has said\n    that it\u2019s \u201c[a song] every girl can relate to. She regrets it.\n    She wants him back.\" The track is also easily recognizable for\n    its opening line \u201cOh baby baby\u201d, a phrase coined by Spears that\n    is also used in future recordings such as \"Oops!... I Did It\n    Again\" and \"If U Seek Amy\". The song\u2019s lyrics caused\n    controversy in the United States because the line \u201cHit me baby\n    one more time\u201d seem to have an S&M connotations.", {"i": [{"#tail": "called it a\n    \"candy-pop-with-a-funky-edge smash\". Stephen Thomas Erlewine of\n    Allmusic said the track was \"ingenious\", while", "#text": "Entertainment Weekly"}, {"#tail": "s Barry Walters compared it to early hits\n    of Samantha Fox claiming that the song \"effectively\n    [transforms] this ex-Mouseketeer born in a tiny Louisiana town\n    into a growling jailbait dynamo\". Brian Raftery of", "#text": "Rolling Stone'"}, {"#tail": "called it a \"a perfectly fine, slickly conceived\n    pop tune. [..] At the time, teen-pop was still a boys\u2019 club,\n    but while the guys were crooning about crushes, Spears was\n    already planning the sleep-over party\".", "#text": "Blender"}], "#text": "Amanda Murray of Sputnikmusic called it \"undoubtedly the\n    high point of this album. It is well-composed, tightly\n    arranged, and even with Spears' vocal limitations it goes\n    straight for the proverbial pop jugular\". She also said that\n    the song was a highlight in the pop music genre and added,\n    \"There is little doubt that '...Baby One More Time' will be\n    long remembered as one of the cornerstones of pop music in\n    general, and it is a strong front-runner as the prototype for\n    the late 90s pop resurgence\". Beth Johnson of"}, "\"...Baby One More Time\" earned Spears her first nomination\n    for a Grammy Award for Best Female Pop Vocal Performance. It\n    also won other numerous awards, including a Teen Choice Award\n    for Single of the Year and an MTV Europe Music Award for Best\n    Song.", "The song was officially sent to the American radio stations\n    on October 23, 1998. On November 21, 1998, \"...Baby One More\n    Time\" debuted at number-seventeen on the Hot 100 and topped the\n    chart two and a half months later for two consecutive weeks,\n    replacing R&B-singer Brandy's \"Have You Ever?\".\n    Simultaneously, it climbed to number-one on the Canadian\n    Singles Chart. The song reached the top spot of the Hot 100\n    Singles Sales and stayed there for a solid four-week reign.\n    This eventually propelled the single to a platinum\n    certification by the Recording Industry Association of America.\n    Though not as strong as its sales tallies, \"...Baby One More\n    Time\" also experienced considerable airplay becoming her first\n    top ten hit on the Hot 100 Airplay peaking at number-eight. The\n    single also became an all-around hit on Top 40 radio, going top\n    ten on both the Top 40 Tracks and Rhythmic Top 40, and to\n    number-one for five weeks on the Mainstream Top 40. \"...Baby\n    One More Time\" spent thirty-two weeks on the Hot 100 and ended\n    up at number-five on Billboard magazine's year-end chart.", "The track reached the top spot in every European country in\n    which it charted. It topped the Eurochart Hot 100 Singles for\n    ten consecutive weeks. Notably, \"...Baby One More Time\" spent\n    two consecutive weeks at number-one on the French Singles Chart\n    and was certified platinum by the Syndicat National de\n    l'\u00c9dition Phonographique after selling over 500,000 units in\n    the country. Additionally, the song topped the German Singles\n    Chart for six consecutive weeks and sold over 750,000 copies,\n    resulting in a three-times gold certification by the\n    International Federation of the Phonographic Industry In the\n    United Kingdom, according to her label Jive Records said that\n    the single \"\u2026Baby One More Time\" has sold more than 250,000\n    copies in a mere three days. Spears broke a first-week sales\n    record for a female act at the time when \"...Baby One More\n    Time\" sold a total of 460,000 copies in the United Kingdom. The\n    single went on to sell over 1.45 million units, making it the\n    highest-selling single of the year and the 25th best-selling of\n    all-time in Britain. Eventually, the British Phonographic\n    Industry certified it two-times platinum on March 26, 1999.\n    Additionally, Spears joined a selected group of seven female\n    acts with million-selling singles, which includes singers Kylie\n    Minogue, Whitney Houston, Cher, C\u00e9line Dion, among others.", "\"...Baby One More Time\" debuted at number-twenty on the\n    Australian Singles Chart, a month later reached number-one and\n    stayed there for nine consecutive weeks. The song eventually\n    became the second highest-selling single of the year, only\n    behind Lou Bega's \"Mambo#5\", and was certified three-times\n    platinum by the Australian Recording Industry Association for\n    selling over 210,000 copies. In New Zealand, the single spent\n    four non-consecutive weeks at the top of the charts and after\n    shipping over 15,000 units to retailers the Recording Industry\n    Association of New Zealand certified it platinum.", "The music video was filmed on August 7 and August 8, 1998,\n    in Los Angeles, California and was directed by Nigel Dick.\n    After being chosen, Dick received criticism from her colleagues\n    about wanting to work with Spears. He responded saying, \"It's a\n    great song. I don't know anything about Britney. I never\n    watched the \"Mickey Mouse Club\". She seems like a great kid and\n    she's very enthusiastic, but I just love the song. It's just a\n    great song\".", "The video's original setup was in high contrast to what\n    eventually became the final product. The plan was to have the\n    video in a cartoon-like environment, in a likely attempt to\n    attract the audience of younger children. However, Spears was\n    unhappy with this. She argued that she wanted her video to\n    reflect the lives of her fans and wanted to set the video in a\n    school. Spears pitched this idea to Dick, and further explained\n    she wanted the video to have dance scenes. The original setting\n    was scrapped and replaced with Spears's concept.", {"i": {"#tail": ".", "#text": "Grease"}, "#text": "Dick\u2019s original idea for the wardrobe was jeans and a\n    t-shirt, but during the wardrobe fitting Spears decided to\n    change it for a schoolgirl outfit. Dick said that \"Every piece\n    of wardrobe in the video came from Kmart, and I was told at the\n    time not one piece of clothing in the video cost more than $17.\n    On that level, it's real. That probably, in retrospect, is a\n    part of its charm.\" The knotted shirt design was Spears' idea,\n    she recollects saying, \"The outfits looked kind of dorky, so I\n    was like, 'Let's tie up our shirts and be cute'\". About the\n    experience of shooting her first music video, Spears said, \"It\n    was a wonderful experience. All these people there, working for\n    you. I had my own trailer. It was an amazing experience\". The\n    music video was shot at Venice High School, the same school\n    used to film the movie"}, "The video begins with Spears in a particularly boring class\n    at a Catholic school. Her assistant Felicia Culotta played the\n    role of Spears's teacher. When the bell rings, Spears runs out\n    into the hall and begins a choreographed dance. After this,\n    Spears is outside, now adorned in an athletic outfit. Along\n    with a couple of other students, she performs a number of\n    gymnastic moves before heading back inside. She is then sitting\n    on the bleachers in the gymnasium watching a basketball game.\n    Her love interest is revealed sitting close to her, played by\n    her real-life cousin Chad. After this short segment, Spears\n    begins her final dance routine and the video ends shortly\n    afterwards, revealing that the whole thing had actually just\n    been Spears's daydream.", "The music video for \u201c\u2026Baby One More Time\u201d helped propel\n    Spears into superstardom. The schoolgirl outfit is considered\n    to be one of Spears' iconic looks and is on display at the Hard\n    Rock Hotel and Casino in Las Vegas, Nevada. The ensemble caused\n    controversy among parents associations for showing the midriff\n    of a sixteen year old. Spears faced the criticism saying, \"Me\n    showing my belly? I'm from the South; you're stupid if you\n    don't wear a sports bra [when you] go to dance class, you're\n    going to be sweating your butt off.\"", "In 1999, \"...Baby One More Time\" earned Spears her first\n    three MTV Video Music Award nominations in the categories of\n    Best Pop Video, Best New Artist and Best Female Video. In a\n    list compiled by VH1 in 2001, it was listed at number ninety in\n    the best videos of all time. The video was the first of\n    fourteen of her videos to retire on MTV 's television series\n    TRL. On its final episode, a three hour special aired on\n    November 16, 2009, \u201c\u2026Baby One More Time\u201d was number one in\n    their final countdown as the most iconic music videos of all\n    time and was the last video to be played on the show. On MTV\n    Latin America the video came in at number seven of \"The Most\n    MTV-like Videos\" and at number three on \"The Top 100 Pop\n    Videos\" only after Madonna's \"Like a Virgin\" and Michael\n    Jackson's \"Billie Jean\".", {"i": {"#tail": ", compared the music video to Britny Fox\u2019s\n    \u201cGirlschool\u201d because it featured \u201ca classroom full of Catholic\n    schoolgirls gyrating to the beat in defiance of a stern\n    teacher. [..] But that was a sexist video by a horrible hair\n    metal band that exploited women. Britney Spears was something\n    else\u2014an inflection point in the culture\".", "#text": "n+1"}, "#text": "Wesley Yang in his essay \u201cInside the Box\u201d in"}, "The music video is also referenced in the music video of her\n    2009 single, \"If U Seek Amy\". After she comes out of the house\n    dressed as a housewife, her daughter is dressed with a similar\n    schoolgirl outfit while wearing pink ribbons in her hair.", {"i": [{"#tail": "said this cover showed a new and more \"dark\"\n    side of the band, commenting \"slowed down to a mournful crawl,\n    it was amazing how ominous the couplet \"This loneliness is\n    killing me / Hit me, baby, one more time\" sounded\".\n    PopWreckoning.com called it \"perhaps the most well done cover\n    of Britney\u2019s catalyst to eternal fame\". Spears heard their\n    version while shopping in a mall and said, \"It was so weird. I\n    liked it though, I thought it was cool. It was a very different\n    vibe from what I did\". On July 2005, The Dresden Dolls\n    performed a cover during their summer concerts while opening\n    for Panic! at the Disco. On July 18, 2006, frontman Brendon\n    Urie joined the band to perform the song in Pittsburgh,\n    Pennsylvania. PopWreckoning.com said the cover was \"a strange\n    twist to this pop ditty. It\u2019s obviously darker and actually\n    tortured as opposed to Britney\u2019s school girl despair\". On\n    November 29, 2008, the same day Spears performed \"Womanizer\" on", "#text": "The Guardian"}, {"#tail": ", contestants JLS performed a cover of the\n    song that was deemed \"lame\" by judge Simon Cowell. On July 13,\n    2009, Tori Amos covered the song live during her Sinful\n    Attraction Tour at the Paramount Theatre in Oakland,\n    California. On October 15, 2009, Kris Allen covered the song\n    for the first time at a concert in Seton High School in\n    Cincinnati, Ohio. His rendition received positive reviews.", "#text": "The X Factor"}], "#text": "\"\u2026Baby One More Time\" has been covered on numerous\n    occasions. One of the earliest live covers of the song was by\n    Scottish band Travis, recorded during one of their concerts at\n    \"The Bay Tavern\" in Robin Hood's Bay, North Yorkshire, England.\n    The song was later included in the release of their 1999\n    single, \"Turn\". Lead singer Francis Healey said, \"We did it for\n    a laugh the first time. [..] And as we played it, the irony\n    slipped from my smile. It\u2019s a very well-crafted song. It [has]\n    that magic thing.\""}, {"i": [{"#tail": ". The same year, British death metal cover\n    band Ten Masked Men included a rendition of the song on their", "#text": "Kids Superhits"}, {"#tail": "album. A cover by Ahmet and\n    Dweezil Zappa was featured in the soundtrack of the 2000 film", "#text": "Return of the Ten Masked Men"}, {"#tail": ". In 2003, the song was covered by\n    American pop punk band Bowling for Soup for the soundtrack of\n    the remake film", "#text": "Ready to Rumble"}, {"#tail": "and commented that their version was\n    \"really, really, dark and really rock, [..] not the kind of\n    'pop'-py stuff that we usually do.\" In 2005, power pop band\n    Fountains of Wayne covered the song for their compilation album", "#text": "Freaky Friday"}, {"#tail": ". Robert Christgau of", "#text": "Out-of-State Plates"}, {"#tail": "highlighted their rendition saying the\n    song is \"as redolent and fetching as any of [Fountains of\n    Wayne]'s peaks\". Japanese pop singer Shiori Takei covered the\n    song of her 2005 album", "#text": "The Village Voice"}, {"#tail": ". In 2006, a lounge music\n    style cover of the song by Trombo Combo was included on their\n    covers album", "#text": "The Note of My Nineteen Years"}, {"#tail": ". A hi-NRG-eurodance\n    cover by Jayne Montgomery was released through Almighty\n    Records.", "#text": "Trombo Combo: Swedish Sound Deluxe"}], "#text": "Swedish humorist heavy metal band Black Ingvars covered the\n    song for their 2000 album"}, {"i": [{"#tail": ", a cover of the song by metalcore band\n    August Burns Red was included along with a cover of \u201dToxic\u201d by\n    A Static Lullaby. Both received generally negative reviews.\n    Music duo Doll Factory included a cover of the song as a bonus\n    track on later printings of their album", "#text": "Punk Goes Pop 2"}, {"#tail": ". Singer-songwriter Christopher Dallman\n    released an EP titled", "#text": "Weightless"}, {"#tail": "that includes a cover of the song along with\n    covers of \"Toxic\", \"Gimme More\" and \"Radar\".", "#text": "Sad Britney"}], "#text": "In the 2009 compilation"}, "The song has also been covered by Brainshake, Intwine,\n    Kevorkian, P.T. Grimm and the Dead Puppies, Jenny Owen Youngs,\n    Neil Sahgal and Annie Bethancourt, among others.", "In 2005, the song was performed on Australian Idol by\n    eventual runner up Emily Williams on the Final 3 Number 1 hits\n    special.", {"i": [{"#tail": "and MTV in 2000.", "#text": "Rolling Stone"}, {"#tail": "listed it at number nine in The 500 Greatest\n    Songs Since You Were Born. The song was also listed as the\n    seventh best song of the nineties by VH1 and in a listing\n    compiled in 2003, ranked at number twenty eight in 100 Best\n    Songs of the Past 25 Years.", "#text": "Blender"}], "#text": "Frequently listed in best songs listings, \u201c\u2026Baby One More\n    Time\u201d was listed at number twenty five in the greatest pop\n    songs since 1963, in a list compiled by"}, {"i": [{"#tail": "hosted by Vernon Kay. The show\n    pitted one-hit wonders who generally had their moments of fame\n    in the 1980s against each other to play their own hits and a\n    currently popular cover song. The favorites were chosen by\n    audience voting. The American version of the show also aired on\n    NBC later in the year, and it was also hosted by Kay. In 2008,\n    the South Korean girl group, Jewelry, had a hit song titled", "#text": "Hit Me Baby One More Time"}, {"#tail": ", which contains the lyrics \"Baby One More\n    Time\".", "#text": "One More Time"}], "#text": "In April 2005, the British TV network ITV aired a short\n    series called"}, {"i": [{"#tail": ", but was not included on the soundtrack album.\n    The song was featured in Britney Spears' video game", "#text": "Robots"}, {"#tail": ". A cover of the song was used for\n    the video game", "#text": "Britney Dance Beats"}, {"#tail": ". The song was covered in the\n    game", "#text": "Karaoke Revolution Volume 2"}, {"#tail": "as\n    downloadable content. The song was also used as part of the\n    plot for an episode of the Canadian television drama series\n    Being Erica.", "#text": "Karaoke Revolution Presents: American Idol Encore"}], "#text": "An excerpt was used in 20th Century Fox's CGI-animated\n    comedy film"}, "These are the formats and track listings of major single\n    releases of \"\u2026Baby One More Time\".", "Australian CD Single", "Europe 2-Track CD", "UK CD #1/Maxi-Single", "UK Limited Edition CD #2", "French CD Single / Boxset Single", "U.S. CD Single", "U.S. 12\" Vinyl"]}, "artist": "Britney Spears", "lengths": {"length": "3:30"}, "title": "...Baby One More Time", "recorded": "March 1998 , Cheiron Studios, Sweden", "label": "Jive", "producers": {"producer": ["Denniz PoP", "Max Martin", "Rami"]}, "released": "October 23, 1998 \u00a0(1998-10-23)", "writers": {"writer": "Max Martin"}, "formats": {"format": ["CD single", "cassette single", "12\" single"]}, "weeks": {"week": ["1999-01-30", "1999-02-06"]}}}