{"top-song": {"album": "The Way\n  It Is", "genres": {"genre": ["Piano rock", "adult contemporary"]}, "descr": {"p": [{"i": {"#tail": ". It topped the Billboard Hot 100 in 1986.\n    Written by Bruce Hornsby, it made explicit reference to the\n    American Civil Rights Movement. This song was heavily sampled\n    by Tupac Shakur in his song, \"Changes\".", "#text": "The Way It Is"}, "#text": "\"The Way It Is\" is a hit song by Bruce Hornsby and the Range\n    from their 1986 album"}, {"i": [{"#tail": "and a crudely edited 'loop' of the final\n    instrumental section was also used as background music the\n    BBC's sports programme", "#text": "City Hospital"}, {"#tail": "in the late 1980s, where it was played while\n    the presenter ran down the football league tables at the end of\n    the programme. Indeed in the UK (where the song only reached\n    no. 15 in the charts), the song was possibly more well-known\n    for its regular appearances on", "#text": "Grandstand"}, {"#tail": "than for its appearance in the charts. The\n    song was also featured in Australia as the background theme of\n    the Nine Network's weekend news sports wrap up as well as\n    during AFL Football telecasts in the 1990s. In this case, the\n    song was used as a background theme while other weekly match\n    results appeared on screen.", "#text": "Grandstand"}], "#text": "In the UK, a version of the tune is used as the theme song\n    to the BBC 1 daytime program"}, "In the 1990s and 2000s, \"The Way It Is\" was used as the\n    theme music for Sean Hannity's syndicated radio talk show.\n    Hornsby, a progressive Democrat, has stated his disapproval of\n    Hannity's politics and the usage of \"The Way It Is.\"\n    Afterwards, Hannity criticized Hornsby and has since stopped\n    using \"The Way It Is\" as the main theme for his show."]}, "artist": "Bruce Hornsby & the Range", "lengths": {"length": "4:55"}, "title": "The Way It Is", "label": "RCA Records", "producers": {"producer": "Elliot Scheiner"}, "writers": {"writer": "Bruce Hornsby"}, "weeks": {"week": "1986-12-13"}}}