{"top-song": {"weeks": {"week": ["1962-03-10", "1962-03-17", "1962-03-24"]}, "artist": "Bruce Channel", "descr": {"p": ["\"Hey! Baby\" is a song written by Margaret Cobb and Bruce\n    Channel, who recorded the song in 1961. Channel co-produced the\n    song with Major Bill Smith and released it on Mercury Records'\n    Smash label. The song reached number one on the Hot 100 for\n    three weeks, starting the week ending March 10, 1962.", "The song features a prominent riff from well-known harmonica\n    player Delbert McClinton. According to a CNN article from 2002,\n    \"while touring the U.K. in 1962 with a little known group\n    called The Beatles, harmonica player Delbert McClinton met John\n    Lennon and gave him some harmonica tips. Lennon put the lessons\n    to use right away on \"Love Me Do\" and later \"Please Please Me\".\n    Lennon included the song in his jukebox, and it is also\n    featured on the related compilation album."]}, "title": "Hey! Baby"}}