{"top-song": {"album": "Reckless", "genres": {"genre": ["Rock", "soft rock", "pop rock", "adult contemporary"]}, "descr": {"p": [{"i": [{"#tail": "soundtrack album in 1983 and was later\n    included on Adams' album", "#text": "A Night in Heaven"}, {"#tail": "in 1984. It was released as the third single\n    from", "#text": "Reckless"}, {"#tail": "and reached number 1 on the Billboard Hot 100 in\n    June 1985, over a year and a half after the song first appeared\n    on record. The single was certified Gold in Canada in 1985.", "#text": "Reckless"}], "#text": "\"Heaven\" is a power ballad written by Bryan Adams and Jim\n    Vallance and performed by Bryan Adams. The song first appeared\n    on the"}, "Adams recorded \"Heaven\" at The Power Station in New York\n    City on June 6 and 7, 1983.", {"i": {"#tail": ", a feeling that was echoed by producer Jimmy\n    Iovine, who was working with Adams at the time. Iovine thought\n    the song was too 'light' for the album and recommended that\n    Adams not include it. At the last moment, Adams changed his\n    mind.", "#text": "Reckless"}, "#text": "Adams didn't think \"Heaven\" was suitable for"}, "Half way through the recording session drummer Mickey Curry\n    announced that he had to leave since he committed in advance to\n    a Hall & Oates session. Curry had warned Adams about his\n    limited availability that day. The recording session for\n    \"Heaven\" was running behind schedule and Adams called Journey\n    drummer Steve Smith. Smith happened to be in New York at the\n    time and he filled Curry's drumming position.", "While writing \"Heaven\", Adams and Vallance were influenced\n    by Journey's music and lyrical style, particular their song\n    \"Faithfully\".", "In 1984 \"Heaven\" won the Procan Award (Performing Rights\n    Organization of Canada) for Canadian radio airplay, in 1985 it\n    won the BMI (Broadcast Music Inc.) Citation of Achievement for\n    U.S. radio airplay and ten years later it won a Socan Classics\n    Award for more than 100,000 Canadian radio performances.", "Live tracks recorded at the Hollywood Palladium on February\n    1, 1985.", {"i": [{"#tail": "soundtrack album in 1983 and received\n    substantial airplay on album-oriented rock radio stations,\n    reaching number 9 on Billboard's Top Tracks chart in early\n    1984. It was released as the third single from the album", "#text": "A Night in Heaven"}, {"#tail": "in April 1985 and reached number 1 on the\n    Billboard Hot 100. The song also re-entered the Top Rock Tracks\n    chart in 1985, peaking at number 27. \"Heaven\" also peaked at\n    number 12 on the Adult Contemporary chart during its second\n    run, becoming Adams' second single to reach that chart after\n    \"Straight from the Heart\" in 1983, and his biggest AC hit until\n    1991.", "#text": "Reckless"}], "#text": "\"Heaven\" first appeared on the"}, {"i": {"#tail": ".", "#text": "Reckless"}, "#text": "In Canada \"Heaven\" was officially released to radio on\n    January, 1985. The song reached the top twenty on the Canadian\n    Singles Chart and remained in the top twenty for another month.\n    \"Heaven\" was the highest charting single from"}, "The song was released in Australia, Europe and New Zealand\n    in 1985. \"Heaven\" reached the UK top forty. \"Heaven\" continued\n    the trend of higher-charting singles when it debuted and peaked\n    at top twenty in most of the European countries in which it\n    charted. Adams' previous singles had charted much weaker in\n    Europe and \"Heaven\" would be Adams' first single to chart in\n    mainland Europe.", "Although \"Heaven\" reached the top ten in Sweden and Norway\n    and then the top twenty in Austria, Ireland, Switzerland and\n    Sweden, it was a moderate top hundred success in Germany where\n    it peaked at number 62.", "The music video was shot in London, England, and was\n    directed by Steve Barron. It features Adams singing the song in\n    a live concert setting; behind him, stacked video monitors show\n    his band playing along. Video monitors also occupy each seat of\n    the otherwise empty theater. The video was nominated for an MTV\n    Video Music Award for Best Cinematography.", "[1]", {"i": [{"#tail": "with vocals by Do. It was the second single of the\n    album", "#text": "Heaven"}, {"#tail": "and reached number one on the UK Singles Chart and\n    number eight on the US", "#text": "Heaven"}, {"#tail": "Hot 100. It re-entered the chart on the week of\n    November 17, 2007. This version was sampled by Nina Sky in\n    their 2009 hit, \"Beautiful People\". On October 28, 2009, over\n    seven years after its release, the song was certified gold by\n    the Recording Industry Association of America for sales of over\n    500,000.", "#text": "Billboard"}], "#text": "In 2002 DJ Sammy and Yanou released a dance cover of"}, "Because of the dance version's popularity, a stripped-down,\n    ballad-like \"Candlelight Mix\" version was made and sang by Do,\n    and received airplay on Adult Contemporary radio stations as\n    well as CHR stations.", "An unauthorized remix of the \"Candlelight Mix\" was also made\n    by KISS FM in Bakersfield, California to commemorate the\n    September 11 terrorist attacks. The song features a little girl\n    talking about her father who presumably died in the attacks,\n    with the original chorus intermittently playing. A popular\n    Flash animation plays out this version of the song. The little\n    girl's vocal was actually the daughter of the program director\n    at the time. He simply read her the lines and had her repeat\n    them for him, with a little emotional prompting. Then he edited\n    himself out of the voice track. This was one of the most\n    requested songs in the station's history, and had all of the\n    local market talking. It even crossed over to Clear Channel's\n    other stations for a wider audience.", "The music video for the single features Yanou, DJ Sammy and\n    Do viewed briefly from a TV. It was directed by Oliver\n    Bradford. The video features two Asian girls, androgynous\n    people and a black man. There is a second version, with\n    extended scenes of a stationary Do singing.", {"i": [{"#tail": "(1992). Eyra Gail covered the song\n    identically to DJ Sammy on the album", "#text": "The Way I Feel"}, {"#tail": "(2002). R&B singer Kate DeAraugo covered\n    the song on", "#text": "Eyra Gail"}, {"#tail": "(2005). Scottish singer-actor\n    John Barrowman's version appears on his cover album", "#text": "A Place I've Never Been"}, {"#tail": "(2007). Ruben Studdard also recorded a\n    version as a bonus track for his fourth studio album, Love Is.\n    Italian singer Martina Stavolo covered the song on her debut EP\n    \"Due Cose Importanti\". DJ Manian covered the song with a series\n    of remixes featuring Alia on the album", "#text": "Another Side"}, {"#tail": "(2007). David Archuleta beautifully sang \"Heaven\"\n    as a part of Hollywood Week during American Idol Season 7. The\n    original DJ Sammy radio edit was sampled in 2009 to create Nina\n    Sky's single \"Beautiful People\". In November 2009, Pitbull\n    released \"Pearly Gates\", produced by Jim Jonsin, on the mixtape\n    International Takeover: The United Nations which covers the\n    \"Heaven\" chorus sang by Nayer.", "#text": "Heaven"}], "#text": "\"Heaven\" has been covered by numerous artists. One of the\n    first cover recordings was by rock artist Gerd Rube on"}]}, "artist": "Bryan Adams", "lengths": {"length": "4:04"}, "title": "Heaven", "recorded": "The Power Station , New York City , June 6\u20137,\n  1983", "label": "A&M", "producers": {"producer": ["Bryan Adams", "Bob Clearmountain"]}, "released": "April 9, 1985 \u00a0(1985-04-09)", "writers": {"writer": ["Bryan Adams", "Jim Vallance"]}, "formats": {"format": ["7\"", "12\""]}, "weeks": {"week": ["1985-06-22", "1985-06-29"]}}}