{"top-song": {"album": "18 til I Die", "genres": {"genre": ["Soft rock", "Rock"]}, "descr": {"p": [{"i": [{"#tail": ". The melody is used as a musical motif\n    throughout the film, and the song is featured three times in\n    the movie, twice performed by other artists in Spanish, and\n    finally performed by Adams himself during the closing credits.\n    The Adams version of the song, which features flamenco\n    guitarist Paco de Lucia, is featured on the soundtrack album\n    and also on the album", "#text": "Don Juan DeMarco"}, {"#tail": ". It was at number one for five weeks on the\n    Billboard Hot 100 in the United States, making it the third\n    number one song for the songwriting team, and went on to earn\n    them their second Oscar nomination.", "#text": "18 Til I Die"}], "#text": "\"Have You Ever Really Loved a Woman?\" is a 1995 song written\n    by Bryan Adams, Michael Kamen and Robert John \"Mutt\" Lange for\n    the film of the same year"}, "Various women's groups contacted Adams when the song became\n    popular, which led to his publishing a series of books of\n    photos, with all proceeds going to breast cancer research.", "The music video was shot in Spain at Casa las Pavos Reales,\n    Malaga starring Cecilie Thomsen and Amira. It was directed by\n    the music video director Anton Corbijn and released and aired\n    in May 1995."]}, "artist": "Bryan Adams", "lengths": {"length": "4:50"}, "title": "Have You Ever Really Loved a Woman?", "recorded": "1994", "label": "A&M Records", "producers": {"producer": "Adams and Lange"}, "released": "April 14, 1995", "writers": {"writer": ["Bryan Adams", "Michael Kamen", "Robert John \"Mutt\" Lange"]}, "formats": {"format": "CD single"}, "weeks": {"week": ["1995-06-03", "1995-06-10", "1995-06-17", "1995-06-24", "1995-07-01"]}}}