{"top-song": {"album": "Waking Up the Neighbours", "genres": {"genre": ["Rock", "Soft Rock"]}, "descr": {"p": [{"i": [{"#tail": "and on the soundtrack for the\n    film", "#text": "Waking up the Neighbours"}, {"#tail": "(1991). It was an enormous\n    chart success internationally, sixteen consecutive weeks at\n    number one on the UK Singles Chart (the longest in British\n    chart history), spending seven weeks at number one in the\n    United States'", "#text": "Robin Hood: Prince of Thieves"}, {"#tail": "Hot 100, and nine weeks atop the", "#text": "Billboard"}, {"#tail": "singles chart in Canada.", "#text": "RPM"}], "#text": "\"(Everything I Do) I Do It for You\" is a hugely successful\n    song co-written and performed by Bryan Adams, featured on his\n    1991 album"}, "The record won a Grammy Award for Best Song Written\n    Specifically for a Motion Picture or Television at the Grammy\n    Awards of 1992, and was nominated for an Academy Award for Best\n    Song. Subsequently, the song has been covered by numerous\n    singers around the world.", {"i": "Billboard's All Time Top 100.", "#text": "The song ranked at #16 on"}, {"i": [{"#tail": "came late in the making of\n    the film. Michael Kamen, had originally wanted the song to be\n    as if it were Maid Marian singing it to Robin Hood. He offered\n    it to Kate Bush, Annie Lennox and Lisa Stansfield but they all\n    turned it down. David Kerschenbaum of Morgan Creek Records\n    invited Adams \u2013 whom he had worked with in the early 1980s at\n    A&M Records \u2013 to write the song based on the score from\n    Kamen. Initially, Adams was to write the lyrics for another\n    artist to perform, but it was decided that he should perform\n    the song after writing it with", "#text": "Robin Hood: Prince of Thieves"}, {"#tail": "producer Mutt Lange. The pair\n    recorded the song in Mayfair Studios in London.", "#text": "Waking up the Neighbours"}], "#text": "The idea of a song to promote the movie"}, "Neither Kamen nor the film company were happy with the song\n    and tried at length to have Adams change it due to Adams and\n    Lange writing an entirely different melody to the theme, but\n    Adams refused..", "The song is credited to Adams, Lange, and Kamen, and is\n    played over the film's credits. A&M Records were at first\n    reluctant to have the song appear on the film soundtrack, which\n    was released through Morgan Creek, but the success of the\n    record benefited both companies.", {"i": {"#tail": ". The album benefited from the\n    success of the lead single; the song proved to be a hit\n    throughout the world. In all, it topped the charts in thirty\n    countries, becoming the best-selling song of 1991 and one of\n    the best-selling singles of all time.", "#text": "Waking up the Neighbours"}, "#text": "\"I Do It for You\" was the last of three songs added to"}, "In the U.S. it topped the chart for seven weeks, selling\n    three million singles, making it the second-best-selling song\n    after \"We Are the World\" by USA for Africa, and it also broke\n    the record for longest run at number one on the Hot 100 Single\n    Sales, becoming the best-selling single in America for 17\n    weeks.", {"i": [{"#tail": "weeks on top of the UK charts, with\n    16 weeks at number one from 7 July 1991 (holding Right Said\n    Fred's \"I'm Too Sexy\" at number two for six consecutive weeks).\n    The previous record-holder, \"Rose Marie\" by Slim Whitman, had\n    been top of the charts for 11 weeks in 1955 (the single did not\n    break the record for the most weeks at number one on the UK\n    charts, held by the 1953 Frankie Laine song \"I Believe\" which\n    spent 18 non-consecutive weeks at number one). The success of\n    the single led to", "#text": "the most consecutive"}, {"#tail": "receiving pre-order sales of\n    200,000.", "#text": "Waking up the Neighbours"}], "#text": "In the UK, it sold almost 1.53 million copies, making it the\n    best selling single in the UK since \"Band Aid\" in 1984. The\n    song broke the record for"}, {"i": {"#tail": "throughout Europe. The album\n    went on to sell 15 million copies around the world due in part\n    to the song but also due to other singles.", "#text": "Waking up the Neighbours"}, "#text": "Elsewhere in Europe, the song reached number one in Germany,\n    Holland, Belgium, Austria, Switzerland, Finland, France,\n    Norway, Sweden, and Denmark. The success of the single led to\n    pre-order sales of a million for"}, {"i": {"#tail": "(1998). A year later, her cover version\n    was released as the album's final single on a double A-side\n    with \"U Don't Know Me (Like U Used To)\" on the New Zealand\n    music market, where it reached the top 30 on the RIANZ singles\n    chart.", "#text": "Never Say Never"}, "#text": "In 1998, American R&B singer Brandy re-recorded the song\n    for her second studio album"}, "These are the formats and track listings of major\n    single-releases of \"I Do It for You\"."]}, "artist": "Bryan Adams", "lengths": {"length": ["4:06 (radio edit)", "6:34 (album edit)"]}, "title": "(Everything I Do) I Do It for You", "recorded": "March 1991", "label": "A&M Records", "producers": {"producer": ["Adams", "Lange"]}, "released": "18 June 1991", "writers": {"writer": ["Bryan Adams", "Michael Kamen", "Robert John \"Mutt\" Lange"]}, "formats": {"format": ["7\"", "CD single"]}, "weeks": {"week": ["1991-07-27", "1991-08-03", "1991-08-10", "1991-08-17", "1991-08-24", "1991-08-31", "1991-09-07"]}}}