{"top-song": {"album": "The\n  Three Musketeers: Original Motion Picture Soundtrack", "genres": {"genre": "Soft Rock"}, "descr": {"p": [{"i": {"#tail": ", performed by Adams, Rod Stewart and Sting. The\n    song's musical-style and production were heavily inspired by\n    rock and pop music from the 1980s, and its lyrics chronicle a\n    relationship. The song was released as a CD single in the\n    United States on November 16, 1993.", "#text": "The Three Musketeers: Original Motion Picture\n    Soundtrack"}, "#text": "\"All for Love\" is a rock song written by Bryan Adams, Robert\n    John \"Mutt\" Lange and Michael Kamen for the soundtrack"}, "The title was inspired by the Musketeers' motto: \"All for\n    one, and one for all\".", "The single reached number one on the Hot 100 on January 22,\n    1994, and remained there for three weeks.", "In December 2007, the Swedish trio E.M.D. released a cover\n    of All for Love as their debut single. Debuting at number two\n    in the official Swedish singles chart, it hit the top position\n    the week after - eventually staying there for six consecutive\n    weeks (the original version topped the chart for 10 weeks).", "The single stayed on the charts for 17 weeks, and was\n    certified 3x Platinum in Sweden."]}, "artist": "Bryan Adams / Rod Stewart / Sting", "title": "All for Love", "label": "A&M", "producers": {"producer": ["Chris Thomas", "Bryan Adams", "David Nicholas"]}, "released": "November 16, 1993", "writers": {"writer": ["Bryan Adams", "Mutt Lange", "Michael Kamen"]}, "formats": {"format": "CD"}, "weeks": {"week": ["1994-01-22", "1994-01-29", "1994-02-05"]}}}