{"top-song": {"weeks": {"week": "1957-04-06"}, "artist": "\"Butterfly\" Andy Williams", "descr": {"p": ["\"Round and Round\" is a popular song by Joe Shapiro and Lou\n    Stallman published in 1956. A version of the song recorded by\n    Perry Como was a big hit in 1957. The song would prove to be\n    Perry Como's last over-all number one on the Billboard\n    charts.", {"i": {"#tail": ".", "#text": "Blast from the Past"}, "#text": "Como's version was featured in the 1999 motion picture"}]}, "title": "Round and Round \" Perry Como"}}