{"top-song": {"album": "???", "genres": {"genre": ["Rockabilly", "Rock and roll"]}, "descr": {"p": ["\"Party Doll\" is a 1950s rockabilly song written by Buddy\n    Knox and Jimmy Bowen. It was performed by Buddy Knox with the\n    Rhythm Orchids and became a hit on the Roulette label.", "Buddy Knox was a teenager living near Happy, Texas in 1948\n    when he wrote the original verses of \"Party Doll\" behind a\n    haystack on his family farm. While attending college at West\n    Texas State University, he and two college friends, Jimmy Bowen\n    and Don Lanier, traveled to Clovis, New Mexico to record the\n    song at the studio of Norman Petty. Knox's sister and two of\n    her friends sang background vocals on the song, and a girl from\n    the marching band of Clovis High School was recruited to play\n    cymbal. After pressing copies of the record, a DJ in Amarillo\n    began playing \"Party Doll\" in 1956, and it soon became a\n    regional hit. After being contacted by Roulette Records in New\n    York City, the song was distributed around the U.S. and became\n    a chart-topping hit, spending a week at #1 on the Top 100\n    chart, the precursor to the Hot 100, in March 1957.", {"i": {"#tail": "Top 100. Lawrence's version was released on the\n    Coral Records label.", "#text": "Billboard"}, "#text": "Almost immediately after Roulette released Knox's version of\n    the song, competing versions of \"Party Doll\" were recorded and\n    released by other record labels. Wingy Manone and Roy Brown\n    recorded R&B versions of the song which saw some success. A\n    less rock and roll version by singer Steve Lawrence (with Dick\n    Jacobs conducting the orchestra) also became a pop hit that\n    year, reaching #5 on the"}]}, "artist": "\"Butterfly\" Andy Williams", "lengths": {"length": "2:12"}, "title": "Party Doll \" Buddy Knox", "label": "Roulette", "producers": {"producer": "Norman Petty"}, "released": "1957", "writers": {"writer": ["Buddy Knox", "Jimmy Bowen"]}, "formats": {"format": ["45 rpm", "78 rpm"]}, "weeks": {"week": "1957-03-30"}}}