{"top-song": {"album": "Gonna Make You Sweat", "genres": {"genre": ["Dance", "hip hop"]}, "descr": {"p": ["\"Gonna Make You Sweat (Everybody Dance Now)\" was C+C Music\n    Factory's first hit. It was released in late 1990 in many\n    countries and achieved a great success in U.S., Austria,\n    Germany and Switzerland where it reached #1 on the charts.", "The rap was performed by Freedom Williams and the vocal\n    \"Everybody Dance Now\" by Disco/House Music artist Martha\n    Wash.", "Wash, perturbed by the fact that her image had been labeled\n    \"unmarketable\" because of her obesity, successfully sued to\n    receive proper credit (and royalties). Wash's courtroom efforts\n    spurred legislation making vocal credits mandatory on CDs and\n    music videos.", "When it was first released, \"Gonna Make You Sweat (Everybody\n    Dance Now)\" was met by widespread commercial recognition,\n    initiating the house movement of the early '90s. Topping charts\n    in several countries, the song dominated the airwaves while its\n    accompanying music video received constant rotation on MTV.\n    Music critics praised \"Gonna Make You Sweat\" for Freedom\n    Williams' Ice-T-like rap delivery in conjunction with Martha\n    Wash's powerful, exuberant, post-disco vocals and deemed the\n    song as a bona fide classic. However, over the years, the song\n    came to be used and/or referenced an innumerable amount of\n    times by entertainment industry, to the point were it became\n    something of a musical, pop culture clich\u00e9. By 2007, the song\n    was criticized by Allmusic as \"the lazy Hollywood \"go-to\" song\n    for supposed laugh-filled, irony-fueled dance numbers.\"", {"i": {"#tail": "list of popular dance club tunes for\n    five weeks in December 1990, and topped Billboard's Hot 100\n    Singles list for two weeks in 1991 (February 9 and February\n    16.) It reached #3 in the UK in January, a full month before\n    its American pop success.", "#text": "Billboard Magazine"}, "#text": "The song held the top spot in the"}, {"i": {"#tail": "in an Indian dance sequence.", "#text": "Man of the House"}, "#text": "Was featured in the Chevy Chase and Jonathan Taylor Thomas\n    movie"}, "The video featured dancers performing in front of a white\n    back drop. Zelma Davis lip-synchs to the recorded vocals of\n    Martha Wash. A short clip on Double Dutch is shown near the\n    end."]}, "artist": "C+C Music Factory featuring Freedom Williams", "lengths": {"length": "4:06"}, "title": "Gonna Make You Sweat (Everybody Dance Now)", "recorded": "1990", "label": "Columbia", "producers": {"producer": ["David Cole", "Robert Clivill\u00e9s", "Freedom Williams and Larry Yasgar"]}, "released": "October 18, 1990 , 1996 (Radio Disney\n  edition)", "writers": {"writer": ["Robert Clivill\u00e9s", "Freedom Williams"]}, "formats": {"format": ["CD single", "CD maxi", "7\" single", "12\" maxi"]}, "weeks": {"week": ["1991-02-09", "1991-02-16"]}}}