{"top-song": {"album": "Black Bear Road", "genres": {"genre": ["Country", "truck-driving country"]}, "descr": {"p": [{"i": {"#tail": ".", "#text": "Convoy"}, "#text": "\"Convoy\" is a 1975 novelty song performed by C. W. McCall\n    (pseudonym of Bill Fries) that became a number-one song on both\n    the country and pop charts in the USA. The song spent six weeks\n    at number one on the country charts and one week at number one\n    on the pop charts \"Convoy\" also peaked at number two in the UK.\n    The song's success helped start a fad for citizens band (CB)\n    radio. The song was the inspiration for the 1978 Sam Peckinpah\n    film"}, "The song consists of three types of interspersed dialog: a\n    simulated CB conversation with CB slang, the narration of the\n    story and the chorus. It is about a fictitious trucker\n    rebellion that drives from the west to the east coast of the\n    United States without stopping. What they are protesting\n    against (other than the 55 mph speed limit), is shown by lines\n    such as \"We tore up all our swindle sheets and left 'em settin'\n    on scales.\" (The reference is to log sheets used to record\n    driving hours; the sheets were referred to on occasion as\n    'swindle sheets' as they were often created to show that\n    drivers were getting proper sleep when, in reality, the drivers\n    were driving more than the prescribed number of hours before\n    mandatory rest; 'Scales' refers to Department of Transportation\n    weigh stations on Interstates and highways to verify the weight\n    of the truck and the drivers' hours of working through log\n    books). The song also refers to toll roads: \"We just ain't\n    a-gonna pay no toll.\"", "The conversation is between \"Rubber Duck,\" \"Pig Pen\" and\n    \"Sodbuster,\" primarily through Rubber Duck's side of the\n    conversation. The narration and CB chatter are by Fries.", "At the beginning of the song a \"Kenworth pullin' logs,\"\n    being driven by Rubber Duck, is the \"front door\" (the leader)\n    of three eighteen-wheelers (tractor and semi-trailer) when he\n    realizes they have a convoy. Following the Rubber Duck is an\n    unnamed trucker in a \"cab-over Pete with a reefer on\" (a\n    refrigerated trailer, hauled by a Peterbilt truck configured\n    with the cab over the engine), while Pig Pen brings up the rear\n    (the \"back door\") in a \"'Jimmy' (GMC truck) haulin' hogs.\"", "The convoy begins toward \"Flagtown\" (Flagstaff, Arizona) at\n    night on June 6 on \"I-one-oh\" (I-10) just outside \"Shakytown\"\n    (Los Angeles, California, due to its earth tremors). By the\n    time they get to \"Tulsatown\" (Tulsa, Oklahoma), there are 85\n    trucks and the \"bears\" (police) have set up a road block and\n    have a \"bear in the air\" (police helicopter). By the time they\n    get to \"Chi-town\" (Chicago, Illinois), the convoy has been\n    joined by \"Sodbuster\" (another trucker in an unspecified make\n    of truck), a \"suicide jockey\" (truck hauling explosives) and\n    \"eleven long-haired friends of Jesus (11 hippies) in a\n    chartreuse microbus\" (a Volkswagen Type 2), and the police have\n    called out \"reinforcements from the 'Illinois' (Illinois)\n    National Guard.\" The convoy crashes another road block when\n    crossing a toll bridge into New Jersey, and by this time they\n    have \"a thousand screamin' trucks\" in all.", "The song's running gag has Rubber Duck complaining about the\n    smell of the hogs that Pig Pen is hauling. He repeatedly asks\n    the offending driver to \"back off\" (fall further behind). By\n    the end, Pig Pen has fallen so far back that when Rubber Duck\n    is in New Jersey, Pig Pen has only gotten as far as Omaha (a\n    reference to the headquarters of American Gramaphone, which\n    released the song).", "McCall's \"'Round the World with the Rubber Duck\" is the\n    sequel to \"Convoy.\" In this continuation, the convoy leaves the\n    United States and travels around the world, through England,\n    France, West and East Germany, the USSR, Japan, and\n    Australia.", {"i": [{"#tail": ". McCall also made two additional re-recordings of\n    the original song, one for his 1990 album", "#text": "Convoy"}, {"#tail": ", and the other\n    for the 2003 Mannheim Steamroller album", "#text": "The Real McCall: An American Storyteller"}, {"#tail": ".", "#text": "American Spirit"}], "#text": "C. W. McCall recorded a new version of the song with saltier\n    lyrics for the soundtrack of the 1978 film"}, "The song has been covered by artists such as Ferlin Husky,\n    Boxcar Willie, and Tommy Hill's Music Festival.", {"i": {"#tail": ", featuring BBC Radio 1 DJs Dave Lee Travis and\n    Paul Burnett as Laurie Lingo & The Dipsticks, made #4 on\n    the UK singles chart. In this version, the two truckers are\n    \"Superscouse\" and \"Plastic Chicken\".", "#text": "Convoy GB"}, "#text": "In 1976 a British version,"}, "Also in 1976, the skateboarding craze gave birth to\n    \"Sidewalk Convoy\" by a high school group called Sneakers and\n    Lace, on Pickwick Records.", {"i": [{"#tail": ", in the episode \"Radio Bart\". Another\n    episode, \"'Tis the Fifteenth Season\", featured a Christmas\n    themed version called \"Christmas Convoy\". An excerpt of the\n    song was featured in the \"Grand Wheelchair Rally\" sketch of", "#text": "The Simpsons"}, {"#tail": "(episode #33, original airdate\n    1978-12-26). The song was also sung by Earl, Joy and Randy in\n    an episode of", "#text": "The Benny Hill Show"}, {"#tail": ", entitled \"Made a Lady Think I Was God\".\n    The song was featured in the television series", "#text": "My Name is Earl"}, {"#tail": ", in the episode \"Parasites Lost\". The current\n    Fire in the Night show at the Pacific National Exhibition in\n    Vancouver, BC is also based upon the most recent Paul Brandt\n    version of the song.", "#text": "Futurama"}], "#text": "The song made an appearance in"}, "In 1990, husband-and-wife comedy duo Sheeler and Sheeler\n    recorded a parody of the song entitled \"Car Phone,\" about a\n    self-centered yuppie in Southern California making calls on his\n    cellular telephone while stuck in traffic, with cell phone\n    chatter replacing the CB chatter. The song was featured on Dr.\n    Demento's 25th Anniversary Collection album.", "In July 2003, a parody of the song entitled \"Chat Room\" was\n    recorded by radio personality Bob Rivers. In this version, a\n    middle-aged man using the screen name \"Mickey17\" has a racy\n    online conversation with a stranger who turns out to be his own\n    teenaged son, Chip (a reference to Chip Davis of Mannheim\n    Steamroller fame).", "The song was covered in 2004 by Paul Brandt. The video\n    features Brandt and fellow country singers Jason McCoy and\n    Aaron Lines as well as then Calgary Flames defensemen Mike\n    Commodore and Rhett Warrener as truckers and George Canyon, of\n    Nashville Star fame, as the highway patrol officer. The video\n    can be seen on CMT in both Canada and the United States.\n    Brandt's version of the song peaked at #9 on the Canadian\n    Country Singles chart.", "Throughout the song they purport that they are in America.\n    When they start to show the Military, they are clearly in\n    Canadian digital camouflage pattern and with Canadian cap\n    brasses on their berets; the National Guard do not wear cap\n    brasses on their berets. At the end of the song when they were\n    in the jail cell, the Canadian Flag can be see on one of the\n    soldier's combats. The music video was filmed outside of\n    Wainwright, Alberta, and military from CFB Wainwright.", {"i": {"#tail": "album. This re-written version was called\n    \"Christmas Convoy\" and it peaked at #28 on the Canadian country\n    charts.", "#text": "A Gift"}, "#text": "The song was re-written into a Christmas song by Paul Brandt\n    on his"}, "Paul Brandt was at the Dauphin Country Music Festival in\n    Manitoba and saw a trucking company with his name on it. After\n    some talking, the owner of the company agreed to let Paul\n    Brandt use his trucks for the music video."]}, "artist": "C.W. McCall", "lengths": {"length": "3:49"}, "title": "Convoy", "recorded": "1975", "label": "American Gramaphone", "producers": {"producer": ["Louis F. Davis Jr.", "Don Sears"]}, "released": "November 1975", "writers": {"writer": ["William D. Fries Jr. (lyrics)", "Louis F. Davis Jr. (music)"]}, "formats": {"format": "7\""}, "weeks": {"week": "1976-01-10"}}}