{"top-song": {"album": "Love Will Keep Us Together", "genres": {"genre": "Pop"}, "descr": {"p": [{"i": [{"#tail": ", which was never released in\n    the U.S. The song arrived in the U.S. the following year when\n    it appeared on Sedaka's compilation album", "#text": "The Tra-La Days Are Over"}, {"#tail": ".", "#text": "Sedaka's Back"}], "#text": "\"Love Will Keep Us Together\" is a popular song written by\n    Neil Sedaka and Howard Greenfield in 1973. It was first\n    released in the United Kingdom on Sedaka's 1973 LP"}, "Although Sedaka (and Wilson Pickett) recorded the song\n    earlier in the 1970s, it is best remembered for the subsequent\n    1975 cover version by The Captain & Tennille. It was their\n    debut single, reaching #1 on the Billboard Hot 100 for the week\n    ending June 21, 1975 and remaining in the top position for four\n    weeks, and was the top US single for the entire year. Their\n    recording also received a Grammy Award for Record of the Year.\n    \"The Captain,\" aka Daryl Dragon, and Toni Tennille acknowledged\n    Sedaka's authorship as well as his mid-1970s comeback by\n    working the phrase \"Sedaka is back\" into the song's fadeout.\n    The Spanish version of the song, \"Por Amor Viviremos\", was\n    released as well during the summer of 1975 and charted as high\n    as number 49 on the Billboard Hot 100 chart. The song was\n    released as the only single from the LP \"Por Amor Viviremos\"\n    which was the same LP as \"Love Will Keep Us Together\", only\n    rerecorded entirely in Spanish.", "In 1976, The Tubes covered \"Love Will Keep Us Together\" with\n    a live show track on the album \"T.R.A.S.H.\". In the 1978 Mae\n    West movie Sextette, West and Timothy Dalton cover the tune in\n    a Disco style. In 1983, The Circle Jerks covered \"Love Will\n    Keep Us Together\" as one of the six cover versions on \"Golden\n    Shower of Hits (Jerks on 45)\", which appears on their third\n    album with the same title. The song was also covered by\n    Nickelback in 2001 for the Andrew Denton Breakfast Show Musical\n    Challenge on Sydney, Australia's version of radio station\n    Triple M, and was later added as a bonus track on some versions\n    of their 2003 album The Long Road.", "In 1999, French singer Sheila, who is best known\n    internationally as Sheila B.Devotion ('Spacer' 1979), covered\n    the song for her album 'Dense'. The song was released as a cd\n    single and 12 inch with remixes in the Summer of 2000 (EMI\n    France).", "The song was featured on the video game Karaoke Revolution\n    Presents: American Idol.", {"i": {"#tail": "starring Kirsten Dunst. It appears in Starsky\n    and Hutch (2004) , Sextette (1978) and House Arrest (1996).", "#text": "Get Over It"}, "#text": "The song was also featured as the opening of film"}, {"span": ["\"Nel blu dipinto di blu\n      (Volare)\"\u00a0\u00b7", "\"Mack the\n      Knife\"\u00a0\u00b7", "\"Theme from A Summer\n      Place\"\u00a0\u00b7", "\"Moon River\"\u00a0\u00b7", "\"I Left My Heart in San\n      Francisco\"\u00a0\u00b7", "\"Days of Wine and\n      Roses\"\u00a0\u00b7", "\"The Girl from\n      Ipanema\"\u00a0\u00b7", "\"A Taste of\n      Honey\"\u00a0\u00b7", "\"Strangers in the\n      Night\"\u00a0\u00b7", "\"Up, Up and\n      Away\"\u00a0\u00b7", "\"Mrs. Robinson\""]}, {"span": ["\"Aquarius/Let the Sunshine\n      In\"\u00a0\u00b7", "\"Bridge over Troubled\n      Water\"\u00a0\u00b7", "\"It's Too\n      Late\"\u00a0\u00b7", "\"The First Time Ever I Saw\n      Your Face\"\u00a0\u00b7", "\"Killing Me Softly with His\n      Song\"\u00a0\u00b7", "\"I Honestly Love\n      You\"\u00a0\u00b7", {"#text": "\"", "strong": {"#tail": "\"\u00a0\u00b7", "#text": "Love Will Keep Us Together"}}, "\"This\n      Masquerade\"\u00a0\u00b7", "\"Hotel\n      California\"\u00a0\u00b7", "\"Just the Way You\n      Are\""]}, {"span": ["\"What a Fool\n      Believes\"\u00a0\u00b7", "\"Sailing\"\u00a0\u00b7", "\"Bette Davis\n      Eyes\"\u00a0\u00b7", "\"Rosanna\"\u00a0\u00b7", "\"Beat It\"\u00a0\u00b7", "\"What's Love Got to Do with\n      It\"\u00a0\u00b7", "\"We Are the\n      World\"\u00a0\u00b7", "\"Higher Love\"\u00a0\u00b7", "\"Graceland\"\u00a0\u00b7", "\"Don't Worry, Be\n      Happy\""]}, {"span": ["\"Wind Beneath My\n      Wings\"\u00a0\u00b7", "\"Another Day in\n      Paradise\"\u00a0\u00b7", "\"Unforgettable\"\u00a0\u00b7", "\"Tears in\n      Heaven\"\u00a0\u00b7", "\"I Will Always Love\n      You\"\u00a0\u00b7", "\"All I Wanna\n      Do\"\u00a0\u00b7", "\"Kiss from a\n      Rose\"\u00a0\u00b7", "\"Change the\n      World\"\u00a0\u00b7", "\"Sunny Came\n      Home\"\u00a0\u00b7", "\"My Heart Will Go On\""]}, {"span": ["\"Smooth\"\u00a0\u00b7", "\"Beautiful\n      Day\"\u00a0\u00b7", "\"Walk On\"\u00a0\u00b7", "\"Don't Know\n      Why\"\u00a0\u00b7", "\"Clocks\"\u00a0\u00b7", "\"Here We Go\n      Again\"\u00a0\u00b7", "\"Boulevard of Broken\n      Dreams\"\u00a0\u00b7", "\"Not Ready to Make\n      Nice\"\u00a0\u00b7", "\"Rehab\"\u00a0\u00b7", "\"Please Read the\n      Letter\""]}, {"span": "\"Use Somebody\""}]}, "artist": "Captain & Tennille", "title": "Love Will Keep Us Together", "recorded": "1974", "label": "A&M Records", "producers": {"producer": "Daryl Dragon"}, "released": "1975", "writers": {"writer": ["Neil Sedaka", "Howard Greenfield"]}, "formats": {"format": "7\""}, "weeks": {"week": ["1975-06-21", "1975-06-28", "1975-07-05", "1975-07-12"]}}}