{"top-song": {"album": "Make Your Move", "genres": {"genre": ["Adult contemporary", "Pop"]}, "descr": {"p": [{"i": {"#tail": ". The song was written by Toni\n    Tennille.", "#text": "Make Your Move"}, "#text": "\"Do That to Me One More Time\" is a song performed by\n    American pop duo Captain & Tennille. It was their second\n    chart-topping hit in the U.S., following \"Love Will Keep Us\n    Together\" from 1975. The song was included on the duo's 1979\n    album,"}, "After a decline in popularity from the height of their\n    success in the mid-1970s, the Captain and Tennille signed with\n    Casablanca Records under the guidance of Neil Bogart. \"Do That\n    to Me One More Time\" was a comeback for the duo, but they\n    failed to achieve further success on Casablanca and their\n    contract was not renewed. Vocalist and songwriter Toni Tennille\n    played the song for Bogart at her house with husband Daryl\n    Dragon in Pacific Palisades, California on an electric piano.\n    Bogart reacted enthusiastically, saying: \"That's a smash!\n    There's no doubt in my mind that's going to be your first\n    single.\"", {"i": {"#tail": "adult contemporary and R&B charts. It was\n    their highest-charting hit on the UK Singles Chart, where it\n    reached #7 in March 1980. The duo also recorded a version of\n    the song in Spanish.", "#text": "Billboard"}, "#text": "\"Do That to Me One More Time\" became Captain &\n    Tennille's second and final number-one hit when it reached the\n    pinnacle of the Hot 100 chart the week ending February 16,\n    1980. The song had logged four consecutive weeks in the\n    runner-up position on this chart behind Michael Jackson's hit\n    \"Rock with You\" before ascending to the top of the chart. The\n    song also achieved some crossover success on the"}, {"i": [{"#tail": ". Also, soul/R&B singer Miki Howard covered \"Do\n    That to Me One More Time\" on her 2006 covers album", "#text": "Amber"}, {"#tail": ".", "#text": "Pillow Talk"}], "#text": "Dutch eurodance singer Amber included a cover version (as\n    well as a remix) of \"Do That to Me One More Time\" on the 2001\n    re-issue of her 1999 album,"}]}, "artist": "Captain & Tennille", "lengths": {"length": "3:45"}, "title": "Do That to Me One More Time", "label": "Casablanca 2215", "producers": {"producer": "Daryl Dragon"}, "released": "1979", "writers": {"writer": "Toni Tennille"}, "formats": {"format": "7\" (45 rpm)"}, "weeks": {"week": "1980-02-16"}}}