{"top-song": {"album": "Kung Fu\n  Fighter", "genres": {"genre": ["Disco", "Funk"]}, "descr": {"p": ["\"Kung Fu Fighting\" is a song written and performed by Carl\n    Douglas, and produced by Biddu. It was released as a single in\n    1974, at the cusp of a chopsocky film craze, and quickly rose\n    to the top of British and American charts. \"Kung Fu Fighting\"\n    was also number one on the soul singles chart for one week. The\n    song also is famous for its use of the quintessential Oriental\n    Riff, a short musical phrase that is used to signify Chinese\n    culture.", {"i": {"#tail": "by Brooklyn songwriter\n    Larry Weiss, and was recorded in the last ten minutes of his\n    studio time. This song has been featured prominently in pop\n    culture including Mott's Clamato advertisements.", "#text": "I Want to Give You My Everything"}, "#text": "It originally was meant to be a B-side to"}, "Douglas states that his inspiration to write the song was\n    affected by three factors: he had seen a kung fu movie, later\n    visited a jazz concert by Oscar Peterson, and was suffering\n    from side-effects of pain killers (Douglas had injured his foot\n    playing football). Another account gives his inspiration simply\n    as seeing two kids in London doing kung fu moves.", {"i": [{"#tail": "was rated #100 in VH1's", "#text": "Kung Fu Fighting"}, {"#tail": ", and number 1 in the UK\n    Channel 4's", "#text": "100 Greatest one-hit wonders"}, {"#tail": "list in 2000, the same channel's", "#text": "Top 10 One Hit Wonders"}, {"#tail": "poll in 2006 and", "#text": "50 Greatest One Hit Wonders"}, {"#tail": ", for which Carl\n    Douglas performed the song in a live concert.", "#text": "Bring Back ... the one-hit Wonders"}]}, {"i": {"#tail": "soundtrack in 1997.", "#text": "Beverly Hills Ninja"}, "#text": "Patti Rothberg covered the song for the"}, "The song was very popular in Jamaica, and there were several\n    cover versions by reggae artists including Lloyd Parks, The\n    Maroons, The Cimarons, and Pluto Shervington.", "Jerry Lo (DJ Jerry, Taiwan) also produced a remake of the\n    song [1].", "There's also a Finnish version of this song, sung by\n    Frederik. The song's translated name is \"Kung-Fu\n    Taistelee\".", {"i": {"#tail": ".", "#text": "Kung Fu Panda"}, "#text": "A cover version of the song was performed by Cee-Lo Green\n    and Jack Black for the 2008 animated movie"}, {"i": {"#tail": "in 1990.", "#text": "Alvin Lives (in Leeds)"}, "#text": "Robyn Hitchcock also covered the song for the anti-poll tax\n    album"}, {"i": {"#tail": "that\n    featured remixes of the track by 16 different artists including\n    Adrian Sherwood, Dreadzone and Pole.", "#text": "Kung Fu Fighting Remixes (Dub Drenched Soundscapes)"}, "#text": "In 2004, the German record label Echo Beach released an\n    album entitled"}, "British dance act Bus Stop reached #8 on the U.K. charts\n    with their 1998 remix single of \"Kung Fu Fighting\", which\n    sampled the original vocals by Carl Douglas and added rap\n    verses. Iconic DJ Fatboy Slim is sometimes mistakenly credited\n    for this remix.", {"i": [{"#tail": ". It has been used in several movies and\n    television shows since 1990 where there is a light-hearted\n    spirit to the martial arts, including", "#text": "Kung Fu"}, {"#tail": ",", "#text": "Mighty Morphin Power Rangers: The Movie"}, {"#tail": ",", "#text": "Shaolin Soccer"}, {"#tail": ",", "#text": "Little Manhattan"}, {"#tail": ",", "#text": "Epic Movie"}, {"#tail": ",", "#text": "City of God"}, {"#tail": ",", "#text": "Beverly Hills Ninja"}, {"#tail": ",", "#text": "Sin noticias de Dios"}, {"#tail": ",", "#text": "Scrubs"}, {"#tail": ",", "#text": "Bowfinger"}, {"#tail": ",", "#text": "Kung Fu Panda"}, {"#tail": ".", "#text": "Rush Hour 3"}], "#text": "The song was used as the title song in the German version of\n    the TV series"}, {"i": [{"#tail": ", Disney's", "#text": "Kung Fu Panda"}, {"#tail": ", &", "#text": "Wendy Wu: Homecoming Warrior"}, {"#tail": ", and a cover by Cee-Lo Green and Jack\n    Black is used over the end credits of", "#text": "Kung Fu Hustle"}, {"#tail": ". This version has partially rewritten\n    lyrics more in keeping with the film's themes.", "#text": "Kung Fu Panda"}], "#text": "It also has been used in trailers for the films"}, "It is used as the theme song for the Xbox game Kung Fu\n    Chaos.", {"i": [{"#tail": "&", "#text": "Lego Rock Band"}, {"#tail": ".", "#text": "Band Hero"}], "#text": "A re-recorded version of the song by Douglas are featured in"}, {"i": [{"#tail": ", and the original version\n    appeared in", "#text": "Dance Dance Revolution"}, {"#tail": ".", "#text": "Dancing Stage MAX"}], "#text": "The Bus Stop version has appeared in the video game"}, {"i": {"#tail": ".", "#text": "Marvel Ultimate Alliance 2"}, "#text": "Iron Fist mentions the first line of the song in"}]}, "artist": "Carl Douglas", "lengths": {"length": "06:18"}, "title": "Kung Fu Fighting", "label": "Pye Records (UK), , 20th Century Records (US)", "producers": {"producer": "Biddu Appaiah"}, "released": "1974", "writers": {"writer": "Carl Douglas"}, "formats": {"format": "Vinyl single"}, "weeks": {"week": ["1974-12-07", "1974-12-14"]}}}