{"top-song": {"album": "No Secrets", "genres": {"genre": "Pop"}, "descr": {"p": ["\"You're So Vain\" is a song written and performed by Carly\n    Simon, released in December 1972. The song is a critical\n    profile of a self-absorbed lover; Simon asserts \"You're so\n    vain, you probably think this song is about you.\" The subject's\n    identity has been the matter of speculation, fueled by Simon\n    slowly revealing clues as to his identity.", "The song was a number-one hit. It topped the Billboard Hot\n    100 for three weeks in early 1973, and also spent two weeks at\n    the top of the Adult Contemporary chart, her first #1 song on\n    either chart. \"You're So Vain\" was Simon's breakthrough hit in\n    the United Kingdom market, reaching #3 on the UK chart on its\n    original release in 1973. The song was re-released there in the\n    spring of 1991 to cash in on its inclusion in a commercial for\n    Dunlop Tyres, and came very close to making the UK top 40 a\n    second time, peaking at #41.", {"i": {"#tail": "\"You're So Vain\"\n    was voted #216 in RIAA's Songs of the Century.", "#text": "Billboard's Greatest Songs of All-Time."}, "#text": "The song is #72 on"}, "Simon has never publicly acknowledged in full the subject of\n    \"You're So Vain\". Before the song became a hit single, she told\n    an interviewer that the song was about \"men,\" not a specific\n    \"man.\" Since its release, many have speculated about the\n    identity of its subject (or subjects).", "In a 1989 interview, Simon acknowledged that the song is a\n    little bit about Warren Beatty but said that the subject of the\n    song is a composite of three men from her L.A. days. In a 2007\n    interview, Beatty said, \"Let's be honest. That song was about\n    me.\" Simon has said that Beatty had called and thanked her for\n    the song.", {"i": [{"#tail": "that it is not about Mick Jagger, who\n    contributed uncredited backing vocals to the song. In the 1993\n    book", "#text": "Washington Post"}, {"#tail": ", Angela Bowie claimed to be the \"wife\n    of a close friend\" in \"You're So Vain,\" and that Jagger, for a\n    time, had been \"obsessed\" with her. Simon made another comment\n    about the subject's identity as a guest artist on Janet\n    Jackson's 2001 single, \"Son of a Gun (I Betcha Think This Song\n    Is About You),\" which sampled \"You're So Vain.\" In the song,\n    Simon says \"The apricot scarf was worn by Mick. Nothing in the\n    words were referred to Mick.\"", "#text": "Backstage Passes"}], "#text": "In 1983, she told the"}, {"i": [{"#tail": "that the name of the subject was whispered\n    backwards in a re-recording of \"You're So Vain\": \"There's a\n    little whisper -- and it's the answer to the puzzle.\" A\n    representative for Simon confirmed that the name whispered\n    during the song is \"David\". Multiple media outlets quickly\n    reported that the subject was actually Simon's former boss at\n    Elektra, David Geffen (full name David Lawrence Geffen), and\n    that the song had been inspired by her jealousy of the\n    attention Geffen had lavished on label-mate Joni Mitchell. The\n    following day, Jim Hart, Simon's ex-husband and close friend,\n    denied that the song was about Geffen. Simon's publicist\n    confirmed that the song was not about Geffen, but that there\n    was indeed \"a David who is connected to the song in some way,\n    shape, or form.\"", "#text": "Uncut"}, {"#tail": "noted that in addition to \"David\", \"Warren\"\n    and an unintelligible name are whispered during the recording,\n    further adding to the mystery.", "#text": "Vanity Fair"}], "#text": "In February 2010, Simon told"}, "Over the years, Simon has divulged \"letter clues\", and has\n    allowed that the subject's name contains the letters A, E, and\n    R.", "Shortly before the writing of the song, Simon was married to\n    James Taylor; she has said that he was \"definitely not\" the\n    subject of the song. Kris Kristofferson, David Bowie, David\n    Cassidy and Cat Stevens have all been cited by the press as\n    possible candidates. In 2005, Simon's ex-husband Jim Hart said\n    he was sure that the song was not about anyone famous.", "In August 2003, Dick Ebersol, president of NBC Sports and a\n    friend of Simon, was the highest bidder for a Martha's Vineyard\n    Possible Dreams charity auction offering in which the prize was\n    the revelation of the person that \"You're So Vain\" was about.\n    After making the winning bid of $50,000, Ebersol was given a\n    private performance of the song at Simon's home and Simon\n    whispered the subject into his ear. A condition of the prize\n    was that Ebersol would not reveal the person to anyone. Ebersol\n    said that Simon allowed him to divulge a clue about the\n    person's name: \"Carly told me that I could offer up to the\n    entire world, a clue as to what she'll tell me when we have\n    this night in about two weeks. And the clue is: The letter 'E'\n    is in the person's name.\"", "In 2004, Simon told Regis Philbin, \"If I tell it, it's going\n    to come out in dribs and drabs. And I've given out two letters\n    already, an 'A' and an 'E.' But I'm going to add one to it. I'm\n    going to add an 'R,' in honor of you.\"", {"i": {"#tail": "that the song was about Mark Felt, who revealed\n    himself as the legendary Watergate source.", "#text": "USA Today"}, "#text": "Several days after the identity of Watergate-era press\n    source Deep Throat was revealed during the summer of 2005,\n    Simon joked to"}, {"i": {"#tail": ", Simon revealed that she had hidden the name\n    of the subject in a certain version of the song. The next day,\n    the program's crew revealed the name concealed in a back-played\n    whisper: David. Assuming all of the clues to-date are true,\n    this would not be David Bowie (no R); however, Bowie's real\n    name is David Robert Jones, making it a possibility.", "#text": "Soundcheck"}, "#text": "On November 4th, 2009, while being interviewed on WNPR's"}, "On June 19, 2008, Howard Stern claimed Simon privately\n    revealed who the song was written about to him after her\n    interview on his popular radio show heard on Sirius Satellite\n    Radio. Stern commented, \"There is an odd aspect to it ... he's\n    not that vain.\" On March 17 2009, Stern, recalling that Simon\n    had told him who the song was written about, claimed that Simon\n    said it was a \"composite of three people\".", "The song has been covered by Chocolate Starfish, David\n    Axelrod, John Barrowman, Liza Minnelli, Jack Klugman and Tony\n    Randall (as \"The Odd Couple\"), Chimira, Venice, Jann Arden,\n    Janet Jackson (who sampled the song in \"Son of a Gun (I Betcha\n    Think This Song is About You),\" with Simon providing featured\n    vocals), Anna Waronker, Faster Pussycat, Romantic Guitar, Dres,\n    Daryll-Ann, Smokie, Foo Fighters and Matthew Sweet &\n    Susanna Hoffs.", {"i": [{"#tail": ", a film satirizing the identity of Deep Throat;\n    Richard Nixon leaves the White House and flies away in his\n    helicopter as the song plays. A cover by The Mountain Goats,\n    which appears on", "#text": "Dick"}, {"#tail": "features vocalist John\n    Darnielle singing the verses only\u2014the famous chorus goes unsung\n    throughout the entire recording. Indie violinist and singer\n    Andrew Bird satirizes the song in \"Lull\", on the album", "#text": "Hail and Farewell, Gothenburg,"}, {"#tail": "(2003).", "#text": "Weather Systems"}], "#text": "In 1973 Swedish singer Anna-Lena L\u00f6fgren recorded the song\n    in Swedish translation \"Moln i mitt kaffe\" (Clouds in my\n    Coffee) as a single. In 1990, composer John Oswald produced an\n    early mashup, entitled \"Vane,\" which digitally merged Simon's\n    original with the cover version by Faster Pussycat. The\n    Illuminoids produced a mash-up of \"You're So Vain\" with two\n    Rolling Stones songs \"Brown Sugar\" and \"Bitch,\" referencing the\n    roles of Carly Simon and Mick Jagger in creating the song. It\n    was featured as the closing song of the 1999 film"}, {"i": {"#tail": "\" In 2007, as part of BBC Radio 1's 40th\n    Anniversary events, The Feeling covered the song. The Foo\n    Fighters performed their version of the song at the 2008 Grammy\n    Awards nomination show. On the 2009 song \"Cooler Than Me\" by\n    Mike Posner featuring Big Sean, Mike Posner sings \"You're so\n    vain, you probably think that this song is about you, don't\n    you?\" in the chorus. The song's central line was also used in\n    the Nine Inch Nails song \"Starfuckers, Inc.\"", "#text": "You're so vague / That you probably think this song ain't\n    about you."}, "#text": "Queens of the Stone Age spoofed the song on the special\n    edition of Rated R, with a track titled \"You're So Vague\", and\n    featuring the lyric, \""}]}, "artist": "Carly Simon", "lengths": {"length": "4:18"}, "title": "You're So Vain", "recorded": "1972", "label": "Elektra", "released": "December 2, 1972", "writers": {"writer": "Carly Simon"}, "formats": {"format": "7\" single"}, "weeks": {"week": ["1973-01-06", "1973-01-13", "1973-01-20"]}}}