{"top-song": {"album": "Some\n  Hearts", "genres": {"genre": "Country"}, "descr": {"p": [{"i": [{"#tail": "winner Carrie Underwood, and another by", "#text": "American Idol"}, {"#tail": "runner-up Bo Bice.", "#text": "Idol"}], "#text": "\"Inside Your Heaven\" is a song written by Andreas Carlsson,\n    Pelle Nyl\u00e9n, Savan Kotecha and produced by Desmond Child. Two\n    versions of the song were released as singles in 2005 (see 2005\n    in music): one by"}, {"i": {"#tail": ". The B-side is a cover of the Martina\n    McBride song \"Independence Day\". The song entered the UK\n    Singles Chart at number forty-nine and moved up to forty-six\n    the following week.", "#text": "Some Hearts"}, "#text": "Underwood's recording of the song, released on June 14, 2005\n    in the U.S., debuted at number one on the Canadian Singles\n    Chart and on the U.S. Hot 100, where it remained for seven and\n    one week, consecutively, atop the charts. It was the longest\n    running single of 2005 in Canada. It was certified gold by the\n    RIAA and two times platinum by the CRIA, and it was later\n    included on her debut album,"}, {"i": [{"#tail": "single in the history of", "#text": "American Idol"}, {"#tail": "to replace the winner's song at number one on\n    the Hot 100 Single Sales chart. It was certified gold by the\n    RIAA. The B-side is a cover of the song \"Vehicle\" by Ides of\n    March.", "#text": "Billboard"}], "#text": "Bice's version of \"Inside Your Heaven\" was released on June\n    21, 2005 and peaked at number two on the Hot 100. It became the\n    first"}, "The song won the Billboard Music Awards for \"Top-Selling\n    Country Single of the Year\" and \"Top-Selling Hot 100 Song of\n    the Year\" (Bice's version was also nominated in this category).\n    It also helped Underwood win the award for \"Country Single\n    Sales Artist of the Year\". Carrie Underwood's version sold\n    821,000 copies, while Bo Bice's version sold 401,000.", "Inside Your Heaven was never released to country radio,\n    however it charted on the Billboard Hot Country Songs chart due\n    to unsolicited airplay."]}, "artist": "Carrie Underwood", "lengths": {"length": "3:45"}, "title": "Inside Your Heaven", "label": "Arista", "producers": {"producer": "Desmond Child"}, "released": "June 14, 2005 ( U.S. )", "writers": {"writer": ["Andreas Carlsson", "Pelle Nyl\u00e9n", "Savan Kotecha"]}, "formats": {"format": ["CD single", "digital download", "7\" vinyl single"]}, "weeks": {"week": "2005-07-02"}}}