{"top-song": {"album": "Falling into\n  You", "genres": {"genre": "Pop"}, "descr": {"p": [{"i": {"#tail": ", released as the first single on\n    February 19, 1996 in North America and Japan. In other parts of\n    the world it was released in May 1996 as the second single,\n    after \"Falling into You.\"", "#text": "Falling into You"}, "#text": "\"Because You Loved Me\" is a smash hit from C\u00e9line Dion's\n    album"}, {"i": {"#tail": ".", "#text": "Up Close & Personal"}, "#text": "\"Because You Loved Me\" was written by Diane Warren as a\n    tribute to her father for his encouragement. It was produced by\n    David Foster and featured in the film"}, "The song was nominated for an Academy Award and a Golden\n    Globe Award, as well as four Grammy Awards. It won a Grammy\n    Award for Best Song Written for a Motion Picture, Television or\n    Other Visual Media (award went to Diane Warren), and was\n    nominated for the Record of the Year, Song of the Year and Best\n    Female Pop Vocal Performance.", "The music video, with fragments from the film, was directed\n    by Kevin Bray and released in February 1996.", "The B-sides of the European single included unreleased at\n    that time songs: \"The Power of the Dream,\" \"To Love You More\"\n    and \"Sola Otra Vez.\"", "\"Because You Loved Me\" is one of C\u00e9line Dion's biggest hits\n    and signature songs. It reached number 1 in the United States\n    (6 weeks at the top), Australia (3 weeks) and Canada (1 week).\n    In all of these countries, it was her second number 1 song,\n    after \"The Power of Love.\"", "The single set a record on the U.S. Hot Adult Contemporary\n    Tracks, where it remained at number 1 for 19 weeks. It topped\n    many other American charts as well, including Billboard Hot 100\n    Airplay (14 weeks at the top) and Hot 100 Singles Sales (6\n    weeks), also Hot Adult Top 40 Tracks (12 weeks) and Top 40\n    Mainstream (5 weeks).", "\"Because You Loved Me\" was also a hit in the rest of the\n    world reaching number 2 in Ireland, number 3 in New Zealand and\n    Switzerland, number 4 in the Netherlands, number 5 in the\n    United Kingdom and Belgium etc.", "The single has sold 1,345,000 copies in the U.S. and was\n    certified platinum. It was also certified 2x platinum in\n    Australia (140,000), platinum in New Zealand (10,000), gold in\n    Germany (250,000) and silver in the United Kingdom (although it\n    has sold 420,000 copies and should be certified gold). Also in\n    France, \"Because You Loved Me\" has sold 195,000 copies and\n    should be certified silver.", {"i": [{"#tail": "in 1999 and", "#text": "All the Way\u2026 A Decade of Song"}, {"#tail": "in 2008. Lately, \"Because\n    You Loved Me\" could be found on the", "#text": "My Love: Essential Collection"}, {"#tail": "DVD and it was also\n    performed during the 2008-09 Taking Chances Tour.", "#text": "Live in Las Vegas - A New Day..."}], "#text": "The song became a part of two greatest hits released by\n    Dion:"}, "The track was covered by Johnny Mathis (1998), Michael Ball\n    (1998), Vivian Reed (2001), Jane McDonald (2001), Clay Aiken\n    (2006), Miho Fukuhara (2007) and Nina Girado (2008).", "European CD single", "European/UK cassette single", "Japanese/North American CD single", "Australian CD maxi single", "Australian CD maxi single #2", "European/UK CD maxi single", "European CD maxi single #2", "UK CD maxi single #2"]}, "artist": "C\u00e9line Dion", "lengths": {"length": "4:33"}, "title": "Because You Loved Me", "recorded": "Chartmarker Studios, Capitol Studios, Rumbo\n  Recorders", "label": "Columbia , Epic", "producers": {"producer": "David Foster"}, "released": "February 20, 1996 \u00a0(1996-02-20)", "writers": {"writer": "Diane Warren"}, "formats": {"format": ["CD single", "cassette single", "vinyl single"]}, "weeks": {"week": ["1996-03-23", "1996-03-30", "1996-04-06", "1996-04-13", "1996-04-20", "1996-04-27"]}}}