{"top-song": {"album": "Let's Talk\n  About LoveTitanic: Music from the Motion Picture", "genres": {"genre": "Pop"}, "descr": {"p": [{"i": [{"#tail": ". With music by James Horner, lyrics by Will\n    Jennings, and production by Walter Afanasieff, it was recorded\n    by C\u00e9line Dion. Originally released in 1997 on Dion's album", "#text": "Titanic"}, {"#tail": ", it went to number 1 all over the\n    world, including the United States, United Kingdom and\n    Australia.", "#text": "Let's Talk About Love"}, {"#tail": "was released in Australia and Germany\n    on December 8, 1997, and in the rest of the world in January\n    and February of 1998. It became one of the best-selling singles\n    of all time, and was the world's best selling single of\n    1998.", "#text": "My Heart Will Go On"}], "#text": "\"My Heart Will Go On\" is the theme song of the 1997\n    blockbuster film"}, {"i": {"#tail": ". He then wanted to make a full vocal song out of\n    it, for use in the end credits of the film. Director James\n    Cameron did not want such a song, but Horner went ahead anyway\n    and got Jennings to write the lyrics. Dion was Horner's first\n    choice to sing it, but when she heard the song, she did not\n    want to record it. It was her manager and husband, Ren\u00e9\n    Ang\u00e9lil, who convinced her to record a demo version, which was\n    something she hadn't done for many years. Horner waited until\n    Cameron was in an appropriate mood before presenting him with\n    the song. After playing it several times, Cameron declared his\n    approval, although worried that he might be criticised for\n    \"going commercial at the end of the movie.\"", "#text": "Titanic"}, "#text": "Horner had originally composed the song as an instrumental\n    motif that is used in several scenes during"}, "The song was recorded in one take and without instrumental\n    accompaniment. Horner, Dion, and later Sony Music Entertainment\n    decided to use this first recording because \"Dion's voice was\n    perfect.\"", {"i": {"#tail": "DVD.", "#text": "All the Way\u2026 A Decade of Song & Video"}, "#text": "The music video was directed by Bille Woodruff and released\n    at the end of 1997. It was included later on the"}, {"i": [{"#tail": "and the", "#text": "Let's Talk About Love"}, {"#tail": "soundtrack, \"My Heart Will Go On\" appears on\n    several other albums, including", "#text": "Titanic"}, {"#tail": ",", "#text": "Au c\u0153ur du stade"}, {"#tail": ",", "#text": "All the Way\u2026 A Decade of Song"}, {"#tail": ",", "#text": "A New Day... Live in Las Vegas"}, {"#tail": "and", "#text": "Complete Best"}, {"#tail": ". It was also included on\n    the following DVDs:", "#text": "My Love: Essential Collection"}, {"#tail": ",", "#text": "Au c\u0153ur du stade"}, {"#tail": "and", "#text": "All the Way\u2026 A Decade of Song & Video"}, {"#tail": ".", "#text": "Live in Las Vegas - A New Day..."}], "#text": "In addition to Dion's"}, {"i": {"#tail": "second soundtrack album.", "#text": "Back to Titanic"}, "#text": "At the height of the song's popularity, some radio stations\n    in the U.S. and the UK played an edited version of the song,\n    that had dramatic moments of dialog from the Jack and Rose lead\n    characters in the film inserted in between Dion's vocal lines.\n    It was included later on"}, "In France, \"My Heart Will Go On\" was released as a double\n    A-side single with \"The Reason.\"", "\"My Heart Will Go On\" is C\u00e9line Dion's biggest hit and one\n    of the best-selling singles in history. In the U.S. the song\n    debuted at number 1 on the Hot 100 and stayed in that position\n    for 2 weeks. It spent 10 weeks at number 1 on the Hot 100\n    Airplay and was also number 1 for 2 weeks on the Hot 100\n    Singles Sales. Only a limited number of copies were released \u2013\n    690,000 \u2013 which were sold out in a few days. The single was\n    eventually certified gold in the U.S. The song also became\n    number 1 on several other U.S. charts: Hot Adult Contemporary\n    Tracks (for 10 weeks), Top 40 Mainstream (10 weeks), Hot Latin\n    Pop Airplay (4 weeks) and Hot Latin Tracks (1 week). \"My Heart\n    Will Go On\" was the first English-language song to top the Hot\n    Latin Tracks chart and Dion was given a Latin Music Award for\n    that achievement.", "\"My Heart Will Go On\" was number 1 all over the world,\n    spending many weeks at the top position, including: 17 weeks on\n    the Eurochart Hot 100 Singles, 15 weeks in Switzerland, 13\n    weeks in France and Germany, 11 weeks in the Netherlands and\n    Sweden, 10 weeks in Belgium Wallonia, Denmark, Italy and\n    Norway, 7 weeks in Belgium Flanders, 6 weeks in Ireland, 4\n    weeks in Australia and Austria, 2 weeks in Spain and the UK,\n    and 1 week in Finland.", "In Germany, \"My Heart Will Go On\" has sold over 2 million\n    copies and was certified 4x platinum, becoming currently the\n    87th best-selling single of all time there. It has also sold\n    over a million copies in the United Kingdom (1,315,000) and\n    France (1,200,000), and became 2x platinum and diamond single\n    respectively. Other certifications include: 3x platinum in\n    Belgium (150,000), 2x platinum in Australia (140,000),\n    Netherlands (150,000), Norway (40,000), Sweden (40,000),\n    Switzerland (100,000), platinum in Greece (40,000) and gold in\n    Austria (25,000). \"My Heart Will Go On\" was released twice in\n    Japan. The regular edition from January 1998 has sold 210,000\n    and was certified 2x platinum (200,000). The remixes edition\n    from June 1998 has sold 115,000 and was certified separately\n    gold (100,000) due the fact that maxi-singles are treated as an\n    album.", "\"My Heart Will Go On\" won the 1997 Academy Award for Best\n    Original Song. It dominated the Grammy Awards of 1999, winning\n    Record of the Year, Song of the Year, Best Female Pop Vocal\n    Performance and Best Song Written Specifically for a Motion\n    Picture or Television. \"My Heart Will Go On\" won also the\n    Golden Globe Award for \"Best Original Song-Motion Picture\" in\n    1998.", "The song also won a Japanese Gold Disc Award, for Song of\n    the Year, as well as a Billboard Music Award for Soundtrack\n    Single of the Year.", {"i": {"#tail": ", \"My Heart Will Go\n    On\" was voted tenth. It has been named one of the Songs of the\n    Century. It is one of the best-selling singles ever in the UK.\n    It was ranked at number 14 on AFI's 100 Years...100 Songs,\n    celebrating the 100 greatest songs in American film\n    history.", "#text": "Britain's Favourite Break-up Songs"}, "#text": "In a 2006 poll for a program on Five called"}, {"i": [{"#tail": "and Bryan Adams' \"(Everything I Do) I Do It\n    for You\" from", "#text": "The Bodyguard"}, {"#tail": ", it is considered one of\n    the biggest love ballads of the 1990s.", "#text": "Robin Hood: Prince of Thieves"}], "#text": "Due to the song's widespread popularity when it was\n    released, it is considered to be C\u00e9line Dion's signature song.\n    Today, along with two other songs from film soundtracks,\n    Whitney Houston's \"I Will Always Love You\" from"}, {"i": [{"#tail": "and Faith Hill's \"There You'll Be\" from", "#text": "Armageddon"}, {"#tail": ". Each followed in the footsteps of the\n    \"Titanic\" theme, a love ballad for a tragedy. Although those\n    two songs became hits, they did not achieve the success of \"My\n    Heart Will Go On.\"", "#text": "Pearl Harbor"}], "#text": "After the song had become a huge worldwide hit, many movie\n    studios and record labels tried to duplicate its impact.\n    Although many soundtrack singles had become hits before \"My\n    Heart Will Go On,\" a string of similar songs followed\n    afterward, such as Aerosmith's \"I Don't Want to Miss a Thing\"\n    from"}, {"i": [{"#tail": ",", "#text": "A Beautiful Mind"}, {"#tail": ",", "#text": "Bicentennial Man"}, {"#tail": ", and", "#text": "The Perfect Storm"}, {"#tail": ".", "#text": "Avatar"}], "#text": "Horner himself repeated the formula of making a song from\n    his film themes with movies such as"}, "European CD single", "European CD single #2", "French CD single", "French CD single #2", "French CD single #3", "Japanese CD single", "UK cassette single", "U.S. CD single", "Australian/Brazilian/European/UK/Korean CD maxi single", "Australian CD maxi single #2", "Brazilian CD maxi single #2", "European CD maxi single #2 / UK 12\" single", "Japanese/Korean CD maxi single", "UK CD maxi single #2", {"span": ["\"Nel blu dipinto di blu\n      (Volare)\"\u00a0\u00b7", "\"Mack the\n      Knife\"\u00a0\u00b7", "\"Theme from A Summer\n      Place\"\u00a0\u00b7", "\"Moon River\"\u00a0\u00b7", "\"I Left My Heart in San\n      Francisco\"\u00a0\u00b7", "\"Days of Wine and\n      Roses\"\u00a0\u00b7", "\"The Girl from\n      Ipanema\"\u00a0\u00b7", "\"A Taste of\n      Honey\"\u00a0\u00b7", "\"Strangers in the\n      Night\"\u00a0\u00b7", "\"Up, Up and\n      Away\"\u00a0\u00b7", "\"Mrs. Robinson\""]}, {"span": ["\"Aquarius/Let the Sunshine\n      In\"\u00a0\u00b7", "\"Bridge over Troubled\n      Water\"\u00a0\u00b7", "\"It's Too\n      Late\"\u00a0\u00b7", "\"The First Time Ever I Saw\n      Your Face\"\u00a0\u00b7", "\"Killing Me Softly with His\n      Song\"\u00a0\u00b7", "\"I Honestly Love\n      You\"\u00a0\u00b7", "\"Love Will Keep Us\n      Together\"\u00a0\u00b7", "\"This\n      Masquerade\"\u00a0\u00b7", "\"Hotel\n      California\"\u00a0\u00b7", "\"Just the Way You\n      Are\""]}, {"span": ["\"What a Fool\n      Believes\"\u00a0\u00b7", "\"Sailing\"\u00a0\u00b7", "\"Bette Davis\n      Eyes\"\u00a0\u00b7", "\"Rosanna\"\u00a0\u00b7", "\"Beat It\"\u00a0\u00b7", "\"What's Love Got to Do with\n      It\"\u00a0\u00b7", "\"We Are the\n      World\"\u00a0\u00b7", "\"Higher Love\"\u00a0\u00b7", "\"Graceland\"\u00a0\u00b7", "\"Don't Worry, Be\n      Happy\""]}, {"span": ["\"Wind Beneath My\n      Wings\"\u00a0\u00b7", "\"Another Day in\n      Paradise\"\u00a0\u00b7", "\"Unforgettable\"\u00a0\u00b7", "\"Tears in\n      Heaven\"\u00a0\u00b7", "\"I Will Always Love\n      You\"\u00a0\u00b7", "\"All I Wanna\n      Do\"\u00a0\u00b7", "\"Kiss from a\n      Rose\"\u00a0\u00b7", "\"Change the\n      World\"\u00a0\u00b7", "\"Sunny Came\n      Home\"\u00a0\u00b7", {"#text": "\"", "strong": {"#tail": "\"", "#text": "My Heart Will Go On"}}]}, {"span": ["\"Smooth\"\u00a0\u00b7", "\"Beautiful\n      Day\"\u00a0\u00b7", "\"Walk On\"\u00a0\u00b7", "\"Don't Know\n      Why\"\u00a0\u00b7", "\"Clocks\"\u00a0\u00b7", "\"Here We Go\n      Again\"\u00a0\u00b7", "\"Boulevard of Broken\n      Dreams\"\u00a0\u00b7", "\"Not Ready to Make\n      Nice\"\u00a0\u00b7", "\"Rehab\"\u00a0\u00b7", "\"Please Read the\n      Letter\""]}, {"span": "\"Use Somebody\""}]}, "artist": "C\u00e9line Dion", "lengths": {"length": "4:40"}, "title": "My Heart Will Go On", "recorded": "Wallyworld, The Hit Factory", "label": "Columbia , Epic", "producers": {"producer": ["Walter Afanasieff", "James Horner", "Simon Franglen"]}, "released": "December 8, 1997 \u00a0(1997-12-08)", "writers": {"writer": ["James Horner", "Will Jennings"]}, "formats": {"format": ["CD single", "12\" single", "mini CD single", "cassette single"]}, "weeks": {"week": ["1998-02-28", "1998-03-07"]}}}