{"top-song": {"album": "Jennifer\n  Rush", "genres": {"genre": "Pop"}, "descr": {"p": ["\"The Power of Love\" is a power ballad co-written and\n    originally recorded by Jennifer Rush. It has been covered by\n    several artists, most notably by Laura Branigan and C\u00e9line\n    Dion, and translated into several languages, becoming a pop\n    standard.", {"i": {"#tail": ". The song was a major hit in the rest\n    of Europe \u2014 notably so in Germany, where Rush was based at the\n    time. Her accompanying album became one of the biggest sellers\n    of the decade there. The song itself is a straightforward love\n    song, with the narrator telling of her first experience of true\n    love. The song gained interest due to the strength of Rush's\n    voice, which was classically trained and unusual in a pop\n    ballad.", "#text": "American Bandstand"}, "#text": "In 1985, Jennifer Rush's version spent 5 weeks at number 1\n    on the UK Singles Chart. However, the song spent much of the\n    summer of 1985 being largely ignored, taking a massive 13 weeks\n    of yo-yoing outside of the top 40, before the song climbed to\n    No.1 in its 17th week on the chart. In total, it spent 33 weeks\n    on the chart and effectively eclipsed the success of the three\n    follow-up singles: \"Ring of Ice\" (#14), \"Madonna's Eyes\" (#84)\n    and \"Destiny\" (#96). It became the first single by a female\n    solo artist to sell a million copies in the United Kingdom and\n    it remains among the UK's best-selling singles of all time.\n    This initial success stood in contrast to the song's reception\n    in the United States, where Rush's original could only scrape\n    to number 57 on the Billboard Hot 100 and did not even hit the\n    Hot Adult Contemporary Tracks despite a performance by Rush on\n    the April 12, 1986 broadcast of"}, "The song was subsequently covered by other artists, two of\n    whose recordings eclipsed all earlier versions on the U.S.\n    charts. A recording by Laura Branigan became a top 40 hit on\n    both Hot 100 and Adult Contemporary charts in late 1987; C\u00e9line\n    Dion enjoyed a number 1 U.S. hit on both Billboard Hot 100 and\n    Hot Adult Contemporary Tracks with her version, which was\n    nominated for a 1995 Grammy Award.", "Though best known for dance classics like \"Gloria\" and \"Self\n    Control,\" Branigan had previously had major success introducing\n    the ballad \"How Am I Supposed to Live Without You\" (number 1\n    AC, number 12 Pop) and minor success introducing the ballad \"I\n    Found Someone\" (number 25 AC, number 90 Pop), among others.\n    Incorrectly supposed by some to have introduced \"Power of Love\"\n    as well, Branigan was the first to take the song into the U.S.\n    top 40, where it spent 9 weeks. While the single actually\n    peaked at number 26 on the Billboard Hot 100 chart, its sales\n    points outranked its pop airplay points, reaching number 19\n    during the 1987-88 holiday season. Branigan's recording also\n    peaked at number 19 on the AC chart. This success came without\n    benefit of a music video.", {"i": {"#tail": ", following the number 13 Dance hit \"Shattered\n    Glass.\" Produced by Grammy winner David Kershenbaum, Branigan's\n    vocal brought a rawer rock edge than Rush's mutedly operatic\n    sheen. The song was a favorite of Branigan's to sing, and it\n    continued to appear in even abbreviated set lists throughout\n    the rest of her life.", "#text": "Touch"}, "#text": "\"Power of Love\" (Branigan's version omitted the \"The\") was\n    the second single from the 1987 album"}, {"i": [{"#tail": "on Wounded Bird Records and on the collections", "#text": "Touch"}, {"#tail": ",", "#text": "The Best of Branigan"}, {"#tail": "and", "#text": "The Essentials: Laura Branigan"}, {"#tail": ".", "#text": "The Platinum Collection"}], "#text": "The song appears on the 2007 re-release of"}, "7\" vinyl single/cassette single", {"i": {"#tail": ". It was released on November 1,\n    1993 in North America, in December in Japan, and the next year\n    in the rest of the world.", "#text": "The Colour of My Love"}, "#text": "\"The Power of Love\" is the second (if counting \"When I Fall\n    in Love\" as first) single from C\u00e9line Dion's 1993 album,"}, "\"The Power of Love\" is the second Jennifer Rush song Dion\n    has covered. Earlier the same year she recorded a French\n    adaptation of \"Higher Ground,\" called \"Plus haut que moi.\"", {"i": {"#tail": ".", "#text": "All the Way\u2026 A Decade of Song & Video"}, "#text": "The music video made for the radio edit was directed by\n    Randee St. Nicholas and released in November 1993. It appeared\n    on Dion's 2001 DVD video collection"}, "The song was nominated for a Grammy Award for Best Female\n    Pop Vocal Performance and an American Music Award for Favorite\n    Pop/Rock Single in 1995.", {"i": [{"#tail": "in 1999 and", "#text": "All the Way\u2026 A Decade of Song"}, {"#tail": "in 2008. Live versions of\n    this song can be found on", "#text": "My Love: Essential Collection"}, {"#tail": "and", "#text": "\u00c0 l'Olympia"}, {"#tail": "albums. It's one of the most often performed\n    songs by C\u00e9line Dion. She sang it also five nights a week in\n    her show", "#text": "Live \u00e0 Paris"}, {"#tail": "at Caesars Palace, Las Vegas, and later\n    during her 2008-09 Taking Chances Tour.", "#text": "A New Day..."}], "#text": "\"The Power of Love\" was included on C\u00e9line Dion's greatest\n    hits compilations:"}, "\"The Power of Love\" became an international smash hit. The\n    song rose to the top of the charts in the United States,\n    Australia and Canada. In the U.S. it topped the Billboard Hot\n    100 for 4 weeks, the first C\u00e9line Dion single to do so. It also\n    went to number 1 for 5 weeks on the Hot 100 Singles Sales and\n    to number 2 on the Billboard Hot 100 Airplay. It was also\n    number 1 for 4 weeks on the Hot Adult Contemporary Tracks.", "The song spent 12 weeks at the top in Canada and 70 weeks on\n    the chart in total. \"The Power of Love\" was a top 10 hit in the\n    rest of the world (number 3 in France, number 4 in the United\n    Kingdom and Belgium, number 6 in Sweden, number 7 in New\n    Zealand). It was certified platinum in the U.S. (1,120,000\n    copies sold) and Australia (70,000), gold in New Zealand\n    (5,000) and silver in France (225,000 copies sold).", "Japanese CD single", "Worldwide CD single", "European CD maxi single", "Japanese CD maxi single", "Anglo-Australian duo Air Supply reversed the pronouns in the\n    chorus (\"You are my lady, and I am your man\") in their\n    recording of the song from their 1985 album. It only peaked at\n    number 68 on the Billboard Hot 100 but peaked at number 13 on\n    Hot Adult Contemporary Tracks. Other male artists to have\n    recorded the English version of the song include Andrea Bocelli\n    and Michael Crawford. In addition to Jennifer Rush, Laura\n    Branigan and Celine Dion, other female artists to have recorded\n    the English version of the song include Nana Mouskouri and\n    Shirley Bassey.", "In Spanish the song was dubbed \"Si T\u00fa Eres Mi Hombre\" (\"If\n    You Are My Man\") and has been recorded by many Latin artists\n    like Yolandita Monge, Amanda Miguel, Angela Carrasco, La India,\n    also by Los Mel\u00f3dicos, and Operaci\u00f3n Triunfo alumna Dulce. Some\n    versions of the song have been made in a Latin style featuring\n    salsa and merengue rhythms. Brazilian singer Rosana recorded a\n    Portuguese version, \"O Amor e o Poder,\" in the 1980s. Dominican\n    singer Ana\u00eds sang a Spanglish version of the song in her As\u00ed\n    Soy Yo Tour concerts.", {"i": [{"#tail": "(1986). Jan\u016f released a live version in\n    1988 and re-recorded the song in 1997. A German version, \"Die\n    Macht der Liebe,\" made it onto West German pop charts in the\n    1980s. A Punjabi version of the song (\"Sitam,\" sung by Amar)\n    was featured in the 2002 film", "#text": "U\u017e nejsem voln\u00e1"}, {"#tail": ". Japanese singer Yuna Ito recorded\n    the song for her sophomore album", "#text": "Bend It Like Beckham"}, {"#tail": ".", "#text": "Wish"}], "#text": "Petra Jan\u016f, a Czech female singer, recorded with the band\n    Golem Jana V\u00e1clav\u00edka a Czechoslovakian version of the song, \"U\u017e\n    nejsem voln\u00e1\", which she released as a single from her album"}, "A Swedish song with a different theme, \"\u00c4ngel i natt\"\n    (\"Angel Tonight\"), was written and recorded to the music of\n    \"The Power of Love\" in 1985 by Elisabeth Andreassen. In 1995,\n    Swedish dansband Sten & Stanley recorded \"\u00c4ngel i\n    natt.\""]}, "artist": "C\u00e9line Dion", "lengths": {"length": "5:44"}, "title": "The Power of Love", "recorded": "1984", "label": "Epic", "released": "June 30, 1985", "writers": {"writer": ["Gunther Mende", "Candy DeRouge", "Jennifer Rush", "Mary Susan Applegate"]}, "formats": {"format": "7\" vinyl"}, "weeks": {"week": ["1994-02-12", "1994-02-19", "1994-02-26", "1994-03-05"]}}}