{"top-song": {"album": "The\n  Sound of Revenge", "genres": {"genre": ["Hip Hop", "southern hip hop", "Gangsta rap"]}, "descr": {"p": [{"i": {"#tail": ", and features a guest rap by\n    Krayzie Bone. Its title is often incorrectly assumed to be\n    \"Ridin' Dirty\" due to the chorus. The lyrics concern racial\n    profiling and police brutality, as well as the stereotyping of\n    African Americans driving a vehicle with drugs or other\n    contraband on the inside (\"riding dirty\"). The music video\n    attempts to create a sense of the police abusing their powers\n    for likely racist reasons, though the singer does admit to\n    various crimes of that nature, including driving under the\n    influence, juxtaposing police actions with wrestling scenes to\n    show how the police allegedly treat suspects. The music video,\n    filmed in Dallas, Texas, also has cameo appearances by Tom\n    Lister Jr., Wish Bone, Layzie Bone, Play-N-Skillz, Chingo\n    Bling, OG Ron C, Big Tuck, and Chamillionaire's younger brother\n    Rasaq.", "#text": "The Sound of Revenge"}, "#text": "\"Ridin'\" (or Ridin' Dirty) is the second single from\n    Chamillionaire's album,"}, {"i": {"#tail": "was awarded \"Best Rap Performance by a Duo or\n    Group\" at the 49th Annual Grammy Awards. It was also nominated\n    for Best Rap Song. It became number one in December on the\n    Piczo Chart 3 months after its physical release. The song also\n    topped the Billboard Hot 100 in the U.S. for two weeks, and\n    peaked at number 2 on the UK Singles Chart behind Shakira when\n    it was released there.", "#text": "Ridin'"}}, {"i": {"#tail": "\"100 Best Songs of 2006\". It was the best\n    selling ringtone in 2006, with 3.2 million sales, certified by\n    the RIAA as the first multi-platinum Mastertone artist in\n    history.", "#text": "Rolling Stone's"}, "#text": "The song ranked #3 on"}, "Number 91 on VH1's 100 Greatest Songs of Hip Hop. It was\n    also awarded the last Best Rap Video at the MTV Video Music\n    Awards, which was awarded in 2006.", "UK - CD: 1", "UK - CD: 2", "The remixes feature the following artists:"]}, "artist": "Chamillionaire featuring Krayzie Bone", "lengths": {"length": ["5:03 (Album Version)", "4:03 (Radio Edit)", "3:46 (UK Radio Edit)"]}, "title": "Ridin'", "recorded": "2005", "label": "Universal / Chamillitary", "producers": {"producer": "Play-N-Skillz"}, "released": "January 12, 2006", "writers": {"writer": "Chamillionaire"}, "formats": {"format": ["CD single", "7\" single"]}, "weeks": {"week": ["2006-06-03", "2006-06-10"]}}}