{"top-song": {"genres": {"genre": "Rock and Roll"}, "descr": {"p": [{"i": {"#tail": ". Composer Mike Stoller can be seen\n    playing piano in the film presentation of the song.", "#text": "Jailhouse Rock"}, "#text": "\"Jailhouse Rock\" is a song written by Jerry Leiber and Mike\n    Stoller that first became a hit for Elvis Presley. The song was\n    first released as a 45rpm single on September 24, 1957, to\n    coincide with the release of Presley's motion picture,"}, "The song as sung by Elvis Presley is #67 on Rolling Stone's\n    list of The 500 Greatest Songs of All Time and was named one of\n    The Rock and Roll Hall of Fame's 500 Songs that Shaped Rock and\n    Roll.", "The single, with its B-side \"Treat Me Nice,\" was a US #1 hit\n    for 7 weeks in the fall of 1957, and a UK #1 hit for three\n    weeks early in 1958. in addition \"Jailhouse Rock\" spent one\n    week at the top of the country charts .", {"i": {"#tail": "EP charts, eventually selling an additional two\n    million copies and earning another double-platinum RIAA\n    certification.", "#text": "Billboard"}, "#text": "Also in 1957, \"Jailhouse Rock\" was the lead song in an EP\n    (extended play single), together with other songs from the\n    film, namely \"Young and Beautiful,\" \"I Want to be Free,\" \"Don't\n    Leave Me Now,\" and \"(You're So Square) Baby I Don't Care.\" It\n    topped the"}, "In 2005, the song was re-released in the UK and reached #1\n    for a single week. The song, which is an example of simple\n    verse form, eventually sold four million copies in the US, thus\n    earning a Double Platinum certification by the RIAA.", "Some of the characters named in the song are real people.\n    Shifty Henry was a well known L.A. musician, not a criminal.\n    The Purple Gang was a real mob. \"Bugs\" was probably Bugsy\n    Siegel, the Jewish gangster. \"Sad Sack\" was a U.S. Army\n    nickname in World War II for a loser, who also became a popular\n    comic strip and comic book character.", {"i": {"#tail": "parts of the lyrics in which the\n    prisoners flirt and dance with one another may be hinting at\n    homosexual relationships between inmates.", "#text": "Rolling Stone magazine"}, "#text": "As noted by"}, {"i": [{"#tail": ". It was the last song in the motion picture", "#text": "The Game"}, {"#tail": ". This song was featured on", "#text": "The Blues Brothers"}, {"#tail": "when Season 5 contestant Taylor Hicks\n    performed it on May 9, 2006 and when Season 7 contestant Danny\n    Noriega performed it on February 20, 2008. The song was also\n    featured in Disney's animated film", "#text": "American Idol"}, {"#tail": "during the ending credits. In an\n    episode of", "#text": "Lilo & Stitch"}, {"#tail": "Jesse and Becky sing this song at their\n    wedding reception.", "#text": "Full House"}], "#text": "\"Jailhouse Rock\" was performed regularly in a medley along\n    with many old rock and roll hits by Queen and was the opening\n    song on Queen's 1980 North American tour for"}, "The German rock band Spider Murphy Gang is named after one\n    of the characters in the lyrics. In Stephen King's novel\n    Christine, \"Jailhouse Rock\" is playing when the car runs down\n    Buddy Repperton, one of the guys who smashed up the car at the\n    garage.", {"i": {"#tail": "live at the Woodstock Festival in August\n    of 1969.", "#text": "Jailhouse Rock"}, "#text": "American rock and roll revival act Sha Na Na performed"}, "\"Jailhouse Rock\" has also been recorded by:"]}, "artist": "\"Chances Are\" Johnny Mathis", "title": "Jailhouse Rock \"/ \"Treat Me Nice\" Elvis Presley", "recorded": "1956", "producers": {"producer": "Leiber/Stoller"}, "released": "September 24, 1957", "writers": {"writer": "Leiber/Stoller"}, "formats": {"format": ["45 rpm single", "78 rpm single"]}, "weeks": {"week": "1957-10-21"}}}