{"top-song": {"album": "Behind Closed Doors", "genres": {"genre": ["Country", "Adult contemporary"]}, "descr": {"p": [{"i": {"#tail": "music charts: the pop chart (for two weeks);\n    the country chart (for three weeks); and the adult contemporary\n    chart (also for three weeks).", "#text": "Billboard"}, "#text": "\"The Most Beautiful Girl\" is a song recorded by Charlie Rich\n    and written by Bill Sherrill, Noris Wilson, and Rory Michael\n    Bourke. It reached #1 in the United States in 1973 on three"}, {"i": {"#tail": ".", "#text": "Dream Large"}, "#text": "Country music boy band South 65 recorded an updated version\n    of the song, titled \"The Most Beautiful Girl (2001 Version)\",\n    on their 2001 album"}, {"i": {"#tail": ".", "#text": "So I Married an Axe Murderer"}, "#text": "It also receives a - very brief - airing by Brenda Fricker\n    in the film"}]}, "artist": "Charlie Rich", "lengths": {"length": "2:43"}, "title": "The Most Beautiful Girl", "label": "Epic", "producers": {"producer": "Billy Sherrill"}, "released": "September 1973", "writers": {"writer": ["Rory Michael Bourke", "Billy Sherrill", "Norro Wilson"]}, "weeks": {"week": ["1973-12-15", "1973-12-22"]}}}