{"top-song": {"album": "Lap of Luxury", "genres": {"genre": "Rock"}, "descr": {"p": [{"i": {"#tail": "album. \"The Flame\" reached number one on\n    the American Billboard Hot 100 in 1988 when issued as a single;\n    it also reached number one in Australia. The success of the\n    song brought the group out of a years-long commercial slump and\n    back into music industry prominence.", "#text": "Lap of Luxury"}, "#text": "\"The Flame\" is a hit power ballad by Cheap Trick, released\n    on July 25, 1988. The song was first offered to English singer\n    Elkie Brooks, who turned it down. Written by Bob Mitchell and\n    Nick Graham, the song was initially released on Cheap Trick's"}, "According to lead vocalist Robin Zander, \"The band was very\n    skeptical about performing this song live, because we only\n    liked to perform songs written by us. However, a young man\n    from, oh, I don't know, somewhere, confirmed to us after a show\n    in Florida about a week after the song was released that the\n    song was great and, get this, would be a #1 single. As we joked\n    about the guy's prediction, we later realized whoa! This guy\n    was right. I thank him for that.\"", {"i": {"#tail": ", the song was a top-twenty hit on the U.S. Hot\n    Dance Club Play chart. Nine years later, the song was remixed\n    and re-released as \"The Flame 08\" and this version went to\n    number one on the U.S. dance chart, becoming Hamilton's first\n    chart-topper.", "#text": "One World"}, "#text": "\"The Flame\" was covered in 1998 by electronic dance music\n    singer Erin Hamilton. Included on her 1999 album"}, {"i": [{"#tail": "by eventual winner Casey Donovan on the\n    Final 6 80's theme night. Donovan recorded the song as her\n    cover song on the series cast album,", "#text": "Australian Idol"}, {"#tail": ".", "#text": "Australian Idol Season 2 The Final 10 Cast Album"}], "#text": "In 2004, \"The Flame\" was performed on the second season of"}]}, "artist": "Cheap Trick", "lengths": {"length": "05:37 (Album and Single Version) 04:47 (7\"\n    Edit)"}, "title": "The Flame", "label": "Epic", "producers": {"producer": "Richie Zito"}, "released": "July 25, 1988", "writers": {"writer": ["Bob Mitchell", "Nick Graham"]}, "weeks": {"week": ["1988-07-09", "1988-07-16"]}}}