{"top-song": {"album": "Believe", "genres": {"genre": ["Dance pop", "house"]}, "descr": {"p": [{"i": {"#tail": ".", "#text": "Believe"}, "#text": "\"Believe\" is a pop song by American singer-actress Cher. It\n    was released in most countries at the end of 1998 by Warner\n    Bros., as the first single from her twenty third album,"}, "It became one of the best-selling singles of all time.\n    having sold over 10 million copies worldwide. It won the 2000\n    Grammy Award for Best Dance Recording and was also nominated\n    for Record of the Year.", "\"Believe\" is noted for its use of the Auto-Tune\n    pitch-correction software on the singer's vocals to create a\n    peculiar sound effect, sometimes referred to as the \"Cher\n    effect\".", "As released, the single incorporates the work of six\n    different songwriters, two producers and executive producer Rob\n    Dickins, the erstwhile chairman of Warner Bros, but according\n    to Mark Taylor the creation of \"Believe\" was a \"strange one.\"\n    Originally written only by Brian Higgins, Matthew Gray, Stuart\n    McLennen and Tim Powell and circulated on Warner as a demo for\n    months, nobody wanted it. Mark Taylor said that:", "\"Everyone loved the chorus but not the rest of the song; As\n    we were already writing other songs for Cher, Rob asked us if\n    we could sort it out. Two of our writers, Steve Torch and Paul\n    Barry, got involved and eventually came up with a complete song\n    that Rob and Cher were happy with.\"", "Once the demo version was agreed, Mark and Brian took over\n    for the actual production, working at Dreamhouse; Mark\n    said:", "\"We knew the rough direction to take, because Rob had said\n    he wanted to make a Cher dance record. The hard part was trying\n    to make one that wouldn't alienate Cher's existing fans.\"", "The entire track was assembled with Cubase VST on an iMac G3\n    computer, with other synthesizers, including a Clavia Nord Rack\n    and an Oberheim Matrix 1000, while Cher's vocals were recorded\n    on three TASCAM DA88 digital audio recorders with a Neumann U67\n    vacuum tube-amplified microphone.", "The song was recorded approximately in ten days in Surrey,\n    England and also contains samples from the Electric Light\n    Orchestra songs \"Prologue\" and \"Epilogue.\"", "Cher's voice is altered by a pitch correction speed that is\n    \"set too fast for the audio that it is processing.\" Producer\n    Mark Taylor added the effect to Cher's vocal simply as a lark.\n    In interviews at the time, he claimed to be testing out his\n    recently purchased DigiTech Talker. It later emerged that the\n    effect was not created by a vocoder, but by using extreme (and\n    then-unheard-of) settings on Antares Auto-Tune software.", "Taylor said about the effect that \"this was the most\n    nerve-wracking part of the project, because I wasn't sure what\n    Cher would say when she heard what I'd done to her voice\", but\n    that when she heard it she said, \"It sounds great.\" When her\n    record company requested that the effect be removed, she\n    responded, \"Over my dead body!\". After the massive success of\n    the song, use of Auto-Tune became very popular and many other\n    artists imitated this technique, and it would eventually become\n    known as the \"Cher effect\".", {"i": {"#tail": "gave the song a positive review, saying that\n    the song is \"the best darn thing that Cher has recorded in\n    years\".", "#text": "Billboard"}}, {"i": {"#tail": "on both the Billboard Hot 100 and Hot Dance\n    Club Play charts, and became the biggest single in her entire\n    career. \"Believe\" also spent seven weeks at number one in the\n    UK singles chart and is still the best selling single by a\n    female artist in the UK.", "#text": "Billboard"}, "#text": "The song, recorded and released in 1998, peaked at number\n    one in 23 countries worldwide. On January 12, 1999, it reached\n    the Top 40 on the Billboard Hot 100 and reached number one on\n    the chart on March 2, making Cher the oldest female artist (at\n    the age of 52) to perform this feat. Cher also set the record\n    for a solo artist with the longest span of time between #1\n    hits. Her previous #1 hit, \"Dark Lady\" had been in 1974.\n    \"Believe\" also was ranked as the number-one song of 1999 by"}, "The success of the song not only expanded through each\n    country's singles chart, but also most countries' dance charts.\n    In the United States \"Believe\" spent 23 weeks on the U.S. Hot\n    Dance Club Play chart, five of those weeks at #1, and 22 weeks\n    on the European Hot Dance Charts. \"Believe\" also set a record\n    in 1999 after spending 21 weeks in the top spot of the\n    Billboard Hot Dance Singles Sales chart, it was still in the\n    top ten even one year after its entry on the chart..", "On 13 October 2008, the song was voted #10 on Australian\n    VH1's Top 10 Number One Pop Songs countdown. \"Believe\" was\n    nominated for Record of the Year and Best Dance Recording at\n    42nd Grammy Awards, it won the latter. It is the only Grammy\n    that Cher has won in her entire music career.", "The international music video for \"Believe\", directed by\n    Nigel Dick, features Cher in a nightclub in a double role as\n    singer on stage, and as supernatural being in a cage (with\n    auto-tuned voice), surrounded by many people to whom she is\n    giving advice. The video includes a woman who is broken hearted\n    and feels that she can't go on when she sees her ex-boyfriend\n    with a new spouse. The version on The Very Best of Cher: The\n    Video Hits Collection is slightly different to the previous\n    version (the version that is also included on the Mallay\n    Believe Bonus VCD) with additional scenes towards the end that\n    were not in the original video. There are also 2 'rough'\n    versions of the video as the song was released in The UK and\n    Europe before a video was completed. The first is a compilation\n    of scenes from the videos of Cher's previous singles \"One by\n    One\" and \"Walkin' in Memphis\" and the second includes a brief\n    scene of the Believe video where Cher sings the chorus while\n    the rest of the video is composed of scenes from \"One by\n    One\".", "Three official remix videos exist for this song. Two of the\n    remix videos were created by Dan-O-Rama in 1999. Both follow\n    different concepts from the original unmixed video. Instead of\n    showing the significance of the lyrics the videos mostly show\n    Cher with different colored backgrounds and people dancing. The\n    two remixes used for these videos were the Almighty Definitive\n    Mix and the Club 69 Phunk Club Mix. The third video entitled\n    Wayne G. Remix was released by Warner Bros. and the concept is\n    similar to the Club 69 Phunk Club Mix video.", "Cher performed the song during the Do You Believe? Tour, The\n    Farewell Tour and the Cher at the Colosseum While she would\n    lip-synch the entire song on various television programs, she\n    would only lip-synch the synthesized verses when performing on\n    her Believe and Farewell tours and on the 2002 edition of VH1\n    Divas Live Since 1999, the song has been the encore to all of\n    Cher's concerts.", {"i": {"#tail": ", Buffy's roommate listens to\n    this song repeatedly.", "#text": "Buffy the Vampire Slayer"}, "#text": "In the episode \"Living Conditions\" of the TV series"}, "The song is featured on the Karaoke Revolution video\n    game.", "A cover version of this song was used in the Nintendo DS\n    game Elite Beat Agents in the first bonus level.", {"i": {"#tail": ".", "#text": "Macha Loved Bedhead"}, "#text": "Indie rock bands Macha and Bedhead recorded a cover of the\n    song on their 2000 joint EP"}, "In 2001, \"Ian Watkins\" from the British pop group Steps\n    performed this song during their Gold Greatest Hits Tour.", "In the 2009 movie adaptation of Land of the Lost, two of the\n    main characters, Dr. Rick Marshall and Will Stanton, sing the\n    song while touching a vibrating \"vortext triangle\"", {"i": [{"#tail": "episode", "#text": "South Park"}, {"#tail": "lampoons the song. The kids\n    in the episode hate the song; the adults love it.", "#text": "Two Guys Naked in a Hot Tub"}], "#text": "The"}, {"i": {"#tail": "episode 12 of season 2 titled\n    \"Compromises\", the Sarah Walker character, played by Rachel\n    Griffiths, sings a karaoke version of the song in the aftermath\n    of the break-up with her husband Joe, played by John\n    Pyper-Ferguson.", "#text": "Brothers & Sisters"}, "#text": "In"}, "The song is also used in the Friends episode in which Monica\n    Geller and Chandler Bing, before their wedding, go to see\n    Chandler's father in Vegas to invite him to their wedding and\n    reconcile.", "In the film Land of the Lost (film) when Marshall and Will\n    touch the Pylon, they make reference to Cher by singing Believe\n    as the Pylon changes their voices with its energy field as if\n    it was an auto-tune device.", "Believe US CD Single", "Believe US/Canadian Maxi Single", "Believe European/UK CD Single Pt. 1", "Believe European/UK CD Single Pt. 2"]}, "artist": "Cher", "lengths": {"length": "4:01"}, "title": "Believe", "recorded": "1998", "label": "Warner Bros. , Wea", "producers": {"producer": ["Mark Taylor", "Brian Rawling"]}, "released": "October 18, 1998 ( UK ) , October 19, 1998 ( France ) ,\n  November 24, 1998 ( US ) , April 20, 1999 ( Canada ) , May 25,\n  1999 ( Japan )", "writers": {"writer": ["Brian Higgins", "Stuart McLennen", "Paul Barry", "Steven Torch", "Matthew Gray", "Timothy Powell"]}, "formats": {"format": ["CD single", "CD maxi-single", "7\"", "12\""]}, "weeks": {"week": ["1999-03-13", "1999-03-20", "1999-03-27", "1999-04-03"]}}}