{"top-song": {"album": "Half-Breed", "genres": {"genre": "Pop"}, "descr": {"p": ["\"Half-Breed\" is a song recorded by Cher and released as a\n    single in 1973. On October 6, 1973, it became Cher's second\n    U.S. number one hit as a solo artist.", {"i": {"#tail": ". The song tells the story of a young woman\n    who is half white and half Cherokee. The song describes the\n    troubles she faced, and the racism she experienced. White\n    people often called her \"Indian squaw\" and the Native Americans\n    never accepted her as one of their own, telling her that she\n    was \"white by law.\" Cher herself is part Cherokee.", "#text": "Half-Breed"}, "#text": "The single was the first international release from Cher's\n    album"}, "In 1973, \"Half-Breed\" topped the United States Billboard Hot\n    100 for two weeks, becoming Cher's second number one hit and\n    second Gold single. The song was a number one hit in Canada, a\n    Top 10 hit in Sweden, and a Top 20 hit in Norway. In Germany\n    and the United Kingdom, the song did not chart.", "In 1999, after almost 25 years of not performing the song\n    live, Cher performed this song in her Do You Believe? Tour. In\n    2002, she performed the song 325 times in her Living Proof: The\n    Farewell Tour.", "Cher performed the song on the following concert tours:", {"i": {"#tail": "in 1973. Cher is on a\n    horse while singing in front of a white screen. Props\n    symbolizing Native American objects were used, such as wood\n    carvings, fire and costumes.", "#text": "The Sonny & Cher Comedy Hour"}, "#text": "The video for \"Half-Breed\" is a recorded performance of the\n    song on"}, "In 2002, a special remix medley was created by Dan-O-Rama\n    for a video montage that was used in Cher's Living Proof: The\n    Farewell Tour. The medley contains the videos of \"All I Really\n    Want to Do\", \"Gypsys, Tramps & Thieves\", \"Half-Breed\" and\n    \"Dark Lady\"."]}, "artist": "Cher", "lengths": {"length": "2:46"}, "title": "Half-Breed", "recorded": "1973", "label": "MCA", "producers": {"producer": "Snuff Garrett"}, "released": "1973", "writers": {"writer": "Al Capps; Mary Dean"}, "formats": {"format": "7\" single"}, "weeks": {"week": ["1973-10-06", "1973-10-13"]}}}