{"top-song": {"album": "Gypsys, Tramps &\n  Thieves", "genres": {"genre": ["Pop", "pop rock", "folk rock"]}, "descr": {"p": ["\"Gypsys, Tramps & Thieves\" is the first single released\n    by Cher for the album of the same name, her seventh solo album.\n    It was her first chart-topper as a solo artist in the United\n    States.", {"i": [{"#tail": ". The album was subsequently renamed and re-released\n    as", "#text": "Cher"}, {"#tail": "after the success of the\n    single. The song was written by songwriter Bob Stone as a\n    story-song called \"Gypsies Tramps and White Trash\". Producer\n    Snuff Garrett advised that the title be changed and Stone then\n    changed it to \"Gypsies Tramps and Thieves\".", "#text": "Gypsys, Tramps & Thieves"}], "#text": "\"Gypsies, Tramps & Thieves\" was the first single from\n    Cher's 1971 self-titled album"}, "It hit #1 on the Billboard Hot 100 on November 6, 1971, and\n    it remained there for two consecutive weeks. The single also\n    reached #1 in Canada and the Top 10 in many European countries,\n    becoming the number-one selling single of 1971 at more than 3\n    million copies worldwide. Today it remains one of her signature\n    songs.", "The song describes the life of a girl, the narrator of the\n    song, who was \"born in the wagon of a traveling show\". Her\n    mother \"used to dance for the money they'd throw\", while her\n    father would do \"whatever he could; preach a little gospel,\n    sell a couple bottles of doctor good\". Although the people of\n    the town called them \"gypsies, tramps and thieves\", every night\n    \"all the men would come around, and lay their money down\".", "When a young man is picked up, just south of Mobile, the\n    narrator is 16, while he is 21. Her family took care of him for\n    a while, although her father \"would have shot him if he knew\n    what he'd done\". Three months later, the narrator describes\n    herself as a \"girl in trouble\", and her young man has\n    disappeared.", "Echoing the beginning of the song, her own daughter was\n    \"born in the wagon of a traveling show\", while her mother, the\n    narrator herself, dances \"for the money they'd throw\".", "The title of this song has also been shown with alternate\n    spellings of \"Gypsies\" / \"Gypsys\". The lyrics of the song are\n    often ridiculed for their claim to have \"picked up a boy just\n    south of Mobile\", the idea being that \"just south of Mobile\" is\n    somewhere in the Gulf of Mexico. In fact, there are at least\n    six small communities directly south of Mobile on the west side\n    of the bay, and twice that many on the east side.", "Cher performed the song on the following concert tours:", {"i": {"#tail": "in 1971. Throughout the\n    video Cher is singing in front of a house wagon and in front of\n    a fire. A second video was made, but it was very similar to the\n    original. In the second video, clips of dancing female gypsies\n    were shown.", "#text": "The Sonny & Cher Comedy Hour"}, "#text": "The video for \"Gypsies, Tramps & Thieves\" was Cher's\n    first music video. The video was a recorded performance of the\n    song on"}, "In 2002, a special remix medley was created by Dan-O-Rama\n    for a video montage that was used in Cher's Living Proof: The\n    Farewell Tour. The medley contains the videos of \"All I Really\n    Want to Do\", \"Gypsies, Tramps & Thieves\", \"Half-Breed\", and\n    \"Dark Lady\"."]}, "artist": "Cher", "lengths": {"length": "2:36"}, "title": "Gypsys, Tramps & Thieves", "recorded": "1971", "label": "Kapp Records (US) , MCA Records (UK)", "producers": {"producer": "Snuff Garrett"}, "released": "1971", "writers": {"writer": "Bob Stone"}, "formats": {"format": ["7\"", "12\""]}, "weeks": {"week": ["1971-11-06", "1971-11-13"]}}}