{"top-song": {"album": "Dark Lady", "genres": {"genre": ["Pop", "rock", "adult contemporary"]}, "descr": {"p": [{"i": {"#tail": ". Produced by Snuff Garrett, it was released as\n    the album's first single in early 1974. The song became Cher's\n    third solo U.S. number one hit on March 23, 1974 and her last\n    until \"Believe\" a quarter-century later.", "#text": "Dark Lady"}, "#text": "\"Dark Lady\" is an pop rock song recorded by American singer\n    actress Cher from eleventh studio album,"}, "\"Dark Lady\" was written by The Ventures keyboard player\n    Johnny Durrill. He recalled: \"I spent a week in his (Snuff\n    Garrett's) office playing him songs, one of which Cher\n    recorded. Later, when I was on tour in Japan with the Ventures,\n    I was writing an interesting song. I telegraphed the unfinished\n    lyrics to Garrett. He said to 'make sure the bitch kills him.'\n    Hence, in the song both the lover and fortune teller were\n    killed.\"", "The \"Dark Lady\" of the song's title is a fortune teller. The\n    narrator of the song learns that her lover has been unfaithful\n    to her with, as the fortune teller says, \"someone else who is\n    very close to you.\" The narrator returns home in a state of\n    shock and then realizes that she had once smelled, in her own\n    room, the perfume the fortune teller had been wearing. She\n    races back to the fortune teller's place with a gun and catches\n    her lover and the fortune teller \"laughing and kissing\", and\n    shoots them both to death in a fit of rage.", {"i": {"#tail": ", the song struggled in Germany and the UK,\n    though it managed to reach top forty status in the UK.", "#text": "Half-Breed"}, "#text": "In 1974, \"Dark Lady\" topped the U.S. Billboard Hot 100 for\n    one week, becoming Cher's third solo #1 hit. The song was also\n    a #1 hit in Canada and Sweden, a top ten hit in Norway and a\n    top twenty hit in the Netherlands. Like"}, "There are two version of the video. The first version of the\n    video is a live performance that was aired in the third season\n    of The Sonny & Cher Comedy Hour in 1973. In this\n    performance Cher was dressed in all black and was wearing a\n    black veil on her head. The second video of the song is a\n    cartoon. This second video follows the whole story of the\n    song.", "In 2002, a special remix medley was created by Dan-O-Rama\n    for a video montage that was used in Cher's Living Proof: The\n    Farewell Tour. The medley contains videos of \"All I Really Want\n    to Do\", \"Gypsys, Tramps & Thieves\", \"Half-Breed\" and \"Dark\n    Lady\". Unlike the other videos \"Dark Lady\" was unique because\n    both, the live and the cartoon videos had been mixed.", "In 1999, Cher performed this song throughout her Do You\n    Believe? Tour, for the first time in twenty-five years. In\n    2002, she performed the song 325 times in her Living Proof: The\n    Farewell Tour.", "Cher performed the song on the following concert tours:", "In 1974, Finnish singer Lea Laven covered this song under\n    the title \"Tumma Nainen\", and the song proved successful in\n    Finland."]}, "artist": "Cher", "lengths": {"length": "3:27"}, "title": "Dark Lady", "recorded": "1973/74", "label": "MCA", "producers": {"producer": "Snuff Garrett"}, "released": "February 1974", "writers": {"writer": "Johnny Durrell"}, "formats": {"format": "7\""}, "weeks": {"week": "1974-03-23"}}}