{"top-song": {"album": "Chicago 19", "genres": {"genre": "Ballad"}, "descr": {"p": [{"i": {"#tail": ", with Bill Champlin singing lead vocals. When\n    released as a single that year, the song proved successful,\n    topping the Billboard Hot 100 for two weeks in December 1988,\n    their last song to do so. The single also yielded the band's\n    most successful year-end singles ranking, #1 on Billboard's\n    1989 year-end Hot 100.", "#text": "Chicago 19"}, "#text": "\"Look Away\" is the name of a song written by Diane Warren.\n    It was recorded by the band Chicago for their 1988 album"}, "The song was uncharacteristic of earlier Chicago hits in\n    that it did not prominently feature horns. This song was also\n    the band's first number one hit of the eighties that wasn't\n    sung in a tenor voice. Some members of the band have stated\n    when they would play the song live, the audience would just\n    look confused because they were unfamiliar with the sound of\n    Champlin's voice."]}, "artist": "Chicago", "lengths": {"length": "4:02"}, "title": "Look Away", "recorded": "1988", "label": "Full Moon / Reprise", "producers": {"producer": "Ron Nevison"}, "released": "September 24, 1988", "writers": {"writer": "Diane Warren"}, "formats": {"format": "7\""}, "weeks": {"week": ["1988-12-10", "1988-12-17"]}}}