{"top-song": {"album": "Chicago X", "genres": {"genre": ["Pop", "soft rock"]}, "descr": {"p": [{"i": {"#tail": ". It was written and sung by bass guitar player\n    Peter Cetera and released as a single in July 1976.", "#text": "Chicago X"}, "#text": "\"If You Leave Me Now\" is the title of a popular hit ballad\n    by the American rock group Chicago, from their album"}, "It is also the title of a compilation album released by\n    Columbia Records (Columbia 38590) in 1983.", "The single topped the US charts on October 23, 1976, and\n    stayed there for two weeks, making it the first number one hit\n    for the group. It also reached the number one spot in the UK,\n    maintaining the position for three weeks. It was popular in\n    multiple radio formats, and at one point during its peak\n    listeners could hear it being played simultaneously on four\n    different New York City radio stations.", "\"If You Leave Me Now\" was also Chicago's biggest hit\n    worldwide, after topping the charts in other countries such as\n    Britain and Australia. It went on to win Grammy Awards for Best\n    Arrangement Accompanying Vocalist(s) and Best Pop Vocal\n    Performance by a Duo, Group or Chorus.", "There have been over 100 versions of \"If You Leave Me Now\"\n    recorded by artists throughout the world, among them:"]}, "artist": "Chicago", "lengths": {"length": "3:58"}, "title": "If You Leave Me Now", "recorded": "1976", "label": "Columbia Records", "producers": {"producer": "James William Guercio"}, "released": "July 1976", "writers": {"writer": "Peter Cetera"}, "formats": {"format": "7\""}, "weeks": {"week": ["1976-10-23", "1976-10-30"]}}}