{"top-song": {"album": "Chicago 16", "genres": {"genre": ["Rock", "adult contemporary"]}, "descr": {"p": [{"i": {"#tail": ", released in 1982. The song hit number one\n    for two weeks on the Hot 100 chart on September 11 of that\n    year. It was their first top fifty hit since \"No Tell Lover\" in\n    1978.", "#text": "Chicago 16"}, "#text": "\"Hard to Say I'm Sorry\" is a ballad performed by American\n    rock group Chicago, written by band member Peter Cetera and\n    producer David Foster from the album"}, "The song, as well as the album on which it is featured, was\n    a marked departure from Chicago's traditional soft rock,\n    horns-driven sound, taking on a more polished and modern feel.\n    There were minimal horns on the track, instead featuring more\n    layered synthesizers and heavier distorted electric guitars in\n    a more updated 1980's fashion. This was done to revitalize the\n    band that was considered by some to be past its commercial\n    prime at the time.", "The album version of \"Hard to Say I'm Sorry\" segued into a\n    second song titled \"Get Away,\" which was closer to the older\n    horn-driven Chicago sound. Most adult contemporary radio\n    stations at the time did not play the entire album track,\n    however, choosing to cut it off just before \"Hard to Say I'm\n    Sorry\" segued into \"Get Away.\" About half the Top 40 radio\n    stations played the longer version with \"Get Away\". The music\n    video, itself using the album version, was shot in Greece.", "Deviating from Chicago's practice of having mostly band\n    members playing on their albums, \"Hard to Say I'm Sorry\"\n    featured several session musicians. The song featured producer\n    David Foster on the piano, as well as three members of the\n    American rock band Toto: Steve Lukather on guitar, while David\n    Paich and Steve Porcaro both contributed synthesizers. The\n    song's vocals were performed by Cetera and new member Bill\n    Champlin."]}, "artist": "Chicago", "lengths": {"length": ["5:08 (Album Version)", "3:51 (Alternate Edit)", "3:41 (Single Version)"]}, "title": "Hard to Say I'm Sorry", "recorded": "1982", "label": "Full Moon / Warner Bros.", "producers": {"producer": "David Foster"}, "released": "May 1982", "writers": {"writer": "Peter Cetera & David Foster"}, "formats": {"format": "7\" single"}, "weeks": {"week": ["1982-09-11", "1982-09-18"]}}}