{"top-song": {"album": "Risqu\u00e9", "genres": {"genre": ["Disco", "R&B"]}, "descr": {"p": [{"i": {"#tail": ". In August of that year, it became the band's\n    second number one single on both the Billboard Hot 100 and soul\n    singles chart. Along with the tracks, \"My Forbidden Lover\", and\n    \"My Feet Keep Dancing\", \"Good Times\" reached number three on\n    the disco charts The song has become one of the most sampled\n    tunes in music history, most notably in rap and hip-hop\n    music.", "#text": "Risqu\u00e9"}, "#text": "\"Good Times\" is a 1979 song composed by Bernard Edwards and\n    Nile Rodgers. It was first recorded by their band Chic, for\n    their 1979 album"}, {"i": {"#tail": "s list of the 500 Greatest Songs of All\n    Time.", "#text": "Rolling Stone'"}, "#text": "The song is ranked #224 on"}, "The lyrics are largely based on Milton Ager's \"Happy Days\n    Are Here Again.\" It also contains lines based on lyrics\n    featured in \"About a Quarter to Nine\" made famous by Al Jolson.\n    Nile Rodgers has stated that these depression-era lyrics were\n    used as a hidden way to comment on the then-current economic\n    depression in the United States. The line during the chorus,\n    \"Our new state of mind\", is infamous for being mistaken as \"Are\n    you straight or bi?\"", "In late 1979, Debbie Harry suggested that Nile Rodgers join\n    her and Chris Stein at a Hip hop event in a communal space\n    taken over by young kids and teenagers with boom box stereos,\n    who would play various pieces of music to which performers\n    would break dance. The main piece of music they would use was\n    the break section of \"Good Times.\" A few weeks later, Blondie,\n    The Clash and Chic were playing a gig in New York at Bonds\n    nightclub. When Chic started playing \"Good Times,\" rapper Fab\n    Five Freddy and members of the Sugarhill Gang jumped up on\n    stage and started freestyling with the band; Rodgers allowed\n    them to \"do their improvisation thing like poets, much like I\n    would playing guitar with Prince.\"", "A few weeks later Rodgers was on the dance floor of New York\n    club LaViticus and suddenly heard the DJ play a song which\n    opened with Edwards bass line from \"Good Times\". Rogers\n    approached the DJ who said he was playing a record he had just\n    bought that day in Harlem. The song turned out to be an early\n    version of \"Rapper's Delight\" by The Sugarhill Gang, which\n    Rogers noted also included a scratched version of the song's\n    string section. Rogers and Edwards threatened The Sugarhill\n    Gang with legal action, which resulted in them being credited\n    as co-writers on \"Rappers Delight\".", "In the USA \"Rapper's Delight\" did not achieve as much chart\n    success as \"Good Times\" (peaking at #36 on the U.S. pop chart\n    and #4 on the American R&B charts, compared to Chic's #1\n    peak on both charts) but it helped to popularize the bassline\n    and the song, and it became one of the most sampled tracks (and\n    hence one of the most distinctive basslines) in the history of\n    recorded music. Having agreed on a commercial structure for the\n    use of their song in \"Rappers Delight\", Edwards and Rodgers\n    agreed to later uses in other songs, subject to their strict\n    criteria.", "This is an incomplete list of songs that either use direct\n    samples from \"Good Times\", or feature an original recording\n    where the bassline or other motifs (particularly that of the\n    instrumental break) are inspired by the song."]}, "artist": "Chic", "lengths": {"length": ["3:24 (7\")", "8:08 (12\"/LP)"]}, "title": "Good Times", "recorded": "1979", "label": "Atlantic 3584", "producers": {"producer": ["Bernard Edwards", "Nile Rodgers"]}, "released": "1979", "writers": {"writer": ["Bernard Edwards", "Nile Rodgers"]}, "formats": {"format": ["7\"", "12\""]}, "weeks": {"week": "1979-08-18"}}}