{"top-song": {"album": "C'est Chic", "genres": {"genre": "Disco"}, "descr": {"p": [{"i": {"#tail": "critic describes the song as a \"haunting,\n    minimalist pop-funk built around the guitar and bass\". Along\n    with the tracks, \"I Want Your Love\" and \"Chic Cheer\", \"Le\n    Freak\" stayed at number one on the disco charts for seven\n    weeks. The single bears the distinction of being the highest\n    selling record ever on Atlantic Records, and the\n    highest-selling single ever on WEA until it was displaced in\n    1990 (by Madonna's \"Vogue\").", "#text": "New York Times"}, "#text": "\"Le Freak\" is a 1978 hit disco song by Chic. It was the\n    band's third single and first Billboard Hot 100 and soul\n    number-one song. A"}, "The single achieved sales of over four million and also\n    reached number seven in the UK singles chart.", {"i": {"#tail": "Magazine's top 100 songs of the first 50 years\n    of the Hot 100 chart.", "#text": "Billboard"}, "#text": "The song was ranked at number 19 on"}, "On the history of the song, guitarist Nile Rodgers later\n    commented:", {"i": {"#tail": "by Leona Lewis became the second track to\n    hit number one three times. Later that same year rap artist\n    T.I. tied this record twice with both \"Whatever You Like\" which\n    he recorded by himself and \"Live Your Life\" which he recorded\n    with Rihanna. On two of these occasions \"Live Your Life\"\n    dethroned \"Whatever You Like\" from the Number One Position.", "#text": "Bleeding Love"}, "#text": "\"Le Freak\" was the first song to be knocked out of (and\n    return to) the number one position on the Billboard Hot 100\n    three times. It first hit number one on the week ending\n    December 9, 1978. After one week, it fell to number two,\n    knocked out by the Barbra Streisand and Neil Diamond duet \"You\n    Don't Bring Me Flowers\" (itself being a song \"Le Freak\" knocked\n    out of the number one spot the previous week), and returned to\n    the top position on December 23, 1978. After two additional\n    weeks at number one, it again fell to number two, this time\n    replaced by \"Too Much Heaven\" by the Bee Gees, and then\n    reclaimed number one on January 20, 1979, where it remained for\n    three additional weeks. This record remained in place till\n    2008, when"}, {"i": {"#tail": ".", "#text": "Dance Dance Revolution SuperNova 2 (North America)"}, "#text": "The song is featured in the home edition of"}, {"i": {"#tail": "during the fashion\n    show portion of the game.", "#text": "Leisure Suit Larry: Love for Sail!"}, "#text": "The song is featured in"}, {"i": {"#tail": "on the episode \"Showmance\", much to the characters'\n    chagrin.", "#text": "Glee"}, "#text": "\"Le Freak\" was performed on the television show"}, {"i": {"#tail": ".", "#text": "Turn The Beat Around"}, "#text": "Most recently, \"Le Freak\" was covered by the electronica\n    band Millionaires for the MTV movie"}, {"i": {"#tail": "in the Mother/Son Dance scene.", "#text": "Diary of a Wimpy Kid"}, "#text": "The song can be heard in the 2010 film"}]}, "artist": "Chic", "lengths": {"length": ["3:30 (7\" version)", "5:23 (album / 12\" version)"]}, "title": "Le Freak", "recorded": "1978", "label": "Atlantic (3519)", "producers": {"producer": ["Bernard Edwards", "Nile Rodgers"]}, "released": "1978", "writers": {"writer": ["Bernard Edwards", "Nile Rodgers"]}, "formats": {"format": ["7\" vinyl", "12\" vinyl"]}, "weeks": {"week": ["1979-01-20", "1979-01-27", "1979-02-03"]}}}