{"top-song": {"album": "Arthur \u2013 The Album", "genres": {"genre": "Pop"}, "descr": {"p": [{"i": {"#tail": "starring Dudley Moore and Liza Minnelli. It\n    reached #1 on the US Billboard Hot 100 and in Norway on the\n    VG-lista chart.", "#text": "Arthur"}, "#text": "\"Arthur's Theme (Best That You Can Do)\", is a song performed\n    by Christopher Cross, which was the theme to the 1981 film"}, "The song was written in collaboration between Cross, pop\n    music composer Burt Bacharach, and his frequent writing partner\n    Carole Bayer Sager. A fourth writing credit goes to Minnelli's\n    ex-husband and Australian songwriter Peter Allen, also a\n    frequent collaborator with Bayer Sager; the line \"When you get\n    caught between the moon and New York City\" from the chorus is\n    taken from an unreleased song they had previously written\n    together.", "The song won the 1981 Academy Award for Best Original Song\n    and the Golden Globe Award for Best Original Song. The award\n    was presented by singer Bette Midler, who, in her presentation\n    of the nominated songs, called the song \" 'That Song About the\n    Moon and New York City,' also known as 'Four on a Song,' \"\n    referring to the four songwriters.", "In Japan, the song is known as \u30cb\u30e5\u30fc\u30e8\u30fc\u30af\u30fb\u30b7\u30c6\u30a3\u30fb\u30bb\u30ec\u30ca\u30fc\u30c7 or \"New York\n    City Serenade\" and has enjoyed popularity over the years. Cross\n    performed the song with J-pop band SMAP in 2004. The song was\n    even featured in a video that played in Shibuya Crossing (the\n    world's busiest scramble crossing) in 2007.", "It is No. 79 on AFI's 100 Years... 100 Songs"]}, "artist": "Christopher Cross", "lengths": {"length": "03:52"}, "title": "Arthur's Theme (Best That You Can Do)", "recorded": "1981", "label": "Warner Bros.", "producers": {"producer": "Burt Bacharach ; Michael Omartian ; Andrew Gold ; Val\n    Garay"}, "released": "1981", "writers": {"writer": "Christopher Cross ; Burt Bacharach ; Carole Bayer Sager\n    ; Peter Allen"}, "formats": {"format": "LP ; Cassette"}, "weeks": {"week": ["1981-10-17", "1981-10-24", "1981-10-31"]}}}