{"top-song": {"album": "Christopher Cross", "genres": {"genre": ["Soft rock", "Pop", "Yacht Rock"]}, "descr": {"p": ["\"Sailing\" is a number-one single, written and performed by\n    Christopher Cross on his 1979 eponymous debut album. The song\n    was a phenomenal success, winning Grammy Awards for Song of the\n    Year, Arrangement of the Year, and helping Cross win the Best\n    New Artist award. VH1 named this the greatest \"softsational\n    soft rock\" music song of all time. The lyrics describe the joys\n    of sailing.", "It was a number-one rated single in the United States. Since\n    its debut, it has been covered by many artists, including\n    Avant, Barry Manilow, Big Bub, 'N Sync, and Phajja.", "The song was one of the first digitally recorded songs,\n    utilizing the 3M digital recording system.", "The Mexican airline AeroM\u00e9xico used the theme during the\n    middle 1980s as a jingle for its advertisements; it was also\n    used for the cigarette brand Winston.", {"i": {"#tail": ".", "#text": "Dr. Octagonecologyst"}, "#text": "Dr. Octagon refers to the lyrics in the song \"Blue Flowers\n    Revisited\" on the album"}, "Tracy Morgan referenced the song \"Sailing\" when he appeared\n    on The Daily Show with Jon Stewart on Feb 24th, 2010. Tracy\n    stated that if he had a variety show he would book Christopher\n    Cross to sing Sailing with a russian bear on a bicycle. Cross\n    would be wearing a Houston Oilers jersey and playing a\n    double-axe bass guitar. Morgan then talked about how he used to\n    cry when he would hear Cross sing the song and noted that it\n    was his \"vision\" to have Cross sing with the bear riding the\n    bicycle.", {"span": ["\"Nel blu dipinto di blu\n      (Volare)\"\u00a0\u00b7", "\"Mack the\n      Knife\"\u00a0\u00b7", "\"Theme from A Summer\n      Place\"\u00a0\u00b7", "\"Moon River\"\u00a0\u00b7", "\"I Left My Heart in San\n      Francisco\"\u00a0\u00b7", "\"Days of Wine and\n      Roses\"\u00a0\u00b7", "\"The Girl from\n      Ipanema\"\u00a0\u00b7", "\"A Taste of\n      Honey\"\u00a0\u00b7", "\"Strangers in the\n      Night\"\u00a0\u00b7", "\"Up, Up and\n      Away\"\u00a0\u00b7", "\"Mrs. Robinson\""]}, {"span": ["\"Aquarius/Let the Sunshine\n      In\"\u00a0\u00b7", "\"Bridge over Troubled\n      Water\"\u00a0\u00b7", "\"It's Too\n      Late\"\u00a0\u00b7", "\"The First Time Ever I Saw\n      Your Face\"\u00a0\u00b7", "\"Killing Me Softly with His\n      Song\"\u00a0\u00b7", "\"I Honestly Love\n      You\"\u00a0\u00b7", "\"Love Will Keep Us\n      Together\"\u00a0\u00b7", "\"This\n      Masquerade\"\u00a0\u00b7", "\"Hotel\n      California\"\u00a0\u00b7", "\"Just the Way You\n      Are\""]}, {"span": ["\"What a Fool\n      Believes\"\u00a0\u00b7", {"#text": "\"", "strong": {"#tail": "\"\u00a0\u00b7", "#text": "Sailing"}}, "\"Bette Davis\n      Eyes\"\u00a0\u00b7", "\"Rosanna\"\u00a0\u00b7", "\"Beat It\"\u00a0\u00b7", "\"What's Love Got to Do with\n      It\"\u00a0\u00b7", "\"We Are the\n      World\"\u00a0\u00b7", "\"Higher Love\"\u00a0\u00b7", "\"Graceland\"\u00a0\u00b7", "\"Don't Worry, Be\n      Happy\""]}, {"span": ["\"Wind Beneath My\n      Wings\"\u00a0\u00b7", "\"Another Day in\n      Paradise\"\u00a0\u00b7", "\"Unforgettable\"\u00a0\u00b7", "\"Tears in\n      Heaven\"\u00a0\u00b7", "\"I Will Always Love\n      You\"\u00a0\u00b7", "\"All I Wanna\n      Do\"\u00a0\u00b7", "\"Kiss from a\n      Rose\"\u00a0\u00b7", "\"Change the\n      World\"\u00a0\u00b7", "\"Sunny Came\n      Home\"\u00a0\u00b7", "\"My Heart Will Go On\""]}, {"span": ["\"Smooth\"\u00a0\u00b7", "\"Beautiful\n      Day\"\u00a0\u00b7", "\"Walk On\"\u00a0\u00b7", "\"Don't Know\n      Why\"\u00a0\u00b7", "\"Clocks\"\u00a0\u00b7", "\"Here We Go\n      Again\"\u00a0\u00b7", "\"Boulevard of Broken\n      Dreams\"\u00a0\u00b7", "\"Not Ready to Make\n      Nice\"\u00a0\u00b7", "\"Rehab\"\u00a0\u00b7", "\"Please Read the\n      Letter\""]}, {"span": "\"Use Somebody\""}]}, "artist": "Christopher Cross", "lengths": {"length": "4:14"}, "title": "Sailing", "label": "Warner Bros.", "producers": {"producer": "Michael Omartian"}, "released": "1980", "writers": {"writer": "Christopher Cross"}, "weeks": {"week": "1980-08-30"}}}