{"top-song": {"album": "Christina\n  Aguilera", "genres": {"genre": ["Bubblegum pop", "dance pop", "R&B"]}, "descr": {"p": [{"i": {"#tail": ". It was co-written by David Frank,\n    Steve Kipner, and Pamela Sheyne. The song was released on June\n    22, 1999 as the album's lead single. It became a smash hit\n    overnight, becoming one of Aguilera's most successful singles\n    worldwide. The track went #1 on Billboard Hot 100 for five\n    weeks, having had the longest stay at number one for the entire\n    year. The track established Aguilera's place in pop culture as\n    a pop phenomenon, going platinum within a few months of\n    release. The single earned her a Grammy nomination for Best\n    Female Pop Vocal Performance in 2000 and helped her win the\n    Best New Artist Grammy that same year. Many consider this her\n    signature song (along with \"Beautiful\").", "#text": "Christina Aguilera"}, "#text": "\"Genie in a Bottle\" is the first hit single and signature\n    song from Christina Aguilera's debut album,"}, {"i": [{"#tail": "and", "#text": "Karaoke Revolution Volume 2"}, {"#tail": ".", "#text": "Dance Dance Revolution Extreme 2"}], "#text": "The song is featured on the video games"}, "The Spanish version of the song is called \"Genio Atrapado\".\n    The music videos for both \"Genie in a Bottle\" and \"Genio\n    Atrapado\" were directed by Diane Martel.", {"i": {"#tail": ". The track was written by Dan Frank,\n    Steve Kipner and Pamela Sheyne. According to Aguilera's early\n    songwriters who appeared on the documentary series Driven,\n    Aguilera was not convinced that the track would highlight her\n    voice. Her songwriter claimed that there was a \"battle\" between\n    Aguilera and her producers because she wanted to display the\n    power and audacity in her voice, whereas her producers would\n    hold her back. The original title of the song was \"If You Wanna\n    Be With Me\", but RCA thought \"Genie in a Bottle\" was more\n    appealing to audiences.", "#text": "Christina Aguilera"}, "#text": "After being signed to RCA, Aguilera began working on her\n    self-entitled debut album"}, {"i": {"#tail": ", which featured her hit \"Genio Atrapado\".", "#text": "Mi Reflejo"}, "#text": "Directed by Diane Martel, filming took place in April 1999\n    in Malibu. Aguilera wore tiny hip hugging outfits throughout\n    the video, which stirred controversy. The press felt Aguilera\n    was too young to wear erotic clothing and singing suggestive\n    lyrics. Aguilera ended up re-recording the track for Radio\n    Disney and"}, "The music video begins with Aguilera laying on a beach,\n    wearing a white midriff and tiny shorts. In the next scene,\n    she's seen wearing a jean outfit while sitting on a deck. The\n    video suddenly breaks into a dance scene, where Aguilera wears\n    a white midriff with orange pants and a mini turquoise shawl.\n    Aguilera's friends in the music video come over to her house\n    where they meet up with a group of guys driving a red\n    chevrolet. She is then on top of the chevrolet on her knees\n    singing, wearing a pink midriff and white capris. The music\n    video ends with a guy chasing after Aguilera, and together they\n    sit with a group of friends while a bonfire is lit.", "The video became an instant hit on MTV and other music\n    channels, including TRL, and eventually retired on TRL.", "Aguilera performed at the 2008 MTV Video Music Awards in\n    Hollywood. She previewed the remade version of it, called\n    \"Genie 2.0\", wearing a tight leather outfit. She later\n    performed the lead single of the compilation, \"Keeps Gettin'\n    Better\".", "In her sexually driven debut single, Aguilera begins the\n    song as a sexually repressed young woman stating that she feels\n    like she's been \"locked up tight for a century of lonely\n    nights\", and that she is waiting for sexual release. She then\n    sees a young man who sexually arouses her, making her exclaim,\n    \"My body's saying let's go\". However, even though her hormones\n    are \"racing at the speed of light\", she realizes \"my heart is\n    saying no\". Nevertheless, Aguilera offers herself to the man by\n    stating, \"If you wanna be with me, baby there's a price to pay,\n    I'm a Genie in a Bottle, You gotta rub me the right way\".", "The song's lyrics caused minor controversy at the time, as\n    it was felt by some that Aguilera was too young to be singing\n    such relatively suggestive lyrics, particularly as her music\n    was marketed to young girls. The song was censored in some\n    markets with tamer lyrics, in which Aguilera sings \"you gotta\n    treat me the right way\" (instead of \"you gotta rub me the right\n    way\"). The censored version was played in preteen-oriented\n    markets such as Radio Disney.", {"i": [{"#tail": ", a track dedicated to her fans titled", "#text": "Back to Basics"}, {"#tail": "used samples of Genie\n    in a Bottle. Extracts used such as \"I feel like I been locked\n    up\", \"My body's saying let's go\", \"oh, oh, oh\", \"Come on, Come\n    on\" and \"Baby, Baby, Baby\". Aguilera refers to the lock up\n    mentioned in the beginning of the song to her being a prisoner\n    of her dreams.", "#text": "\"Thank You (Dedication to Fans...)\""}], "#text": "In Aguilera's 2006 album,"}, "The song was released on June 22, 1999. Based on strong\n    airplay and CD sales, \"Genie in a Bottle\" reached number one on\n    the Billboard Hot 100 and stayed there for five consecutive\n    weeks. At that point, it had the longest stay at number for the\n    entire year, tying Ricky Martin's \"Livin' La Vida Loca\" and\n    Jennifer Lopez's \"If You Had My Love\", although Santana would\n    later in the year take the single, \"Smooth\", to number one on\n    the chart with a ten-week run. The success of \"Genie in a\n    Bottle\" marked the third time that year that a new female\n    artist reached number one on the Hot 100 with her debut single,\n    the first being Britney Spears with \"...Baby One More Time\" and\n    the second being Jennifer Lopez with \"If You Had My Love\". The\n    success and achievement for Spears' and Aguilera's debut\n    singles caused a lot of rivalry and comparisons between the two\n    in the media.", "The song also crossed-over successfully to other Billboard\n    charts, topping the Top 40 Mainstream, Top 40 Tracks and\n    Rhythmic Top 40 charts. The song even managed to reach the\n    Adult Top 40, and the Spanish version of the song, \"Genio\n    Atrapado\" (English: \"Trapped Genie\"), was a modest hit on the\n    Latin chart. Strong sales assured the single a platinum\n    certification. \"Genie in a Bottle\" stayed on Billboard Hot 100\n    for 25 weeks, and 43 weeks in the U.K.. Internationally, a\n    similar chart dominance was seen, as the track went to number\n    one in both the UK and Canada for multiple weeks. It charted\n    within the top five in every country it charted. Overall, the\n    song is Aguilera's second-highest charting single, behind \"Lady\n    Marmalade\", a collaboration with Lil' Kim, M\u00fda and Pink. \"Genie\n    in a Bottle\" was certified platinum in Germany for selling over\n    500,000 units. The single was also certified platinum in\n    Australia for selling over 70,000 units.", "\"Genie in a Bottle\" became Aguilera's first #1 on the\n    Worldwide Singles chart, where it stayed on the charts for 29\n    weeks and ended up at no.3 onthe Year-End chart selling\n    7,391,000 points. \"Genie in a Bottle\" was certified platinum in\n    almost every country it was released in, making it's selling\n    exceed over one million worldwide. It peaked at #7 on the\n    Year-End charts in the U.S., and #7 on the European Year-End\n    charts.", "Parodist 'Hawaiian Ryan' also recorded a spoof of the song,\n    called \"Weenie in a Bottle\", one of the tracks from his Shaving\n    Ryan's Privates album. This parody is often incorrectly\n    attributed to \"Weird Al\" Yankovic. Aguilera also used the line\n    \"weenie in a bottle\" when she played Samantha Jones at an\n    episode of Saturday Night Live that she hosted in 2004, where\n    in her character revealed to everyone that she was a man the\n    entire time.", {"i": {"#tail": ", which was Aguilera's first Spanish studio\n    album.", "#text": "Mi Reflejo"}, "#text": "The song was translated to \"Genio Atrapado,\" (\"Trapped\n    Genie\") in Spanish. It was the first single from the album"}, "The music video for \"Genio Atrapado\" mostly remained the\n    same from the English language version, \"Genie in a Bottle,\"\n    except the scenes in which Aguilera actually sings were re-shot\n    with a slightly different backdrop in order for her lips to\n    match the Spanish lyrics. These re-shot scenes were mixed into\n    scenes in which she is not singing from the original \"Genie in\n    a Bottle\" music video in order to make it seem as if both\n    videos are seamlessly the same.", {"i": [{"#tail": "and the 25th\n    anniversary of the MTV Video Music Awards. Both the original\n    version and the remake are included on", "#text": "Keeps Gettin' Better: A Decade of Hits"}, {"#tail": ".", "#text": "Keeps Gettin' Better"}], "#text": "A new electronic version of the song, named \"Genie 2.0\", was\n    performed at the 2008 MTV Video Music Awards, to commemorate\n    Aguilera's first greatest hits compilation"}, "Aguilera performed \"Genie in a Bottle\" on her tour and at\n    the 2008 MTV Video Music Awards. The Freelance Hellraiser\n    created a bootleg remix of \"Genie in a Bottle\" and the\n    instrumental track of The Strokes' \"Hard to Explain\", called \"A\n    Stroke of Genie-us\". The remix was played on the UK radio\n    station Xfm, and received favorable reviews. This song is one\n    of the earliest examples of the mashup genre.", "\"Genie in a Bottle\" earned Aguilera a Grammy nomination for\n    \"Best Female Pop Vocal Performance\" in 1999. The single earned\n    Aguilera many awards, including \"Best Selling New Artist\" from\n    the World Music Awards. On MTV Asia the track won the \"Hotseat\n    Artist Of The Month\" award, proving that \"Genie in a Bottle\"\n    had garnered worldwide success.", null]}, "artist": "Christina Aguilera", "lengths": {"length": "3:36"}, "title": "Genie in a Bottle", "recorded": "February 1999", "label": "RCA", "producers": {"producer": ["David Frank", "Steve Kipner"]}, "released": "June 22, 1999", "writers": {"writer": ["David Frank", "Steve Kipner", "Pamela Sheyne"]}, "formats": {"format": "CD single"}, "weeks": {"week": ["1999-07-31", "1999-08-07", "1999-08-14", "1999-08-21", "1999-08-28"]}}}