{"top-song": {"album": "Exclusive", "genres": {"genre": ["Pop", "R&B", "hip hop"]}, "descr": {"p": [{"i": {"#tail": ". The track features R&B\n    Singer-Songwriter/rapper T-Pain and is also produced by him.\n    Both Brown and T-Pain use the Auto-Tune in the song. The single\n    has been certified triple Platinum by the RIAA.", "#text": "Exclusive"}, "#text": "\"Kiss Kiss\" is a song by Chris Brown, released as the second\n    single from his second studio album"}, {"i": {"#tail": "'s list of the 100 Best Songs of 2007.", "#text": "Rolling Stone"}, "#text": "On October 16, 2007, \"Kiss Kiss\" became available as digital\n    track download on the U.S. iTunes Store. It was number-1 on The\n    Billboard Hot 100 on October 30 (succeeded by \"No One\" by\n    Alicia Keys), giving both Chris Brown and T-Pain their second\n    number-one singles on that chart. This song was #48 on"}, "It is noted that the radio version cuts out the intro\n    dialogue because it is often mistaken to be a snippet from\n    local radio stations, where T-Pain voices an eccentric disc\n    jockey broadcasting the song \"live\" and taking calls.", "The song was given a full single re-release in the UK on 15\n    September 2008, after the song was initially given a download\n    only release in 2007.", "The official remix features rapper Nelly with Brown &\n    T-Pain.", {"i": [{"#tail": "Hot 100), \"Kiss Kiss\" was released as the\n    second single in early September, and", "#text": "Billboard"}, {"#tail": "s release date was pushed back to November.\n    The song reached number 22 on the U.S.", "#text": "Exclusive'"}, {"#tail": "Hot 100 without any assistance from digital\n    sales, due to heavy airplay (it peaked at number two for ten\n    weeks on the Hot 100 Airplay). Once released to iTunes, the\n    track jumped twenty spots to #2 being held back by \"Crank That\n    (Soulja Boy)\" by Soulja Boy Tell 'Em. The following week, it\n    moved up to #1, giving both Brown and T-Pain their second #1\n    singles on the chart. The song became Brown's sixth top ten hit\n    on the U.S. Hot R&B/Hip-Hop Songs chart, and also reached\n    number one on the U.S. iTunes top 100 selling songs. It was No.\n    1 for three weeks on the Hot 100 before being replaced by\n    Alicia Keys' \"No One\" on the November 22, 2007 chart. The song\n    is Brown's second number-one in New Zealand, after his debut\n    \"Run It!\". This is Chris Brown's second biggest single to date,\n    trailing behind \"Run It!\", as well as T-Pain's second one,\n    trailing behind \"Buy U a Drank (Shawty Snappin')\". It is also\n    interesting to note that when \"Kiss Kiss\" reached #1 on the Hot\n    100 it became only the eighth song that debuted on the chart at\n    the lowest position of #100, and climbed all the way to #1. In\n    the UK the track managed to debut at #40 on the UK Singles\n    Chart on downloads alone and has peaked at #38. The song was\n    re-released in the UK with a physical release on 15 September\n    2008, following the Top 10 successes of singles \"With You,\" and\n    \"Forever,\". As of September 21, 2008, the re-release has so far\n    peaked at #39 on the UK Singles Chart. In Ireland, the song\n    debuted on the Irish Singles Chart at #47 in 2007, and rose to\n    #26. In September 2008, the song re-entered the chart at a new\n    peak of #23. As of September 26 the song has climbed to its\n    current peak of #19, giving Brown his 5th Top 20 hit on the\n    Irish Singles Chart. In Australia it peaked at 8 after several\n    weeks of bulleting positions, and was certified Platinum", "#text": "Billboard"}], "#text": "After Brown's previous single, \"Wall to Wall\" being his\n    least charting single thus far (reaching only number 79 on the"}, {"i": {"#tail": "on August 30, 2007. The music video is\n    also available on iTunes. This song was voted #1 on MTV's 27\n    Essential R&B Songs of 2007. The song had its debut on VH1\n    at #6 on January 5.", "#text": "106 & Park"}, "#text": "The music video was shot at Florida International\n    University's University Park campus, in Miami, Florida. This\n    video premiered on BET's"}, "In the video Brown plays two different versions of himself,\n    a nerdy person and a jock persona, both trying to get the\n    attention of a pretty girl who also attends the college. The\n    jock side of Brown is constantly picking on the nerdy Brown\n    around the girl, thinking it will impress her, whereas the\n    nerdy Brown is always being nice to her. In one scene of the\n    video the jock Brown is playing football in a field by the\n    school, while the nerdy Brown is attempting to talk to the\n    girl. The jock Brown seeing this runs and tackles the nerdy\n    Brown to the ground. At the end of the video the two Browns are\n    standing in front of their cars in the parking lot. The girl\n    comes up, passes the jock Brown and kisses the nerdy Brown and\n    proceeds to get in his vehicle, while the jock looks on,\n    bewildered."]}, "artist": "Chris Brown featuring T-Pain", "lengths": {"length": "4:11"}, "title": "Kiss Kiss", "recorded": "2007", "label": "Jive", "producers": {"producer": "T-Pain"}, "released": "September 18, 2007 \u00a0(2007-09-18) ( U.S.\n  )", "writers": {"writer": ["Christopher Brown", "Faheem Najm"]}, "formats": {"format": ["CD", "digital download"]}, "weeks": {"week": ["2007-11-10", "2007-11-17", "2007-11-24"]}}}