{"top-song": {"album": "Chris Brown", "genres": {"genre": ["R&B", "pop", "hip hop"]}, "descr": {"p": [{"i": {"#tail": ". The song was a smash hit the United States,\n    spending five consecutive weeks atop of the Billboard Hot 100,\n    making Brown the second male act (Montell Jordan was the first\n    in 1995) to have his debut single reach the spot. \"Run It\" also\n    peaked number one in Australia and New Zealand and number two\n    in the United Kingdom. It has been certified Platinum by the\n    RIAA. A remixed version of \"Run It!\" appears on the album,\n    featuring producer Jermaine Dupri and rapper Bow Wow.", "#text": "Chris Brown"}, "#text": "\"Run It!\" is the debut single by American R&B singer\n    Chris Brown, featuring American rapper Juelz Santana in the\n    remix. It was written by Santana, Sean Garrett and Scott\n    Storch, and produced by the latter. It was released in 2005 and\n    is Brown's first career single, off his debut album"}, "The music video, directed by Erik White, portrays a school\n    dance inside a gym, where Brown meets a girl that he is\n    suddenly attracted to and with whom he wants to dance. The\n    video gives long dance sequences throughout. At the end, the\n    security guards arrive, and the whole gym is evacuated.\n    However, as soon as the guards find nobody there, they start\n    dancing. Brown says the solo dances were freestyles. The video\n    received nominations for Best New Artist and Viewer's Choice at\n    the 2006 MTV Video Music Awards, but did not win either of\n    these.", "In the United States \"Run It\" climbed to the top spot of the\n    Billboard Hot 100. If also peaked at #1 in Austrailia and New\n    Zealand, and reached the top 5, 10, and 20 on multiple other\n    charts."]}, "artist": "Chris Brown", "lengths": {"length": ["3:49 (Main/Album Version)", "4:04 (Remix)", "3:12 (Radio/No Rap Version)"]}, "title": "Run It!", "recorded": "2005", "label": "Jive", "producers": {"producer": "Scott Storch"}, "released": "August 9, 2005 \u00a0(2005-08-09) ( U.S. ) , 2006\n  (worldwide)", "writers": {"writer": ["Scott Storch", "Sean Garrett", "LaRon James"]}, "formats": {"format": "CD single"}, "weeks": {"week": ["2005-11-26", "2005-12-03", "2005-12-10", "2005-12-17", "2005-12-24"]}}}