{"top-song": {"album": "Christina Aguilera", "genres": {"genre": ["Dance-pop", "Teen pop"]}, "descr": {"p": [{"i": {"#tail": "(1999). It was co-produced by Fair and\n    Celebrity Status.", "#text": "Christina Aguilera"}, "#text": "\"Come On Over Baby (All I Want Is You)\" is a song co-written\n    by American pop singer Christina Aguilera, Paul Rein, Johan\n    Aberg, Celebrity Status (C. Blackmon, R. Cham, E. Dawkins), Guy\n    Roche, Shelly Peiken and Ron Fair for Aguilera's debut album"}, {"i": [{"#tail": ". It was\n    released as the album's fourth single in the summer of 2000\n    (see 2000 in music), and was the first single on which Aguilera\n    had been given significant creative control. It peaked at\n    number one in the U.S., and was very successful elsewhere as\n    well. This was also the first time in which Aguilera was\n    allowed to toy with her image in the music video for the song,\n    kicking off a long evolution of looks the singer would end up\n    doing over the span of her career. The brand new look, which\n    included more revealing outfits and streaks of red and blue in\n    her hair, was also used for her debut Spanish language album", "#text": "come on over baby ... 'cause all I want is you"}, {"#tail": "and also for her first headlining tour in\n    Summer 2000.", "#text": "Mi Reflejo"}], "#text": "The song is about Aguilera eying a prospective boyfriend and\n    declaring"}, "The Spanish version of the song is called \"Ven Conmigo\n    (Solamente T\u00fa)\".", "Both music videos - \"Come On Over Baby (All I Want Is You)\"\n    and \"Ven Conmigo (Solamente T\u00fa)\" - were directed by Paul Hunter\n    from June 12\u201313, 2000.", {"i": {"#tail": "), a new remixed and re-recorded\n    version of \"Come On Over Baby (All I Want Is You)\" was released\n    as a single rather than the original album version. The album\n    version, which had been known simply as \"Come On Over (All I\n    Want Is You)\", was seen as unsuitable for single release. Since\n    the single had been originally produced and written by Paul\n    Rein and Johan Aberg in 1998, the pair were given the first\n    opportunity to change the song. Aguilera and Ron Fair (her\n    mentor) were not impressed with their efforts, and turned to\n    the producing team known only as Celebrity Status in May\n    2000.", "#text": "Christina Aguilera"}, "#text": "Like \"What a Girl Wants\" (the second single from"}, "With Celebrity Status and Ron Fair producing, \"Come On Over\n    (All I Want Is You)\" (the album version) was transformed into\n    \"Come On Over Baby (All I Want Is You)\" with a more pop\n    oriented, hip hop-influenced production (as opposed to the\n    original piano rich production). New and more sexual lyrics, a\n    chord progression for the song's b-section, a bridge (the\n    original song did not have a bridge), a \"rap\" from Aguilera, a\n    new mid-song dance breakdown, and more powerful vocals by\n    Aguilera were also added. (The song also features limited new\n    elements from Guy Roche and Shelly Peiken.)", "As the original album version does not have a bridge, it had\n    previously been performed live with an interlude that sampled\n    the disco song \"Got to Be Real\" by Cheryl Lynn. When the\n    original songwriters of \"Got to Be Real\" were contacted for\n    permission to sample their song, they denied clearance.\n    Instead, Aguilera's team added a part to the song referencing\n    \"What a Girl Wants\":", "You give me, what a girl feels, what a girl likes, what a\n    girl needs, what a girl wants.", "Aguilera helped write the song's controversial and slightly\n    sexual rap section: (not in the album version)", "Don't ya wanna be the one tonight? We can do exactly what\n    you like. Don't ya wanna be just you and me? We can do what\n    comes naturally.", "This rap (and also a section in the second verse in which\n    Aguilera discusses sexuality and a man's hands on her body)\n    caused Radio Disney to ban the song initially, as it had done\n    to \"Genie in a Bottle\" (the album's first single). The original\n    album version of the song, \"Come On Over (All I Want Is You)\",\n    was allowed to be played, and an edited version of \"Come On\n    Over Baby\" (which removed the second verse and the rap) was\n    also given some airplay. Reportedly, the edited single version\n    received more airplay on the station than the album version of\n    the song.", "Major tracks released for \"Come on Over Baby (All I Want Is\n    You)\".", "UK single", "US Single[1]", "US Maxi-CD", "Australia single", "UK Vinyl, 12\"", "Directed by Paul Hunter, the music video begins with\n    Aguilera talking on the phone with her boyfriend, telling him\n    to come over her house. After she hangs up the phone, the scene\n    breaks out into Aguilera wearing a white midriff and white\n    pants, with red streaks in her hair. In the next scene,\n    Aguilera has loose braided pigtails, a blue midriff, and blue\n    and white checkered pants. She is in her bedroom, when suddenly\n    her and her backup dancers begin dancing in front of a white\n    background. The male dancers come out, and begin dancing with\n    the female dancers. After that, Aguilera and her then-real life\n    boyfriend Jorge Santos dance together with her backup dancers\n    in the scene where everyone is wearing yellow and green\n    outfits, first in a yellow-green background followed by a\n    yellow-orange background. The next scene is where her dancers\n    dance on chairs in white open-faced cubes, intercut with\n    Aguilera singing in a blue-walled background and a white\n    drapery background. Aguilera and her backup dancers then dance\n    in front of a white background. It cuts into a scene where\n    Aguilera walks down a flight of steps in a red room, with her\n    backup dancers on each step. They begin dancing again, and\n    Aguilera's backup dancers hold up pieces of puzzle paper that\n    shows Aguilera's face.", {"i": [{"#tail": ". The image Aguilera used in \"Come on\n    over Baby (All I Want Is You)\" was also used for", "#text": "Christina Aguilera"}, {"#tail": "and her first headlining tour in 2000.", "#text": "Mi Reflejo"}], "#text": "The music video for \"Come on Over Baby (All I Want Is You)\"\n    was an instant hit, shooting to #1 on TRL. It featured a more\n    racier image from Aguilera, quite different from her previous\n    singles, Genie in a Bottle and I Turn To You. Unlike her\n    previous singles, she had red streaks in her hair, and wore\n    tighter clothing. The video was shot from June 12\u201313, 2000, and\n    was the last music video from her chart topping self-entitled\n    debut album,"}, "The music video for \"Ven Conmigo\" was a bit different from\n    \"Come on Over (All I Want Is You), although some scenes were\n    the same. In \"Ven Conmigo\", Aguilera wears darker eye makeup.\n    Her lipstick is also light pink. In a few scenes she is seen\n    sitting on a red bench in a white background. Both videos were\n    directed by Paul Hunter.", "When the music video for \"Come on Over Baby (All I Want Is\n    You)\" aired on the Disney channel, some scenes were edited out\n    and some of the sexual lyrics were censored/muted.", "\"Come On Over Baby (All I Want Is You)\" became Aguilera's\n    third number-one hit on the U.S. Billboard Hot 100, and the\n    RIAA eventually certified the single gold. It spent twenty-one\n    weeks on the Hot 100, and ranked thirty-eight on the Hot 100's\n    2000 year-end charts. The Spanish-language version of the\n    single, \"Ven Conmigo (Solamente T\u00fa)\", sticking to the original\n    arrangement, was also a huge latin music success, becoming\n    Aguilera's first number-one single on Billboard's Hot Latin\n    Tracks chart, and reaching #1 as well in Spain.", {"i": {"#tail": ". Not only did the single hit #1 on the\n    Billboard Hot 100 and had stronger airplay than the previous\n    single, but the video also became Aguilera's most popular video\n    to date, becoming a huge #1 hit on TRL and receiving strong\n    airplay on MTV, VH1, and even Disney and Nickeoldeon.", "#text": "I Turn To You"}, "#text": "After receiving a strong push from the record label and\n    Aguilera herself, the single became a big hit for Aguilera,\n    with many considering it a 'comeback' due to the slight\n    underperformance of her previous single"}, "\"Come On Over Baby (All I Want Is You)\" reached the top ten\n    in the UK, Japan and Australia and the top twenty in Canada,\n    but was less successful in Continental Europe, reaching the top\n    forty in most markets. The single became yet another\n    international success for Aguilera ,reaching #2 in New Zealand,\n    where it stayed on the charts for 13 weeks. \"Come on Over Baby\n    (All I Want is You)\" was eventually certified Gold in the U.S.\n    for selling over 500,000 units in Physical CD sales. The single\n    was also certified Platinum in Australia . \"Come on Over\"\n    stayed at #1 on Billboard for four weeks, and stayed on the\n    Australian charts for 20 weeks.", {"i": [{"#tail": ". \"Ven Conmigo\" peaked at #8 in Spain, making\n    it her second Top 10 hit in Spain. \"Come on Over\" was featured\n    on Aguilera's Greatest Hits album", "#text": "Mi Reflejo"}, {"#tail": ". The single was\n    released as a Maxi-CD Single during its release.", "#text": "Keeps Gettin Better: A Decade Of Hits"}], "#text": "The Spanish version of the single, \"Ven Conmigo\", peaked at\n    #1 on the U.S. Latin Charts, and #4 in Argentina. \"Ven Conmigo\"\n    became the only #1 single on the U.S. Latin Charts from her\n    album"}, {"i": {"#tail": ".", "#text": "Back to Basics Tour"}, "#text": "Christina Aguilera performed \"Come on Over Baby (All I Want\n    is You)\" at the 2000 MTV Video Music Awards. She wore a\n    striking red tight outfit, with black streaks in her hair\n    previous to how she wore them in her music video, black high\n    heels, and a tight ruby red midriff. At the end of Aguilera's\n    performance, Fred Durst walked onstage and performed part of\n    his band's song \"Livin' It Up\" with Aguilera. After eliciting\n    charged reactions from his fans, Durst stated: \"I already told\n    you guys before, I did it all for the nookie, man.\" The feud\n    died weeks later. Aguilera denied Durst's statement, saying\n    Durst \"got no nookie\". Aguilera and pop peer Britney Spears\n    disproved rumors of a rivalry when they came onstage, holding\n    hands, and introduced Whitney Houston. Christina also performed\n    \"Come on Over Baby (All I Want is You)\" on her headlining 2007"}, "The single was released to radio stations in the U.S. on\n    September 26, 2000. The track was available in several formats,\n    including a CD Single and maxi single. In the U.K. it was also\n    released along with a cassette single, with the B Side of the\n    track being the Radio Version and \"Ven Conmigo\". On the 12\"\n    U.K. Vinyl single, it featured two remixes by Blacksmtih Club\n    Mix two Sunship remixes. On the Australian single, the CD\n    featured \"Come On Over Baby (All I Want Is You) [Radio\n    version]\", \"Ven Conmigo (Solamente T\u00fa)\", and \"I Turn To You\"\n    [Cutfeather & Joe Remix].", "Notes:"]}, "artist": "Christina Aguilera", "lengths": {"length": ["3:23 (Radio/New album version)", "3:41 (Video Version)", "3:07 (Original album version)", "3:11 (Spanish version)"]}, "title": "Come on Over Baby (All I Want Is You)", "recorded": "1998 (original version) , May 2000 (re-recorded\n  version)", "label": "RCA", "producers": {"producer": ["Ron Fair", "Celebrity Status"]}, "released": "September 26, 2000", "writers": {"writer": ["Johan Aberg", "Paul Rein", "Christina Aguilera", "Ron Fair", "C. Blackmon", "R. Cham", "E. Dawkins", "Shelly Peiken", "Guy Roche"]}, "formats": {"format": ["CD single", "cassette single"]}, "weeks": {"week": ["2000-10-14", "2000-10-21", "2000-10-28", "2000-11-04"]}}}