{"top-song": {"album": "Christina\n  Aguilera", "genres": {"genre": ["Teen pop", "Bubblegum pop"]}, "descr": {"p": [{"i": {"#tail": ". Released in late 1999, the single\n    peaked at number one on the Billboard Hot 100 on January 15,\n    2000 for two weeks, becoming Aguilera's second number-one\n    single. In the U.S., it became the first #1 single of the\n    2000s. The single also peaked at number three in the UK and at\n    number five in Australia. Often considered one of her signature\n    songs, the single is most known for establishing Aguilera's\n    placement in the music industry. Many critics had written off\n    the success of her last single, \"Genie in a Bottle\", as a\n    fluke; \"What a Girl Wants\" served to prove that Aguilera was\n    not a one-hit wonder. The single earned her five MTV Video\n    Music Awards nominations; Best Female Video, Best New Artist,\n    Best Pop Video, Viewer's Choice, and Best Choreography (Tina\n    Landon), and also a Grammy Award nomination for Best Female Pop\n    Vocal Performance in 2001.", "#text": "Christina Aguilera"}, "#text": "\"What a Girl Wants\" is the second single from Christina\n    Aguilera's debut album,"}, "The song appears on the game .", "The song's music video was directed by Diane Martel.", "\"What a Girl Wants\" was written by Shelly Peiken and Guy\n    Roche, and was produced by Roche as well. In her first anthem\n    dedicated to appreciating gentlemen, Aguilera wants to thank a\n    man who stood by her, and did not abandon her while she was\n    confused and needed time to 'breathe'. He knew exactly what his\n    girl wanted and needed. To show her appreciation for the guy in\n    her life, Aguilera sings, \"What a girl wants, what a girl\n    needs; Whatever makes me happy and sets you free, and I'm\n    thanking you for knowing exactly..\". Unlike her previous\n    single, \"Genie in a Bottle\", this song is not meant to deal\n    with the sexual aspect of relationships, but rather the\n    romantic and loving part of them, despite the fact that a few\n    of the lyrics suggest otherwise (e.g. \"What I want is what you\n    got, What you got is what I want\").", {"i": [{"#tail": "and", "#text": "TRL"}, {"#tail": ". Aguilera felt that was a poor choice for the\n    next single and that she would end up as a one hit wonder if it\n    became the next single.", "#text": "Soul Train"}], "#text": "Besides \"Genie in a Bottle\" and \"Beautiful\", the song is\n    often considered to be one of her signature songs, but\n    ironically, it almost did not become the second single.\n    Aguilera's record company, RCA Records, had originally felt\n    that the track \"So Emotional\" should become the second single.\n    The label even promoted the song as if it were a single by\n    having Aguilera perform the song on several occasions, such as\n    on"}, "Originally her insecurities were brushed off by RCA, but\n    Aguilera continued to fight. Her record company finally\n    relented, and \"What a Girl Wants\" was given the go-ahead to be\n    the next single. However, Aguilera was still not comfortable as\n    she felt that the song did not have single potential in its\n    current form. Instead, she decided that the song needed to be\n    remixed and re-recorded (as the original album version of \"What\n    a Girl Wants\" had been a slow jam unsuitable for pop radio at\n    the time). When redone, the new version of \"What a Girl Wants\"\n    kept much of the original melody, but showed new energy and\n    zest as the song was now uptempo, had new lyrics, a new bridge,\n    a Baroque-style breakdown and new powerful vocals (since the\n    original album version had been recorded in June 1998,\n    Aguilera's vocal strength had increased considerably).", {"i": {"#tail": ".", "#text": "Mi Reflejo"}, "#text": "As the new version of the song was not on the original\n    album, the album was re-released with the video version of the\n    new version replacing the original version. For fans of\n    Aguilera who already had the album and did not want to buy it\n    again, the Radio Edit of the new version was also released as\n    one of the last major releases of CD singles in the U.S. The\n    Spanish version, \"Una Mujer\" (English: \"A Woman\"), is included\n    on"}, {"i": {"#tail": "but sang it in a reggae style with no\n    whistle notes.", "#text": "Back to Basics Tour"}, "#text": "Aguilera has sung \"What a Girl Wants\" differently from the\n    album version since around 2002. Her most noticeable change has\n    been on the Justified and Stripped Tour, where she changed\n    tempo, and sings the word knew in \"You're the one who always\n    knew\" regularly, but built up into whistle register and whistle\n    register vocal acrobatics. Aguilera also sang the song in her\n    2006 - 2007's tour"}, "The music video was directed by Diane Martel, who also done\n    a music video for Aguilera's previous and chart topping single\n    \"Genie in a Bottle\". The video begins with Aguilera and her\n    friends walking into an arcade-themed room, dancing for a group\n    of guys, including then-unknown actor Brandon Routh. Suddenly\n    the music video breaks into a scene where Aguilera is seen\n    laying down wearing a corset, with a group of girls dancing\n    around her. Then it returns to its original scene, where\n    Aguilera continues dancing for a group of guys with her\n    friends. The video ends with Aguilera in the arms of her love\n    interest. The music video became the 6th most requested ever on\n    TRL. The video was shot in early November 1999 and premiered on\n    November 25, 1999 on MTV's Total Request Live.", {"i": {"#tail": "starring Mel Gibson and Helen Hunt.", "#text": "What Women Want"}, "#text": "The song appeared in the 2000 hit romantic comedy"}, "US Promo CD [1]", "US 3-track Promo [2]", "2 Track US CD single", "US/Germany single", "Maxi-CD", "US Promo Remixes", "UK Promo CD [3]", "UK CD 1'", "'UK CD 2", "Japanese Promo [4]", "Germany Maxi-CD", "After the massive success of Aguilera's number-one debut\n    single \"Genie in a Bottle\", there was pressure for its\n    follow-up to succeed, as well. \"What a Girl Wants\" proved to be\n    another big hit, though not to quite the same degree as \"Genie\n    in a Bottle\". The song topped the Billboard Hot 100 and Hot 100\n    Singles Sales charts for two weeks, and peaked at number two on\n    the Hot 100 Airplay; the single's strong sales would later\n    assure it a gold certification. Once again, the song was an\n    all-around huge hit, topping the Top 40 Tracks, Top 40\n    Mainstream and Rhythmic Top 40 charts. The track was\n    international success, reaching #3 in the U.K.. \"What a Girl\n    Wants\" also entered the Top 10 in Canada, landing at #5.", "A CD maxi single release late into the song's run helped the\n    song peak at number two on the Hot Dance Music/Maxi-Singles\n    Sales; unfortunately in terms of club play, the song was not as\n    successful peaking at number eighteen on Hot Dance Club Play.\n    There are several different versions of \"What a Girl Wants\"\n    including the Adult Contemporary Mix which includes lyrics from\n    the video version, but a track closer the original album\n    version.", "Elsewhere, the single fared success within the top twenty in\n    most countries. The single also reached #1 in New Zealand,\n    where it held that position for 5 consecutive weeks. During the\n    week of March 13, 2000, Aguilera visited the country while the\n    single remained at #1. \"What a Girl Wants\" was certified Gold\n    in New Zealand for selling more than 7,500 units, and certified\n    gold in Sweden. It landed at #19 on the Year-End charts in\n    America and #32 in New Zealand.", "A different version was used as the single version than the\n    album version. In the video, a slightly altered version of the\n    single version is used, which includes a classical-themed\n    breakdown in the video and an extended ending in the video\n    version as well. Four official remixes were released in the US\n    on the CD maxi-single, including two each by Eddie Arroyo and\n    Thunderpuss. Further remixes were released on international\n    versions of the single."]}, "artist": "Christina Aguilera", "lengths": {"length": ["3:35 (Video/New Album Version)", "3:20 (Radio Version)", "3:52 (Original Album Version)", "3:14 (Spanish Version)"]}, "title": "What a Girl Wants", "recorded": "September 1999", "label": "RCA", "producers": {"producer": "Guy Roche"}, "released": "December 28, 1999", "writers": {"writer": ["Shelly Peiken", "Guy Roche"]}, "formats": {"format": ["CD single", "CD maxi single", "cassette single", "12\" maxi single"]}, "weeks": {"week": ["2000-01-15", "2000-01-22"]}}}