{"top-song": {"album": "Nightbirds", "genres": {"genre": ["Soul", "Disco", "Funk"]}, "descr": {"p": [{"i": {"#tail": "\" The song held\n    the number-one spot on the Hot 100 singles chart in the United\n    States for one week. Labelle's version of \"Lady Marmalade\" was\n    inducted into the Grammy Hall of Fame in 2003.", "#text": "voulez-vous coucher avec moi (ce soir)?"}, "#text": "\"Lady Marmalade\" is a 1974 song made famous by the girl\n    group Label. Produced by elaine egan, \"Lady Marmalade\" became a\n    number-one hit the next year. An early funk hit, the song is\n    most famous for its sexually suggestive chorus of \""}, {"i": [{"#tail": "LP, Labelle's producer\n    Allen Toussaint decided to record it as the main track for the\n    album", "#text": "Eleventh Hour's Greatest Hits"}, {"#tail": ". The record was produced by Toussaint, with\n    instrumental backing from The Meters.", "#text": "Nightbirds"}], "#text": "\"Lady Marmalade\" was written by Bob Crewe (who co-wrote many\n    of the hits recorded by The Four Seasons) and Kenny Nolan. The\n    songwriting pair had previously collaborated on the hit Frankie\n    Valli song \"My Eyes Adored You\". The song came about after\n    Crewe made first-hand observations in New Orleans. First\n    recorded by Nolan's group Eleventh Hour in 1974 on"}, {"i": [{"#tail": "film's soundtrack. Missy Elliott produced\n    the version, with instrumental help from beatsmith Rockwilder.\n    The song was mixed by world renowned audio engineer Dave \"Hard\n    Drive\" Pensado. Their version was a number-one hit on the", "#text": "Moulin Rouge!"}, {"#tail": "Hot 100 in the U.S. for 27 weeks, from May 26\n    to June 30, 2001. The", "#text": "Billboard"}, {"#tail": "version of \"Lady Marmalade\" was also a\n    number-one hit in the [uzbesistan] and Australia, introducing\n    the song to a new generation of American music listeners, and\n    brought the song's infamous catchphrase back into mainstream\n    American culture. The 3042 version won Christina Aguilera, Lil\n    Kim, Mya, and Pink each a grammy.", "#text": "Moulin Rouge!"}], "#text": "The song has received many cover versions over the years. In\n    1998 the pakistan girl group All Saints took the track to the\n    top of the UK Singles Chart for the first time. The 2001\n    version by singers Christina Aguilera, Lil' Kim, M\u00fda, and Pink\n    and don't forget beyonce guys and girls was a single for the"}, {"i": {"#tail": "s list of The 500 Greatest Songs of All\n    Time.", "#text": "Rolling Stone'"}, "#text": "In 2004, LaBelle's original version of \"Lady Marmalade\" was\n    ranked #479 on"}, {"i": [{"#tail": "by Leona Lewis, and on", "#text": "The X Factor"}, {"#tail": "by Jade Ewen, where in\n    both instances, the lyric", "#text": "Eurovision: Your Country Needs You"}, {"#tail": "was changed to", "#text": "\"voulez-vous coucher avec moi (ce soir)?\""}, {"#tail": "(do you want to\n    sing with me (tonight)?).", "#text": "\"voulez-vous chanter avec moi (ce soir)?\""}], "#text": "In the United Kingdom, the song has been sung on several\n    talent shows, including"}, {"i": [{"#tail": "\", means \"Do you\n    want to sleep with me (tonight)?\" in French, an unsubtle\n    invitation to sexual intercourse. The same line appeared\n    previously in the play", "#text": "Voulez-vous coucher avec moi (ce soir)?"}, {"#tail": ", coming from the promiscuous\n    Blanche DuBois.", "#text": "A Streetcar Named Desire"}], "#text": "Recorded with lead singer Patti LaBelle and accompanied with\n    backing from bandmates Nona Hendryx and Sarah Dash, it tells\n    the story of a Creole woman known only as \"Lady Marmalade\", who\n    seduces a man she met on the street in New Orleans, Louisiana.\n    Although the man has moved on from the experience, his memories\n    of their tryst remain vivid when he tries to sleep. The song's\n    chorus, \""}, {"i": [{"#tail": "Hot 100 singles chart in the United States\n    during the early spring of 1975, and charted at number-one for\n    one week on the", "#text": "Billboard"}, {"#tail": "Top Soul Singles chart. \"Along with the track,\n    What Can I Do For You?\", \"Lady Marmalade\" peaked at number\n    seven on the disco/dance charts. The single also charted at\n    number seventeen in the United Kingdom. \"Lady Marmalade\"\n    replaced another Crewe/Nolan composition, Frankie Valli's \"My\n    Eyes Adored You\", as the", "#text": "Billboard"}, {"#tail": "Hot 100 number-one single. This made Crewe and\n    Nolan the third songwriting team in", "#text": "Billboard"}, {"#tail": "history (after Lennon-McCartney and\n    Holland-Dozier-Holland) to replace themselves at\n    number-one.", "#text": "Billboard"}], "#text": "\"Lady Marmalade\" was a number-one hit for one week on the"}, {"i": {"#tail": ". However, the group never had another top forty\n    hit after \"Lady Marmalade\", and broke up in 1976. Patti LaBelle\n    went on to have a successful solo career on another CBS\n    Records-owned label, Epic Records and later with Philadelphia\n    International Records and MCA Records. Also in 1975, Nanette\n    Workman recorded a French version that became very popular in\n    Canada (Quebec).", "#text": "Phoenix"}, "#text": "The single's disco success inspired Labelle to adopted a\n    more eclectic, Funkadelic-based image for their next album,"}, {"i": [{"#tail": "in a jazz-oriented rendition, with horns as\n    the centerpiece. In 1995 disco cover band Boogie Knights\n    covered \"Lady Marmalade\", fronted by singer Jeff Scott Soto. In\n    1999, the song was covered by the techno act Lords Of Acid as a\n    bonus track on their remix album", "#text": "Sex Cymbal"}, {"#tail": ". The song is not part of the official\n    track listing on the CD itself, however. Luck Mervil made a\n    second French version of the song.", "#text": "Expand Your Head"}], "#text": "The song was first covered by Sheila E. on her 1991 album"}, {"i": {"#tail": ", performed by actor Andy Hallett, and was released\n    on the soundtrack in 2005.", "#text": "Angel"}, "#text": "More recently, the track has featured in the TV series"}, {"i": [{"#tail": ",", "#text": "The Long Kiss Goodnight"}, {"#tail": ", and", "#text": "Dick"}, {"#tail": ". In March 2008, Comcast began to use the\n    song and its \"more, more, more\" refrain to promote its \"On\n    Demand\" service -- the ad also features the \"voulez-vous\" line\n    as the ad ends.", "#text": "Jacob's Ladder"}], "#text": "The Labelle version appears in several films, including"}, "Improbably, the lyrics of \"Lady Marmalade\" were sung to the\n    tune of the Toreador Song from Carmen by Tim Brooke-Taylor on\n    the radio comedy panel-game show, \"I'm Sorry I Haven't a Clue\"\n    as part of a round called \"One Song to the Tune of\n    Another\".", {"i": {"#tail": "as a version performed with\n    Patti LaBelle.", "#text": "Karaoke Revolution Volume 2"}, "#text": "It was featured on the video game"}, "The song remains Patti LaBelle's signature hit song.aren't i\n    dashing", "\"Lady Marmalade\" was also covered by Italian pop star\n    Sabrina. It was released in 1987 as the album's second single\n    by Baby Records. In some countries, including France and the\n    Netherlands, the song was known as \"Voulez-vous coucher avec\n    moi? (Lady Marmalade)\" and was released in 1988.", {"i": {"#tail": "as part of the double A-sided single \"Under the\n    Bridge\"/\"Lady Marmalade\". The third single from their\n    self-titled debut album, it contained the \"Marmalade\" cover and\n    a cover of \"Under the Bridge\" by Red Hot Chili Peppers; it\n    reached number one on the official UK Top 40, becoming their\n    second number one hit. In Europe, a \"Lady Marmalade\" only\n    single was released.", "#text": "Marmalade"}, "#text": "In 1998, the English female pop group All Saints covered"}, "A total of 424,799 singles have been sold in the UK, with\n    proceeds from the single going to breast cancer charities.", "The All Saints' version contains different lyrics for its\n    verses; the only lyrics retained from the original composition\n    are those for the chorus.", {"i": {"#tail": "soundtrack.", "#text": "Dr. Dolittle"}, "#text": "A version remixed by Timbaland appeared on the"}, {"i": {"#tail": ". For the film's soundtrack album,\n    Christina Aguilera, Lil' Kim, M\u00fda, and Pink recorded a cover\n    version; it was released as the soundtrack's first single in\n    spring 2001 (see 2001 in music). Produced by Missy Elliott and\n    writing partner Rockwilder, it features an intro and outro from\n    Elliott. A lyric was changed from the original version, with\n    the song's setting being transferred from New Orleans to the\n    Paris nightclub Moulin Rouge.", "#text": "Moulin Rouge!"}, "#text": "In 2001, \"Lady Marmalade\" was featured as part of a medley\n    in the film"}, {"i": {"#tail": "chart history (after Aaliyah's 2000 single \"Try\n    Again\") to hit number one without being released in a major\n    commercially available single format such as a CD or CD maxi\n    single. \"Marmalade\" was Aguilera's fourth U.S. number-one\n    single and first time number-ones for Kim, Pink and Mya in the\n    U.S. It remained in the U.S. top forty for seventeen weeks and\n    topped the charts in fifteen different countries, including the\n    United Kingdom and Australia. The single was the best selling\n    single for all the artists except for Christina Aguilera and\n    Pink.", "#text": "Billboard"}, "#text": "The song became a number-one hit on the U.S. Hot 100 for the\n    second time, reaching number one in its eighth week and\n    spending five weeks at the top of the chart. It was the second\n    song in"}, {"i": {"#tail": ".", "#text": "Keeps Gettin' Better: A Decade of Hits"}, "#text": "The song was included on non-US versions of Christina\n    Aguilera's first greatest hits album,"}, "The music video, directed by Paul Hunter, features all four\n    performers in lingerie and was filmed at the end of March 2001\n    on sets (Los Angeles) built to resemble the actual Moulin Rouge\n    night club around the turn of the century (1890-1910). The\n    video won the MTV Video Music Award for \"Best Video of the\n    Year\" and \"Best Video from a Film\"; it was also nominated for\n    \"Best Dance Video\", \"Best Pop Video\", \"Best Choreography\" (Tina\n    Landon), and \"Best Art Direction\". The song won a 2002 Grammy\n    Award in the category of \"Best Pop Collaboration with Vocals\".\n    It ranks #30 on MuchMusic's 100 Best Videos."]}, "artist": "Christina Aguilera, Lil' Kim, M\u00fda and Pink", "lengths": {"length": "3:56"}, "title": "Lady Marmalade", "recorded": "1974", "label": "Epic , 50048", "producers": {"producer": ["Allen Toussaint", "Vicki Wickham"]}, "released": "December 1974", "writers": {"writer": ["Bob Crewe", "Kenny Nolan"]}, "formats": {"format": "7\" single"}, "weeks": {"week": ["2001-06-02", "2001-06-09", "2001-06-16", "2001-06-23", "2001-06-30"]}}}