{"top-song": {"genres": {"genre": "Rock and roll"}, "descr": {"p": ["\"The Twist\" is a twelve bar blues song that gave birth to\n    the Twist dance craze. The song was written and originally\n    released in 1959 by Hank Ballard and the Midnighters as a\n    B-side (to \"Teardrops on Your Letter\") but his version was only\n    a moderate 1960 hit, peaking at 28 on the Hot 100. The song,\n    and the dance the Twist, was popularized in 1960 when the song\n    was covered by Chubby Checker. His single became a smash hit,\n    reaching number one on the Billboard Hot 100 on September 19,\n    1960 (one week), and then setting a record by being the only\n    single to reach number one in two different chart runs when it\n    resurfaced and topped the chart again on January 13, 1962 (two\n    weeks).", {"i": {"#tail": ") was retitled \"T-82\", and in the\n    1990s, he recorded a country version. In the late 1970s, he\n    recorded a new version that, except for the sound mix and some\n    minor arrangement changes, was identical to the 1960 original;\n    as a result this later version is often misidentified on\n    compilations as the original recording. Checker also recorded\n    variations on the theme, such as \"Let's Twist Again (Like We\n    Did Last Summer)\" to keep the craze alive (although \"Let's\n    Twist Again\" was and has remained more popular than \"The Twist\"\n    itself in the United Kingdom).", "#text": "The Change Has Come"}, "#text": "Checker re-recorded the song numerous times. An updated 1982\n    recording (from his album"}, "In 1988, the song \"The Twist\" became popular once again, due\n    to a new recording of the song by The Fat Boys featuring Chubby\n    Checker. This version reached number two in the United Kingdom\n    and number one in Germany.", "Songs about doing the Twist went back to nineteenth-century\n    minstrelsy, including \"Grape Vine Twist\" from around 1844. In\n    1938 Jelly Roll Morton, in \"Winin' Boy Blues,\" sang, \"Mama,\n    mama, look at sis, she's out on the levee doing the double\n    twist\"--a reference to both sex and dancing in those days. As\n    for this particular song, \"The Twist,\" Hank Ballard's\n    guitarist, Cal Green, said they picked up the general idea from\n    Brother Joe Wallace of the gospel group The Sensational\n    Nightingales, who of course couldn't record it himself. Green\n    and Ballard already had written a song together called \"Is Your\n    Love For Real,\" which they'd taken from Clyde McPhatter &\n    the Drifters' 1955 song \"What'cha Gonna Do,\" so they simply put\n    the new Twist words to the older melody--and voila! \"The Twist\"\n    They originally recorded a loose version of the song in a\n    Florida studio in early 1958, with slightly different lyrics,\n    featuring Green on guitar playing like Jimmy Reed. However,\n    they didn't get around to recording the released version until\n    November 11, 1958, when the Midnighters were in Cincinnati.\n    Ballard thought \"The Twist\" was the hit side, but King Records\n    producer Henry Glover preferred the ballad \"Teardrops on Your\n    Letter,\" which he'd written himself.", "According to Magazine, \"The Twist\" held the honor of being\n    the number-one song on its \"Hot 100 50th Anniversary\" list of\n    \"The Billboard: All-Time Hot 100 Top Songs\" in the first 50\n    years of the Hot 100 chart.", {"i": {"#tail": "magazine's list of The 500 Greatest Songs\n    of All Time.", "#text": "Rolling Stone"}, "#text": "The song is ranked number 451 on the"}, "The song is featured on the soundtrack released May 1,\n    2007.", {"i": {"#tail": "for Faber & Faber ISBN 780571 198528", "#text": "The Twist: The Story of the Song and Dance That Changed the\n    World"}, "#text": "Jim Dawson wrote a 1995 book about the song and the Twist\n    phenomenon called"}]}, "artist": "Chubby Checker", "lengths": {"length": "2:52"}, "title": "The Twist", "recorded": "1960", "label": "Parkway Records 811", "released": "July 1960; December 1961", "writers": {"writer": "Hank Ballard"}, "formats": {"format": ["7\"", "45rpm"]}, "weeks": {"week": "1960-09-19"}}}