{"top-song": {"weeks": {"week": ["1961-02-27", "1961-03-06", "1961-03-13"]}, "artist": "Chubby Checker", "descr": {"p": "\"Pony Time\" is a song recorded by Chubby Checker, his second\n    US #1 (after his 1960 single \"The Twist.\" \"Pony Time\" was also\n    a number one hit on the R&B charts. . The song introduced a\n    new dance style, The Pony, in which the dancer tries to look\n    like he or she is riding a horse. It was written by Don Covay\n    and John Berry."}, "title": "Pony Time"}}