{"top-song": {"album": "The London Chuck Berry Sessions", "genres": {"genre": ["Pop rock", "novelty song"]}, "descr": {"p": [{"i": {"#tail": ".", "#text": "The London Chuck Berry Sessions"}, "#text": "\"My Ding-a-Ling\" was a 1972 novelty hit record for Chuck\n    Berry, and his only U.S. number-one single on the pop charts.\n    Later that year the song was on the album"}, "The song titled \"Little Girl Sing Ding-a-Ling\" was recorded\n    by Dave Bartholomew in 1952. In 1954, The Bees released a\n    version entitled \"Toy Bell.\" Berry recorded a version called\n    \"My Tambourine\" in 1968, but the version which topped the\n    charts was recorded live during the Lanchester Arts Festival at\n    the Locarno ballroom in Coventry, England, on 3 February 1972,\n    where Berry - backed by The Roy Young Band - topped a bill that\n    also included Slade and Billy Preston. Boston radio station\n    WMEX disc jockey, Jim Connors, was credited with a gold record\n    for discovering the song and pushing it to #1 over the airwaves\n    and amongst his peers in the United States.", {"i": [{"#tail": ". According to the song, he plays with it in\n    school, and holds on to it in dangerous situations like falling\n    after climbing the garden wall, and swimming across a creek\n    infested with snapping turtles. The lyrics consistently\n    exercise the", "#text": "ding-a-ling"}, {"#tail": "with", "#text": "double entendre"}, {"#tail": "standing in for the penis. In the final\n    verse, Berry admonishes \"those of you who will not sing\" and\n    concludes that they \"must be playing with [their] own\n    ding-a-ling\". Bartholomew has stated in interviews that the\n    song was written as an allegory for the struggle for racial\n    equality from the days of slavery to the Civil Rights\n    movement.", "#text": "ding-a-ling"}], "#text": "The song tells of how the singer received two silver bells\n    on a string from his grandmother, who calls them his"}, "The Average White Band members guitarist Onnie McIntyre and\n    drummer Robbie McIntosh played on the single.", "The lyrics with their sly tone and innuendo (and the\n    enthusiasm of Berry and the audience) caused many radio\n    stations to refuse to play it, and British morality campaigner\n    Mary Whitehouse tried unsuccessfully to get the song banned.\n    Moreover, pop critics generally dislike the song (especially\n    the fact that it was Berry's sole #1 single in his career) and\n    say that it is unworthy for someone who was so important in\n    early rock 'n' roll (Alan Freeman once introduced the song by\n    saying \"oh Chuck baby, how could you!?!\"). Nevertheless, Berry\n    still likes it and on the recording calls it \"our Alma\n    Mater\".", {"i": {"#tail": "episode \"Lisa's Pony\", in which a\n    Springfield Elementary School student attempted to sing the\n    song during the school's talent show. He barely finished the\n    first line of the refrain before an irate Principal Skinner\n    rushed him off the stage.", "#text": "The Simpsons"}, "#text": "This controversy was lampooned in"}, {"i": {"#tail": ", some stations, such as WOGL in\n    Philadelphia, replaced this song with an optional extra when it\n    aired a rerun of a November 18, 1972 broadcast of AT40 (where\n    it ranked at #14) on December 6, 2008. Among other stations,\n    most Clear Channel-owned radio stations to whom the AT40 '70s\n    rebroadcasts were contracted did not air the rebroadcast that\n    same weekend, although it was because they were playing\n    Christmas music and not because of the controversy. It should\n    be noted that, even back in 1972, some stations would refuse to\n    play this song on AT40, even when it reached number one.", "#text": "American Top 40"}, "#text": "The censorship of this song continues even today - in one\n    case, for a re-run of"}, {"i": {"#tail": ", even though London is\n    more than 100 miles away from where the live tracks were\n    recorded.", "#text": "The London Chuck Berry Sessions"}, "#text": "Berry's resulting live album was named,"}]}, "artist": "Chuck Berry", "lengths": {"length": ["11:33 (album)", "4:19 (single)"]}, "title": "My Ding-a-Ling", "recorded": "1972", "label": "Chess 2131", "producers": {"producer": "Esmond Edwards"}, "released": "1972", "writers": {"writer": "Chuck Berry"}, "formats": {"format": "45 rpm"}, "weeks": {"week": ["1972-10-21", "1972-10-28"]}}}