{"top-song": {"album": "Goodies", "genres": {"genre": ["Crunk&B", "pop", "hip hop"]}, "descr": {"p": [{"i": {"#tail": "(2004) and written by Ciara, Sean Garrett,\n    LaMarquis Jefferson, Craig Love and Jonathan Smith.Which monica\n    appeared in the music video\"Goodies\" is a combination of crunk\n    and R&B. The song's lyrics are about female empowerment and\n    virginity. The protagonist does not want to be an object. The\n    song's protagonist rejects a male's sexual advances,\n    proclaiming that he will never get her \"goodies\" because \"they\n    stay in the jar\".", "#text": "Goodies"}, "#text": "\"Goodies\" is a pop song recorded by American R&B singer\n    Ciara and rapper Petey Pablo for Ciara's debut album"}, "\"Goodies\" was released as the album's lead single in third\n    and fourth quarters of 2004, and first quarter of 2005. As the\n    album's opening track, the song made a successful debut single,\n    becoming Ciara's first number one single in the UK Singles\n    Chart and on the Billboard Hot 100, and stayed number one for\n    seven consecutive weeks. The song charted well on international\n    markets. It was certified Platinum in the United States.", "After the success of Usher's \"Yeah!\" and Petey Pablo's\n    \"Freek-a-Leek\", LaFace executive L.A. Reid wanted a female\n    version of Pablo's \"Freek-a-Leek\". Ciara went in the recording\n    studio with Hip-hop producer Lil Jon. She began writing a demo,\n    but she had difficulty composing lyrics and creating a melody.\n    Reid asked songwriter Sean Garrett, who was co-writer of\n    Usher's Yeah!, to help Ciara write a song. The process took\n    several days including Ciara and Garrett writing verses over\n    the phone. The demo became \"Goodies\", which is the answer song\n    to Pablo's \"Freek-a-Leek\". Lil Jon heard the demo and wanted to\n    record the full track and Ciara became the first woman to\n    record a crunk song.", {"i": [{"#tail": "declared the track as \"a great dance tune\n    with a solid beat\". Also it noted, Ciara shows \"a lot of\n    attitude, with girl empowering lyrics\".", "#text": "The Situation"}, {"#tail": "published, \"it's not the chorus that gets stuck in\n    your head... but the incessant oscillating whistle (I swear you\n    can hear dogs barking halfway through the song.)\" Musiccomh.com\n    reviewed, \"Goodies\" as \"an instantly recognisable tune\" and\n    called it a \"typically upbeat benefiting from Lil' Jon\".\n    Hiphopgalaxy.com called the track a \"ultimate party anthem of\n    the summer, but it\u2019s one of the best singles of the year.\" The\n    song has \"an infectious chorus\" and \"a crunked up groove.\"", "#text": "Slant"}, {"#tail": "published that Ciara \"sounds like she's rapping\n    right back at him, delivering her lines in a measured, sultry\n    cadence with hardly any variation in tone or pitch.", "#text": "Blender"}], "#text": "\"Goodies\" received positive reviews from music critics.\n    Fazed.com called the song, \"both clever and ironic considering\n    how sexy her image\" and \"singularly disarming combination of an\n    empowering message backed by an intoxicatingly sexy beat\"."}, "In 2005, \"Goodies\" was nominated for \"Best R&B/Soul or\n    Rap Song of the Year\" at Soul Train Lady of Soul Music Awards\n    and in 2006. It won the Best Performed Songs in the ASCAP\n    Repertory for the 2005 Survey Year at the ASCAP Pop Music\n    Awards, including \"1, 2 Step\" and \"Oh\".", {"i": [{"#tail": ". \"Goodies\" is also featured in the 2009\n    film", "#text": "Just My Luck"}, "Land of The Lost (film)"], "#text": "\"Goodies\" is featured in the 2006 film"}, "\"Goodies\" is Ciara's biggest single in the United States; it\n    debuted at ninety-four on the Billboard Hot 100 and stayed at\n    number one for seven consecutive weeks making it the longest\n    run at number one for any debut artist, later tied with Katy\n    Perry's \"I Kissed A Girl\" at seven weeks. It topped several\n    Billboard charts including the Hot 100 Airplay, Hot\n    R&B/Hip-Hop Songs, Hot R&B/Hip-Hop Airplay, Rhythmic\n    Top 40 and Top 40 Tracks charts. The single reached three on\n    the Top 40 Mainstream and four on the Hot Digital Tracks. The\n    song replaced \"Lean Back\" by Terror Squad, and was subsequently\n    replaced by \"My Boo\" by Usher and Alicia Keys on both the Hot\n    100 and R&B/Hip-Hop charts. It ranked number nine on the\n    2004 U.S. Billboard year-end chart.", "\"Goodies\" reached number one in Canada and the United\n    Kingdom. In the UK, it replaced \"One Night/I Got Stung\" by\n    Elvis Presley and replaced another Presley re-release single\n    \"It's Now or Never\". The single peaked in the top twenty in\n    Australia and Norway. The single reached ten in Germany and New\n    Zealand. It was a moderate success in Austria, France, and\n    Netherlands.", "The music video for \"Goodies\" was directed by Benny Boom. It\n    shows Ciara and her friends driving in an Oldsmobile 442\n    convertible along the Atlanta, Georgia streets to the local car\n    wash. It features cameo appearances by BoneCrusher, Monica,\n    Rasheeda, Jazze Pha, Young Jeezy, Lil Jon and among others.\n    Ciara filmed the video for 27 straight hours with director\n    Benny Boom.", {"i": {"#tail": ".", "#text": "106 & Park"}, "#text": "She gave her first performance ever of \"Goodies\" on BET's"}, "The music video begins with Ciara leaving her house, and her\n    friend screams out, \"What Up Dawg\", with Ciara replying the\n    same way. Then Ciara's sister runs outside saying that Jazze\n    Pha is on the phone. Jazze tells Ciara that they are going to\n    the carwash to hang out and Ciara says she will also be coming\n    along. She then gives the phone back to her sister and tells\n    her to stay out of her room. The song then begins with Ciara\n    singing her intro and Petey Pablo, rapping his verse. During\n    this intro, we see Ciara going along with her friends driving\n    to the carwash. On her way there she meets a few young men and\n    invites them also to the carwash. She then arrives to the\n    carwash and meets up with different people, including Monica\n    during the song, Ciara is in front of a blue and white back\n    ground with Jazze Pha at the end, and with her backup dancers\n    at the in the beginning, during, and at the end of the\n    song.", "The extended version of the video includes Ciara full-length\n    dance with the backup dancers, and also features more of her\n    and Monica duo shot.", "These are the formats and track listings of major single\n    releases of \"Goodies\".", "(Released October 18, 2004)", "(Released October 18, 2004)", "(Released 2005)", "(Released 2005)", "(Released January 11, 2005)"]}, "artist": "Ciara featuring Petey Pablo", "lengths": {"length": "3:43"}, "title": "Goodies", "recorded": "2004 , Hitco, Atlanta, Georgia and Circle House\n  Studios, Miami , FL and Sony Music Studios, NYC", "label": "LaFace", "producers": {"producer": "Lil Jon"}, "released": "July 27, 2004 \u00a0(2004-07-27) , (See release history\n  )", "writers": {"writer": ["Ciara Harris", "Sean Garrett", "LaMarquis Jefferson", "Craig Love"]}, "formats": {"format": ["Digital download", "CD single"]}, "weeks": {"week": ["2004-09-11", "2004-09-18", "2004-09-25", "2004-10-02", "2004-10-09", "2004-10-16", "2004-10-23"]}}}