{"top-song": {"album": "Confessions", "genres": {"genre": "R&B"}, "descr": {"p": [{"i": {"#tail": ". Written by Usher, Dupri and Cox, the song\n    is a confession of a man to his woman about his impregnated\n    mistress, a continuation of \"Confessions Part I\" which relates\n    a man's infidelity. Its personal content evoked rumors and\n    early responses from the public even before its release,\n    believing that Usher was asserting the truth; however, Dupri\n    divulged that the story behind the album is his and Usher\n    explained that he only took inspiration from his friends'\n    similar experiences. The song received mixed reviews from\n    critics.", "#text": "Confessions"}, "#text": "\"Confessions Part II\" is a song by R&B singer Usher, and\n    co-produced by Jermaine Dupri and Bryan-Michael Cox for Usher's\n    fourth album"}, "\"Confessions Part II\" was released as the third single from\n    the album, following the success of \"Burn\". The single reached\n    number one on Hot 100 for two weeks, becoming the album's third\n    consecutive number-one single. Internationally, the single had\n    lesser success than the album's previous releases.", {"i": [{"#tail": "after the release of his 2001 album", "#text": "Confessions"}, {"#tail": ", Usher chose not to branch out much with musical\n    collaborators; instead, he chose to continue creating music\n    with his previous producers. He again enlisted\n    producer-songwriter Jermaine Dupri, who had produced songs for\n    Usher's two previous albums. Dupri approached Bryan-Michael\n    Cox, asking him to become a collaborator. Cox has been a\n    frequent partner of Dupri who had produced hits for Usher as\n    well. Like \"Burn\", the second single from the album, Dupri and\n    Cox conversed about a situation, creating the idea of the\n    prospective song. However, they were concerned because they\n    needed somebody to write such a song and they never thought\n    Usher would do it. The concept became \"Confessions\".", "#text": "8701"}], "#text": "When he started working on his fourth studio album"}, "Usher started recording the song on July 2003 in New York\n    City. One day, before the night was over, Usher was singing\n    about impregnating a mistress and becoming displeased, having\n    found that she is three months pregnant. The theme of cheating\n    inspired him and Dupri, and they then decided to produce two\n    parts of \"Confessions\": Part I and Part II. Usher said that the\n    former is a \"dramatization where a guy confesses all the stuff\n    he's been doing\" against his woman. The latter speaks of\n    impregnating a mistress.", {"i": {"#tail": "was still in production, Usher promised \"real\n    talk\" in it. He decided \"to let it all hang out by singing\n    about some of his own little secrets, as well as a few bones\n    from his homies' skeleton-filled closets.\" He explained: \"All\n    of us have our Pandora's boxes or skeletons in our closets. I\n    let a few of them out, you know. I've got a lot to say. I've\n    got a lot of things and stuff built in me that I just want to\n    let go of.\" He further noted that, for the most part, the\n    album's subject matter is \"very personal\". Dupri expected\n    people to question some of the personal lyrics they associated\n    in the song.", "#text": "Confessions"}, "#text": "While"}, "\"Confessions Part II\" is an R&B song composed in the key\n    of A\u266d. Set in common time, the song is performed with a\n    moderate groove. The lyrics are constructed in the inverted\n    chorus-verse form. There are four choruses and two verses, and\n    then a break between the third and final chorus which Usher\n    speaks the lyrics.", "The lyrics of \"Confessions Part II\" centers on a confession\n    about impregnating a mistress. For the prelude, Usher tells his\n    significant other that he impregnated his mistress.\n    \"Confessions Part II\" apologizes what he had done in part one.\n    Usher said of the song that right after he confessed with his\n    real woman, he hoped she would still give him a chance. Dupri\n    said that \"Confessions Part II\" is one of the songs which speak\n    about breakups in relationships.", "Usher held few listening parties for the album prior to its\n    release. Shortly after, people came up with different\n    interpretations of \"Confessions Part II\", among other personal\n    songs in the album. In 2003, Usher's two-year relationship with\n    TLC's Chilli was going to \"flame-out\", which partly contributed\n    to the concept of \"Burn\". They finally broke up early in 2004\n    because of \"irreconcilable differences and because the two\n    found it almost impossible to make compromises\" which partly\n    triggered public speculation that some of the songs in the\n    album are in reference to his personal struggle. They referred\n    to the song speaking about Usher's \"infidelity\" to Chilli.", "Alongside the \"cheating\" rumors, the public inferred from\n    the lyrics that Usher had impregnated a mistress in real life.\n    Usher, however, emphasized that he was not in a relationship\n    and \"got another girl pregnant\" and he was singing a\n    \"character\". The similarity of situations he faced before and\n    experiences of his friends collectively inspired him to write\n    the song. In the middle of rumors, Dupri admitted that the\n    stories behind the songs in the album are his. He stated, \"me\n    cheating on my steady girlfriend, having a baby with that other\n    woman and having to confess to everything that happened to my\n    main girl.\"", "Behind rumors, Usher refuted in an interview with MTV\n    News:", "People assume things, because as I said, I pull from my\n    personal experiences to make my music\u00a0... I never\n    experienced [fathering a child outside of a relationship]\n    firsthand, but it's something I wanted to talk about\u00a0 ...\n    and it's something that has happened to me in the past\u00a0...\n    As I said, I have a few deep, dark ones that I've kept stowed\n    away in a closet for a minute\u00a0... That's why I take this\n    time to speak to you guys and let you know really what it\n    is\u00a0... I will tell you that I loved [Chilli] a lot and she\n    obviously loved me; it just didn't work out. But cheating is\n    not what caused the relationship to collide and crash. That\n    ain't what broke it up.", "\"Confessions Part II\" was released as the third single from\n    the album, following \"Burn\". The single was released in the\n    United States as a 12\" single on August 24, 2004. It was\n    released in Germany on October 18, and Australia on October 26,\n    2004, featuring the album and remix version of the track and a\n    song called \"Whatever I Want\". In the United Kingdom, it was a\n    double A-side with \"My Boo\", the fourth single from the album.\n    It was released in the country on December 28, 2004, and\n    re-released on January 18, 2005.", {"i": {"#tail": "focuses on how Usher admits in the song\n    about impregnating a mistress. Sal Cinquemani of Slant Magazine\n    commented that Usher's age when the song was recorded was the\n    right take to \"getting his 'chick on the side'\".", "#text": "Rolling Stone"}, "#text": "Many critics found the song intriguing and came up with\n    interpretations of it as well. Andrew McGregor of the BBC\n    questioned if \"Confessions Part II\", as well as \"Truth Hurts\",\n    are only \"mere theatre\" or telling the truth. Laura Sinagra of"}, {"i": [{"#tail": "said that the best songs from the\n    album were \"Confessions Part II\" and \"Burn\", which he described\n    as having smooth melodies. Matt Cibula of Popmatters said of\n    the flow of the concept does not work. He pointed out that in\n    the second part, Usher claims he \"barely knows the other lady\",\n    while in the first part, he already said that she was his\n    ex-girlfriend. He furthered called it the \"wimpiest\" song on\n    the theme of the album. Kelefa Sanneh of", "#text": "Entertainment Weekly"}, {"#tail": "called it a \"tricky infidelity\n    narrative\".", "#text": "The New York Times"}], "#text": "Outside of rumors, Jem Aswad of"}, "\"Confessions Part II\" was nominated for Best R&B/Soul,\n    Male at the 2005 Soul Train Music Awards. At the 2005 American\n    Society of Composers, Authors and Publishers Pop Music Awards,\n    Dupri received the ASCAP Golden Note Award for co-writing the\n    song, alongside his many achievements and contributions to\n    American popular music. British record company EMI was\n    recognized as Publisher of the Year for the song, including\n    \"Burn\" and songs by Alicia Keys, Beyonc\u00e9 Knowles, Britney\n    Spears.", "\"Confessions Part II\" lived up to the success of its\n    predecessors in the United States, though not as\n    overwhelmingly. The single debuted on the Hot 100 at number 48,\n    a higher entry than those of \"Yeah!\" and \"Burn\" did, while\n    \"Yeah!\" was still at the top of the chart and \"Burn\" at number\n    three. It peaked at number one on July 27, 2004, replacing\n    \"Burn\"'s eighth non-consecutive chart run, and stayed there for\n    two weeks. It failed to match the number of days at top spot of\n    the previous two releases, and remained on the top ten for 13\n    weeks. The single left the chart after 25 weeks. The single was\n    certified gold by the Recording Industry Association of America\n    on for reaching half million shipments.", "Internationally, \"Confessions Part II\" had lesser success.\n    The single debuted at number five in Australia, becoming its\n    highest entry, and failed to reach a higher position. The\n    single reached number five in the United Kingdom, peaked at\n    number seven in Ireland, and below top ten in the Netherlands\n    and France, where it reached #43", "The music video of \"Confessions Part II\" was co-directed by\n    Usher and music video director Chris Robinson, who also\n    directed the video for the album's fourth single, \"My Boo\".\n    \"Confessions Part I\" serves as the opening of the video. Set in\n    a studio, Usher receives a phone message and knows that he\n    impregnated his mistress. After he speaks the spoken section of\n    the song, \"Confessions Part II\" proceeds. Usher is set in a\n    dark lit room, with only one chair. He occasionally shows a\n    large ring in his ring finger. In the middle of the video, he\n    lies on a piano and in his imagination, his woman and mistress\n    are beside him. The next scene shows Usher in a brown car\n    singing, goes out and kneels before his woman to confess. She\n    refuses to listen and slaps Usher, then leaves. Alone, Usher\n    stands in front of a wide mirror, which breaks into pieces\n    accompanied by a roaring sound, ending the video with him\n    sitting on a chair.", {"i": [{"#tail": "on June 28, 2004, the same entry as\n    \"Burn\". The music video reached number one on the countdown,\n    and retired on September 15, 2004 at number seven. Like\n    \"Yeah!\", \"Confessions Part II\" video remained on", "#text": "Total Request Live"}, {"#tail": "for 50 days.", "#text": "TRL"}], "#text": "The music video successfully charted on video programs. It\n    debuted on MTV's"}, "The official remix of the song was added the re-release of\n    \"Confessions\" and it features a new verse by Usher, Shyne\n    (rapped his verse on the phone while in prison), Kanye West,\n    Twista and Jermaine Dupri.", {"i": {"#tail": "as \"Confessions Part III\".", "#text": "Straight Outta Lynwood"}, "#text": "The song is parodied by \"Weird Al\" Yankovic on his album"}, "A mash-up of the song with It's My Life recorded by the cast\n    of Glee appeared in an episode of the show's first season, and\n    got to number 14 on the UK singles chart."]}, "artist": "#cite_note-38[39]", "lengths": {"length": "3:49"}, "title": "Confessions Part II", "recorded": "July 2003", "label": "Arista", "producers": {"producer": ["Jermaine Dupri", "Bryan-Michael Cox"]}, "released": "June 8, 2004", "writers": {"writer": ["Usher Raymond", "Jermaine Dupri", "Bryan-Michael Cox"]}, "formats": {"format": "CD single"}, "weeks": {"week": ["2004-07-24", "2004-07-31"]}}}