{"top-song": {"album": "The\n  E.N.D.", "genres": {"genre": ["Electro-hop", "Electro House"]}, "descr": {"p": [{"i": [{"#tail": ". The song debuted on May 21, 2009. The song\n    was produced by acclaimed French house DJ David Guetta. \"I\n    Gotta Feeling\" debuted at number two behind the group's own\n    \"Boom Boom Pow\" on the week of June 27, 2009, on both the\n    Canadian and", "#text": "The E.N.D."}, {"#tail": "Hot 100 charts, making the group one of only\n    eleven artists who have occupied the top two positions at the\n    same time on the", "#text": "Billboard"}, {"#tail": "Hot 100. The song went on to replace \"Boom Boom\n    Pow\" at Number 1 on the US charts and eventually reach Number 1\n    on 20 charts worldwide. It tied with \"We Belong Together\" by\n    Mariah Carey for longest weeks at number one for the 2000's\n    decade and also tied with Whitney Houston's", "#text": "Billboard"}, {"#tail": "for the second-longest running\n    number one of all time, only behind \"One Sweet Day\" by Mariah\n    Carey feat. Boyz II Men. It was named 5th on the", "#text": "I Will Always Love You"}, {"#tail": "Hot 100 Songs of the Decade. The song was\n    nominated for Record of the Year at the 52nd Grammy Awards and\n    won the Grammy for Best Pop Performance by a Duo or Group with\n    Vocals. The song is also nominated as Song of the Year at the\n    2009 World Music Awards. The song is the most downloaded song\n    ever on iTunes. To date the song has sold over 5 million copies\n    in the United States according to Nielson SoundScan.", "#text": "Billboard"}], "#text": "\"I Gotta Feeling\" is a song by the group Black Eyed Peas and\n    their second official single from their fifth studio album"}, "On Dipdive, while premiering \"I Gotta Feeling\" and cover\n    artwork, underneath both, will.i.am posted of the topics\n    related in the song:", "\"this song is dedicated to everyone who is getting ready to\n    go out...", "it's the song to listen to when you drive to the club or\n    party...", "it's the song to listen to after a long day or week at\n    work...", "it's the song to that makes me wanna throw my stress\n    away...\"", {"#text": "It is set in common time and is composed in the key of G\n    major with a moderate tempo of 128 beats per minute. The\n    group's vocal range spans from G", "sub": [{"#tail": "to A", "#text": "3"}, {"#tail": ".", "#text": "5"}]}, {"i": [{"#tail": "gave the song a positive review: \"The Black\n    Eyed Peas proved with their massive international chart-topper\n    \"Boom Boom Pow\" that they're a group still to be reckoned with.\n    The official follow-up single \"I Gotta Feeling\" may be their\n    most mainstream release yet. Over a pop-throbbing beat,\n    courtesy of the famed club hitmaker David Guetta, the Peas\n    trade off on a simple, yet effective melody and message:\n    \"Tonight's gonna be a good night.\" Having already shown what\n    they can do at the peak of a party, now they're out to prove\n    they can get it started even earlier\". Bill Lamb of", "#text": "Billboard"}, {"#tail": "gave the song 4 out of 5 stars commenting on\n    the feel-good mood, distinct change of pace for them, and that\n    it is a great choice for summer. Overall, he thinks that \"Boom\n    Boom Pow\" and \"I Gotta Feeling\" deliver contributions that make\n    it obvious Black Eyed Peas are still a four-person group and\n    that this is a hit.", "#text": "About.com"}]}, "David Balls of Digital Spy gave the song 4 out of 5\n    stars:", "Now, hot on the heels of the heavy Auto-Tune and futuristic\n    synths of 'Boom Boom Pow', they're back with a single that's\n    already made number one in Oz and the US. What's more, 'I Gotta\n    Feeling' is every bit as quirky as its predecessor. Built\n    around a sample from David Guetta's 'Love Is Gone', it begins\n    in relatively restrained fashion before suddenly morphing into\n    a throbbing rave-up... and proceeds to flit between tempos for\n    the rest of its five-minute duration. A bit like Girls Aloud's\n    'Biology', it's a random, rather barmy mish-mash of musical\n    ideas that only really makes sense after a few listens, but\n    there's no doubt the Peas still know how to get us dancing.", "Comedy website Cracked.com however, gave the song a rather\n    scathing review, with host Wayne Gladstone stating, \"I don't\n    care how many gangly superfluous band members you float in the\n    air, at this point you need to start the song.\" This was in\n    reference to the repetition of the chorus of 'tonight's gonna\n    be a good night' for roughly a minute and a half. The review\n    was scathing in its critique of auto-tune, lyrics, rhyming the\n    same word with itself (\"Up and \"Up\"), naming days of the week\n    (which was seen as comparable to \"Naming the Alphabet\") and\n    Jewish religious phrases being used out of context.", "A remix edit by David Guetta appears on his latest album,\n    .", "In her 2009 comedy special Ellen's Bigger, Longer &\n    Wider Show, comedian Ellen DeGeneres performed a dance to the\n    song during the opening segment of the show.", {"i": {"#tail": "UK Series Six, by all the 12 Finalists,\n    before the first act was eliminated. It is also performed by\n    the finalists on the opening of the current X Factor Tour.", "#text": "The X Factor"}, "#text": "The song was performed on the first results show of"}, {"i": {"#tail": ", with 21,000 fans performing a\n    flash mob dance on the \"Magnificent Mile\" portion of Michigan\n    Avenue in Chicago, Illinois.", "#text": "The Oprah Winfrey Show"}, "#text": "On September 8, 2009, the song was performed by the Black\n    Eyed Peas for the taping of the Kickoff Party for the 24th\n    season of"}, "A version celebrating the Philadelphia Phillies National\n    League victory is titled \"Phillies Gotta Feeling.\"", {"i": {"#tail": "and the movie's\n    soundtrack.", "#text": "Alvin and the Chipmunks: The Squeakquel"}, "#text": "Alvin and the Chipmunks & The Chipettes covered the song\n    for the movie,"}, {"i": {"#tail": "along with David Guetta.", "#text": "The GRAMMY Nominations Concert Live!! \u2014 Countdown To Music's\n    Biggest Night"}, "#text": "A remix performed by reggaeton artist MJ was released on the\n    Internet. Black Eyed Peas performed this song at the 52nd\n    Grammy Awards nomination announcement ceremony known as"}, {"i": {"#tail": ".", "#text": "Valentine's Day"}, "#text": "This song is now the official support song for the\n    Portuguese National Team towards the 2010 Football World Cup.\n    In a video spread in the Internet, the band members show their\n    support to Portugal and its players. ' The song is featured in\n    commercials for the 2010 movie"}, "The group performed the song in a commercial for Target\n    stores.", "The song was featured during the 2010 Winter Olympics for a\n    member of the women's snowboarding team.", "The song was covered by the Top 20 in American Idol as a\n    group song.", "An unfinalized version of the music video was leaked on May\n    29, 2009. The official final version was released on June 2 on\n    Dipdive and on June 16 on iTunes.", "There is both a censored version and an explicit version of\n    the music video. The video first starts out with some scenes in\n    Hollywood Blvd. Then it shows will.i.am combing his hair and\n    Fergie putting on makeup wearing lingerie. It also shows Taboo\n    checking his messages on Dipdive and apl.de.ap checking his\n    text messages. Then it cuts to the party as the first verse\n    starts. In the uncensored version, two women are kissing at the\n    two minute mark, at which point the lyrics \"Let's take\n    it...off!\" are heard, and a hand grabs the top of the dress of\n    one of the women, and pulls it down, exposing her left breast.\n    All members of the Black Eyed Peas are shown dancing. Later,\n    they are dancing with their faces and hands painted with\n    phosphorescent paint. The video ends with a large sign with\n    human-sized letters that reads \"The E.N.D.\"", {"i": [{"#tail": "and features guest appearances by David\n    Guetta, Kid Cudi, Katy Perry, Chantal Jones, members of the\n    indie rock band Gossip, the designer duo Dean and Dan Caten of\n    Dsquared and a few well-known personalities of the LGBT\n    community, including Ongina of", "#text": "Little Minx"}, {"#tail": "fame.", "#text": "RuPaul's Drag Race"}], "#text": "The video is directed by Ben Mor of"}, {"i": {"#tail": "is the highest-charting hip-hop song on\n    the adult contemporary chart. The song has become the group's\n    most successful digital single selling 5,179,513 copies by the\n    end of February.", "#text": "I Gotta Feeling"}, "#text": "\"I Gotta Feeling\" was the group's highest debut on the Hot\n    100, debuting at number two. As of the end of 2009 the song has\n    sold 4,500,000+ copies. \"I Gotta Feeling\" ended the 12 week\n    number-one run of the band's previous single \"Boom Boom Pow\",\n    when it reached number one on the Hot 100 the chart week of\n    July 11, 2009, their second single to do so. It makes the band\n    only the fourth group to replace themselves at number one in\n    the chart's history, following The Beatles, Boyz II Men, and\n    OutKast, and the first to do it in the digital download era. \"I\n    Gotta Feeling\" had remained Number 1 on the Hot 100 for\n    fourteen weeks, extending the band's run at number one on the\n    Hot 100 to 26 consecutive weeks, or half a year straight. The\n    song was knocked off the top of the chart to Number 5 on\n    October 17 by \"Down\" by Jay Sean featuring Lil Wayne. The\n    longest running #1 hit of 2009, the tune is tied with five\n    other songs as the second longest running Hot 100 Number 1. It\n    is also tied with Mariah Carey's \"We Belong Together\" as the\n    longest running Hot 100 Number 1 of the 2000s. Apart from that,\n    the group holds the record for longest consecutive run at\n    Billboard's Hot 100 number one. The Black Eyed Peas are also\n    just the third artist to have multiple songs spend 12 weeks at\n    Number 1 on the Hot 100. Boyz II Men and Mariah Carey are the\n    only other artists to do this. In fact,"}, "On the American Top 40, the song made a long-week run on the\n    top. It topped the AT40 chart for seven weeks, tied with Lady\n    Gaga's \"Poker Face\". The song peaked at #1 on the said\n    countdown on August 22, 2009, and ended its long-week run at\n    the top on October 3. On the next week, October 10, \"I Gotta\n    Feeling\" fell to #4, and Taylor Swift held the top spot with\n    \"You Belong With Me\".", "\"I Gotta Feeling\" has become the Black Eyed Peas' most\n    successful single of their career, topping over 25 charts\n    internationally. It replaced \"Boom Boom Pow\" at number one on\n    the Canadian Hot 100 and Australian ARIA Chart. In New Zealand\n    the song debuted at number seven on June 15, 2009, reaching\n    number one two weeks later, making the song their fifth\n    number-one single in New Zealand. The song has spent nine\n    consecutive weeks at number one, becoming their longest-running\n    number one single there. It was certified 2x Platinum after\n    twenty-two weeks on the chart, selling over 30,000 copies.", "In Ireland, on its third week on the chart \"I Gotta Feeling\"\n    jumped from Number 18 to 2 with strong download sales,\n    outpeaking their last single \"Boom Boom Pow\", which reached\n    Number 3. The next week, it climbed to Number 1 giving them\n    their fourth number-one single there. The song spent 12\n    non-consecutive weeks at Number 1 in Ireland.", {"i": {"#tail": ", their third number one overall and their\n    ninth top ten hit in the country. On the same week it reached\n    the summit of the UK singles chart, \"I Gotta Feeling\" became\n    the new number one on the UK R&B Chart. Although it was\n    knocked off the number one spot of the UK Singles Chart by\n    Tinchy Stryder the following week, it regained its position at\n    Number 1 on August 16 marking the Black Eyed Peas second (and\n    consecutive) song to have had two separate runs at number one,\n    and one of only six songs to have managed the feat in the 21st\n    century (including \"I Gotta Feeling\" and \"Boom Boom Pow\"). The\n    song appeared in the top 10 of the UK Singles Chart for 17\n    weeks, which is longer than the time spent in the top 100 as a\n    whole for several other Black Eyed Peas songs, and stayed in\n    the top 40 for over half a year, finally dropping to #41 on the\n    first chart of March 2010. I Gotta Feeling has sold 950,000\n    copies in the United Kingdom, outselling the biggest selling\n    single of 2009, Lady Gaga's \"Poker Face\". It was also announced\n    as the 18th biggest selling single of the decade. \"Boom Boom\n    Pow\" was the 7th best selling single of the year with around\n    600,000 copies sold, and \"Meet Me Halfway\" was the tenth\n    biggest selling, with over 500,000 copies.", "#text": "The E.N.D."}, "#text": "In the United Kingdom the song debuted at number 70 in June\n    2009 and entered the top 40 of the UK Singles Chart on the week\n    ending July 11, 2009. It slowly worked its way up the chart and\n    in its eighth week (August 2, 2009) it peaked at number one on\n    downloads alone (with its physical release being August 10).\n    Therefore giving the group their second consecutive number one\n    hit from"}, "The song was the third most successful song of the decade in\n    Australia, as announced on January 7, 2010. The decade-end\n    chart also revealed the song to be the most successful song of\n    2009. As of February 2010, \"I Gotta Feeling\" holds the record\n    as the most downloaded song on iTunes of all time."]}, "artist": "#cite_note-34[35]", "lengths": {"length": ["4:50 (Album/Video Version)", "4:05 (Radio Edit)"]}, "title": "I Gotta Feeling", "recorded": "Square Prod, Paris , France and Metropolis Studios,\n  London , England", "label": "Interscope", "producers": {"producer": ["David Guetta", "Fr\u00e9d\u00e9ric Riesterer"]}, "released": "June 16, 2009 \u00a0(2009-06-16)", "writers": {"writer": ["William Adams", "Allen Pineda", "Jaime Gomez", "Stacy Ferguson", "David Guetta", "Fr\u00e9d\u00e9ric Riesterer"]}, "formats": {"format": ["CD single", "digital download", "vinyl"]}, "weeks": {"week": ["2009-07-11", "2009-07-18", "2009-07-25", "2009-08-01", "2009-08-08", "2009-08-15", "2009-08-22", "2009-08-29", "2009-09-05", "2009-09-12", "2009-09-19", "2009-09-26", "2009-10-03", "2009-10-10"]}}}