{"top-song": {"genres": {"genre": "Pop"}, "descr": {"p": ["\"This Is the Night\", released on June 3, 2003 on the RCA\n    label, was American Idol contestant Clay Aiken's debut CD\n    single and was written by Chris Braide, Aldo Nova and Gary\n    Burr.", "It was released simultaneously with \"Flying Without Wings\"\n    by rival contestant Ruben Studdard, and immediately reached\n    number one on the Hot 100, restricting \"Flying Without Wings\"\n    to the number-two position.", {"i": {"#tail": "Hot 100 (on June 17, 2003) and the Hot 100\n    Single Sales Chart, it was the fastest-selling single since\n    Elton John's \"Candle in the Wind 1997\" and the best-selling\n    single of 2003. It was the first CD single to go platinum since\n    2002, when Lee Ann Womack's \"I Hope You Dance\" sold a million\n    copies after being released for over a year. The single also\n    topped the charts in New Zealand where it was certified\n    platinum, and went six times platinum in Canada.", "#text": "Billboard"}, "#text": "The double A-side single was RIAA certified platinum on July\n    15, 2003. Debuting at number one on both the"}, {"i": {"#tail": "CD (October 2003), while on some\n    international versions the bonus track was \"Bridge Over\n    Troubled Water\".", "#text": "Measure of a Man"}, "#text": "\"This Is the Night\" was included as a bonus track on Aiken's"}]}, "artist": "Clay Aiken", "lengths": {"length": "7:35"}, "title": "This Is the Night", "recorded": "2003", "label": "RCA", "producers": {"producer": ["Steve Mac", "Clive Davis"]}, "released": "June 3, 2003 \u00a0(2003-06-03)", "writers": {"writer": ["Chris Braide", "Aldo Nova", "Gary Burr"]}, "formats": {"format": "CD single"}, "weeks": {"week": ["2003-06-28", "2003-07-05"]}}}