{"top-song": {"album": "Still Bill", "genres": {"genre": "Soul"}, "descr": {"p": [{"i": {"#tail": ".", "#text": "Still Bill"}, "#text": "\"Lean on Me\" is a popular song performed by Bill Withers on\n    the 1972 album"}, {"i": {"#tail": ". Numerous\n    cover versions have been recorded, and it is one of only nine\n    songs to have scored #1 with versions recorded by two different\n    artists. Withers' childhood in the coal mining town of Slab\n    Fork, West Virginia was the inspiration for \"Lean on Me\", which\n    he wrote after he had moved to Los Angeles and found himself\n    missing the strong community ethic of his hometown. He lived in\n    a decrepit house in the poor section of town.", "#text": "Rolling Stone's 500 Greatest Songs of All Time"}, "#text": "It was his first (and only) number one on both the soul\n    singles and the Billboard Hot 100. It is ranked number 205 on\n    the"}, "Withers recalled to Songfacts the original inspiration for\n    the song; \"I bought a little piano and I was sitting there just\n    running my fingers up and down the piano. In the course of\n    doing the music, that phrase crossed my mind, so then you go\n    back and say, 'OK, I like the way that phrase, Lean On Me,\n    sounds with this song.'\"", "Several members of the Watts 103rd Street Rhythm Band were\n    used for the recording session in 1972.", {"i": {"#tail": "\", hosted and produced by actor Godfrey\n    Cambridge.", "#text": "Dead Is Dead"}, "#text": "The song was used in a 1970s drug awareness film titled \""}, {"i": {"#tail": "charts in 1987. It also scored number one on\n    the dance charts, and won a Grammy award.", "#text": "Billboard"}, "#text": "R&B group Club Nouveau covered the song and took it to\n    number one on the"}, {"i": {"#tail": ", although \"Why\n    You Treat Me So Bad\" went to #39 that same year.", "#text": "100 Greatest One Hit Wonders of the 80s"}, "#text": "Club Nouveau's version spent three weeks at number one. It\n    was ranked #94 on VH1's"}, "\"Lean on Me\" has been interpreted by various artists ever\n    since, including Will Smith, Mud (1976), Al Jarreau (1985), DC\n    Talk (1992), Michael Bolton (1994), Bonnie Tyler (1999), Anne\n    Murray (1999), 2-4 Family (1999), and frequently in concert by\n    Rascal Flatts.", {"i": {"#tail": ".", "#text": "Snow Buddies"}, "#text": "In 1989, covers of \"Lean on Me\" by The Winans and Sandra\n    Reaves-Phillips provided the emotional uplift for a motion\n    picture of the same name. Additionally, for the same film, the\n    song was adapted by Big Daddy Kane in \"hip hop\" form. Mitchel\n    Musso recorded a version of the song for the 2008 film"}, {"i": {"#tail": ".", "#text": "Agony Again"}, "#text": "UK Singer Elkie Brooks performed the song as the title music\n    for BBC comedy program"}, {"i": {"#tail": ".", "#text": "Saturday Nights and Sunday Mornings"}, "#text": "American group Counting Crows used the song as entrance\n    music before nearly every show they performed in during their\n    2008 American tour in support of their album,"}, "Mary J. Blige performed this song at the HBO We Are One: The\n    Obama Inaugural Celebration at the Lincoln Memorial. The next\n    day, a crowd of hundreds, if not thousands spontaneously began\n    singing the song in the Purple Tunnel of Doom under the\n    National Mall as they waited to gain entrance to the\n    inauguration ceremonies. Kid Rock, Sheryl Crow, and Keith Urban\n    performed this song at the 2010 Hope for Haiti earthquake\n    relief telethon.", "The Cast of Glee interpreted at the end of Episode # 10 of\n    the first season, \"Ballads\" as support for Finn and Quinn.", {"#text": "American Idol Season 9 finalist Didi Benami performed a\n    cover of the song on the Top 10 female performances on\n    Wednesday,", "span": {"#tail": ".", "span": {"#tail": ", 2010", "#text": "March 3"}}}, "The song was featured in a Brawny paper towel commercial in\n    2010."]}, "artist": "Club Nouveau", "lengths": {"length": "4:17"}, "title": "Lean on Me", "label": "Sussex Records", "producers": {"producer": "Bill Withers"}, "released": "June 1972", "writers": {"writer": "Bill Withers"}, "weeks": {"week": ["1987-03-21", "1987-03-28"]}}}