{"top-song": {"album": "Viva la Vida or Death and\n  All His Friends", "genres": {"genre": "Baroque pop"}, "descr": {"p": [{"i": {"#tail": "(2008). On the\n    album, this song segues directly into the next track on the\n    album, \"Violet Hill\".", "#text": "Viva la Vida or Death and All His Friends"}, "#text": "\"Viva la Vida\" is a song by the English alternative rock\n    band Coldplay. It was written by all members of the band for\n    their fourth album,"}, "The lyrics to the song contain historical and religious\n    references, and the track is built around a repeating string\n    section with a percussion background.", "The song was released on 12 June 2008 as the album's second\n    single, debuting to critical and commercial success. \"Viva la\n    Vida\" reached the top spot of the UK Singles Chart and Hot 100,\n    becoming the band's first number-one single and a Transatlantic\n    number-one. The song won the Grammy Award for Song of the Year\n    at the 51st Grammy Awards in 2009. The song became the sixth\n    song in digital history to reach the 4 million mark in paid\n    downloads.", "The song's Spanish title, \"Viva la Vida\", is taken from a\n    painting by 20th century Mexican artist Frida Kahlo. It\n    translates into English as \"Long live life\".", "During the album's production, \"Viva la Vida\" is one of the\n    songs that had polarized each member's opinion over which\n    version they should choose. In an interview, vocalist Chris\n    Martin recalls, \"...\u00a0we did quite a few different versions\n    and went round the houses a bit and eventually settled on those\n    treatments for it.\"", "\"Viva La Vida\" soars in with a grandiose instrumental\n    arrangement and sweeping lyrics detailing the pain of being\n    deposed from a lofty position. The big sound of the song\n    constantly verges on becoming overblown, but Coldplay know how\n    to walk the tightrope perfectly. Bells and chimes and\n    orchestral swells are all there on the chorus, but Chris\n    Martin's voice still pierces through like a clarion call.\n    Lyrically, the pain of the protagonist is clear, but the sweep\n    of words about Jerusalem bells, Roman cavalry, and Saint Peter\n    give \"Viva La Vida\" an air of intelligence rare in today's most\n    popular pop songs.", "The lyrics to \"Viva la Vida\" contain many religious\n    references. For example, \"pillars of sand\" is a clear reference\n    to the Biblical parable given by Jesus about the fool who built\n    his house on sand, and the wise man who built it on solid rock,\n    while \"pillars of salt\" is a reference to Lot's wife, who was\n    turned into a pillar of salt. \"I know Saint Peter won't call my\n    name\" refers to Matthew 16:19 where Jesus tells Peter that he\n    will give him the keys to the Kingdom of Heaven and the belief\n    that the apostle stands at the Gates of Heaven, permitting or\n    denying admission. Other likely (but ambiguous) Biblical\n    references are \"Seas would rise when I gave the word\" (Moses\n    parting the Red Sea), and \"... my head upon a silver plate\"\n    (the beheading of St. John the Baptist: Salome asked to have\n    his head delivered to her upon a platter).", "The song has inspired a great deal of debate about its\n    meaning. People have claimed that the song may be about various\n    subjects, such as the French Revolution. The band members\n    themselves do not appear to have corroborated any of these\n    claims, and have referred only to kings and revolutionaries in\n    general, rather than any particular king.", {"i": {"#tail": "magazine: \"It's about\u00a0... You're not on the list.\n    I was a naughty boy. It's always fascinated me that idea of\n    finishing your life and then being analyzed on it. And this\n    idea runs throughout most religions. That's why people blow up\n    buildings. Because they think they're going to get lots of\n    virgins. I always feel like saying, just join a band\u00a0...\n    That is the most frightening thing you could possibly say to\n    somebody. Eternal damnation. I know about this stuff because I\n    studied it. I was into it all. I know it. It's still mildly\n    terrifying to me. And this is serious.\" When asked about the\n    song, bass guitarist Guy Berryman said: \"It's a story about a\n    king who's lost his kingdom, and all the album's artwork is\n    based on the idea of revolutionaries and guerrillas. There's\n    this slightly anti-authoritarian viewpoint that's crept into\n    some of the lyrics and it's some of the pay-off between being\n    surrounded by governments on one side, but also we're human\n    beings with emotions and we're all going to die and the\n    stupidity of what we have to put up with every day. Hence the\n    album title.\"", "#text": "Q"}, "#text": "Martin has explained the song lyric \"I know Saint Peter\n    won't call my name\" in an interview with"}, "Unlike the typical arrangement of Coldplay songs, in which\n    either the piano or guitar is the prominent instrument, the\n    track mostly consists of a string section playing the song's\n    upbeat riff, along with a steady bass drum beat, percussion\n    (including a timpani and a church bell), bass guitar, and\n    Martin's vocals; there is limited use of electric guitar in the\n    song. All the strings are arranged and performed by violinist\n    Davide Rossi, who is also one of the main collaborators of the\n    album. Rossi's strings comprise the main driving force\n    throughout the song, with a strong beginning loop that supports\n    Martin's voice, until the choruses where the symphonic power of\n    the orchestra takes its fullest shape. The song is played in\n    the key of Ab Major at a tempo of 137bpm, while the vocal range\n    is Eb4-Ab5. Although Coldplay are widely labeled as an\n    \"alternative rock\" band, the classical composition and\n    historical subject matter of \"Viva la Vida\" have led to the\n    song being labeled as \"baroque pop\" and \"chamber pop\".", {"i": {"#tail": "on 7 May\n    2008\u00a0\u2013 the \"new edit\" version of the song\u00a0\u2013 which led\n    to the song's temporary exclusion from the UK Singles Chart. It\n    was released as a download-only single on 25 May 2008, and a\n    physical CD single in Europe on 29 July 2008 to coincide with\n    the release of the single's music videos. \"Viva la Vida\" was\n    well-downloaded in the internet, becoming iTunes' best-selling\n    song of 2008. From 24 December 2008 to 5 January 2009 an\n    official remix of the song, named the \"Thin White Duke Mix\",\n    was given away for free as a Christmas gift via the band's\n    website.", "#text": "Viva la Vida or Death and All His Friends"}, "#text": "\"Viva la Vida\" was initially released only with iTunes Store\n    pre-orders of"}, {"i": [{"#tail": ", as a song played on the radio in the episode\n    \"We're Not in Kansas Anymore\" from the teen drama", "#text": "Medium"}, {"#tail": ", and on the international soundtrack to the\n    Brazilian soap opera", "#text": "90210"}, {"#tail": "which helped push \"Viva la Vida\" up the charts\n    in Brazil, where the telenovela been shown. \"Viva la Vida\" is\n    now the entrance music for Birmingham City Football Club. In\n    2009, Solange Knowles covered the song. Lady Gaga also covered\n    the song for BBC Radio 1. A live version of the song appeared\n    on Coldplay's 2009 live album", "#text": "A Favorita"}, {"#tail": ". Pet Shop Boys also performed the\n    song live on their 2009 Pandemonium Tour and the song appeared\n    on their Christmas EP.", "#text": "LeftRightLeftRightLeft"}], "#text": "The song was used as part of Apple Inc.'s iPod + iTunes\n    advertisement campaign. Coldplay performed the song live for\n    the first time at the 2008 MTV Movie Awards. It has since gone\n    on to make many media appearances, including being featured\n    throughout the episode \"A Person of Interest\" from the\n    paranormal drama"}, {"i": [{"#tail": "review of the album, critic Chris\n    Willman wrote: \"Take the title track\u00a0... on which [Martin]\n    imagines himself as a paranoid monarch. 'Who would ever want to\n    be king?' Martin asks. 'Revolutionaries wait/For my head on a\n    silver plate!'. The confident majesty of the music, however,\n    belies how he and his bandmates have invigorated their\n    rock-lite reign.\" Josh Hathaway from", "#text": "Entertainment Weekly"}, {"#tail": "noted \"Viva la Vida\" as the \"catchiest\"\n    song on the album. Chris Jones of the BBC noted: \"The\n    string/brass mutations that bolster a track like 'Viva La\n    Vida'\u00a0... conjure tunes so sweetly melancholy.\" In the IGN\n    review, critic Chad Grischow wrote, \"It is their one and only\n    foray into unabashed orchestral pop, but the punchy strut of\n    the strings and fantastic marching vocals make it far too\n    charming and lively to dislike, and even harder not to love.\"\n    \"Viva la Vida\" was nominated for \"Record of the Year\", and won\n    \"Song of the Year\", and \"Best Pop Performance by a Duo or a\n    Group\" at the 2009 Grammy Awards. This song also won the Ivor\n    Novella Award for \"Best Selling British Single\". The song was\n    included in", "#text": "The Plain Dealer"}, {"#tail": "'s annual \"100 Best Songs\" of 2008 at\n    number nine, it was also voted number two on", "#text": "Rolling Stone"}, {"#tail": "'s Readers' Rock List: Best Songs of 2008.\n    \"Viva la Vida\" was also listed at number five on", "#text": "Rolling Stone"}, {"#tail": "'s 1001 Downloads: The Top 144 Songs of 2008, as\n    well in the number eight position on", "#text": "Blender"}, {"#tail": "'s Pazz and Jop list.", "#text": "Village Voice"}], "#text": "Critics were positive towards the song. In the"}, {"i": [{"#tail": "has also been sampled in other several\n    songs, such as in Flo-Rida's single", "#text": "Viva la Vida"}, {"#tail": "as well as a similar riff heard at the start of\n    Agnes' song", "#text": "Be on You"}, {"#tail": ".", "#text": "Release Me"}]}, {"i": [{"#tail": "Modern Rock Tracks chart. \"Viva la Vida\" also\n    became the first song to top both the Hot 100 and Modern Rock\n    chart since Nickelback's \"How You Remind Me\" in 2001 and 2002.\n    On the", "#text": "Billboard"}, {"#tail": "Hot Adult Top 40 Tracks, the song has become\n    the band's first number one, as well as the first single on the\n    Capitol Records label to ever top the chart. The single has\n    been certified triple platinum by the Recording Industry\n    Association of America.. The song also become one of six songs\n    to reach the 4 million mark in paid digital downloads.", "#text": "Billboard"}], "#text": "\"Viva la Vida\" has become the band's highest-charting\n    single. Fueled by high digital sales, the song peaked at the\n    top spot of the U.S. Hot 100, becoming the band's first US\n    number-one single and their second top ten on the Hot 100. It\n    is the first song by a British group to reach number-one on the\n    Hot 100 since \"Wannabe\" by the Spice Girls in 1996, and it is\n    the first song by a British rock band to top the chart since\n    UB40's 1993 song \"Can't Help Falling in Love\". Although the\n    song was initially successful in digital sales, after being\n    released, it went on to become the band's highest-charting\n    single in American radio, becoming their first top ten hit on\n    the Hot 100 Airplay where it peaked at number eight. It had\n    also become the band's first number-one single on the"}, "The single was also successful in the United Kingdom.\n    Although the song had been disqualified from the UK charts due\n    to initially being available only by pre-ordering the album on\n    iTunes, it became eligible to chart after the album was\n    released. \"Viva la Vida\" hit number one on the UK Singles\n    Chart, becoming Coldplay's first chart-topping single in the\n    UK. The song remained in the top 40 through early 2009, and on\n    15 March 2009 dropped to number 34.", "In Canada, the single made a \"Hot Shot Debut\" at number four\n    on the Canadian Hot 100 on the issue of 24 May, making it\n    Coldplay's highest debut there. It is also Coldplay's highest\n    charting single in Australia, where it reached number 2.", "In Spain, the single peaked at #2 and achieved Double\n    Platinum status due to the 80,000 copies sold. It also had a\n    strong airplay in the Spanish radio stations.", "During the 2008/2009 season, the German football club\n    Hamburger SV used \"Viva la Vida\" as their goal celebration\n    song.", "The song also became the anthem of Spanish football club FC\n    Barcelona during the 2008-09 season. It turned out to be a\n    season of unprecedented success for the Spanish side, as they\n    won all six competitions they could possible be involved in,\n    which no football club has ever managed before. The song was\n    selected by the manager of the club, Josep Guardiola - himself\n    a Coldplay fan - to help motivate and encourage his team. It is\n    often played at the Camp Nou before the start of a Barcelona\n    match.", "Canadian figureskater Patrick Chan has used this song for\n    his short program.", {"i": {"#tail": ".", "#text": "The Legend of Zelda"}, "#text": "Coldplay were first accused of plagiarism of \"The Songs I\n    Didn't Write\" by American alternative band Creaky Boards, for\n    the melody of \"Viva la Vida\". Creaky Boards' band member Andrew\n    Hoepfner claimed that Martin had heard them playing the song at\n    a live show in October 2007. The band released a video clip, in\n    which it compares sections of both songs. Coldplay denied the\n    claim; band spokesman Murray Chambers said Martin was working\n    in AIR Studios in London at that time, having checked the\n    singer's diary. In addition, Coldplay had recorded a demo\n    version of \"Viva la Vida\" in March 2007, long before Creaky\n    Boards performed it live in October of the same year. Creaky\n    Boards later retracted the accusations and speculated that both\n    songs may have been inspired by the video game"}, {"i": {"#tail": ". The band has denied the\n    allegation, saying the similarities were \"entirely\n    coincidental\". On 14 September 2009, the case was dismissed by\n    the California Central District Court, with both parties\n    potentially agreeing to an out-of-court settlement.", "#text": "Is There Love in Space?"}, "#text": "On 4 December 2008, American guitarist Joe Satriani filed a\n    copyright infringement suit against Coldplay in Los Angeles.\n    The suit claims that \"Viva la Vida\" incorporates \"substantial,\n    original portions\" of his instrumental track \"If I Could Fly\"\n    from his 2004 album"}, "In May 2009, Yusuf Islam stated that the song is very\n    similar to his song \"Foreigner Suite,\" (recorded under his\n    former stage name, Cat Stevens) saying \"My son brought it to my\n    attention and said: 'Doesn't that sound like 'Foreigner\n    Suite?'\" Islam said that any legal action he might take\n    \"depends on how well Satriani does.\" Coldplay drummer Will\n    Champion denied the claim, stating, \"We're confident we haven't\n    done anything wrong.\" In June 2009, Islam later said, \"They did\n    copy my song but I don't think they did it on purpose,\" adding,\n    \"I don't want them to think I am angry with them. I'd love to\n    sit down and have a cup of tea with them and let them know it's\n    okay.\"", "The official music video for \"Viva la Vida\" was directed by\n    Hype Williams and premiered at Coldplay's official website on 1\n    August 2008. The video depicts the band performing against a\n    blurry, warped version of Eug\u00e8ne Delacroix's painting \"La\n    Libert\u00e9 guidant le peuple.\" Since its release, this video \"Viva\n    La Vida\" has become one of the most viewed music videos on\n    YouTube, with over 70,000,000 views worldwide.", "A second, alternate video was shot in The Hague, the\n    Netherlands, directed by Anton Corbijn and released alongside\n    the first. This second version is a tribute to Corbijn's video\n    for Depeche Mode's \"Enjoy the Silence\" and portrays Chris\n    Martin as the king from whose perspective the song is sung.\n    During the video, he carries Eug\u00e8ne Delacroix's painting \"La\n    Libert\u00e9 guidant le peuple.\". At the end, he hangs the picture\n    up in a white stall on top of a hill. As he sings the last\n    chorus, his band mates surface heading his way, tying in loose\n    ends from the \"Violet Hill\" video.", "Swedish singer Darin's cover of the song reached number 1 on\n    30 October 2009 on the Swedish Singles Chart.", "In 2010, it was yet again included as the B-side of Darin's\n    \"You're Out of My Life\" single, reaching #3 in the Swedish\n    Singles Chart.", "Coldplay's original single had already charted in Sweden for\n    a total of 49 weeks between 15 May 2008 and 23 October 2009,\n    peaking at number seven."]}, "artist": "Coldplay", "lengths": {"length": ["4:01 (Full album version)", "3:45 (Radio edit)", "4:04 (New edit)"]}, "title": "Viva la Vida", "recorded": "2007\u20132008", "label": "Parlophone , Capitol", "producers": {"producer": ["Coldplay", "Brian Eno", "Markus Dravs", "Rik Simpson"]}, "released": "25 May 2008", "writers": {"writer": ["Guy Berryman", "Jonny Buckland", "Will Champion", "Chris Martin"]}, "formats": {"format": ["Digital download", "CD"]}, "weeks": {"week": "2008-06-28"}}}