{"top-song": {"album": "C.M.B.", "genres": {"genre": ["R&B", "New Jack Swing"]}, "descr": {"p": [{"i": {"#tail": "The hit song spent one week at number-one on the\n    US R&B chart. It was also number one on the Hot 100 chart\n    the week of September 21, 1991 for two weeks and spent 20 weeks\n    overall in the list. It also ended the year at number 18 on the\n    annual recap for 1991. In 1992, saxophonist Najee covers the\n    song.", "#text": "C.M.B."}, "#text": "\"I Adore Mi Amor\" is the title of a number-one R&B\n    single by group Color Me Badd, released as the second single\n    from their debut album"}, "US Vinyl, 12\""]}, "artist": "Color Me Badd", "lengths": {"length": "4:49"}, "title": "I Adore Mi Amor", "label": "Giant Records", "producers": {"producer": "Hamza Lee & Royal Bayyan"}, "released": "July 17, 1991", "writers": {"writer": ["Hamza Lee", "Color Me Badd"]}, "formats": {"format": "CD single"}, "weeks": {"week": ["1991-09-21", "1991-09-28"]}}}