{"top-song": {"album": "C.M.B.", "genres": {"genre": ["R&B", "New Jack Swing"]}, "descr": {"p": [{"i": {"#tail": "As a number-one single, it replaced Michael\n    Jackson's \"Black or White\" and was then replaced by Elton John\n    and George Michael's \"Don't Let the Sun Go Down on Me\" in early\n    1992. It was the band's second number-one single in the US, and\n    also their last one. The recording contains elements and/or\n    samples of the 1966 minor R&B hit \"Patch My Heart\" by The\n    Mad Lads. In 2002, Stevie Brock covered it as his first\n    single.", "#text": "C.M.B."}, "#text": "\"All 4 Love\" (also known as \"All for Love\") is a number-one\n    single by the music group Color Me Badd released in 1991 as the\n    third single from their debut album"}, "Single", ", Maxi-CD"]}, "artist": "Color Me Badd", "lengths": {"length": "3:30"}, "title": "All 4 Love", "label": "Giant Records", "producers": {"producer": "Sam Watters"}, "released": "November 7, 1991", "writers": {"writer": ["Howard Thompson", "Color Me Badd"]}, "formats": {"format": "CD single"}, "weeks": {"week": "1992-01-25"}}}