{"top-song": {"album": "Natural High", "genres": {"genre": "Pop"}, "descr": {"p": [{"i": {"#tail": ". It was produced by James Anthony\n    Carmichael and the Commodores and it was the most popular track\n    of the album.", "#text": "Natural High"}, "#text": "\"Three Times a Lady\" is a 1978 single from the funk/soul\n    band the Commodores, from their 1978 album"}, {"i": [{"#tail": "on June 12, 2009, Richie said he was\n    inspired to write it by a comment his father made about his\n    mother. Reportedly his father said to his mother \"I love you. I\n    want you. I need you. Forever\" hence the three times. It became\n    the Commodores's first Billboard Hot 100 number-one hit,\n    topping the chart for two weeks on August 12, 1978. . It was\n    also the only Motown song to reach the Top 10 that year. The\n    song also spent three weeks at #1 on the adult contemporary\n    chart. It was one of only a few Motown singles to reach the top\n    spot in the UK. In the years since the Commodores had started\n    in 1974 it has been one of their most emotional songs since\n    \"You Don't Know That I Know\" from the album", "#text": "The Early Show"}, {"#tail": "in 1975.", "#text": "Caught in the Act"}], "#text": "In an appearance on"}, "The original Commodores' version of the song was included as\n    the final track on Lionel Richie's greatest hits compilation\n    album Back To Front, released in 1992.", "In the movie Garden State, the song is performed at a\n    funeral by actress Jackie Hoffman.", {"i": {"#tail": ". Eddie Murphy, in the Buckwheat\n    persona, would use numeric hand gestures and yell, \"Unce! Tice!\n    Fee tines a mady!\"", "#text": "Saturday Night Live"}, "#text": "The chorus of the song was parodied on"}, {"i": {"#tail": "set. According to Radio 1 DJ Scott Mills, the\n    song is about Richie professing his love for fat women.", "#text": "Part Troll"}, "#text": "Comedian Bill Bailey performed a German translation of the\n    song in his"}, {"i": {"#tail": ", after Grace admits to having breakup\n    sex and doing it not only twice but three times, Will responds,\n    \"Let's see. Once, twice, three times... I don't think that\n    makes you a lady.\"", "#text": "Will & Grace"}, "#text": "In an episode of"}, {"i": {"#tail": ", \"Christian Rock Hard\", Cartman uses\n    Christian rock to win a $10 bet by taking pre-existing lyrics\n    and substituting his own. One of the songs of the self-titled\n    album for their band \"Faith + 1\", was \"Three Times My\n    Savior\".", "#text": "South Park"}, "#text": "Episode 709 of"}, {"i": [{"#tail": "Hot Country Singles chart in 1984. Twitty's\n    version appeared on his 1983 album,", "#text": "Billboard"}, {"#tail": ".", "#text": "Lost in the Feeling"}], "#text": "The most successful cover version was performed by Conway\n    Twitty, who took his version into the top 10 of the"}, {"i": [{"#tail": "and in 2007 by Cobra Starship as an iTunes\n    bonus track for their album", "#text": "Crash Craddock"}, {"#tail": ". In 2001 it was covered by\n    Anglo-Norwegian boy band a1 and featured on", "#text": "\u00a1Viva La Cobra!"}, {"#tail": "and as a bonus track on their hit single \"No\n    More\".", "#text": "Motown Mania"}], "#text": "The song was also covered in the country genre by country\n    singer Billy \"Crash\" Craddock on his 1986 album"}, {"i": {"#tail": "on Season 2's \"The Hammer and\n    the Glove\" aired on December 13, 1988.", "#text": "In the Heat of the Night"}, "#text": "The song appears on the episode of"}, {"i": {"#tail": ", Newman sings part of this song, while his mail\n    truck catches fire.", "#text": "Seinfeld"}, "#text": "In an episode of"}, {"i": [{"#tail": "episode,", "#text": "The Sopranos"}, {"#tail": "as the end credits rolled.", "#text": "The Test Dream"}], "#text": "Was used in"}]}, "artist": "Commodores", "lengths": {"length": ["3:36 (7\" )", "6:36 (12\" )"]}, "title": "Three Times a Lady", "label": "Motown Records", "producers": {"producer": "James Anthony Carmichael"}, "released": "1978", "writers": {"writer": "Lionel Richie"}, "weeks": {"week": ["1978-08-12", "1978-08-19"]}}}