{"top-song": {"weeks": {"week": "1979-11-17"}, "artist": "Commodores", "descr": {"p": [{"i": {"#tail": ". The song reached the top of both the pop\n    and R&B charts. It is one of the group's most popular\n    singles. The song is also notable for being their last big hit\n    before Lionel Richie went solo.", "#text": "Midnight Magic"}, "#text": "\"Still\" is a song by the soul music group the Commodores. It\n    reached number one in the U.S. in 1979. The song appears on\n    their hit album"}, "In 1981, actor-singer John Schneider took a cover version to\n    #69 on the pop charts."]}, "title": "Still"}}