{"top-song": {"genres": {"genre": "Pop"}, "descr": {"p": ["\"My Heart Has a Mind of Its Own\" is a song written by Howard\n    Greenfield and Jack Keller which was a #1 hit for Connie\n    Francis in 1960.", "Francis recorded \"My Heart Has a Mind of Its Own\" at Radio\n    Recorders studio in Hollywood CA over three different sessions\n    on July 9, 25, and 31, 1960 with Jesse Kaye and Arnold Maxin\n    acting as producers; Gus Levene arranged the orchestration and\n    conducted. The musicians included Art Kaplan on saxophone.", "Several takes from these sessions are still extant. The\n    original MGM K 12923 single utilized Take 49 (recorded July 31,\n    1960) but two weeks into release this was replaced by Take 37\n    (recorded July 25, 1960) at the behest of Francis and the\n    song's writers.", "\"My Heart Has a Mind of Its Own\" became Francis' second\n    consecutive A-side to top the Hot 100 reaching #1 on the chart\n    dated 26 September 1960 and holding there the following week.\n    The single also marked Francis' final appearance of the R&B\n    charts at #11.", "In the UK \"My Heart Has a Mind of Its Own\" reached #3.", "On 18 October 1960, Francis recorded a German language\n    version of \"My Heart Has a Mind of Its Own\" entitled \"Mein Herz\n    wei\u00df genau, was es will\" but to limit the release of Francis'\n    single in Germany to its English version which reached #37. A\n    German language version distinct from that cut by Francis\n    entitled \"So, wie es damals war\" was recorded by Siw Malmkvist\n    (a multi-tracked recording credited to the Jolly Sisters), Nana\n    Gualdi, Gina Dobra, and Trixie K\u00fchn, none of whose versions\n    reached the German charts.", {"i": [{"#tail": ". In 1971 Smith's version was included\n    on a compilation release which was entitled", "#text": "Downtown Country"}, {"#tail": ".", "#text": "My Heart Has a Mind of Its Own"}], "#text": "Unlike Francis' precedent #1 \"Everybody's Somebody's Fool\",\n    \"My Heart Has a Mind of Its Own\" did not become a C&W\n    crossover hit for Francis herself but the song was subsequently\n    recorded by several high profile C&W songstresses beginning\n    with Connie Smith on her 1966 album"}, {"i": [{"#tail": ". \"My Heart Has a Mind of Its Own\" was also\n    one of several Pop classic hits covered by Sandy Posey on", "#text": "Oklahoma Girl"}, {"#tail": "a 2005 CD release which marked Posey's\n    return to her countrypolitan roots on which Francis' \"Who's\n    Sorry Now?\" and \"My Happiness\" were also remade.", "#text": "One Fine Day"}], "#text": "\"My Heart Has a Mind of Its Own\" was recorded by Reba\n    McEntire early in her career; that version was first released\n    on the 1994 compilation"}, "\"My Heart Has a Mind of Its Own\" was a C&W hit in 1972\n    for Susan Raye (#10) and in 1979 for Debby Boone (#11); Boone\n    subsequently made less successful bids for C&W chart\n    success with remakes of the Connie Francis hits \"Breakin' in a\n    Brand New Broken Heart\" (#25) and \"Everybody's Somebody's Fool\"\n    (#48)."]}, "artist": "Connie Francis", "lengths": {"length": "2:30"}, "title": "My Heart Has a Mind of Its Own", "recorded": "25 July 1960", "label": "MGM Records", "released": "1960", "writers": {"writer": ["Jack Keller", "Howard Greenfield"]}, "formats": {"format": "45 RPM single"}, "weeks": {"week": ["1960-09-26", "1960-10-03"]}}}