{"top-song": {"genres": {"genre": "Pop"}, "descr": {"p": ["\"Everybody's Somebody's Fool\" is a song written by Jack\n    Keller and Howard Greenfield which was a #1 hit for Connie\n    Francis in the summer of 1960.", "Although \"Everybody's Somebody's Fool\" was written as a\n    bluesy ballad, Francis envisioned the song as polka style\n    number feeling that as such it would fare well in the German\n    market and producer Arnold Maxin followed Francis' advisement\n    in the 7 April 1960 session at Olmstead Studios (NYC) when\n    Francis cut the song with the Joe Sherman Orchestra.", "In the US \"Everybody's Somebody's Fool\" was intended to\n    serve as the B-side for the track \"Jealous of You (Tango Della\n    Gelosia)\", which like Francis' precedent A-side hit \"Mama\" was\n    a ballad of Italian origin; however most American radio\n    stations preferred to play \"Everybody's Somebody's Fool\" and -\n    while \"Jealous of You\" did reach #19 - \"Everybody's Somebody's\n    Fool\" reached #1 on the Hot 100 on 27 June 1960 and remained\n    there the following week. The first of Francis' three US #1's,\n    \"Everybody's Somebody's Fool\" was also ranked on the R&B\n    chart at #2 and was the only one of Francis' major hits to\n    cross over to the C&W charts where it peaked at #24.", "A #5 hit in the UK, \"Everybody's Somebody's Fool\" was #1 in\n    Australia for three weeks in July 1960 and in South Africa\n    ranked as the #15 hit for that year.[1]", "Francis' instincts re the German hit potential of\n    \"Everybody's Somebody's Fool\" proved correct: rendered as \"Die\n    Liebe ist ein seltsames Spiel\" became the best-selling single\n    of 1960in Germany where the original English version of the\n    song also reached #25 in Germany. \"Everybody's Somebody's Fool\"\n    was also #1 in Norway for eight weeks. Translated versions of\n    the song include those made by Celly Campello (in Portuguese as\n    \"Algu\u00e9m \u00e9 bobo de algu\u00e9m\"), Marketta Joutsi (in Finnish as\n    \"Pajunk\u00f6ytt\u00e4\") and Siw Malmkvist (in Swedish as \"Tunna\n    skivor\"). Subsequent to \"Everybody's Somebody's Fool\", Francis\n    herself began to cut versions of all her single releases in\n    several different languages.", "\"Everybody's Somebody's Fool\" was remade in 1979 by Debby\n    Boone who had previously had Top 20 C&W hits with her\n    Connie Francis hit remakes \"My Heart Has a Mind of Its Own\" and\n    \"Breakin' in a Brand New Broken Heart\"; however Boone's version\n    of \"Everybody's Somebody's Fool\" only reached #48 C&W. The\n    song has also been an album cut for Lynn Anderson, Pat Boone,\n    Ann Breen, Sierra Hull, Margo, Jody Miller, Marie Osmond, Sandy\n    Posey and Bobby Vee.", "The song originally recorded by Connie Francis entitled\n    \"Everybody's Somebody's Fool\" is often confused with an earlier\n    song of the same title written by Ace Adams and Lionel Hampton\n    which has been recorded by LaVern Baker, Michael Jackson, Etta\n    James, the Heartbeats (#78/ 1957), Clyde McPhatter, Little\n    Jimmy Scott, Kay Starr, Dakota Staton and Dinah Washington.", "The arrangement performed by Connie Francis is noted for its\n    organ introduction. This is the only place in this arrangement\n    featuring the organ."]}, "artist": "Connie Francis", "lengths": {"length": "2:37"}, "title": "Everybody's Somebody's Fool", "recorded": "7 April 1960", "label": "MGM Records", "producers": {"producer": "Arnold Maxin"}, "released": "1960", "writers": {"writer": ["Jack Keller", "Howard Greenfield"]}, "formats": {"format": "45 RPM single"}, "weeks": {"week": ["1960-06-27", "1960-07-04"]}}}