{"top-song": {"genres": {"genre": "Country"}, "descr": {"p": ["\"Don't Break the Heart That Loves You\" is an American song\n    written by Benny Davis and Ted Murry. The song would become a\n    success for two artists in two different genres: Connie Francis\n    in the pop field in 1962, and Margo Smith as a country version\n    in 1978.", {"i": [{"#tail": "and the theme song for Francis'\n    third movie,", "#text": "The biggest sin of all"}, {"#tail": ", which she also recorded in French,\n    Italian, Spanish, Japanese, and German. Neither of the songs\n    left a bigger impact on", "#text": "Follow The Boys"}, {"#tail": "s Pop Charts, but became notable successes on\n    the Adult Contemporary Charts.", "#text": "Billboard'"}], "#text": "Benny Davis and Ted Murry became associated with Connie\n    Francis by suggestion of Francis' father, George Franconero.\n    The idea was to combine the skills of Tin Pan Alley veterans\n    Davis and Murry with the current sound of the day. Francis\n    signed Murry and Davis as regular composers to her own music\n    publishing company, Francon Music Incorporated. Over the\n    following years, Davis and Murry wrote further hits for\n    Francis, such as the country ballad"}, "Francis recorded \"Don't Break the Heart That Loves You\" in a\n    2 November 1961 session which also produced \"I'm Falling in\n    Love With You Tonight,\" \"When the Boy in Your Arms (Is the Boy\n    in Your Heart),\" \"'Baby's First Christmas,\" \"'Mon C\u0153ur est un\n    Violon,\" and \"Personne au Monde.\"", "The ballad, recorded by Francis in two-part harmony with a\n    spoken bridge, is a plea from a heartbroken lover who is trying\n    to understand why her lover is going out of his way to treat\n    her unkindly. The song ends with her begging him not to break\n    her heart.", "\"Don't Break the Heart That Loves You\" went to No. 1 on the\n    Billboard Hot 100 on March 31, 1962 for one week, becoming her\n    third and final chart-topping single.", "The song charted in the UK in April 1962 without paralleling\n    its US chart impact; rather \"Don't Break the Heart That Loves\n    You\" became Francis' first single to miss the UK Top 30 with a\n    #39 peak.", "Following the success in the US, Francis recorded \"Don't\n    Break the Heart That Loves You\" subsequently also in German\n    (\"Tu mir Nicht Weh\"), Spanish (\"Mi Coraz\u00f3n te Adora\"), Japanese\n    (Latin writing of Japanese title unknown) and in both regular\n    Italian and the Italian dialect Neapolitan (both as \"Un\n    Desiderio Folle\")", {"i": {"#tail": "Hot Country Singles chart in February 1978, and\n    crossed over to the Easy Listening chart at #40.", "#text": "Billboard"}, "#text": "In 1977, the ballad was recorded by country singer Margo\n    Smith. Her version \u2014 featuring a saxophone solo during the\n    musical bridge but not the recitation of Francis's version \u2014\n    topped the"}]}, "artist": "Connie Francis", "lengths": {"length": "3:05"}, "title": "Don't Break the Heart That Loves You", "recorded": "November 2, 1961", "label": "MGM Records 13059", "producers": {"producer": ["Danny Davis", "Arnold Maxin"]}, "released": "January 1962", "writers": {"writer": ["Benny Davis", "Ted Murry"]}, "formats": {"format": "7\" single"}, "weeks": {"week": "1962-03-31"}}}