{"top-song": {"album": "Conway\n  Twitty Sings", "descr": {"p": ["\"It's Only Make Believe\" is a song written by Jack Nance and\n    Conway Twitty, released by Twitty as a single in 1958. The\n    single topped both U.S. and British national charts, and was\n    Twitty's only number-one single on the pop charts of either\n    country.", "The song's lyrics describe the thoughts and feelings of a\n    man in love with a woman who does not seem to be in love with\n    him. He hopes and prays that, at some point in the future, the\n    woman will be able to return his love, but laments that, at\n    present, \"it's only make believe.\"", "Billy Fury had a UK #10 hit with his version in 1964, which\n    also went to #1 in Singapore. Glen Campbell's 1970 recording\n    became a top ten hit in both the United States and United\n    Kingdom. Ronnie McDowell had a #8 single on the Billboard\n    country chart in 1988 after recording the song as a duet with\n    Twitty. The horror punk band Misfits have a cover version on\n    their album Project 1950, titled \"Only Make Believe\"."]}, "artist": "Conway Twitty", "lengths": {"length": "2:28"}, "title": "It's Only Make Believe", "label": "MGM", "released": "1958", "writers": {"writer": ["Jack Nance", "Conway Twitty"]}, "formats": {"format": "7\" single"}, "weeks": {"week": "1958-11-10"}}}