{"top-song": {"album": "Gangsta's Paradise, Dangerous Minds OSTI Am L.V.", "genres": {"genre": ["West Coast hip hop", "Gangsta rap"]}, "descr": {"p": [{"i": [{"#tail": "(1995). The song was later released on\n    the albums", "#text": "Dangerous Minds"}, {"#tail": "and soundtrack in 1995. Coolio was\n    awarded a Grammy for the song/album. The song was voted as the\n    best single of the year in", "#text": "Gangsta's Paradise"}, {"#tail": "Pazz & Jop critics poll.", "#text": "The Village Voice"}], "#text": "\"Gangsta's Paradise\" is a rap song by Coolio featuring L.V.\n    from the movie"}, "It sampled the chorus and music of the song \"Pastime\n    Paradise\" by Stevie Wonder (1976). Wonder performed the song\n    with Coolio and L.V. at the 1995 Billboard Awards.", {"i": [{"#tail": "and #1 biggest\n    selling single of 1995 on U.S.", "#text": "Billboard's Greatest Songs of All-Time"}, {"#tail": ".", "#text": "Billboard"}], "#text": "The song was also listed at #69 on"}, "In 2008, it was ranked number 38 on VH1's 100 Greatest Songs\n    of Hip Hop.", {"i": {"#tail": ". This version did not feature Coolio, and\n    featured additional lyrics written by L.V. himself. The single\n    did not repeat the popularity of the original with Coolio.", "#text": "I Am L.V."}, "#text": "L.V. released a solo version of the single in 1996 on his\n    debut album,"}, {"i": {"#tail": ". \"Gangsta's Paradise\" uses the\n    same tune, and a different orchestration of the same backing\n    music. Coolio changed the lyrics to be more relevant to life on\n    the streets.", "#text": "Songs in the Key of Life"}, "#text": "The music is a reworking of Stevie Wonder's \"Pastime\n    Paradise\", a song from his album"}, {"i": [{"#tail": ", but\n    then diverges with:", "#text": "As I walk through the valley of the shadow of death"}, {"#tail": "Adding to some of the religious overtones are choral\n    vocals in the background.", "#text": "I take a look at my life / And realize there's nothin'\n    left."}], "#text": "The song begins with a line from Psalm 23:4 from the Bible:"}, {"i": {"#tail": "offer an especially plaintive\n    self-criticism.", "#text": "Tell me why are we so blind to see / That the ones we hurt\n    are you and me"}, "#text": "Many of the lyrics are very dark and tragic and are meant to\n    be a criticism of the violence and tragedy of the \"gangsta\"\n    life. The choral lines (sung by L.V.)"}, {"i": {"#tail": ".", "#text": "Dangerous Minds"}, "#text": "The music video for the song was directed by Antoine Fuqua\n    of Propaganda Films, and featured Michelle Pfeiffer reprising\n    her earlier role in"}, "When Coolio won the Best Rap Video at the MTV Video Music\n    Awards in 1996, he said in a press conference that Bone\n    Thugs-n-Harmony deserved the award for \"Tha Crossroads\".", "The single reached number one in the United States, United\n    Kingdom, Ireland, France, Germany, Italy, Sweden, Austria,\n    Netherlands, Norway, Switzerland, Australia, and New Zealand,\n    making it Coolio's most successful single. Following Coolio's\n    appearance in the UK TV show Celebrity Big Brother 2009\n    Gangsta's Paradise re-entered the UK singles chart peaking at\n    #31.", "There are some parodies of the song, including \"Amish\n    Paradise\" by \"Weird Al\" Yankovic, which was released the\n    following year, reaching #53 on the U.S. chart. Coolio claimed\n    that he did not give permission for the parody, which led to\n    disagreements between the two. Yankovic claimed that he had\n    been told Coolio had given the go-ahead through his record\n    label, and apologized. Because of this incident, Yankovic now\n    only does parodies by artists that he has spoken with directly,\n    rather than through intermediaries. Photos from the XM\n    Satellite Radio booth at the 2006 Consumer Electronics Show\n    suggest Yankovic and Coolio may have made amends.", "The Christian rock band ApologetiX also did a parody called\n    \"Shepherd's Paradise\" based on Psalm 23.", {"i": "Tell me why is it / so hard to see / If he's really a man,\n    or just a tree.", "#text": "Another parody by Paul Shanklin using Gangsta's Paradise is\n    \"Algore Paradise,\" in which Shanklin sings in the voices of Al\n    Gore and Bill Clinton. The Choral Line as sung by Shanklin (as\n    Clinton) goes,"}, "Death metal parody-group Ten Masked Men have also done a\n    rendition of the song. The former boy band Blue used a sample\n    of the instrumental for their single \"Curtain Falls\".", "Metalcore band In Fear and Faith covered this song as well,\n    as well as Death/Thrash band Artas.", {"i": {"#tail": ".", "#text": "New York Undercover"}, "#text": "The song appeared on the television show"}, {"i": "Ross Kemp on Gangs", "#text": "The song also appeared in an episode of"}, "Sturman George Russian band (\"\u0428\u0442\u0443\u0440\u043c\u0430\u043d \u0416\u043e\u0440\u0436\") used a sample\n    of the instrumental for their single \"Ausweis\" (\"\u0410\u0443\u0441\u0432\u0430\u0439\u0441\").", "Billboard", null, "MTV"]}, "artist": "Coolio featuring L.V.", "lengths": {"length": "4:00"}, "title": "Gangsta's Paradise", "recorded": "1995", "label": "Tommy Boy Records", "producers": {"producer": "Doug Rasheed"}, "released": "July 31, 1995", "writers": {"writer": ["Coolio", "Doug Rasheed", "Larry Sanders", "Stevie Wonder"]}, "formats": {"format": ["CD single", "cassette", "12-inch single"]}, "weeks": {"week": ["1995-09-09", "1995-09-16", "1995-09-23"]}}}