{"top-song": {"weeks": {"week": "1947-02-22"}, "artist": "Count Basie", "descr": {"p": ["\"Open the Door, Richard\" is a song first recorded on the\n    Black & White Records label by saxophonistist Jack McVea at\n    the suggest of A&R man Ralph Bass. In 1947, it was the\n    number-one song on 's \"Honor Roll of Hits\" and became a runaway\n    pop sensation.", "\"Open the Door, Richard\" started out as a black vaudeville\n    routine. Pigmeat Markham, one of several who performed the\n    routine, attributed it to his mentor Bob Russell. The routine\n    was made famous by Dusty Fletcher on stages like the Apollo\n    Theater in New York and in a short film [Archive.org]. Dressed\n    in rags, drunk, and with a ladder as his only prop, Fletcher\n    would repeatedly plunk the ladder down stage center, try to\n    climb it to knock on an imaginary door, then crash sprawling on\n    the floor after a few steps while shouting, half-singing \"Open\n    the Door, Richard\". After this he would mutter a comic\n    monologue, then try the ladder again and repeat the process,\n    while the audience was imagining what Richard was so occupied\n    doing.", "Jack McVea was responsible for the musical riff which became\n    associated with the words \"Open the Door, Richard\" that became\n    familiar to radio listeners and as many as 14 different\n    recording were made.", "In the song, accompanied by a rhythm section and McVea's\n    expressive tenor honking, the intoxicated, rowdy band members\n    come home late at night, knowing Richard has the only key to\n    the house. Knocking and repeated calls from McVea and the band\n    members for Richard to open the door get no result. The musical\n    refrain kicks in with the musicians singing in unison:", "The spoken dialog makes humorous references to negative\n    aspects of urban African-American life, including poverty and\n    police brutality. The narrator explains, \"I know Richard's home\n    'cause I got on the clothes.\" He also says, \"I was on relief,\n    but they got short of help and you had to go downtown to pick\n    up the checks, so I gave it up.\" Later, when a policeman tells\n    him to come down from the ladder and begins hitting his feet,\n    the narrator protests, \"You act like one of them police that\n    ain't never arrested nobody before.\"", "Although the neighbors are being disturbed, McVea continues\n    knocking as the song fades away.", "The recording by Count Basie was released by RCA Victor\n    Records as catalog number 20-2127. It first reached the\n    Billboard magazine Best Seller chart on February 7, 1947 and\n    lasted four weeks on the chart, peaking at number one.", {"i": {"#tail": "Best Seller chart on January 31, 1947, and\n    lasted five weeks on the chart, peaking at number three.", "#text": "Billboard"}, "#text": "The recording by Dusty Fletcher was released by National\n    Records as catalog number 4012. It first reached the"}, {"i": {"#tail": "Best Seller chart on February 14, 1947, and\n    lasted three weeks on the chart, peaking at number four.", "#text": "Billboard"}, "#text": "The recording by The Three Flames was released by Columbia\n    Records as catalog number 37268. It first reached the"}, {"i": {"#tail": "Best Seller chart on March 7, 1947, and lasted\n    two weeks on the chart, peaking at number seven.", "#text": "Billboard"}, "#text": "The recording by Louis Jordan was released by Decca Records\n    as catalog number 23841. It first reached the"}, {"i": {"#tail": "Best Seller chart on February 14, 1947, and\n    lasted two weeks on the chart, peaking at number seven. As\n    stated above, this was the original recording.", "#text": "Billboard"}, "#text": "The recording by Jack McVea, recorded in October 1946, was\n    released by Black & White Records as catalog number 792. It\n    first reached the"}, {"i": {"#tail": ", Basie was indeed recognized for his many\n    chart singles outside the retail Top 10. The Basie string of\n    \"hits\" continued on different Billboard charts through\n    1968.)", "#text": "Pop Memories"}, "#text": "For all the artists above except Jordan, this was their only\n    hit on the charts. (This even includes Count Basie, despite his\n    great fame, and despite the fact that this was a number-one hit\n    for him. In Whitburn's later"}, "The origins of the piece in a vaudeville routine led to\n    there being several claimants to the rights. Russell was no\n    longer alive, but both Mason and Fletcher came forth claiming\n    to have written it; Fletcher even claimed that he had written\n    the tune. By the time the dust settled, the official credits\n    read \"Words by Dusty Fletcher and John Mason, music by Dusty\n    Fletcher and Don Howell\". Howell appears to have been an\n    entirely fictional front through which someone managed to\n    pocket some of the royalties at McVea's expense.", "\"Open the Door, Richard\" was an early R&B novelty\n    record, a song category that became a basic genre of rock and\n    roll in the 1950s. It started the fad of answer song records.\n    It was also the first commercial record to use a fade out\n    ending.", "When \"Open the Door, Richard\" landed on the \"Honor Roll of\n    Hits\" it joined such white pop songs as \"Zip-A-Dee Doo-Dah\" for\n    a Walt Disney film. But a black ballad \"(I Love You) For\n    Sentimental Reasons\" sung by Al Jolson was also on the list.\n    These two songs became the first rhythm and blues songs since\n    \"I Wonder\" to achieve sensational success in the white market\n    and indicated that the pop mainstream was open to R&B.", {"i": {"#tail": "used \"Open the Door Richard\" as the\n    title of an editorial demanding black representation in city\n    government and a Detroit minister used the title for a sermon\n    on open housing.", "#text": "Los Angeles Sentinel"}, "#text": "The phrase \"Open the Door, Richard\" passed into African\n    American Vernacular English and became associated with the\n    Civil Rights Movement. When college students marched in 1947 to\n    the state capitol demanding the resignation of segregationist\n    governor Herman Talmadge, some of their banners read \"Open the\n    Door Herman\". The"}, "\"Open the Door, Richard\" became a catchphrase in broader\n    American society, as well; the line appeared in routines by\n    Jack Benny, Fred Allen, and Phil Harris. Jimmy Durante and Burl\n    Ives each recorded versions of the song; opera star Lauritz\n    Melchior performed it on national radio. Molly Picon recorded a\n    Yiddish language version; it was also covered in Spanish,\n    Swedish, French, and Hungarian. There were \"Richard\" hats,\n    shirts, and jeans, and ads for products ranging from ale to\n    perfume incorporated references to the song.", {"i": {"#tail": "uses a pun on this title, \"Open the Window,\n    Richard\", when Foghorn Leghorn outfits Henery Hawk with an egg\n    shell.", "#text": "Crowing Pains"}, "#text": "A reference to the phrase appears in the 1947 Looney Tunes\n    short"}, {"i": {"#tail": ", featuring Yosemite Sam and Bugs Bunny\n    (a riff on the song also appears in this cartoon). In this\n    cartoon, Sam climbs up a ladder of a high-diving board, only to\n    find a door on it. When he tries to open it he shouts, \"Open up\n    this door!!\", then breaks the fourth wall and says, \"D'ja\n    notice I didn' say 'Richard'?\"", "#text": "High Diving Hare"}, "#text": "Another reference appears in a 1949 Looney Tunes cartoon,"}, "In 1967, Bob Dylan and the Band recorded an homage to the\n    song as part of The Basement Tapes. Entitled \"Open the Door,\n    Homer\", its chorus nevertheless repeated the phrase \"Open the\n    door Richard.\"", "The Cuban Boys released a re-mix of the song with the same\n    title on their 2000 'Old Skool For Scoundrels' EP."]}, "title": "Open the Door, Richard"}}