{"top-song": {"album": "The Gift of Game", "genres": {"genre": ["Rap rock", "Alternative rock", "Funk rock"]}, "descr": {"p": [{"i": {"#tail": "that was released in February 2001. It\n    reached No. 1 in 15 countries, including the Billboard Hot\n    100.", "#text": "The Gift of Game"}, "#text": "\"Butterfly\" is a rap rock song by Crazy Town from their\n    album"}, "The song consists mainly of a sample from the Red Hot Chili\n    Peppers' song \"Pretty Little Ditty\" with additional lyrics by\n    Shifty Shellshock and Epic Mazur on top.", "The song is referenced in DJ Paul Oakenfold's 2002 song,\n    Starry Eyed Surprise, in the line sung by Shifty Shellshock,\n    \"Freaky deaky, star speckles and pink butterflies\", in a\n    similar manner to that of \"Butterfly\".", {"i": {"#tail": "by Owl City)", "#text": "Fireflies"}, "#text": "\"Butterfly\" is one of only two No. 1 songs in the Hot 100\n    era naming an insect in its title (The other being"}, "The song's music video, directed by Honey, features the band\n    in a fantasy-like forest complete with butterflies where Shifty\n    Shellshock and Epic Mazur sing their praises to two women with\n    butterfly wings. At one point in the video, Shifty's\n    star-shaped tattoos fly off into the air."]}, "artist": "Crazy Town", "lengths": {"length": "3:36"}, "title": "Butterfly", "released": "February 20, 2001", "writers": {"writer": ["Shifty Shellshock", "Epic Mazur"]}, "formats": {"format": "CD single"}, "weeks": {"week": ["2001-03-24", "2001-04-07"]}}}