{"top-song": {"album": "Human Clay", "genres": {"genre": "Post-grunge"}, "descr": {"p": [{"i": [{"#tail": ". Scott Stapp wrote the lyrics when he found\n    out that he was going to be a father. His son would be named\n    Jagger. \"With Arms Wide Open\" topped the", "#text": "Human Clay"}, {"#tail": "Hot Mainstream Rock Tracks chart for four weeks\n    in July 2000; a month later it reached the U.S. Top 40. In\n    September, it was announced that Creed would release a limited\n    edition single of \"With Arms Wide Open\" with some profits\n    benefiting Scott Stapp's With Arms Wide Open Foundation to\n    \"promote healthy, loving relationships between children and\n    their families\". In October, the song hit the top ten and\n    topped Billboard's Adult Top 40 chart for eight weeks. It hit\n    number one on the Hot 100 on the issue dated November 11 for\n    one week, and the video topped VH1's top ten tracks of 2000. In\n    February 2001, Scott Stapp and Mark Tremonti won a Grammy Award\n    for Best Rock Song. The song was also nominated for Best Rock\n    Vocal Performance by a Duo or Group, but lost to U2 for\n    Beautiful Day.", "#text": "Billboard"}], "#text": "\"With Arms Wide Open\" is a song composed by the band Creed,\n    featured on the album"}, {"i": {"#tail": ".", "#text": "25 Greatest Power Ballads"}, "#text": "The song was ranked number four on VH1's"}, "Staind covered this song. Parodies include \"They'll Claw You\n    Open,\" \"When Bars Come Open,\" \"With Blinds Wide Open,\"[1] \"With\n    Legs Wide Open\", and more.", "A parody of the song entitled \"With Arms Wide Open (Literal\n    Version)\" is featured on Youtube in which the lyrics and vocals\n    are changed to match the events in the song's music video.", "Kentucky native folk-parody duo, Threat Level Midnight,\n    wrote and recorded a reworded version of the song making light\n    of a breast augmentation entitled \"Cut Them Wide Open\".", "Norwegian comedian Kristian Valen recorded a parody of the\n    song, entitled \"My Moms Wide Open\". It featured a music video\n    with an elderly woman running around the forest naked.", "Christian comedian Tim Hawkins wrote a parody of the song\n    called \"My Arms Are Broken.\"", "Dave Grohl of the Foo Fighters recorded a humorous cover of\n    the song in which he imitates Scott Stapp's distinctive\n    voice.", "Michelle Delamor sang this song during Season 9 of American\n    Idol.", "In spring 2010 the Chicago based vaudevillian duo, The Sweet\n    Bina Experience, covered the song using autotune; employing\n    harmonies reminiscent of T Pain."]}, "artist": "Creed", "lengths": {"length": ["4:35 (album version)", "3:53 (radio version)"]}, "title": "With Arms Wide Open", "recorded": "1998", "label": "Wind-up", "producers": {"producer": ["Ron Saint Germain", "John Kurzweg"]}, "released": "May 24, 2000", "writers": {"writer": ["Scott Stapp", "Mark Tremonti"]}, "formats": {"format": "CD"}, "weeks": {"week": "2000-11-11"}}}