{"top-song": {"album": "Colour by\n  Numbers", "genres": {"genre": ["New Wave", "Folk rock"]}, "descr": {"p": [{"i": {"#tail": ". The song spent three weeks at number\n    one on the US Hot 100 in 1984, becoming the group's biggest hit\n    and only US number one. \"Karma Chameleon\" hit number one in\n    sixteen countries worldwide. In the group's home country, it\n    became the second Culture Club single to reach the top of the\n    UK singles chart, where it stayed for six weeks in September\n    and October 1983, and became the biggest-selling single of\n    1983.", "#text": "Colour by Numbers"}, "#text": "\"Karma Chameleon\" is a song by British New Wave band Culture\n    Club, featured on the group's 1983 album"}, "In an interview, Culture Club frontman Boy George explained:\n    \"The song is about the terrible fear of alienation that people\n    have, the fear of standing up for one thing. It's about trying\n    to suck up to everybody. Basically, if you aren't true, if you\n    don't act like you feel, then you get Karma-justice, that's\n    nature's way of paying you back.\"", "The prominent harmonica part was played by Judd Lander, who\n    had been a member of Merseybeat group The Hideaways in the\n    1960s. The song was originally to be called \"Cameo Chameleon\".\n    The band were recorded in interviews in late 1983 stating this\n    was to be the title of their next single.", "Likely because of the lyric \"I'm a man without conviction,\"\n    and the chorus, which repeats the word \"chameleon,\" \"Karma\n    Chameleon\" has been used by several politicians in political\n    ads. In 2006, Britain's Labour Party used \"Karma Chameleon\" as\n    the theme song for a series of political advertisements against\n    Conservative party leader David Cameron in the 2006 UK\n    Elections. Also, during the 2010 U.S. senate race in\n    Pennsylvania, Republican Pat Toomey used the song as backing\n    music for his video \"Happy Anniversary Arlen Specter!\" as a way\n    to criticize a sitting Senator from Pennsylvania and\n    recently-turned Democrat Arlen Specter.", "The song won Best British Single at the 1984 Brit\n    Awards.", "The \"Karma Chameleon\" music video was filmed at Desborough\n    Island in Weybridge during the summer of 1983. According to\n    caption, the video is set in Mississippi in 1870, and depicts\n    people in colourful costumes, including dancers in \"red, gold\n    and green\", waiting on a riverbank. Boy George is dressed in a\n    colourful costume and is depicted singing the title song. A\n    pickpocket is seen wandering through the crowd.", "A riverboat, \"The Chameleon\", arrives and people board. A\n    game of cards takes place, as Boy George continues to sing in\n    the background. The pickpocket is discovered cheating and is\n    forced to walk the plank. Throughout the video, Blacks and\n    Caucasians are depicted singing and dancing together.", "The boat used in the video belongs to Turk Launches of\n    Kingston-upon-Thames, and it is still in use, mainly on the\n    Kingston to Hampton Court route during the summer months."]}, "artist": "Culture Club", "lengths": {"length": ["4:12 (album version)", "3:51 (single edit)"]}, "title": "Karma Chameleon", "recorded": "1983", "label": "Virgin", "producers": {"producer": "Steve Levine"}, "released": "5 September 1983", "writers": {"writer": ["George O'Dowd", "Jon Moss", "Mikey Craig", "Phil Pickett", "Roy Hay"]}, "formats": {"format": ["7\"", "12\""]}, "weeks": {"week": ["1984-02-04", "1984-02-11", "1984-02-18"]}}}