{"top-song": {"album": "Broadcast", "genres": {"genre": ["Rock", "New Wave"]}, "descr": {"p": ["\"(I Just) Died in Your Arms\" is a power ballad written by\n    Nick Van Eede and introduced by his band, Cutting Crew, in\n    1986. It was their biggest hit, peaking at #1 in the United\n    States, Canada and Norway, and reaching the top five in the UK,\n    South Africa, Sweden and Switzerland.", "Vocalist Nick Van Eede founded the group along with Canadian\n    guitarist Kevin Scott MacMichael in 1985, and the two made\n    demos that led to a recording contract, before bassist Colin\n    Farley and drummer Martin Beadle joined in 1986. The band\n    recorded and released an album of all original material that\n    same year, and had an international hit.", "The words \"I just died in your arms tonight\" originally came\n    to Van Eede while he was having sex with his girlfriend,\n    \"death\" being an often-used metaphor for orgasm. Writing down\n    the phrase, Van Eede later used it as the hook to \"(I Just)\n    Died In Your Arms.\"", "First released in Britain, the song peaked at #4 on the UK\n    charts in August 1986. Upon its release in the United States,\n    the previously unknown band's debut single shot to number one\n    on May 2, 1987, and stayed there for two weeks. It also reached\n    #4 on the Hot Mainstream Rock Tracks chart, #24 on Billboard's\n    Hot Adult Contemporary Tracks chart and (in a remix version)\n    #37 on the Hot Dance/Club Play chart. The song spent three\n    weeks at #1 in Canada.", {"i": [{"#tail": "starring Drew Barrymore, as well as the\n    2007 movie", "#text": "Never Been Kissed"}, {"#tail": ". It is also featured in the video games", "#text": "Hot Rod"}, {"#tail": "(2002) and", "#text": "Grand Theft Auto: Vice City"}, {"#tail": "(2008).", "#text": "Karaoke Revolution Presents: American Idol\n    Encore"}], "#text": "Cutting Crew's \"(I Just) Died in Your Arms\" is featured in\n    the 1999 film"}, "The song was also featured in a season 25, episode 14\n    Saturday Night Live sketch titled \"Wedding Singers.\" The sketch\n    featured Will Ferrell and Horatio Sanz as musicians who kept\n    starting the song before their cue. Finally, when they are\n    given the cue, they confess that they only remember the first\n    two sentences of the song."]}, "artist": "Cutting Crew", "lengths": {"length": "4:41"}, "title": "(I Just) Died in Your Arms", "recorded": "1986", "label": "Virgin", "producers": {"producer": ["Terry Brown", "John Jansen", "Cutting Crew"]}, "released": "August 15, 1986 (UK) , January 4, 1987\n  (U.S.)", "writers": {"writer": "Nick Van Eede"}, "formats": {"format": "7\" single"}, "weeks": {"week": ["1987-05-02", "1987-05-09"]}}}