{"top-song": {"album": "She's So\n  Unusual", "genres": {"genre": ["Pop", "New Wave"]}, "descr": {"p": [{"i": {"#tail": ". It reached number one on the U.S.\n    Billboard Hot 100 chart on June 9, 1984, and remained there for\n    two weeks. Worldwide, the song is her most commercially\n    successful single after \"Girls Just Want to Have Fun\", and\n    reached number 3 on the UK Singles Chart and number 6 on the\n    ARIA Singles Chart.", "#text": "She's So Unusual"}, "#text": "\"Time After Time\" is a single by singer Cyndi Lauper, the\n    second from her album"}, "\"Time After Time\" was nominated for Song of the Year at the\n    1985 Grammy Awards. The ballad is considered a classic of the\n    1980s and is still played frequently on adult contemporary\n    radio. The song is known for its numerous covers by a wide\n    range of artists, including an instrumental version by Miles\n    Davis.", {"i": {"#tail": "(episode 212) on HDNet,\n    Lauper related how the song was written. She indicated much of\n    the lyrics were written about occurrences in the studio and her\n    life at the time. The line \"the second hand unwinds\" referred\n    to producer Rick Chertoff's watch which was winding\n    backwards.", "#text": "Sound Off with Matt Pinfield"}, "#text": "Lauper co-wrote \"Time After Time\" with Philadelphia rocker\n    Rob Hyman of The Hooters, who also supplied backup vocals to\n    the song. In a 2006 interview with"}, "Hyman explained in an interview with Songfacts that he and\n    Lauper stayed in the studio after the sessions composing the\n    song.", "Drums were provided by a Linn drum machine, particularly the\n    'salt-shaker' sound. The guitar was recorded with a Marshall\n    2x12 combo amp, where a rackmountable Publison DHM89 harmoniser\n    was used in the effects loop, set to delay-pitch-shift up the\n    signal on the left channel and delay-pitch-shift up the signal\n    on the right channel, to create a rich & lush chorus-like\n    effect.", {"i": {"#tail": ". Lauper sings (signs) the title of\n    the song to the deaf as she is leaving the train station. The\n    video was played in heavy rotation on MTV. Lauper's mother,\n    brother, and then-boyfriend David Wolff appear in the video,\n    and Lou Albano, who played her father in the \"Girls Just Want\n    to Have Fun\" video, can be seen as a cook. The video was\n    directed by Ed Griles. Portions of the video were filmed at the\n    now closed Tom's Diner in Roxbury, the intersection of Central\n    Ave & Main St in Wharton, New Jersey, and at the Morristown\n    train station.", "#text": "The Garden of Allah"}, "#text": "The video for \"Time After Time\" was about a runaway leaving\n    her lover behind. The video opens with Lauper watching the 1936\n    film"}, "\"Time After Time\" has been covered, either in live\n    performance or on a recording, by at least 120 different\n    artists across a broad spectrum of genres. A partial list\n    includes:", {"i": [{"#tail": "(2003). Mark Williams and Tara Morice\n    performed the song in the", "#text": "View from the Top"}, {"#tail": "soundtrack (in the scene where Scott\n    and Fran dance on the rooftop). Eva Cassidy's version was\n    featured in the TV series,", "#text": "Strictly Ballroom"}, {"#tail": ", and it was added to the first", "#text": "Smallville"}, {"#tail": "soundtrack,", "#text": "Smallville"}, {"#tail": ". The 2006 cover by Quietdrive appeared\n    during the dance scene of the film", "#text": "The Talon Mix"}, {"#tail": ". It also contributed to a running\n    gag in the second season of the TV series", "#text": "John Tucker Must Die"}, {"#tail": ".", "#text": "My Name Is Earl"}], "#text": "The song was used as a main theme sung by Katie Cook in"}, {"i": {"#tail": "three times. In 2005, Nadia Turner\n    performed the song on Billboard #1 Hits week in the fourth\n    season. In 2007, Brandon Rogers performed the song on the\n    second week of the semi-finals in honor of his grandmother in\n    the sixth season. In 2009, 4th place finisher Allison Iraheta\n    performed it as a duet with Lauper in the eighth season finale.\n    Season 7 Semi-Finalists Kady Malloy and Colton Berry released a\n    video of their cover on YouTube.", "#text": "American Idol"}, "#text": "The song has been performed on"}, {"i": {"#tail": ", The Bad Robots performed a version\n    of this track.", "#text": "Mobileact Unsigned"}, "#text": "On Channel 4's show"}, {"i": {"#tail": "Hot 100 chart in 1998.", "#text": "Billboard"}, "#text": "INOJ's cover version of \"Time After Time\" reached number six\n    on the"}, {"i": {"#tail": ".", "#text": "Up in the Air"}, "#text": "The song is briefly sung by Anna Kendrick's character as a\n    karaoke song in the film"}, {"i": [{"#tail": ", during the food fight at John's\n    birthday party. The song was also used in the 2008 remake of\n    the film", "#text": "John Tucker Must Die"}, {"#tail": ". It peaked at number two on 's Bubbling Under\n    Hot 100 Singles chart (the virtual equivalent of #102 on the\n    Hot 100).", "#text": "Prom Night"}], "#text": "Quietdrive's version can be heard in the film,"}, {"i": {"#tail": ".", "#text": "Romy and Michele's High School Reunion"}, "#text": "The song is featured numerous times in the film"}, "Elements of this song, mainly the guitar melody during the\n    bridge, were used in the 2009 Black Eyed Peas song \"Meet Me\n    Halfway\"."]}, "artist": "Cyndi Lauper", "lengths": {"length": "4:03"}, "title": "Time After Time", "recorded": "1983", "label": "Epic Records", "producers": {"producer": "Rick Chertoff"}, "released": "1984", "writers": {"writer": ["Cyndi Lauper", "Rob Hyman"]}, "formats": {"format": ["12\" vinyl", "7\" vinyl"]}, "weeks": {"week": ["1984-06-09", "1984-06-16"]}}}