{"top-song": {"album": "True Colors", "genres": {"genre": "Pop"}, "descr": {"p": ["\"True Colors\" is a song written by songwriters Billy\n    Steinberg and Tom Kelly. It was both the title track and the\n    first single released from Cyndi Lauper's second album. It was\n    the only original song on the album that Lauper did not help\n    write.", "Billy Steinberg originally wrote True Colors about his own\n    mother. Tom Kelly altered the first verse and the duo submitted\n    the song to Cyndi Lauper. Their demo was in a form of piano\n    based gospel ballad like \"Bridge over Troubled Water\".\n    Steinberg told Songfacts that \"Cyndi completely dismantled that\n    sort of traditional arrangement and came up with something that\n    was breathtaking and stark.\" Other songs they wrote for Cyndi\n    Lauper include \"I Drove All Night\" and \"Unconditional Love\",\n    the former of which went on to be covered by Celine Dion, the\n    latter of which went on to be covered by Susanna Hoffs.", "It reached #1 on the U.S. Billboard Hot 100, #3 in\n    Australia, and #12 on the UK Singles Chart.", "\"True Colors\" also became a legend of its own in the gay\n    community. Lauper embarked on a True Colors Tour in 2007 with\n    several other acts including Deborah Harry and Erasure. The\n    tour was for the Human Rights Campaign to promote human rights\n    in the US and beyond. A second True Colors tour occurred in\n    2008.", {"i": {"#tail": ". The version was a smooth-jazz-influenced\n    version compared to the original. R&B singer Babyface\n    provided backing vocals.", "#text": "...Hits"}, "#text": "In 1998, the song was covered by Phil Collins for his\n    compilation album"}, {"i": {"#tail": "Hot Adult Contemporary Tracks chart and at #26\n    on the UK Singles Chart.", "#text": "Billboard"}, "#text": "The track peaked at #2 on the U.S."}]}, "artist": "Cyndi Lauper", "lengths": {"length": "3:47"}, "title": "True Colors", "recorded": "1986", "label": "Epic Records", "producers": {"producer": ["Cyndi Lauper", "Lennie Petze"]}, "released": "1986", "writers": {"writer": ["Tom Kelly", "Billy Steinberg"]}, "formats": {"format": ["7\" vinyl", "12\" vinyl"]}, "weeks": {"week": ["1986-10-25", "1986-11-01"]}}}