{"top-song": {"album": "Down for Life", "genres": {"genre": ["Southern Hip Hop", "Snap Music"]}, "descr": {"p": ["\"Laffy Taffy\" is a song by Atlanta-based hip-hop group D4L\n    which reached number one on the Hot 100 in January 2006. The\n    song's success on the charts was largely due to its enormous\n    online sales. Produced by Cory Way p/k/a \"Born Immaculate,\n    Broderick Thompson Smith and Richard Sims p/k/a \"K-Rab\". The\n    song samples and interpolates elements of \"Candy Girl\" by New\n    Edition.", "There has been some debate regarding the meaning of the\n    phrase \"Laffy Taffy.\" Many understand the term to mean a\n    woman's labia minora because of its resemblance to \"stretched\n    out taffy.\" It is a phrase commonly used by men who attend\n    strip clubs. Women with larger labia minora lips are said to\n    have \"laffy taffy\". The song's music video is set in a strip\n    club.", {"i": {"#tail": ", Ghostface Killah asks \"Y'all stuck on Laffy\n    Taffy/Wonderin' how'd y'all niggas get past me?\" Ghostface had\n    mocked the \"snap dance\" during his 2005 tour. There has also\n    been controversy on who wrote \"Laffy Taffy\". Rapper Liam \"Smack\n    Eyes\" Thomas claims that the group had stolen the lyrics from\n    his rhyme book.", "#text": "Fishscale"}, "#text": "During \"The Champ\" from 2006's"}]}, "artist": "D4L", "lengths": {"length": "3:44"}, "title": "Laffy Taffy", "recorded": "2005 in Atlanta, Georgia", "label": "Atlantic / WEA", "released": "October 18, 2005", "writers": {"writer": ["Lafabian Williams p/k/a Fabo", "Adrian Parks p/k/a \"Stuntman\"", "Dennis Butler p/k/a \"Mook-B\"", "Cory Way p/k/a Born Immaculate", "Broderick Thompson Smith", "Michael Johnson"]}, "formats": {"format": "CD single"}, "weeks": {"week": "2006-01-14"}}}