{"top-song": {"weeks": {"week": ["1963-11-23", "1963-11-30"]}, "artist": "Dale & Grace", "descr": {"p": ["\"I'm Leaving It All Up to You\" is a popular song sung by\n    Dale and Grace that was a number-one song in the United States\n    in 1963 (see 1963 in music). It was the first time a hit by a\n    duet was succeeded by another duet on the number-one spot. It\n    topped the Billboard Hot 100 chart for the week ending November\n    23, 1963 and remained there for two weeks.", "The song also spent two weeks atop the \"Easy listening\"\n    chart that same year. This was the number one song on the date\n    President John F. Kennedy was assassinated in Dallas, Texas.\n    Interestingly, Dale and Grace were in Dallas, Texas, on the day\n    of the assassination, scheduled to perform that night as part\n    of Dick Clark's Caravan of Stars (with Bobby Rydell, Jimmy\n    Clanton, and Brian Hyland), and had actually waved to the\n    president's motorcade from a vantage point near their hotel\n    moments before the assassination.", {"i": {"#tail": "album. It became a chart-topping hit again\n    more than ten years later, when brother and sister duo Donny\n    & Marie Osmond covered the song in 1974. That September, it\n    reached #4 on the Hot 100 and #1 Adult Contemporary chart in\n    the United States.", "#text": "Silk Purse"}, "#text": "The song was covered in 1970 by Linda Ronstadt on her\n    Nashville recorded"}]}, "title": "I'm Leaving It Up to You"}}