{"top-song": {"album": "Daniel Powter", "genres": {"genre": "Pop rock"}, "descr": {"p": [{"i": [{"#tail": "(2005) and achieved the #1 spot in the U.S.\n    and Ireland. In the U.S. it became the most successful single\n    of 2006 as ranked by", "#text": "Daniel Powter"}, {"#tail": ".", "#text": "Billboard Magazine"}], "#text": "\"Bad Day\" is a pop song written by Canadian singer Daniel\n    Powter. It was released as the first single from his second\n    album"}, "Despite the song's success, Powter failed to release any\n    more pop hits, proving to be a very successful one-hit\n    wonder.", "The music video is directed by Marc Webb and features two\n    single people, a male (Jason Adelman) and a female (Samaire\n    Armstrong), waking and going about their daily schedule. The\n    video shows this happening over a three-day period, but makes\n    no distinction between the days apart from the different\n    clothing worn for each day. The main event is the two adding\n    graffiti to the same wall, separately, on each day, culminating\n    in the completion of a heart. At the end of the video, life\n    mirrors the image created on the wall, with the boy offering\n    the soaking wet girl a red umbrella in the pouring rain, as a\n    cab stops for them. Parts of it were shot in a split-screen.\n    Throughout the video, Powter is shown with his tuque, playing\n    his piano. The Metro Red Line subway in Los Angeles was used\n    during the shooting of this video and prominently featured\n    throughout. The area where the two meet and add the graffiti on\n    the wall is on the mezzanine level of Pershing Square Station\n    in downtown Los Angeles.", {"i": {"#tail": "called the song \"one of the great discoveries\n    of the year\" and the top One Hit Wonder of the 2000s.", "#text": "Billboard"}}, {"i": [{"#tail": "in the farewell video packages for\n    eliminated contestants. It was also featured in the compilation\n    album", "#text": "American Idol"}, {"#tail": "during the 2006 FIFA World\n    Cup. It is also currently a popular song to play in sporting\n    events, usually whenever the home team loses. It was even\n    played after the 2008 U.S. Presidential election after John\n    McCain's concession speech.", "#text": "Voices from the FIFA World Cup"}], "#text": "\"Bad Day\" reached number seven on the Canadian Singles\n    Chart; it was also successful in the United Kingdom, where it\n    reached number two on the UK Singles Chart after it was used in\n    an advertising campaign for Coca-Cola. In the United States, it\n    reached number one on the Hot 100. The song grew in popularity\n    in the United States when it was used in the fifth season of"}, "\"Bad Day\" has been certified 2x platinum by the RIAA in the\n    U.S. for digital sales of over 2 million. The song was featured\n    as a free download on the iTunes Store from August 2\u20139, 2005.\n    It was nominated for a 2007 Grammy Award for \"Best Male Pop\n    Vocal Performance\".", "named \"Bad Day\" the No. 1 Hot 100 song of 2006. It is one of\n    three \"one hit wonders\" to become Billboard's single of the\n    year, following 1958's \"Volare (Nel Blu Di Pinto Di Blu)\" by\n    Domenico Modugno and 1962's \"Stranger On The Shore\" by Mr.\n    Acker Bilk.", "On the 16th July 2008, it was revealed by BBC News that \"Bad\n    Day\" was the most played song in the UK during the period\n    2003-2008.", {"i": {"#tail": ". Their version made the charts\n    in January 2008, peaking at #86 on the Billboard Hot 100.", "#text": "Alvin and the Chipmunks"}, "#text": "\"Bad Day\" was covered by the fictional music group Alvin and\n    the Chipmunks for their 2007 film"}, "\"Bad Day\" was also covered by Kidz Bop, also the first Kidz\n    Bop song to be a single.", {"i": {"#tail": ".", "#text": "Voices From The Heights"}, "#text": "The Maccabeats, the all-male acapella group of Yeshiva\n    University recorded an acapella version of the song on their\n    2010 album,"}]}, "artist": "Daniel Powter", "lengths": {"length": "3:53"}, "title": "Bad Day", "recorded": "2004", "label": "Warner Music Group (USA) , Sony BMG (Europe/Korea/Latin\n  America)", "released": "January 2005 \u00a0(2005-01) , (See release history\n  )", "writers": {"writer": "Daniel Powter"}, "formats": {"format": ["CD single", "digital download"]}, "weeks": {"week": ["2006-04-08", "2006-04-15", "2006-04-22", "2006-04-29", "2006-05-06"]}}}