{"top-song": {"album": "Private Eyes", "genres": {"genre": ["Pop", "Dance-pop", "Urban R&B", "Blue-eyed soul"]}, "descr": {"p": ["\"I Can't Go for That (No Can Do)\" is a 1981 song recorded by\n    Daryl Hall and John Oates.", {"i": {"#tail": ". It features Charles DeChant on\n    saxello.", "#text": "Private Eyes"}, "#text": "It was the fourth number-one hit single of their career on\n    the Billboard Hot 100 and the second hit single from their\n    album"}, "On January 30, 1982, \"I Can't Go for That\" ended a 10-week\n    run at the top of the Hot 100 by Olivia Newton-John's song,\n    \"Physical\". \"Physical\" had knocked out \"Private Eyes\" from the\n    top spot.", "Thanks to heavy airplay on urban contemporary stations, \"I\n    Can't Go for That\" also topped the U.S. R&B chart, a rare\n    feat for a non-African American act. The song also went to\n    number one on the Hot Dance Club Play chart for one week in\n    January 1982.", "According to the Hall and Oates biography, Hall upon\n    learning that \"I Can't Go For That\" had gone to number one on\n    the R&B chart, wrote in his diary, \"I'm the head soul\n    brother in the U.S. Where to now?\"", "\"I Can't Go for That (No Can Do)\" is one of the 14 Hall and\n    Oates songs that have been played on the radio over one million\n    times, according to BMI.", "The single 45 version is actually not just an edit of the\n    album song, but an edit of the dance mix rather than the\n    version from \"Private Eyes\".", {"i": {"#tail": "album. Hall began to play a bass line on a\n    Korg organ, and sound engineer Neil Kernon recorded the result.\n    Hall then came up with a guitar riff, which he and Oates worked\n    on together. The next day, Hall and longtime collaborator Sara\n    Allen completed the lyrics.", "#text": "Private Eyes"}, "#text": "Daryl Hall sketched out the basic song one evening at a\n    music studio in New York City in 1981 after a recording session\n    for the"}, "\"I Can't Go for That\" was voted number six on VH1's list of\n    \"The 100 Greatest Songs of the '80s\".", "The song has been covered by a number of recording artists\n    including Brian McKnight, The Nylons, Les Go (with Alfredo\n    Alias), Donny Osmond, East End, Kansascali, Orson and The Bird\n    and the Bee.", "Olivia Ong recorded a Bossa Nova based version on her 2010\n    album, called Olivia.", "The original track has often been sampled in R&B and\n    hip-hop songs. The following is a partial list:", "Some songs have included a vocal interpolation of the\n    chorus, including:", "Other songs have included a re-recorded variation of the\n    song's famous descending arpeggio, including:", "Additionally, the JP/PAL Version of Sonic CD's Boss music\n    beat is sampled from this song."]}, "artist": "Daryl Hall and John Oates", "lengths": {"length": ["3:39 (7\" DJ edit)", "3:50 (7\" remix)", "5:09 (album version)", "6:04 (12\" single)"]}, "title": "I Can't Go for That (No Can Do)", "recorded": "1981", "label": "RCA", "producers": {"producer": "Hall & Oates"}, "released": "1981", "writers": {"writer": ["Daryl Hall", "John Oates and Sara Allen"]}, "formats": {"format": ["7\"", "12\""]}, "weeks": {"week": "1982-01-30"}}}