{"top-song": {"album": "Big Bam\n  Boom", "genres": {"genre": "Pop / Rock"}, "descr": {"p": [{"i": {"#tail": "was their last Billboard Hot 100 number one,\n    topping the Billboard Hot 100 for two weeks in December\n    1984.", "#text": "Big Bam Boom"}, "#text": "\"Out of Touch\" is a 1984 song from Hall & Oates. This\n    lead single from their 1984 album"}, {"i": [{"#tail": ",", "#text": "Summer Hits 2005"}, {"#tail": "and", "#text": "Floorfillers Club Classics"}, {"#tail": "amongst others. Uniting Nations' version\n    peaked at #7 on the UK Singles Chart and remained in the Top 75\n    for twenty-one weeks.", "#text": "Floorfillers 3"}], "#text": "\"Out of Touch\" was covered by Uniting Nations in 2004 and\n    was featured on the compilation CDs"}, "The song featured in the 2002 console game Grand Theft Auto:\n    Vice City on the radio station Flash FM, and also in the 2008\n    console game Saints Row 2 on the radio station The Mix\n    107.77.", "John Oates wrote the refrain, \"You're Out Of Touch, I'm Out\n    of Time but I'm Out of my head when you're not around.\" He and\n    Hall collaborated on the music and the rest of the lyrics."]}, "artist": "Daryl Hall and John Oates", "lengths": {"length": ["4:21 (album version)", "4:07 (single version)"]}, "title": "Out of Touch", "label": "RCA", "producers": {"producer": ["Daryl Hall & John Oates", "Bob Clearmountain"]}, "released": "1984", "writers": {"writer": "Daryl Hall & John Oates"}, "formats": {"format": "7\" 12\""}, "weeks": {"week": ["1984-12-08", "1984-12-15"]}}}