{"top-song": {"album": "Private\n  Eyes", "genres": {"genre": "Pop"}, "descr": {"p": ["\"Private Eyes\" is the hit 1981 single by Hall & Oates\n    and the title track from their album of that year. The song was\n    #1 on the Billboard Hot 100 charts for 2 weeks, from November 7\n    through November 20, 1981. This single was the band's third of\n    six #1 hits (the first two being \"Rich Girl\" and \"Kiss on My\n    List\") and their second #1 hit of the 1980s. Interestingly, it\n    was succeeded by Olivia Newton-John's \"Physical,\" which was in\n    turn succeeded by another #1 hit from Hall and Oates, \"I Can't\n    Go for That (No Can Do).\"", "In an interview with American Songwriter, Daryl Hall states:\n    \"That\u2019s a real Janna Allen [co-writer and sister of Sara Allen]\n    song. Janna, and I, and Warren Pash wrote that. Warren and\n    Janna wrote most of the song, and I took it and changed it\n    around-changed the chords. Sandy [Sara Allen] and I wrote the\n    lyrics. It\u2019s a real family song, the Allen sisters and me.\"", "The music video featured the band dressed as detectives and\n    was the first to feature the backup band of guitarist G. E.\n    Smith, bassist Tom \"T-Bone\" Wolk, drummer Mickey Curry, and\n    saxophone/keyboardist Charles DeChant. The song was co-written\n    with Canadian songwriter Warren Pash.", "The single carries a similar rhythm to the duo's number one\n    hit from earlier that year, \"Kiss On My List,\" with the\n    difference being a handclap chorus that has made the song an\n    audience-participation favorite at live Hall and Oates shows.\n    It was one of the duo's first songs to appear in heavy rotation\n    on MTV.", "The song is performed by private investigator Vinnie Van\n    Lowe in the Veronica Mars episode \"Kanes and Abel's.\" After\n    Veronica tries to bug Vinnie's office, he asks his receptionist\n    (also his mother) who his favorite band is, then leans out the\n    window and sings the song to an eavesdropping Veronica. At one\n    point he changes the chorus from \"Private Eyes\" to \"Veronica\n    Mars/I'm watching you.\"", {"i": {"#tail": ".", "#text": "How to Be a Detective"}, "#text": "The Disney Channel ran a DTV music video of the song, set\n    mostly to clips from the Goofy cartoon short"}, {"i": {"#tail": "in the early '80's had a puppet vignette\n    of the song.", "#text": "Captain Kangaroo"}}, {"i": {"#tail": ", John \"Bradshaw\" Layfield and Michael Cole\n    dressed up as Hall & Oates and sang versions of \"Private\n    Eyes\" and \"Rich Girl.\"", "#text": "WWE Raw"}, "#text": "On the", "span": {"#tail": "episode of", "span": {"#tail": ", 2007", "#text": "August 13"}}}, {"i": [{"#tail": ",", "#text": "Psych"}, {"#tail": ", Detective Lassiter is shown\n    singing along to the song playing on his iPod. USA Network\n    later parodied the original music video to \"Private Eyes\" in a\n    promo for the television series.", "#text": "An Evening With Mr. Yang"}], "#text": "In episode 3x16 of"}]}, "artist": "Daryl Hall and John Oates", "title": "Private Eyes", "recorded": "Spring 1981", "label": "RCA Records", "producers": {"producer": ["Daryl Hall", "John Oates", "Neil Kernon"]}, "released": "1981", "writers": {"writer": ["Daryl Hall", "Sara Allen", "Janna Allen and Warren Pash"]}, "formats": {"format": "7\" Vinyl record"}, "weeks": {"week": ["1981-11-07", "1981-11-14"]}}}