{"top-song": {"album": "Voices", "genres": {"genre": ["Pop / Rock", "Blue-eyed soul"]}, "descr": {"p": [{"i": {"#tail": ", and became their second Billboard Hot 100\n    number-one single in 1981 (after \"Rich Girl\" in 1977).", "#text": "Voices"}, "#text": "\"Kiss on My List\" is a 1980 song recorded by Daryl Hall and\n    John Oates. It was the third single from their album"}, "It was written by Janna Allen and Daryl Hall, and produced\n    by Hall and Oates.", "While two other songs from the album had returned the duo to\n    chart activity, it was the success of \"Kiss on My List\" that\n    confirmed the start of the duo's sustained run as one of\n    American pop's top-selling acts, a run that lasted into\n    1989.", "According to Daryl Hall, Eddie Van Halen copied the synth\n    part of this song and used it for the song \"Jump\" by Van\n    Halen."]}, "artist": "Daryl Hall and John Oates", "title": "Kiss on My List", "recorded": "1980", "label": "RCA", "producers": {"producer": "Hall & Oates"}, "released": "1980", "writers": {"writer": ["Janna Allen", "Daryl Hall"]}, "formats": {"format": ["7\"", "12\""]}, "weeks": {"week": ["1981-04-11", "1981-04-18", "1981-04-25"]}}}