{"top-song": {"album": "Bigger Than\n  Both of Us", "genres": {"genre": "Pop / Rock"}, "descr": {"p": [{"i": [{"#tail": "is a song by Daryl Hall and John Oates. On\n    March 26, 1977, it became their first (of six) number one\n    singles on", "#text": "Rich Girl"}, "Billboard", {"#tail": ".", "#text": "Bigger Than Both of Us"}], "span": {"#tail": "s Hot 100 chart. The\n    single originally appeared on the 1976 album", "#text": "'"}}, "The song's lyrics are about a spoiled girl who can rely on\n    her parents' money to do whatever she wants. The song was\n    rumored to be about the then-scandalous newspaper heiress Patty\n    Hearst. In fact, the title character in the song is based on a\n    spoiled heir to a fast-food chain who was an ex-boyfriend of\n    Daryl Hall's girlfriend, Sara Allen. \"But you can't write,\n    'You're a rich boy' in a song, so I changed it to a girl,\" Hall\n    told Rolling Stone.", "Hall elaborated on the song in an interview with American\n    Songwriter: \"Rich Girl\u201d was written about an old boyfriend of\n    Sara\u2019s [Allen] from college that she was still friends with at\n    the time. His name is Victor Walker. He came to our apartment,\n    and he was acting sort of strange. His father was quite rich. I\n    think he was involved with some kind of a fast-food chain. I\n    said, \u201cThis guy is out of his mind, but he doesn\u2019t have to\n    worry about it because his father\u2019s gonna bail him out of any\n    problems he gets in.\u201d So I sat down and wrote that chorus.\n    [Sings] \u201cHe can rely on the old man\u2019s money/he can rely on the\n    old man\u2019s money/he\u2019s a rich guy.\u201d I thought that didn\u2019t sound\n    right, so I changed it to \u201cRich Girl.\u201d He knows the song was\n    written about him.\"", {"i": {"#tail": ".", "#text": "Voices"}, "#text": "Several years later, Hall read an interview with David\n    Berkowitz, the Son of Sam killer, in which Berkowitz claimed\n    that \"Rich Girl\" had motivated him to murder (though\n    interestingly, the song was not released until after the Son of\n    Sam murders had already begun, casting doubts on that\n    suggestion). Hall & Oates later reflected this disturbing\n    fact in the lyrics of the song \"Diddy Doo Wop (I Hear Voices)\"\n    on the album"}]}, "artist": "Daryl Hall and John Oates", "title": "Rich Girl", "recorded": "1976", "label": "RCA", "producers": {"producer": "Hall & Oates"}, "released": "1977", "writers": {"writer": "Daryl Hall"}, "formats": {"format": ["7\"", "12\""]}, "weeks": {"week": ["1977-03-26", "1977-04-02"]}}}