{"top-song": {"album": "H2O", "genres": {"genre": ["Pop / Rock", "Dance-rock", "New Wave", "Blue-eyed soul"]}, "descr": {"p": [{"i": [{"#tail": ". It reached number-one on the", "#text": "HO"}, {"#tail": "Hot 100 chart on December 18, 1982. It remained\n    in the top spot for four weeks, more than any of the duo's five\n    other number-one hits. According to John Oates the inspiration\n    for this song was English model and actress Kelly LeBrock.", "#text": "Billboard"}], "#text": "\"Maneater\" is a single recorded by American duo Hall &\n    Oates from their 1982 album"}, "In an interview with American Songwriter, Daryl Hall states:\n    John had written a prototype of \u201cManeater\u201d; he was banging it\n    around with Edgar Winter. It was like a reggae song. I said,\n    \u201cWell, the chords are interesting, but I think we should change\n    the groove.\u201d I changed it to that Motown kind of groove. So we\n    did that, and I played it for Sara (Allen) and sang it for\n    her\u2026[Sings] \u201cOh here she comes/Watch out boy she\u2019ll chew you\n    up/Oh here she comes/She\u2019s a maneater\u2026and a \u2026\u201d I forget what\n    the last line was. She said, \u201cDrop that shit in the end and go,\n    \u2018She\u2019s a maneater,\u2019 and stop! And I said, \u2018No, you\u2019re crazy,\n    that\u2019s messed up.\u2019\u201d Then I thought about it, and I realized she\n    was right. And it made all the difference in the song.", "The Hall & Oates music video opens with a woman walking\n    down a red staircase, and the band playing in a dimly lit\n    studio with shafts of light projecting down on them. The band\n    members step in and out of the light for their lip sync. A\n    young woman in a short party dress is shown in fade-in and\n    fade-out shots, along with a black jaguar, hence the song line\n    \"The woman is wild, a she-cat tamed by the purr of a Jaguar.\"\n    The song refrain is \"Whoa, oh here she comes; watch out boy,\n    she'll chew you up; whoa, oh here she comes, she's a\n    maneater\".", {"i": [{"#tail": ". The song was sampled once more in 2006 when the\n    Ying Yang Twins (featuring Wyclef and Mr. Collipark) released\n    the song \"Dangerous\". The Hall & Oates version features a\n    saxophone solo by Charles \"Mr. Casual\" DeChant. American rapper\n    Hot Karl used the music and chorus of Maneater in a song\n    satirizing the hip hop industry, also called \"Maneater\". In his\n    intro, Karl alludes to the original song's popularity, telling\n    the audience \"I don't want to see any of you really hard guys\n    not singing the words, because I know you know 'em! You don't\n    not know 'Maneater'!\" A cover of the song is also used as the\n    theme for the pilot episode of the Adult Swim show", "#text": "Loose"}, {"#tail": ". Hall and Oates also\n    appeared on Will and Grace during Grace's wedding to James,\n    singing Maneater as she walked down the aisle.", "#text": "Lucy, the Daughter of the Devil"}], "#text": "In 2006, the song and its subject matter were adapted and\n    re-interpreted by Nelly Furtado for her song, also called\n    \"Maneater\" from her album"}, {"i": [{"#tail": "episode of the X-Box 360 exclusive\n    video game,", "#text": "Ballad Of Gay Tony"}, {"#tail": ", as a part\n    of the Vice City FM radio station.", "#text": "Grand Theft Auto: Episodes From Liberty City"}], "#text": "In 2009, the song appeared on the"}, "In November 2008, Hall & Oates initiated legal action\n    against their music publisher (Warner/Chappell Music). An\n    unidentified singer-songwriter was alleged to have used\n    Maneater in a 2006 recording, infringing copyright, and by\n    failing to sue for copyright infringement, Warner Chappell\n    Music were alleged to have breached their contract with Hall\n    and Oates.", "The song \"We're Live (Danger)\" by rapper Royce Da 5'9\"\n    (which was featured in the highly acclaimed game Grand Theft\n    Auto III) contains a sample from the Hall & Oates song\n    \"Maneater\".", "The now defunct Chicago band Split Habit covered the song\n    live, and also included it on their 2004 album Put Your Money\n    Where Your Mouth Is.", "Las Vegas band The Kickwurmz released two versions of the\n    song circa 1998: Maneater, and Man Eata' Digital Media House\n    Remix.", {"i": {"#tail": ", and appears on the soundtrack. Early in\n    the movie Richard Gere's character Ike Graham describes several\n    mythological 'Maneaters' in a newspaper column, and then cites\n    one human one, Julia Roberts's Maggie Carpenter, who's left\n    multiple men standing at the altar.", "#text": "Runaway Bride"}, "#text": "The original version of the song is heard in the 1999 film"}, {"i": {"#tail": "will include a studio recorded cover of\n    \"Maneater\", featuring backing vocals from Garbage vocalist\n    Shirley Manson, and is to be released March 23, 2010.", "#text": "Interpreting the Masters Volume 1: A Tribute to Daryl Hall\n    and John Oates"}, "#text": "Jazz/electronica group The Bird and the Bee covered the song\n    live with John Oates on March 5, 2010 at the El Rey Theater in\n    Los Angeles, California. Their upcoming album"}]}, "artist": "Daryl Hall and John Oates", "lengths": {"length": "4:33"}, "title": "Maneater", "label": "RCA Records", "producers": {"producer": ["Daryl Hall", "John Oates"]}, "released": "1982", "writers": {"writer": ["Sara Allen", "Daryl Hall", "John Oates"]}, "weeks": {"week": ["1983-01-01", "1983-01-08"]}}}