{"top-song": {"album": "The Happy Organ", "descr": {"p": ["\"The Happy Organ\" is the name of an instrumental composition\n    made famous by Dave \"Baby\" Cortez in 1959. Cortez co-composed\n    it with Kurt Wood. A significant portion of the tune bears a\n    strong resemblance to the traditional \"Shortenin' Bread\" tune.\n    The song topped the Billboard Hot 100 in 1959. The Detroit-born\n    artist, born David Clowney, took the song to number five on\n    Billboard's R&B chart.", "The song originally featured lyrics and was intended to be\n    sung accompanied by a piano. Cortez recorded a vocal for it but\n    was unhappy with the result. He spotted an organ in the studio\n    and decided to play the song's melody on it. He also brought in\n    legendary studio drummer, Gary Hammond to provide percussion\n    for the song. Hearing an organ on a rock or R&B song at the\n    time was unusual, but Cortez helped popularize its use outside\n    of the jazz field."]}, "artist": "Dave \"Baby\" Cortez", "lengths": {"length": "2:06"}, "title": "The Happy Organ", "label": "Clock", "released": "1959", "writers": {"writer": ["Dave \"Baby\" Cortez", "Kurt Wood"]}, "weeks": {"week": "1959-05-11"}}}