{"top-song": {"album": "Young Americans", "genres": {"genre": "Funk rock"}, "descr": {"p": ["\"Fame\" is a song recorded by David Bowie, initially released\n    in 1975 and in remixed versions, in 1990.", {"i": [{"#tail": "sessions mostly concluded in late 1974,\n    the material was delayed while Bowie extricated himself from\n    his contract with manager Tony DeFries. During this time he was\n    staying in New York, and met John Lennon. The pair socialised\n    and jammed together, which led to a one-day session at Electric\n    Lady Studios in January 1975. There, Bowie contacted several\n    members of his tour band. Firstly a cover of The Beatles\u2019\n    \"Across the Universe\" was recorded. Then a new song called\n    \"Fame\", inspired by \"Walk On\", from the Jackson Five's \"Going\n    Back to Indiana\" live album, and a guitar riff written by\n    Carlos Alomar and with the title from Lennon, was then\n    hurriedly developed by Bowie, and recorded. Both tracks were\n    then added to the", "#text": "Young Americans"}, {"#tail": "album. Despite having only a minor\n    contribution, Lennon was given a co-writing credit due to the\n    lyrics (bemoaning the nature of celebrity) being inspired by\n    conversations he had with Bowie on the subject, and because\n    Bowie acknowledged that Lennon singing \"Fame!\" over Alomar\u2019s\n    guitar riff was the catalyst for the song. The songwriting\n    credit list order is David Bowie, Carlos Alomar, and John\n    Lennon. Lennon's voice is also heard singing the repeated words\n    \"FAME, FAME,FAME\" with his voice heard at a fast, normal, and\n    slow track, making it sound like a recording on the fast and\n    slow speeds, until Bowie's voice is heard singing the final\n    lyrics of the song before the fade.", "#text": "Young Americans"}], "#text": "With the"}, "An edited version of \"Fame\" was issued as the second single\n    from the album, and shot to number one on the U.S. Billboard\n    Hot 100 (a few months before a reissue of \"Space Oddity\" would\n    give Bowie his first UK number-one single). In the UK, \"Fame\"\n    would only reach number seventeen.", {"i": [{"#tail": "tour and the release of the", "#text": "Sound + Vision"}, {"#tail": "compilation. The \"Gass Mix\" was also\n    included on the \"Pretty Woman\" soundtrack.", "#text": "ChangesBowie"}], "#text": "A remixed version of \"Fame\" was released by EMI in 1990 to\n    coincide with the"}, "Song written by David Bowie, Carlos Alomar, and John\n    Lennon.", {"i": {"#tail": "tour).", "#text": "Sound + Vision"}, "#text": "Film director Gus Van Sant directed the promotional video\n    for this version, which featured clips from many of Bowie\u2019s\n    previous videos. In the music video, Bowie also performs a\n    dance with Louise Lecavalier, one of the main dancers of the\n    Qu\u00e9b\u00e9cois contemporary dance troupe La La La Human Steps (whom\n    Bowie would collaborate with on the"}, "In both the UK and the U.S. this appeared in a variety of\n    formats, including a 7\" picture disc, an \"Arthur Baker Remixes\"\n    12 inch single and a \"Changes pack\" with three prints of Bowie\n    at different eras. None of the British releases (on EMI USA)\n    feature the \"Absolutely Nothing Premeditated mix\". It stayed in\n    the UK chart for four weeks, peaking at number\n    twenty-eight.", {"#text": ", \"Fame\" is a cover version by the band God Lives Underwater\n    of the 1975 David Bowie song \"", "strong": {"#tail": "\". It was in 1998, resulting in significant airplay.", "#text": "Fame"}}, "God Lives Underwater's Fame music video is a video for the\n    remake of Bowie's \"Fame\" on the soundtrack to the movie 15\n    minutes."]}, "artist": "David Bowie", "lengths": {"length": ["03:30 Single edit", "04:12 Full-length album version"]}, "title": "Fame", "recorded": "Electric Lady Studios , New York January\n  1975", "label": "RCA Records , Rykodisc / EMI (\"Fame '90\")", "producers": {"producer": ["Harry Maslin", "David Bowie"]}, "released": "July 25, 1975 \u00a0(1975-07-25)", "writers": {"writer": ["David Bowie", "Carlos Alomar", "John Lennon"]}, "formats": {"format": "7\" single"}, "weeks": {"week": ["1975-09-20", "1975-10-04"]}}}