{"top-song": {"weeks": {"week": "1977-04-16"}, "artist": "David Soul", "descr": {"p": ["\"Don't Give Up on Us\" is a song by David Soul.", {"i": {"#tail": ", Soul returned to one of his early\n    career choices as a singer. His debut, the Tony Macaulay\n    written and produced \"Don't Give Up on Us\" was a worldwide\n    smash, spending four weeks at #1 on the UK Singles Chart in\n    January and February 1977 and a single week at #1 on the\n    Billboard Hot 100 in April 1977. In addition, the song spent\n    one week at #1 on the U.S. adult contemporary chart.", "#text": "Starsky and Hutch"}, "#text": "Riding high on the success of playing in the hit TV show"}, {"i": [{"#tail": "(though Soul had several\n    more hits, including a second no.1, in the UK). Soul recorded a\n    new version of the song in 2004, allegedly after being\n    embarrassed when hearing it by chance in an elevator as sung by\n    Owen Wilson in the film version of", "#text": "100 Greatest One-hit Wonders"}, {"#tail": ".", "#text": "Starsky and Hutch"}], "#text": "\"Don't Give Up on Us\" was rated #93 in VH1's"}, "Zsa Zsa Padilla revived this in 1998, making it the first\n    Filipino revival. Piolo Pascual also covered this song for the\n    soundtrack of the same movie title in the Philippines."]}, "title": "Don't Give Up on Us"}}