{"top-song": {"genres": {"genre": "Christmas song"}, "descr": {"p": ["\"The Chipmunk Song (Christmas Don't Be Late)\" is a song\n    written by Ross Bagdasarian, Sr. (a.k.a. David Seville) in\n    1958. Although it was written and sung by Bagdasarian (in the\n    form of a high-pitched chipmunk voice), the singing credits are\n    given to The Chipmunks, a fictional singing group consisting of\n    three chipmunks by the names of Alvin, Simon, and Theodore. The\n    song won three Grammy Awards in 1958: Best comedy performance,\n    Best children's recording, and Best engineered record\n    (non-classical).", {"i": {"#tail": "\"Rate-A-Record\" segment and received\n    the lowest possible rating of 35 across the board.", "#text": "American Bandstand's"}, "#text": "The song was very successful, reaching #1 on the Billboard\n    Hot 100 Pop Singles chart, becoming The Chipmunks' first (and\n    only), as well as David Seville's second and final, #1 single.\n    It has the distinction of being the only Christmas record to\n    reach #1 on the same chart. The single sold 4.5 million copies,\n    according to Ross Bagdasarian, Jr. Ironically, before the\n    song's success, \"The Chipmunk Song\" was featured on"}, "Between 1959\u20131962, the single managed to re-enter the Hot\n    100, peaking at #41 in 1959, #45 in 1960, and #39 in 1962.\n    (Starting in 1963, Billboard would list re-current Christmas\n    songs on a separate chart.) The song managed to chart on the\n    Hot Digital Songs for the first time in 2005, peaking at #35 on\n    that chart.", "\"The Chipmunk Song\" is the last Christmas song to reach #1\n    on any US single record chart totaling performance of all\n    available records.", {"i": [{"#tail": "in December 2007, \"The Chipmunk\n    Song\" re-entered the Billboard Hot 100 at #70. At the same\n    time, a remixed version of the song that appears on the\n    Chipmunks' 2007 album (and soundtrack to the film)", "#text": "Alvin and the Chipmunks"}, {"#tail": ", peaked at #66 and was credited as \"The Chipmunk\n    Song (Christmas Don't Be Late) (2007 Version)\".", "#text": "Alvin and the Chipmunks: Original Motion Picture\n    Soundtrack"}], "#text": "With the release and popularity of the film"}, {"i": {"#tail": "as one of its musical segments. The short\n    depicts Alvin looking through various presents to find a hula\n    hoop, even as he reluctantly sings along with the other\n    Chipmunks. At the end of the song, Seville rewards Simon and\n    Theodore with toy planes and Alvin with his hula hoop. The\n    subsequent argument about singing the song again ends abruptly\n    with their Christmas tree falling over, and Seville and the\n    Chipmunks emerge from the mess to wish the viewers a merry\n    Christmas. One notable thing in this segment is that Theodore's\n    voice is lower and deeper.", "#text": "The Alvin Show"}, "#text": "The song has been adapted in"}, {"i": {"#tail": ". A depressed Alvin sings along\n    flatly at first (much like the 1958 original), but then leaves\n    the studio to give away his harmonica to a sick boy. As Seville\n    starts to resume recording the song without Alvin, Alvin\n    returns in the nick of time to sing the song with the\n    others.", "#text": "A Chipmunk Christmas"}, "#text": "The song was featured in"}, {"i": {"#tail": ", in the episode \"Merry\n    Christmas, Mr. Carroll.\" In that version, Alvin is taken by\n    Dave (as the Spirit of Christmas Past) to his old house, a\n    cabin lodge where he saw Dave and younger versions of himself,\n    Simon and Theodore. There, it was revealed that Dave wrote the\n    song (called \"The Christmas Song\" in this episode), because it\n    was inspired by the gifts that the young Chipmunks gave him\n    (which was an eraser, a pencil and a piece of paper).", "#text": "Alvin and the Chipmunks"}, "#text": "The song was featured in the '80s and '90s version of"}, "The song was used for he opening credits of the film, Almost\n    Famous.", {"i": {"#tail": ". There were multiple versions of\n    the song in that film, the original with Ross Bagdasarian,\n    Sr.'s voice, a new one with Jason Lee's voice as David Seville,\n    and a rock mix.", "#text": "Alvin and the Chipmunks"}, "#text": "The song was featured in the film"}, {"i": {"#tail": "(1997).", "#text": "Donnie Brasco"}, "#text": "The original recording featured in the film"}, "In the 2009 film Ice Age: Dawn of the Dinosaurs, The song is\n    briefly sung by Crash and Eddie while in a gas which was like\n    helium.", {"i": [{"#tail": "greatest\n    hits album (1988), this song appears, but with an altered\n    bridge and ending. Instead of Dave yelling at Alvin for how\n    flat he is in the first verse, Alvin instead appeals that he\n    has asked for the hula-hoop for years but has never gotten it.\n    Dave answers by telling him to finish the song, and they'll\n    discuss it later. After they finish, Dave tells Alvin that\n    something came in for him. It's the hula-hoop that he's been\n    asking for, and the song fades out with Alvin now rattling off\n    a long list of what else he desires for Christmas. The", "#text": "Solid Gold Chipmunks: 30th Anniversary Edition"}, {"#tail": "album,", "#text": "Solid Gold Chipmunks"}, {"#tail": "album, and", "#text": "Here's Looking at Me"}, {"#tail": "(1993) are currently\n    the only known albums that contains this version. There are two\n    versions of the song that both feature Kenny G on the album", "#text": "The Chipmunk's 35th Birthday Party"}, {"#tail": "(1995), that features a more jazz\n    version of the song with Kenny G playing the saxophone during\n    the song, the first is the long version with Alvin complaining\n    about Kenny G and his success as a jazz saxophone player and\n    him helping Alvin to learn to play the sax, the second version\n    called", "#text": "A Very Merry Chipmunk"}, {"#tail": "is\n    the first version but with the talking removed and just the\n    song with Kenny G playing the sax and the Chipmunks singing the\n    song. There was also a version with the Chipmunks and CCM\n    singer, Jaci Velasquez in which Alvin fell in love with Jaci\n    and changed the line \"Hula Hoop\" into \"Date With You\".", "#text": "The Chipmunk Song (Christmas Don't Be Late) (Reprise)"}], "#text": "In most subsequent releases since the song's original\n    release, the first verse on the original recording has been\n    re-recorded, sounding more exaggerated than the original\n    release, which contained \"Almost Good\" as the flip side. There\n    is also a version with the Chipmunks and rock group Canned Heat\n    which was first issued as a single in 1968, which is a bonus\n    track on the 2007 re-release of the Chipmunks' first Christmas\n    album, Christmas with The Chipmunks, this version is the\n    official remix of the original version of the song. On the"}, "On the album, \"Disney's Merry Christmas Carols,\" Chip 'n\n    Dale sing \"The Chipmunk Song\" with Donald Duck in the\n    background.", "In 2008 Rosie Thomas released \"A Very Rosie Christmas\" which\n    featured a slower tempo contemplative rendering of Christmas\n    Don\u2019t Be Late."]}, "artist": "David Seville and The Chipmunks", "lengths": {"length": "2:17"}, "title": "The Chipmunk Song (Christmas Don't Be Late)", "label": "Liberty Records (F-55168)", "producers": {"producer": ["Ross Bagdasarian", "Sr. (a.k.a. David Seville)"]}, "released": "1958 ( U.S. )", "writers": {"writer": ["Ross Bagdasarian", "Sr. (a.k.a. David Seville)"]}, "formats": {"format": "7\""}, "weeks": {"week": ["1959-01-05", "1959-01-12"]}}}