{"top-song": {"album": "Let's Dance", "genres": {"genre": "Pop / Dance"}, "descr": {"p": [{"i": {"#tail": ". It was also released as the first single\n    from that album in 1983, and went on to become one of his\n    biggest-selling tracks.", "#text": "Let's Dance"}, "#text": "\"Let\u2019s Dance\" is the title album track on David Bowie's\n    album"}, "The single was one of Bowie\u2019s fastest selling to date,\n    entering the UK singles chart at number five on its first week\n    of release, and deposing Duran Duran\u2019s \u201cIs There Something I\n    Should Know?\u201d two weeks later, staying at the top of the charts\n    for three weeks. Soon afterwards, the single would top the\n    Billboard Hot 100, Bowie\u2019s only single to reach number one on\n    both sides of the Atlantic. It narrowly missed topping the\n    Australian charts, peaking at number two. Let's Dance is the\n    fourth best-selling single of 1983 in the UK, selling over\n    500,000 copies.", "\u201cLet\u2019s Dance\u201d would introduce Bowie to a new younger\n    audience oblivious to his former career in the '70s. The track\n    was a regular on the Serious Moonlight Tour (the name derived\n    from a lyric in \u201cLet\u2019s Dance\u201d), the 1987 Glass Spider Tour and\n    the 1990 Sound + Vision Tour, and was then reworked for the\n    2000 tour. Most recently a remix version of it appears on a\n    commercial for the March 22nd 2010 season of the ABC television\n    show Dancing With The Stars.", "Heavily influenced by producer Nile Rodgers\u2019 work with his\n    band Chic, \u201cLet\u2019s Dance\" features a thumping bassline, and was\n    arguably Bowie\u2019s most commercial record up to that point. While\n    the lyrics are ostensibly just those of a dance song, there is\n    some discord struck by lines such as \u201cLet\u2019s dance, for fear\n    tonight is all\u201d. The 7:38 album version was heavily edited for\n    single release, though the 12\u201d single retained the full\n    length.", "This loneliness and desperation seeps into the music video,\n    made with David Mallet on location in Australia including\n    Sydney Harbour, which features Bowie watching an Aboriginal\n    couple\u2019s struggles against metaphors of Western cultural\n    imperialism impassively while playing with his band.", "Bowie featured blues guitarist Stevie Ray Vaughan on the\n    track. Vaughan was asked to go on tour with Bowie, but declined\n    so he could continue to play with his band Double Trouble.\n    Reportedly, Vaughan, who was still driving a delivery truck to\n    support himself, was furious when he saw Bowie pantomiming over\n    Vaughan's guitar solo in the video."]}, "artist": "David Bowie", "lengths": {"length": ["7:37 (Album version)", "4:10 (Single edit)"]}, "title": "Let's Dance", "recorded": "Power Station , New York , December 1982", "label": "EMI America Records - EA152", "producers": {"producer": "Nile Rodgers"}, "released": "March 17, 1983 \u00a0(1983-03-17)", "writers": {"writer": "David Bowie"}, "formats": {"format": "7\"/12\" single"}, "weeks": {"week": "1983-05-21"}}}