{"top-song": {"weeks": {"week": "1962-07-07"}, "artist": "David Rose", "descr": {"p": ["\"The Stripper\" is an instrumental composed by David Rose and\n    recorded in 1962. It evinces a jazz influence with especially\n    prominent trombone lines, and evokes the feel of music used to\n    accompany striptease artists.", {"i": [{"#tail": ",", "#text": "Slap Shot"}, {"#tail": ",", "#text": "Used Cars"}, {"#tail": "and", "#text": "The Full Monty"}, {"#tail": "as\n    well as TV series", "#text": "Wallace & Gromit: The Curse of the Were-Rabbit"}, {"#tail": ",", "#text": "Monty Python's Flying Circus"}, {"#tail": ",", "#text": "Coupling"}, {"#tail": ",", "#text": "Little Britain"}, {"#tail": "and", "#text": "Are You Being Served?"}, {"#tail": ". It was also famously used in a parody by British\n    comedy duo Morecambe and Wise, where they danced to the tune\n    while making breakfast. A PG Tips tea commercial featured a\n    parody of the Morcambe and Wise sketch with Johnny Vegas and\n    Monkey making a cup of tea in a similar manner.", "#text": "Scrubs"}], "#text": "The piece features in the films"}, "American hard rock band M\u00f6tley Cr\u00fce occasionally used the\n    original song as an intro during performances in the late 80s,\n    most notably at the one-time Moscow Music Peace Festival which\n    were held in August 1989. Rod Stewart has also used this song\n    as intros on several tours, like on Tonight I Am\n    Yours-Tour.", {"i": {"#tail": ". Cut to closeups of the\n    faces of men shaving with safety razors, the razor strokes\n    coinciding with the emphatic parts of the tune.", "#text": "\u201cTake it off! Take it all off!\u201d"}, "#text": "A famous Noxzema shave-cream advertising campaign developed\n    by the William Esty Advertising Agency used the piece as\n    background music for a television commercial that featured\n    Swedish model Gunilla Knudson telling men to"}, "The song reached number one on Billboard magazine's Pop\n    Singles and Adult Contemporary charts in 1962.", "The late professional wrestler, Rick Rude, utilized this as\n    his theme song."]}, "title": "The Stripper"}}