{"top-song": {"album": "Knock Three Times", "genres": {"genre": "Country"}, "descr": {"p": [{"i": {"#tail": "and they wanted to write a song with that\n    kind of lyrical flavor, tenement living. Knock Three Times\n    actually sold more than 100 thousand records a day in New York\n    City alone for ten straight days. The Motion picture NOW AND\n    THEN also contains this song, as well as a half dozen other\n    feature films..", "#text": "UP ON THE ROOF"}, "#text": "\"Knock Three Times\" is a popular song recorded by Tony\n    Orlando and Dawn. It was released as a single in November 1970,\n    paired with their other hit song, \"Candida\". The single hit\n    number one on the Billboard Hot 100 in January 1971 and\n    eventually sold nine million copies, also claiming the\n    number-one spot on the UK Singles Chart. The composers of this\n    song L.Russell Brown/Irwin Levine, were thinking of the song"}, "It was covered by Billy \"Crash\" Craddock in 1971 and peaked\n    at number three country hit.", {"i": {"#tail": ", during the \"Impressions Round\" where\n    Reeves sings a popular song \"in the style of a club\n    singer\".", "#text": "Shooting Stars"}, "#text": ", The song was sung by Vic Reeves on the Reeves &\n    Mortimer comedy panel show"}, {"i": "Dolly!", "#text": "Dolly Parton performed the song on her 1976-1977 variety\n    show"}, "Paul and Storm released a Larry Craig-themed parody of this\n    song, entitled \"Tap Three Times\".", "A dance/club remake of \"Knock Three Times\" was released in\n    July 2008 by \"DJ Freddy Retro featuring Jim Davis Jr.\" on Casa\n    Records.", "Produced by Sean Stefanik"]}, "artist": "Dawn", "title": "Knock Three Times", "label": "Cartwheel", "released": "1971", "writers": {"writer": ["Irwin Levine", "L. Russell Brown"]}, "formats": {"format": "45 record"}, "weeks": {"week": ["1971-01-23", "1971-01-30", "1971-02-06"]}}}