{"top-song": {"genres": {"genre": "Pop"}, "descr": {"p": ["\"Tie a Yellow Ribbon Round the Ole Oak Tree\" was a song by\n    Dawn featuring Tony Orlando.", "Written by Irwin Levine and L. Russell Brown and produced by\n    Hank Medress and Dave Appell, \"Tie a Yellow Ribbon Round the\n    Ole Oak Tree\" was a massive worldwide hit in 1973 for Dawn\n    featuring Tony Orlando.", "It reached number one on both the US and UK charts for four\n    weeks in April 1973 and number one on the Australian charts for\n    seven weeks from May to July 1973. It was the top-selling\n    single for the year 1973 in both the US and UK.", {"i": {"#tail": "Hot Country Singles chart in June\n    1973.", "#text": "Billboard magazine"}, "#text": "The song enjoyed duplicate success on country radio, as a\n    cover version by Johnny Carver and one by Barry Manilow.\n    Carver's rendition - titled simply \"Yellow Ribbon\" - was a top\n    10 on the"}, {"i": {"#tail": "[1]", "#text": "Billboard's Greatest Songs of all time."}, "#text": "The song had renewed popularity in 1981, in the wake of the\n    Iranian hostage crisis The song lists at #37 on"}, "The origin of the idea of a yellow ribbon as a token of\n    remembrance may have been the 19th century practice that some\n    women allegedly had of wearing a yellow ribbon in their hair to\n    signify their devotion to a husband or sweetheart serving in\n    the U.S. Cavalry - and the song \"'Round Her Neck She Wears a\n    Yeller Ribbon\" which later inspired the John Wayne movie \"She\n    Wore a Yellow Ribbon, is a reference to this. (See main article\n    at yellow ribbon).", "The symbol of a yellow ribbon became widely known in\n    civilian life in the 1970s as a reminder of an absent loved\n    one, either in the military or in jail that they would be\n    welcomed home on their return.", "The story of a convict who had told his love to tie a ribbon\n    to a tree outside of town is an American folk tale, dating to\n    before 1959. In October 1971, newspaper columnist Pete Hamill\n    wrote a piece for the New York Post called \"Going Home.\" In it,\n    he told a variant of the story, in which college students on a\n    bus trip to the beaches of Fort Lauderdale make friends with an\n    ex-convict who is watching for a yellow handkerchief on a\n    roadside oak in Brunswick, Georgia. Hamill claimed to have\n    heard this story in oral tradition.", "In June 1972, nine months later, Reader's Digest reprinted\n    \"Going Home.\" Also in June 1972, ABC-TV aired a dramatized\n    version of it in which James Earl Jones played the role of the\n    returning ex-con. A month-and-a-half after that, Irwin Levine\n    and L. Russell Brown registered for copyright a song they\n    called \"Tie a Yellow Ribbon 'Round the Ole Oak Tree.\" The\n    authors said they heard the story while serving in the\n    military. Pete Hamill was not convinced and filed suit for\n    infringement.", "One factor that may have influenced Hamill's decision to do\n    so was that, in May 1973, \"Tie A Yellow Ribbon\" sold 3 million\n    records in three weeks. When the dust settled, BMI calculated\n    that radio stations had played it 3 million times--seventeen\n    continuous years of airplay. Hamill dropped his suit after\n    folklorists working for Levine and Brown turned up archival\n    versions of the story that had been collected before \"Going\n    Home\" had been written.{", "In 1979-1980, while American diplomats were being held by\n    Iranian students on the grounds of the American Embassy in\n    Tehran, a Yellow Ribbon campaign was used to show support to\n    the captives. While the radical students attempted to convince\n    them that Americans had forgotten them, the yellow ribbons\n    showed continuing support for the POWs.", "This song has been widely popular in the Philippines during\n    early and mid-80s, particularly at the time when opposition\n    leader Benigno \"Ninoy\" S. Aquino, Jr. expressed his intentions\n    in 1983 to go back to his country from a 3-year exile in the\n    United States and face President Ferdinand Marcos. After\n    Ninoy's assassination at then Manila International Airport, the\n    song and the yellow motif became synonymous with Ninoy, and was\n    very much visible during anti-Marcos protests. In 1986, the\n    yellow motif made a more thematic impact when his widow,\n    Corazon Aquino, and the opposition used it during the campaign\n    in the 1986 snap elections, she was swept to the presidency\n    after the EDSA People Power Revolution. Everytime the\n    Philippines celebrate Ninoy Aquino Day (August 21), yellow\n    ribbons can be seen tied at many trees in Metro Manila along\n    with yellow streamers of the late senator. A parody of the song\n    was also made by Larry Henares in memory of the slain\n    senator.", "In Singapore, an initiative by the Singapore Prison Service\n    to generate social acceptance of ex-offenders is named the\n    Yellow Ribbon Project, having drawn inspiration from the song's\n    title.", {"i": {"#tail": "(1987).", "#text": "Amazon Women On The Moon"}, "#text": "This was one of the songs performed by Don \"No Soul\" Simmons\n    in"}, "In a 1990 \"The Kids in the Hall\" sketch, Dave Foley and\n    Kevin McDonald portray \"The Sizzler Sisters\"--two clearly\n    insane people--who perform the song as part of a lounge\n    act.", "The song is sung by Hercules in Hercules Returns, when the\n    hero is contemplating his upcoming lounge act.", {"i": [{"#tail": "(1993) and", "#text": "Addams Family Values"}, {"#tail": "(1994).", "#text": "Forrest Gump"}], "#text": "The song is featured in the films"}, "In 2006, a widely circulated viral video featured the Asylum\n    Street Spankers doing a satirical parody of the song, \"Stick\n    Magnetic Ribbons on Your SUV,\" which mocked the popular ribbon\n    car magnets intended to show support for American soldiers in\n    the Iraq War."]}, "artist": "Dawn featuring Tony Orlando", "title": "Tie a Yellow Ribbon Round the Ole Oak Tree", "recorded": "1973", "label": "Bell", "producers": {"producer": ["Hank Medress", "Dave Appell"]}, "released": "1973", "writers": {"writer": ["Irwin Levine", "L. Russell Brown"]}, "formats": {"format": ["7\"", "12\""]}, "weeks": {"week": ["1973-04-21", "1973-04-28", "1973-05-05", "1973-05-12"]}}}