{"top-song": {"album": "Everybody Loves Somebody The Hit Version", "genres": {"genre": "Pop"}, "descr": {"p": [{"i": {"#tail": "LP sessions, and with an hour or so of\n    studio time left and one song short, Lane suggested that Martin\n    take a run at his tune. Dean was agreeable, and the small combo\n    of piano, guitar, drums and bass performed a relatively quiet,\n    laid back jazz version of the song.", "#text": "Dream With Dean"}, "#text": "\"Everybody Loves Somebody\" is a song written in 1947 by\n    Irving Taylor and Ken Lane. The song had already been recorded\n    by several artists (including Frank Sinatra) by 1964, but\n    without much success. But it was in that year that Lane was\n    playing piano for Dean Martin on his"}, {"i": {"#tail": "to capitalize on it.", "#text": "Everybody Loves Somebody"}, "#text": "Almost immediately thereafter, Martin re-recorded the tune\n    for his next album, this time with an orchestra and chorus. His\n    label, Reprise Records, was so enthusiastic about the hit\n    potential of this version, they even titled the LP"}, {"i": {"#tail": "shot straight up to the top of\n    the Billboard Hot 100. The song also topped the Billboard \"easy\n    listening\" chart for eight weeks. It ultimately replaced\n    \"That's Amore\" as Martin's signature song, and he sang it as\n    the theme of his weekly television variety show from 1965 until\n    1974. The song has become so identified with Dean Martin, that\n    later cover versions are invariably compared to his hit take on\n    the tune.", "#text": "Everybody Loves Somebody"}, "#text": "Although still a major recording artist, Martin had not had\n    a Top 40 hit since 1958. And with the British Invasion ruling\n    the U.S. charts, few had hopes that a middle aged Italian\n    crooner would sway many teenagers. And yet, defying the odds,"}, {"i": [{"#tail": "by Nick\n    Toches. Having not had a hit for six year, Dino Jr. rolled his\n    eyes, and simply cast the prediction off as nonsense and forgot\n    about it. That is until August 15, 1964 when", "#text": "Dino: Living High in the Dirty Business of Dreams"}, {"#tail": "knocked the Beatles off the\n    Number One slot on Billboard. Dino smugly remarked to Dino Jr.,\n    \"I told you I'd knock your pallies off the charts.\". Dino Jr.\n    stood there speechless and gazed at his father in utter\n    amazement, wonder, and with a newfound idolatry. Dean Martin\n    became the only person in history to ever predict he'd knock\n    the Beatles off the charts, and actually succeed.", "#text": "Everybody Loves Somebody"}], "#text": "By 1964, Dino, Frank, Sammy and the rest of the Rat Pack's\n    martini-swilling lounge sound was out of synch with the Rock n'\n    Roll now dominating the Top 100 Billboard. Dean in particular,\n    resented and despised anything rock n' roll, which created\n    conflict at home with his fourteen year old son Dean Paul\n    Martin, who like every other teenager in the Western world,\n    worshipped the Beatles. Tiring of his son's infernal boasting\n    of how great the Beatles were, Dino told Dino, Jr., \"I'm gonna'\n    knock your pallies off the charts\". Quoted from"}, "Following the song's peak at the top of the charts, Martin\n    sent his close friend Sinatra a telegram saying \"THAT'S THE WAY\n    YOU DO IT\". Dean sent a message to Elvis Presley \"IF ONE OF US\n    CAN BEAT THE BEATLES -- I'LL DO IT!!\" In the 1990s the song was\n    licensed to Western Union for use in a series of television\n    commercials.", "The words \"Everybody Loves Somebody\" appear on Dean Martin's\n    grave marker in Los Angeles."]}, "artist": "Dean Martin", "lengths": {"length": "2:48"}, "title": "Everybody Loves Somebody", "label": "Reprise", "released": "1964", "writers": {"writer": ["Irving Taylor", "Ken Lane"]}, "weeks": {"week": "1964-08-15"}}}