{"top-song": {"album": "You Light Up My Life", "genres": {"genre": "Pop/Easy Listening"}, "descr": {"p": ["\"You Light Up My Life\" is both a Grammy Award and an Academy\n    Award winning ballad written by Joe Brooks and originally\n    recorded by the late Kasey Cisyk for the soundtrack to the film\n    of the same name. The song was performed in the film by its\n    lead, Didi Conn, who lip synched Cisyk's version. Pat Boone's\n    daughter, Debby Boone, was recruited to record the single,\n    which became a massive success, topping the Billboard Hot 100\n    chart for a record-setting ten consecutive weeks. It easily\n    became the most successful single of the 1970s in the United\n    States and set a new Hot 100 record for longest reign at No.1.\n    (Elvis Presley's double-sided \"Don't Be Cruel/Hound Dog\", then\n    recognized as the longest-running No.1 of the Rock Era, spent\n    11 weeks atop the Billboard Best Sellers chart in 1956, before\n    the debut of the Hot 100.) The record was matched in 1982 by\n    Olivia Newton-John's Physical, but never surpassed until a 1991\n    change in chart methodology allowed songs to achieve longer\n    reigns at No.1 (\"End of the Road\" by Boyz II Men set the new\n    record, 13 weeks). The single, which was certified platinum by\n    the RIAA, also hit #1 on the Adult Contemporary chart and even\n    reached #4 on the Country chart. Although written by Brooks as\n    a love song, the devout Boone interpreted the song as\n    inspirational and proclaimed that it was instead God who \"lit\n    up her life.\"", {"i": {"#tail": ". (Although the soundtrack was\n    certified gold, peaking at No. 17 on the Billboard 200 albums\n    chart, it never included Boone's version of the song.) Cisyk's\n    single was credited to \"Original Cast\", not to Cisyk herself,\n    and only reached No. 80 on the Billboard Hot 100. Brooks also\n    released an instrumental version of the song from the\n    soundtrack as a single, but his version failed to chart.\n    Boone's success resulted in Grammy nominations for Best Pop\n    Vocal Performance Female and Record of the Year and won her the\n    1977 Grammy for Best New Artist and the 1977 American Music\n    Award for Favorite Pop Single. The song earned Brooks the 1977\n    Song of the Year Grammy (tied with \"Love Theme from \"A Star Is\n    Born\" (Evergreen)\") as well as the Best Original Song awards at\n    the 1977 Golden Globe and Academy Awards.", "#text": "You Light Up My Life"}, "#text": "Cisyk's soundtrack recording was released as a single to\n    bolster sales of the soundtrack after Boone included her\n    version on her first solo album also entitled"}, {"i": {"#tail": "[1]", "#text": "Billboard's All Time Top 100."}, "#text": "The song ranks #7 on"}, {"i": {"#tail": ".", "#text": "You Light Up My Life: Inspirational Songs"}, "#text": "Many artists have covered \"You Light Up My Life\" since 1977.\n    The following year, Johnny Mathis recorded and named his album\n    after the song. LeAnn Rimes released her version as a single in\n    1997 \u2013 20 years after Boone's version was released and on the\n    same record label (Curb Records). Her version fared modestly by\n    comparison to the original at radio (No. 34 Pop, No. 48\n    Country). However, her single was certified gold and was the\n    title track to her No. 1 Pop and Country album,"}, "Among the other diverse artists who have recorded and/or\n    performed the song are:", "The song was also parodied in the Six Feet Under episode The\n    Rainbow of Her Reasons."]}, "artist": "Debby Boone", "lengths": {"length": "3:35"}, "title": "You Light Up My Life", "label": "Curb", "producers": {"producer": "Joe Brooks"}, "released": "August 16, 1977 (Elvis Presley's death)", "writers": {"writer": "Joe Brooks"}, "weeks": {"week": ["1977-10-15", "1977-10-22", "1977-10-29", "1977-11-05", "1977-11-12", "1977-11-19", "1977-11-26", "1977-12-03", "1977-12-10", "1977-12-17"]}}}