{"top-song": {"album": "Electric\n  Youth", "genres": {"genre": ["Pop", "Ballad", "Freestyle", "R&B"]}, "descr": {"p": [{"i": [{"#tail": ". Released in October 1988, the power\n    ballad climbed to number one on the U.S. Billboard Hot 100\n    singles chart and remained there for three weeks, becoming her\n    most successful single. Additionally, it reached number three\n    on the Billboard Adult Contemporary chart. The song was written\n    by Gibson in late 1987 and published by Creative Bloc Music,\n    Ltd. and Deborah Ann's Music in early 1988 (rights now\n    administered by the Music Sales Corporation (ASCAP)). A beta\n    arrangement had been performed on the", "#text": "Electric Youth"}, {"#tail": ".", "#text": "Out of the Blue Tour"}], "#text": "\"Lost in Your Eyes\" is the sixth single from American\n    singer-songwriter, Debbie Gibson, and the first from her second\n    album,"}, "One variant mixed from the original multitrack, \"Lost in\n    Your Eyes\" (Piano and Vocal Mix/3:34), was only available in\n    Europe as Track 3 of the CD3 release #A8970CD. The song is\n    mentioned by name in Kimya Dawson's, \"Caving in,\" as the\n    singer's preferred alternative to \"Unchained Melody\".", {"i": {"#tail": "where the resulting \"Lost in Your Eyes\n    (Acoustic Version)\" became an album track.", "#text": "Someone You Love,"}, "#text": "In 2006, Gibson rearranged her hit song with Tim and Ryan\n    O'Neill for the O'Neill Brothers album"}, "Stewie Kills Lois and Lois Kills Stewie"]}, "artist": "Debbie Gibson", "lengths": {"length": "3:34"}, "title": "Lost in Your Eyes", "recorded": "July-August 1988", "label": "Atlantic", "producers": {"producer": "Deborah Gibson"}, "released": "October 1988 (UK) , January 1989 (US)", "writers": {"writer": "Deborah Gibson"}, "formats": {"format": ["7\" vinyl (7-88970)", "cassette (4-88970)"]}, "weeks": {"week": ["1989-03-04", "1989-03-11", "1989-03-18"]}}}