{"top-song": {"album": "Out of the\n  Blue", "genres": {"genre": ["Pop", "freestyle", "R&B"]}, "descr": {"p": [{"i": [{"#tail": "months prior to its inclusion on her album", "#text": "Dream Tour,"}, {"#tail": "(LP 81780), this made Gibson the youngest\n    person to single-handedly write, produce and sing a number-one\n    single entirely on her own when \"Foolish Beat\" hit the top of\n    the U.S. Billboard Hot 100 singles chart in the summer of\n    1988,a record she would hold for almost 19 years until Soulja\n    Boy Tell 'Em broke it in September of '09 with his song \"Crank\n    That\" 2 months prior to his 17th birthday.", "#text": "Out of the Blue"}], "#text": "\"Foolish Beat\" (Atlantic 89109; Atlantic UK A9059) is the\n    fourth single, and the first ballad release, from American\n    singer-songwriter-actress Deborah Gibson. Originally recorded\n    in the winter of 1987 for the"}, "In the United Kingdom, the single reached a peak position of\n    number nine on the UK Singles Chart. The single was released in\n    Japan as the B-side to \"Out of the Blue\" on Atlantic Japan\n    10SW-15.", "All songs written by Deborah Gibson - Music Sales Corp.,\n    ASCAP \"Foolish Beat\"", "\"Only in My Dreams\"", "\"Medley: Out of the Blue - Shake Your Love - Only in My\n    Dreams\"", {"i": {"#tail": ".[1]", "#text": "40 Most Awesomely Bad Break-up Songs...Ever"}, "#text": "\"Foolish Beat\" eventually won a dubious honor at Viacom\n    International: this song actually made number three on VH1's"}]}, "artist": "Debbie Gibson", "lengths": {"length": "Album Version 4:20"}, "title": "Foolish Beat", "recorded": "1987-1988", "label": "Atlantic", "producers": {"producer": "Deborah Gibson"}, "released": "February 11, 1988", "writers": {"writer": "Deborah Gibson"}, "weeks": {"week": "1988-06-25"}}}