{"top-song": {"album": "Hysteria", "genres": {"genre": "Hard rock"}, "descr": {"p": [{"i": {"#tail": ". It is Def Leppard's only number-one single on\n    the Billboard Hot 100 to date.", "#text": "Hysteria"}, "#text": "\"Love Bites\" is a power ballad recorded by British rock band\n    Def Leppard in 1987 on the album"}, {"i": [{"#tail": "B-side and later on the album", "#text": "Hysteria"}, {"#tail": ".", "#text": "Retro Active"}], "#text": "The title \"Love Bites\" was originally used for a very\n    different song that was eventually re-titled \"I Wanna Be Your\n    Hero\", and which appeared as a"}, "Following the huge momentum generated by \"Pour Some Sugar On\n    Me\", the song was released in August of 1988 and quickly shot\n    to the top of the U.S. charts, dethroning Bobby McFerrin's\n    \"Don't Worry Be Happy\". It stayed there for one week before\n    giving up the position to UB40's \"Red Red Wine\". The song also\n    hit number eleven in the UK (their second best showing from the\n    album).", "\"Love Bites\" was ranked #8 on the list of \"VH1's 25 Greatest\n    Power Ballads\" and #52 on the list of \"VH1's 100 Greatest Love\n    Songs\".", {"i": {"#tail": "documentary. The line is in fact producer Mutt\n    Lange rambling in a Yorkshire accent, to the effect of \"Yes it\n    does, It Will Be Hell\", with the aid of a vocoder.", "#text": "Hysteria"}, "#text": "A popular rumor about the song concerns the final seconds.\n    After the line \"If you got love in your sights, Watch out, Love\n    Bites\", what is seemingly heard is \"Jesus of Nazareth, Go to\n    Hell\". This rumor has been refuted by the band, most notably on\n    a"}, "http://www.youtube.com/watch?v=p6yQ73J5WEE"]}, "artist": "Def Leppard", "lengths": {"length": "5:46"}, "title": "Love Bites", "recorded": "1984-1987", "label": "Mercury", "producers": {"producer": "Robert John \"Mutt\" Lange"}, "released": "1988", "writers": {"writer": ["Joe Elliott", "Phil Collen", "Steve Clark", "Rick Savage", "Robert John \"Mutt\" Lange"]}, "formats": {"format": "7\""}, "weeks": {"week": "1988-10-08"}}}