{"top-song": {"genres": {"genre": ["Rock and Roll", "pop"]}, "descr": {"p": ["453099 (Germany) London", "\"Runaway\" was a number one Billboard Hot 100 song in the\n    spring of 1961 by Del Shannon. It was written by Shannon and\n    keyboardist Max Crook, and became a major international\n    hit.", "It is #466 on Rolling Stone's list of The 500 Greatest Songs\n    of All Time.", "Singer-guitarist Charles Westover and keyboard player Max\n    Crook performed together as members of \"Charlie Johnson and the\n    Big Little Show Band\" in Battle Creek, Michigan, before their\n    group won a recording contract in 1960. Westover took the new\n    stage name \"Del Shannon\", and Crook, who had invented his own\n    clavioline-based electric keyboard called a Musitron, became\n    \"Maximilian\".", {"i": {"#tail": "helping to catapult it to the number\n    one spot on the Billboard charts where it remained for four\n    weeks. Two months later, it also reached number one in the UK..\n    On the R&B charts, \"Runaway\" peaked at number three .", "#text": "American Bandstand"}, "#text": "After their first recording session for Big Top Records in\n    New York had ended in failure, their manager Ollie McLaughlin\n    persuaded them to rewrite and re-record an earlier song they\n    had written, \"Little Runaway\", to highlight Crook's unique\n    instrumental sound. On January 21, 1961, they recorded\n    \"Runaway\" at the Bell Sound recording studios, with Harry Balk\n    as producer, Fred Weinberg as audio engineer and also session\n    musician on several sections- session musician Al Caiola on\n    guitar, and Crook playing the central Musitron break. \"Runaway\"\n    was released in February 1961 and was immediately successful.\n    In April, Shannon appeared on Dick Clark's"}, {"i": [{"#tail": "album. Elvis Presley also covered it\n    (during his return to live performances in Vegas, 1969), while\n    the Beach Boys were known to have played it live. Charlie Kulis\n    charted with a cover of \"Runaway\" on Playboy Records in 1975 at\n    #46 while two years later Bonnie Raitt's cover performance of\n    the song reached #57 in 1977 and was included album", "#text": "From the Beginning"}, {"#tail": "and later on her 1990 greatest hits\n    album.", "#text": "Sweet Forgiveness"}], "#text": "The following year champagne music maker Lawrence Welk who\n    hosted a music tv series released and had a hit with the song.\n    In 1961 Japanese singer \u98ef\u7530\u4e45\u5f66 (IIDA Hisahiko) made a cover of\n    the song, called in Japanese \u60b2\u3057\u304d\u8857\u89d2 (\"Kanashiki Machikado\"). The\n    next notable cover of \"Runaway\" was by the Small Faces in 1967,\n    appearing on the"}, {"i": [{"#tail": ". \"Runaway\" was covered by The\n    Sensational Alex Harvey Band on", "#text": "Smoke Rings in the Dark"}, {"#tail": "album. Marty Friedman and Rolly\n    covered \"Runaway\" on", "#text": "The Penthouse Tapes"}, {"#tail": ". The song was covered in French by Dutch\n    singer Dave; the cover was called \"Vanina\". The song was later\n    covered by the punk rock group Me First and the Gimme Gimmes on\n    their", "#text": "Rock Fujiyama"}, {"#tail": ", as well as horrorpunk band The Misfits\n    on their covers album", "#text": "Blow in the Wind"}, {"#tail": ". 1986 brought a rock cover by Luis\n    Cardenas.", "#text": "Project 1950"}], "#text": "Country versions of the song have been recorded by Narvel\n    Felts in the 70s, the bluegrass-based group The Cox Family in\n    1996, the latter produced by Alison Krauss, and by Gary Allan\n    on his album"}, {"i": [{"#tail": "in 1990. The Wilburys had all\n    been involved in sessions or production for Shannon's last\n    album, released posthumously as", "#text": "Traveling Wilburys Vol. 3"}, {"#tail": ", and had it not been for his death in 1990,\n    there was some speculation that he would have played and sung\n    on their album as well, perhaps as a replacement for Roy\n    Orbison, a former Wilbury who had died in 1988. However, this\n    has never been documented.", "#text": "Rock On"}], "#text": "It was also recorded by the Traveling Wilburys during\n    sessions for their second album, released as"}, {"i": [{"#tail": "album. Blood For Blood cover\n    \"Runaway\" on their album", "#text": "Boogadaboogadaboogada!"}, {"#tail": ". Samhain drummer Steve Zing, with some members\n    of the band Mourning Noise, recorded a cover of \"Runaway\" that\n    was released as a single in 1986.", "#text": "Serenity"}], "#text": "In 1988, influential Chicago punk band, Screeching Weasel,\n    covered the song on their"}, "John Frusciante, guitarist of the Red Hot Chili Peppers, is\n    known to do a live version of \"Runaway\" at his solo\n    concerts.", {"i": {"#tail": ". Coincidentally, one episode of the show's\n    second season featured Bonnie Raitt's cover of the song.", "#text": "Crime Story"}, "#text": "\"Runaway\" briefly returned in 1986 when Shannon recorded a\n    revised version for the theme song of the television show"}, "The Disco/Soul band Eruption covered this song in 1981 with\n    new lead singer Jane Jochen", {"i": {"#tail": ".", "#text": "Por qu\u00ea Ultraje a Rigor?"}, "#text": "Brazilian band Ultraje a Rigor covered the song on their\n    album"}, "DION (Dimucci) covers the song on his CD published in 2003,\n    DION NEW MASTERS, in a much longer version (3:38).", "In Canada, the original version was released on QUALITY\n    label, in 1961.", "In 2007 a cover of this song by The Zutons was released on\n    the album Rhythms del Mundo Classics.", {"i": {"#tail": ".", "#text": "The Cosmos Rocks"}, "#text": "Queen + Paul Rodgers covered the song as an iTunes-only\n    bonus track on their 2008 album,"}, "Cajun Dance Party have covered the song as a b-side to their\n    new single \"The Colouful Life\" in 2008.", "British indie rock band Kasabian has played the song several\n    times live. A recorded version of the cover is found as a\n    b-side on their single Fire, released on 1 June, 2009.", "The song \"Runaway\" has appeared in the following movies and\n    TV shows:", "This song is referenced in Tom Petty's song Running Down a\n    Dream \"Me and Del were singin' little runaway.\" It was also\n    referenced in the Barenaked Ladies song When you Dream from the\n    album Stunt with \"Do you hear Del Shannon's Runaway playing on\n    transistor radio waves?\""]}, "artist": "Del Shannon", "lengths": {"length": "2:20"}, "title": "Runaway", "recorded": "21 January 1961", "label": "BigTop 45-3067 (USA) London HLX 9317 (UK) Heliodor 453099\n  (Germany) London HL-1796", "producers": {"producer": "Harry Balk"}, "released": "February 1961", "writers": {"writer": ["Del Shannon", "Max Crook"]}, "formats": {"format": "7\" single"}, "weeks": {"week": ["1961-04-24", "1961-05-01", "1961-05-08", "1961-05-15"]}}}