{"top-song": {"album": "Footloose soundtrackLet's Hear It for the Boy", "genres": {"genre": "Dance-pop"}, "descr": {"p": [{"i": {"#tail": ". It climbed to number one on the U.S.\n    Billboard Hot 100 in 1984, as well as number one on the dance\n    and R&B charts, and peaked at number two on the UK Singles\n    Chart. It was nominated for an Academy Award for Best Song,\n    and, in 1992, was certified Platinum by the RIAA.", "#text": "Footloose"}, "#text": "\"Let's Hear It for the Boy\" is the second number-one song\n    for both Deniece Williams and the soundtrack to the feature\n    film,"}, {"i": {"#tail": "features this version of the song.", "#text": "iCarly"}, "#text": "The Australian group Young Divas covered the song on their\n    debut album in 2006. The 2008 soundtrack of the hit Nickelodeon\n    show"}, {"i": {"#tail": "continuum. This version is performed by\n    Katty B and is a theme song for the character Justin\n    Taylor.", "#text": "Queer as Folk"}, "#text": "It is a pivotal song in the U.S."}, "The Mexican Latin Pop singer Byanka has sung by the 1985\n    song title \"Escucho al Muchacho\" and composed by \"Jos\u00e9 T.\n    Martinez\"."]}, "artist": "Deniece Williams", "lengths": {"length": "4:20"}, "title": "Let's Hear It for the Boy", "label": "Columbia", "producers": {"producer": "George Duke"}, "released": "February 1984", "writers": {"writer": ["Tom Snow", "Dean Pitchford"]}, "formats": {"format": "7\""}, "weeks": {"week": ["1984-05-26", "1984-06-02"]}}}