{"top-song": {"album": "SurvivorCharlie's Angels", "genres": {"genre": "R&B"}, "descr": {"p": [{"i": [{"#tail": "(2001), although the song first appeared on the\n    soundtrack to the 2000 film adaption of", "#text": "Survivor"}, {"#tail": ". It is also the first single with\n    Michelle Williams on vocals.", "#text": "Charlie's Angels"}], "#text": "\"Independent Women\" is a song by American girl group\n    Destiny's Child. It was written and produced by Beyonc\u00e9\n    Knowles, Sam Barnes, Jean-Claude Olivier and Cory Rooney for\n    the group's third studio album,"}, "Originally, part two of the song was the actual song and\n    part one was known as the Pasadena remix, but it was chosen in\n    favor of the original and was dubbed part one.", {"i": {"#tail": "Hot 100 Songs of the Decade. Although, for the\n    United Kingdom, it was released on the same day, with both Part\n    I and Part II counting as the song release.", "#text": "Billboard"}, "#text": "Released as both the soundtrack's and album's leading single\n    in fall 2000, the song held the number one spot on the Hot 100\n    chart for eleven consecutive weeks from November 2000 to\n    February 2001. Later it was named the 18th most successful song\n    of the 2000s, on the"}, "The music video was directed by Francis Lawrence. At the\n    end, the women are greeted by the ever-mysterious \"Charlie\".\n    The song was nominated for \"Best Song Written for a Motion\n    Picture, Television or Other Visual Media\" at the 2001 Grammy\n    Awards.", "The song ranked at number 85 on the list of Britain's\n    favorite 100 songs, published in May 2002.", "The song was the 25th best selling of 2000 in the UK.", {"i": [{"#tail": "just filled North American movie\n    theaters. The feat gave the group their third number-one single\n    in the country. The single hold to the top position in the\n    following week, which was seen as bouyed by the strong box\n    office performance of the film and the heavy rotation it\n    received. The song had a massive radio airplay, staying almost\n    ten weeks at the top of the Hot 100 Airplay, significantly\n    contributing to the performance of the single on the main\n    chart. Subsequently, the single spent eleven consecutive weeks\n    on the", "#text": "Charlie's Angels"}, {"#tail": "Hot\u00a0100 top position. During its tenth\n    week at the top spot, the music press had expected that the\n    single will fall off the top position because of strong\n    competition at retail; however, it sustained due to the high\n    sales of the single's maxi version, released in December 2000.\n    It was in the 2000-2001 edition of the", "#text": "Billboard"}, {"#tail": "for longest-running song\n    by a female group. \"Independent Women\" also topped the Hot\n    R&B/Hip-Hop Singles & Tracks chart for three weeks,\n    becoming Destiny's Child fourth number one single on this\n    chart.", "#text": "Guinness Book of World Records"}], "#text": "\"Independent Women\" was a chart success in the United\n    States. The single peaked at number one on the Hot 100, during\n    which"}, "In the United Kingdom, \"Independent Women\" debuted at number\n    one, becoming the group's first number-one single in the\n    country. The British Phonographic Industry has certified the\n    single gold for sales of over 400,000 physical singles. It also\n    reached the number one position in Canada, Ireland, and New\n    Zealand."]}, "artist": "Destiny's Child", "lengths": {"length": "3:41"}, "title": "Independent Women Part I", "recorded": "April 2000", "label": "Columbia", "producers": {"producer": ["Beyonc\u00e9 Knowles", "Cory Rooney", "Poke & Tone"]}, "released": "October 31, 2000 \u00a0(2000-10-31) , November 20, 2000\n  \u00a0(2000-11-20) , February 13, 2001\n  \u00a0(2001-02-13)", "writers": {"writer": ["Beyonc\u00e9 Knowles", "Sam Barnes", "Jean-Claude Olivier", "Cory Rooney"]}, "formats": {"format": ["CD single", "12\" single", "maxi single", "digital download"]}, "weeks": {"week": ["2001-01-06", "2001-01-13", "2001-01-20", "2001-01-27"]}}}