{"top-song": {"album": "Survivor", "genres": {"genre": ["R&B", "hip-hop soul", "dance-pop"]}, "descr": {"p": [{"i": {"#tail": "(2001), and contains a prominent sample from the\n    1981 recording \"Edge of Seventeen,\" as written and performed by\n    Stevie Nicks.", "#text": "Survivor"}, "#text": "\"Bootylicious\" is a song by American R&B group Destiny's\n    Child. It was written and produced by Rob Fusari, Falonte\n    Moore, and band member Beyonc\u00e9 Knowles for the band's third\n    studio album"}, "The track was released as the album's second single from the\n    album in 2001 and became the band's fourth U.S. non-consecutive\n    number-one single. It also reached the top-five in Australia,\n    Canada and the United Kingdom.", "The song \"Bootylicious\" is about a confident woman taunting\n    a man, suggesting that he is not ready because her body is \"too\n    bootylicious\". Beyonc\u00e9 Knowles has stated in her \"I am...\n    Yours\" tour that she was inspired to write the song on a flight\n    to Japan as she was listening to the guitar riff of the Stevie\n    Nicks song \"Edge of Seventeen\", which reminded her of a\n    \"voluptuous woman.\" Platinum music producers Rob Fusari and\n    Falonte Moore produced this record and featured a sample from\n    the Stevie Nicks song, and Stevie herself appears in the\n    beginning of the video. It is also one of the few times that\n    Kelly Rowland takes the lead, having two verses to Beyonc\u00e9\n    Knowles' one, though Knowles still ad libs. Despite Rowland's\n    lead in the song, Kelly Rowland has mentioned that\n    \"Bootylicious\" is the most irritating Destiny's Child song for\n    her since she has heard it too many times.", "In the February 27th, 2010 edition of Billboard magazine,\n    Rob Fusari is interviewed about his career and briefly\n    discusses the song and its genesis. In the article he states\n    that he alone had the idea for the song and had originally\n    intended to use another guitar riff but after not being able to\n    find it he happened to come across the Stevie Nicks CD instead.\n    He goes on to say that he was so upset when he saw Beyonce\n    claim credit for the song in an interview with Barbara Walters\n    that he telephoned Mathew Knowles. According to Fusari, Mr\n    Knowles told him \"People don't want to hear about Rob Fusari,\n    producer from Livingstone, NJ....that's not what sells\n    records\".", "\"Bootylicious\" debuted at #66 on the Hot 100 on June 9, 2001\n    and climbed to its peak position nine weeks later, and remained\n    on the chart for a relatively short nineteen weeks. The song\n    became Destiny's Child's fifth consecutive No.1 on the Hot 100\n    Airplay chart, despite Mariah Carey's \"Loverboy\" keeping it\n    from topping the Hot 100 Singles Sales.", {"i": {"#tail": "back to the top of The Official UK Albums\n    Chart.", "#text": "Survivor"}, "#text": "In the UK Chart (2001) Peak position Greece IFPI Top 20\n    Singles Chart 18 Italy Top 50 Singles Chart 16 New Zealand\n    RIANZ Singles Chart 4 Norwegian Singles Chart 5 Swedish Singles\n    Chart 8 Swiss Singles Chart 11 UK Singles Chart 2 U.S.\n    Billboard Hot 100 1 U.S. Billboard Hot Dance Club Play 13 U.S.\n    Billboard Hot R&B/Hip-Hop Songs 2 \"Bootylicious\" was\n    released on July 23, 2001 and debuted at #2 on the singles\n    chart behind the Atomic Kitten cover single \"Eternal Flame\". It\n    sold over 169,000 copies and propelled"}, {"i": {"#tail": ".", "#text": "TRL"}, "#text": "A hip hop-styled remix (the \"Rockwilder Remix\") was produced\n    by Rockwilder, Knowles, and Missy Elliott. This version was\n    issued to urban markets, and had a hip-hop culture-based music\n    video to accompany it, in which Beyonc\u00e9 wears a belt that has\n    the word \"Bootylicious\" misspelled as \"Bootyliciuos\", as\n    pointed out by Carson Daly on an episode of"}, "A combination of the R&B vocals from this song and the\n    grunge rock music of Nirvana's \"Smells Like Teen Spirit\" is one\n    of the best-known examples of the \"bastard pop\" or \"mashup\"\n    genre, where elements from seemingly incompatible songs are\n    mixed together. A later mashup used the music of Stevie\n    Wonder's \"Superstition\" with the \"Bootylicious\" vocals.", {"i": {"#tail": ". During the video,\n    moves from several other Michael Jackson videos can be seen\n    such as parts of the choreograpy from \"Thriller\", \"Beat it\",\n    \"Bad\" and \"The Way You Make Me Feel\". Dance moves that were\n    used by Jackson during live performances of \"They Don't Care\n    About Us\" can be seen as well.", "#text": "Motown 25: Yesterday, Today, Forever"}, "#text": "The music video for \"Bootylicious\", directed by Matthew\n    Rolston, showed Destiny's Child performing dance steps from\n    Michael Jackson's famous \"Billie Jean\" performance from the\n    special"}, "As the group is dancing, the members appear in several\n    different costumes. These scenes are interloped with the group\n    dancing in front of a dance troupe made of all boys. Stevie\n    Nicks makes an appearance in the beginning of the song's video.\n    Solange Knowles, Beyonce's sister, also makes a brief cameo in\n    the video.", "The song created moderate controversy, in a time when late\n    '90s teen pop was pushing the boundaries of female sexuality.\n    Destiny's Child was claiming \"G-rated fun\" and confidence in\n    body image though the lyrics yet the music video suggested much\n    more with the group wearing lots of make-up, form-fitting\n    clothes, performing sexually suggestive dancing, and the video\n    featuring close-ups on several dancers buttocks .", "The group later performed the song in front of Jackson for\n    his thirtieth Anniversary concert, complete with their\n    rendition of his dance moves. Before the premiere of the video\n    on MTV's Making the Video, the girls dedicated the video to\n    Michael Jackson.", "The song popularised the portmanteau term 'bootylicious', a\n    combination of the words booty and delicious. The success of\n    the song came after the rise in media visibility of voluptuous\n    'non-skinny' personalities like Jennifer Lopez and later\n    Beyonce. There was a media perception that the appearance of\n    these women corresponded to an appreciation of the supposedly\n    neglected larger hips and thighs common in the figures of\n    African-American, Hispanic and some Middle-Eastern women. The\n    approving neologism 'bootylicious' has entered the mainstream\n    English language as part of the 'crossover' of African-American\n    popular culture, fashion and sexual politics.", "Many unofficial or bootleg mixes have been released of this\n    track, usually on limited vinyl promo's or special mix CD\n    versions. Some listed below.", "English rock band Keane performed a medley consisting of\n    \"Bootylicious\" and Christina Aguilera's \"Dirrty\" on Jo Whiley's\n    Live Lounge. An audio recording is available on Radio 1's Live\n    Lounge \u2013 Volume 2. The cast of the Fox television show\n    performed a cover version in the episode \"Hairography\"."]}, "artist": "Destiny's Child", "lengths": {"length": "3:27"}, "title": "Bootylicious", "label": "Columbia", "producers": {"producer": ["Beyonc\u00e9 Knowles", "Rob Fusari", "Falonte Moore"]}, "released": "May 20, 2001 (U.S.) , July 3, 2001 (world-wide) , July\n  23, 2001 (UK)", "writers": {"writer": ["Beyonc\u00e9 Knowles", "Rob Fusari", "Falonte Moore", "Frank Tai Stevie Nicks"]}, "formats": {"format": ["CD single", "12\" single"]}, "weeks": {"week": ["2001-08-04", "2001-08-11"]}}}