{"top-song": {"album": "The Writing's on\n  the Wall", "genres": {"genre": "R&B"}, "descr": {"p": [{"i": {"#tail": ", released through Columbia\n    label in 2000 (see 2000 in music). The single is the most\n    successful of the four releases from the album and is\n    considered to be one of their signature songs. The song won\n    awards for \"Best R&B Performance by a Duo or Group with\n    Vocals\" and \"Best R&B Song\" and two was nominated for\n    \"Record of the Year\" and \"Song of the Year\" at the 2001 Grammy\n    Awards and an MTV Video Music Award.", "#text": "The Writing's on the Wall"}, "#text": "\"Say My Name\" is hit song by American R&B group\n    Destiny's Child. The song was the third single from the group's\n    1999 album"}, {"i": {"#tail": ", and was the group's first\n    collaboration with him. When they wrote \"Say My Name\", however,\n    Beyonc\u00e9 was displeased with the track they were working on. She\n    commented that there was \"too much stuff\" on the track and it\n    sounded like a \"jungle\".", "#text": "The Writing's on the Wall"}, "#text": "American producer-songwriter Rodney Jerkins was one of the\n    hired people to work on Destiny's Child's second album,"}, "During the photo shoot for the album, Beyonc\u00e9's\n    father-manager Mathew Knowles went to the studio informing her\n    that Jerkins reworked on the track she \"hated\". Her dad told\n    her to \"just have to take a listen to it\". When the new mix was\n    played to them, they liked it to the extent they could not\n    \"focus on anything\".", "\"Say My Name\" features Destiny's Child lead singer Beyonc\u00e9\n    Knowles's character calling her lover on the phone, and\n    suspecting him of cheating. She asks him to \"say her name\". The\n    young man hesitates, and the narrator believes it's because he\n    doesn't want the girl he's cheating on her with to know who she\n    is. Rodney Jerkins supports the song's lyrics with a backing\n    track that shifts back and forth in dynamics, steadily bringing\n    different elements (syncopated, 808 drum programming,\n    synthesized strings, and 1970s-style wah-wah guitar licks) in\n    and out of the mix. In the song, Beyonc\u00e9 sings lead on the\n    verses and bridge, LaTavia sings the echos to Beyonc\u00e9's verses,\n    LeToya sings the high harmonies in the chorus, and Kelly (along\n    with the rest of the girls) sings the chorus's melody. It is\n    also one of the first Destiny's Child recordings to feature all\n    four members; LaTavia on the melody with the others harmonizing\n    on their respective notes.", "In December 1999, Mathew Knowles hired Farrah Franklin and\n    Michelle Williams to replace members LeToya Luckett and LaTavia\n    Roberson in group without signed members consent or knowledge.\n    The video was then filmed in January 2000 with little time for\n    the new members to learn the choreography. When the \"Say My\n    Name\" music video debuted on February 15, 2000, audiences were\n    shocked to see the absence of LeToya Luckett and LaTavia\n    Roberson, who had been replaced by Farrah Franklin and Michelle\n    Williams. The video featured Franklin and Williams alongside\n    Beyonc\u00e9 Knowles and Kelly Rowland, and debuted on MTV and BET\n    at the same time a press release announcing the lineup change\n    was released.", "The video featured the veterans and the rookie members along\n    with two female dancers and one male dancer each in different\n    colored rooms that were designed to look like living rooms in\n    an apartment. Beyonc\u00e9 was featured in orange clothes to match\n    her equally orange room. Kelly was in a blue room, newcomer\n    Farrah was featured in a red room and Michelle was in a white\n    room. The original video idea had more choreography in it but\n    due to the abrupt group change the new girls were unable to\n    dance in stiletto heels like their veteran counterparts.\n    Instead the directors had the girls sit and stand in various\n    positions around their rooms and pose with the beat of the\n    song. After the first verse and the chorus the girls switched\n    rooms but kept their respective color couches and clothes. Soon\n    after the second verse during the \"break down\", Beyonce, Kelly,\n    Michelle and Farrah all gathered in a garage-like room that was\n    complete with cars and Destiny's Child in black leather pants\n    and orange tops and all of the dancers, dressed in black, from\n    the video. The dancers did a rotating dance which later became\n    part of the live routine until their comeback in 2005. After\n    this scene it was back to the colorful rooms in which the girls\n    had now switched couches and continued the song until the end\n    of the video where the final pose was back in the garage.", "Luckett and Roberson stated they did not know they were out\n    of the group until seeing the \"Say My Name\" video, and filed\n    suit against Knowles, Rowland, and Destiny's Child manager\n    Mathew Knowles for what they saw as a plot to ruin Luckett and\n    Roberson's careers. By the end of the year, Luckett and\n    Roberson decided to drop their former bandmates as\n    co-defendants, but continued to pursue action against Mathew\n    Knowles.", "US Promo CD Single", "US Maxi CD Single", "German CD Single", "International CD Single", "Several remixes of \"Say My Name\" were issued alongside the\n    original version. The two most notable alternate versions are a\n    remix by Timbaland, which features different vocals, lyrics and\n    a guest appearance from Static Major; and the \"Nitro Remix\"\n    (featuring Nitro and Chief, with production by Mista Maze),\n    which uses the original vocals over a bass music-styled backing\n    track. There is another remix featuring Los Angeles Lakers\n    player-rapper Kobe Bryant.", {"i": [{"#tail": "played in a post grunge-nu metal style.\n    Characterized by turntable samples and heavy Flea-esque bass\n    lines, this song was planned to be featured in their 2001 debut\n    album", "#text": "Say My Name"}, {"#tail": ", played in a post grunge-nu metal\n    style. The band uses the song \"Brain Stew\" by Green Day as the\n    background music. However, due to a law suit threat from\n    Destiny's Child's label this song got excluded from the album.\n    Essentially playing the same song, \"the Puppies\" distorted the\n    melody to the minor version of the original which only has\n    several repetitions of the chorus. The Puppies' version also\n    contains additional lyrics with coarse language. For example,\n    the chorus invariably ends with \"you're acting kinda shady,\n    ain't callin' me baby, so what the fuck!\" continued with a\n    heavy instrumental rock interlude.The band is playing the song\n    live in their 2009 -2010 tour.", "#text": "Nothing Really Matters"}], "#text": "In 2002 Australian indie rock band Sick Puppies made a cover\n    version of"}, "In 2007, the Chapel Hill indie rock band, Superchunk,\n    released a cover of \"Say My Name\" on the album Guilt By\n    Association. The album is a compilation of many artists playing\n    covers of their favorite guilty pleasure songs.", "\"Say My Name\" won two Grammy Awards in 2001: Best R&B\n    Performance by a Duo or Group with Vocals and Best R&B\n    Song. The song's music video won the 2000 MTV Video Music Award\n    for Best R&B Video. It also captured a Soul Train Lady of\n    Soul Award for Best R&B/Soul Single, Group, Band or Duo\n    (\"Say My Name\")along a BMI Pop award for most played song.", "\"Say My Name\" debuted at #83 on the Hot 100 on December 25,\n    1999 and reached its peak position twelve weeks later after\n    scanning 134,000 physical singles during its first week at\n    retail, taking longer than any other Destiny's Child number one\n    single to reach the summit. It went onto become the group's\n    international breakthrough hit far exceeding the popularity of\n    \"No, No, No\" which prior to this release was their only true\n    international hit.", "Produced by Rodney \"Darkchild\" Jerkins and written by\n    Jerkins, his brother Fred, LaShawn Daniels, and the members of\n    Destiny's Child, \"Say My Name\" peaked at number-one on the\n    Billboard Hot 100, Hot 100 Airplay chart and the Billboard Hot\n    R&B/Hip-Hop Singles & Tracks in the United States for\n    three weeks in 2000, from March 11, 2000 to April 1. The song\n    was also a number-one hit in Australia. In the United Kingdom\n    it was at that point the group's biggest hit to date peaking at\n    #3 and sold over 190,000 copies. \"Say My Name\" was the second\n    Destiny's Child single to become a number-one hit in the United\n    States, following the previous year's \"Bills, Bills,\n    Bills\".", "The song spent thirty-two weeks on the Hot 100 and was one\n    of the top ten best-selling CD-singles of the year in the US.\n    It is actually the group's third biggest-selling single in\n    their homeland after \"No, No, No\" and \"Bills, Bills, Bills\" and\n    was also their third gold RIAA certified single.", "The song also scored Destiny's Child their first number one\n    in Asia. This single enabled the group to break through the\n    Asian market, when R&B music was just beginning to get\n    strong airplay. In the Philippines, it was the longest number\n    one single by an R&B girl group, topping the charts for\n    seven weeks.", {"i": {"#tail": "to multi-platinum success.", "#text": "The Writing's On The Wall"}, "#text": "In Australia it was the first song ever by an R&B group\n    to reach number one on the ARIA Singles chart and helped propel"}]}, "artist": "Destiny's Child", "lengths": {"length": ["4:28 (album version)", "4:00 (radio edit)", "3:46 (radio edit 2)"]}, "title": "Say My Name", "recorded": "1999", "label": "Columbia , 42841", "producers": {"producer": "Darkchild"}, "released": "January 14, 2000 , March 27, 2000", "writers": {"writer": ["Rodney Jerkins", "Fred Jerkins III", "LaShawn Daniels", "Beyonc\u00e9 Knowles", "LeToya Luckett", "Kelendria Rowland", "LaTavia Roberson"]}, "formats": {"format": ["CD maxi single", "12\" single"]}, "weeks": {"week": ["2000-03-18", "2000-03-25", "2000-04-01"]}}}