{"top-song": {"album": "The Writing's\n  on the Wall", "genres": {"genre": ["R&B", "hip-hop soul"]}, "descr": {"p": [{"i": {"#tail": ". It echoed the female\n    empowerment sentiments of TLC's single \"No Scrubs\", and\n    featured the same producer (Kevin She'kspere Briggs) and\n    songwriter (Kandi Burruss). The song provided the quartet with\n    their first US chart-topper in July 1999, and also reached the\n    UK Top 10. The album featured a greater creative input from the\n    quartet, although they still relied on a heavyweight production\n    crew including Rodney Jerkins, Missy Elliott, Chad Elliot, and\n    Dwayne Wiggins of Tony! Toni! Tone!. The song was nominated for\n    \"Best R&B Performance by a Duo or Group with Vocals\" at the\n    2000 Grammy Awards.", "#text": "The Writing's on the Wall"}, "#text": "\"Bills, Bills, Bills\" is a 1999 smash hit single by\n    Destiny's Child, released as the first single from their second\n    album"}, "The music video for \"Bills, Bills, Bills\" (directed by\n    Darren Grant) was shot in a beauty salon as a tribute to Tina\n    Knowles, group member Beyonc\u00e9 Knowles mother. It was also the\n    first of three videos that would include Farrah Franklin,\n    though she played only a minor role as a salon client.", "\"Bills, Bills, Bills\" debuted at #84 on the Hot 100 and\n    climbed to #1 five weeks later, where it remained for a week\n    and spent a total of twenty weeks on the chart. It was the\n    first Destiny's Child song that peaked at number one on the\n    Billboard Hot 100 chart. The song also won a BMI Pop award for\n    being the most played song. Before \"Bills, Bills, Bills,\" the\n    only top ten single the group had achieved was \"No, No, No Pt.\n    2\".", "\"Bills, Bills, Bills\" also reached number one on the Hot\n    R&B/Hip-Hop Singles & Tracks for nine consecutive\n    weeks, making it one of the longest running number one singles\n    ever on this chart and the most weeks at the summit in 1999. It\n    was also the ninth best-selling single of the year in the\n    U.S.", "In the UK \"Bills, Bills, Bills\" peaked at number six and\n    went onto sell over 165,000 copies.", {"i": {"#tail": "Destiny's\n    Child countered that their lyrics were meant to be empowering\n    for women.", "#text": "\"triflin', good for nothing type of brother.\""}, "#text": "Despite the success of the single, some listeners questioned\n    the theme, interpreting the demand that the man pay the woman's\n    bills and the accompanying threat of leaving him if he didn't\n    as male bashing. Additionally, the man in the song is subjected\n    to insults, accusing him of being a"}, {"i": ["\"Now you've been maxing out my card,\"", {"#tail": "and", "#text": "\"And then you use my cell phone / And when the bill comes,\n    all of a sudden you be acting dumb,\""}, {"#tail": "These same complaints are referred to in\n    the refrain, when the women ask,", "#text": "\"And now you ask to use my car / Drive it all day and don't\n    fill up the tank.\""}, "\"Can you pay my bills? / Can you pay my telephone bills? /\n    Do you pay my automo' bills?\""], "#text": "Certain lyrics within the song reveal that the targets of\n    its criticism are men who do not repay debts, not all men in\n    general. These include lines such as"}, "Sporty Thievz, the same group that wrote \"No Pigeons\" as\n    response to TLC's \"No Scrubs\", wrote a response to \"Bills,\n    Bills, Bills\" entitled \"No Billz (Why, Why, Why).\" Sporty\n    Thievz were also featured on the main remix of Bills, Bills,\n    Bills produced by the Trackmasters, along with a female rapper\n    called Jazz.", {"i": "Side A"}, {"i": "Side B"}, {"i": "Side A"}, {"i": "Side B"}, {"i": "Side A"}, {"i": "Side B"}]}, "artist": "Destiny's Child", "lengths": {"length": ["4:33 (Album Version)", "3:54 (Video Edit)"]}, "title": "Bills, Bills, Bills", "recorded": "1999", "label": "Columbia", "producers": {"producer": "She'kspere"}, "released": "June 15, 1999 \u00a0(1999-06-15) , (see Release history\n  )", "writers": {"writer": ["Kevin Briggs", "Kandi Burruss", "Beyonc\u00e9 Knowles", "LeToya Luckett", "Kelly Rowland"]}, "formats": {"format": ["CD maxi single", "12\" maxi single"]}, "weeks": {"week": "1999-07-17"}}}