{"top-song": {"album": "Too-Rye-Ay", "genres": {"genre": "New wave"}, "descr": {"p": [{"i": {"#tail": ". It was their first #1 hit in the United\n    Kingdom since 1980's \"Geno\".", "#text": "Too-Rye-Ay"}, "#text": "\"Come On Eileen\" was a single released by Dexys Midnight\n    Runners in 1982. The song was written by Kevin Rowland, \"Big\"\n    Jim Paterson, and Billy Adams; it was produced by Clive Langer\n    and Alan Winstanley. It originally appeared on the album"}, "The song won Best British Single at the 1983 Brit\n    Awards.", {"i": {"#tail": ".", "#text": "Believe Me, if All Those Endearing Young Charms"}, "#text": "The song begins with Celtic-style fiddle played over a drum\n    beat, with the bass guitar and piano providing accompaniment.\n    An extended version has an additional intro of a Celtic fiddle\n    solo, playing Thomas Moore's Irish folk song"}, "The chorus was loosely inspired by the song \"A Man Like Me\"\n    by the 1960s British soul group Jimmy James and the\n    Vagabonds.", "The bridge of \"Come On Eileen\" features an improvised\n    counter-melody which begins in a slow tempo and gets faster and\n    faster over an accelerando vocal backing. The chord sequence of\n    the bridge is actually the same as the verses but transposed up\n    by a whole tone.", "Throughout the song, there are numerous tempo changes and\n    key changes:", "The music video to accompany the single was directed by\n    Julien Temple. It features members of the band wearing\n    sleeveless shirts and overalls. The \"Eileen\" as featured in the\n    video (and on the record sleeve) is M\u00e1ire Fahey, sister of\n    Siobhan Fahey, former singer with Bananarama and Shakespear's\n    Sister. The American singer Johnnie Ray, an early rock-and-roll\n    crooner mentioned in the opening lyrics, is also featured in\n    the video using old film footage.", "Filming took place on Brook Drive, Kennington, London. The\n    shop which was called \"Vi's Stores\" in the video can be seen on\n    Google Street View and is now called the Brook Drive Mini\n    Market.", "In the British charts, the song spent four weeks at number\n    one in August 1982. This success was repeated around the globe;\n    spending five weeks as the Kent Report's number one in\n    Australia and reaching number one in April 1983 on the\n    Billboard Hot 100 in the United States. It also holds the\n    distinction of preventing Michael Jackson from having\n    back-to-back number one hits in the U.S. The number one hits\n    \"Billie Jean\" and \"Beat It\" were separated by Dexys Midnight\n    Runners' one week stay at the top.", "The song was also successful in Ireland, where it reached\n    number one and spent a total of eleven weeks in the charts.", "It is a common example of a one-hit wonder in the U.S., as\n    the band failed to reach similar popularity with any of their\n    later songs, though in the UK they had already reached number\n    one two years earlier with \"Geno\", and went on to have further\n    hits.", {"i": [{"#tail": ", the song was placed at number 38 in the 100\n    greatest number 1 singles of all time. A similar poll by the\n    music channel", "#text": "Channel 4"}, {"#tail": "placed the song at number 3 in the", "#text": "VH1"}, {"#tail": "of all time.", "#text": "100 Greatest One-hit Wonders"}], "#text": "In a poll by the UK TV Channel,"}, "The song reached #18 on VH1's Top 100 Songs of the\n    1980s.", {"i": {"#tail": ".", "#text": "100 Greatest One Hit Wonders of the 80s"}, "#text": "The song was named #1 on VH1's"}, "The song has been covered by several artists including the\n    ska band Save Ferris (which replaced the strings with a horn\n    section), folk metal Skyclad, French art band Nouvelle Vague,\n    the Atlantic Canadian folk rockers Kilt, Blackthorn, the\n    Japanese band nil, and Badly Drawn Boy. In June 2004 in the UK,\n    the tune was used for the song \"Come on England\", by a group of\n    football fans working at talkSPORT radio calling themselves\n    \"4-4-2\". The song was intended to support the England football\n    team during the Euro 2004 competition. In 2006, a cover version\n    by Hermes House Band was released as a single in France."]}, "artist": "Dexys Midnight Runners", "lengths": {"length": "Album Version (4:28)"}, "title": "Come on Eileen", "recorded": "1981-1982", "label": "Mercury", "producers": {"producer": ["Clive Langer", "Alan Winstanley"]}, "released": "25 June 1982", "writers": {"writer": ["Kevin Rowland", "Jim \"Big Jim\" Paterson", "Billy Adams"]}, "weeks": {"week": "1983-04-23"}}}