{"top-song": {"album": "diana", "genres": {"genre": "Disco / funk"}, "descr": {"p": [{"i": {"#tail": "and hit number one on the Billboard Hot 100 on\n    September 6, 1980. It also hit number one on the Billboard\n    Disco/Dance and R&B charts. The single was also a big hit\n    internationally, topping the singles charts in Italy, Norway\n    and Switzerland. It also rose to #2 on the UK Singles Chart,\n    marking the highest peak performance from Ross as a solo artist\n    since \"I'm Still Waiting\" in 1971.", "#text": "diana"}, "#text": "\"Upside Down\" is a song by Diana Ross released on the Motown\n    label. It was the first single taken from her 1980 album"}, {"i": {"#tail": "s \"Greatest Songs of All Time\"", "#text": "Billboard'"}, "#text": "The song listed at #62 on"}, "The song was written by Bernard Edwards and Nile Rodgers (of\n    the band Chic) with (like all of the songs for the album diana)\n    Aretha Franklin in mind to record. When Franklin turned the\n    offer to record the album down Motown pass the material and\n    project to Ross.", "The song would be later covered and sampled by the likes of\n    Salt-N-Pepa, Missy Elliott, Alcazar, Puff Daddy and MC Lyte and\n    Jack Johnson, who had a hit under the \"Upside Down\" sample in\n    Lyte's 1996 hit, \"Cold Rock a Party\".", {"i": [{"#tail": "special. Their version is featured on their album", "#text": "Divas"}, {"#tail": ".", "#text": "Single Remix Tracks"}], "#text": "The song was later covered by Destiny's Child during a\n    tribute show honoring Ross and her career on a VH1"}, {"i": {"#tail": ".", "#text": "Disney Sing Along Songs: Let's Go to the Circus"}, "#text": "In 1994, the song was used in"}, "In 1997, Ross performed the song live with British band\n    Jamiroquai at \"The Brit Awards\" ceremony.", {"#text": "\"Ain't No Mountain High Enough\"", "strong": {"#tail": "\"", "#text": "Upside Down"}, "span": [{"#tail": "\"Remember Me\"", "#text": "\u00b7"}, {"#tail": "\"I'm Still\n    Waiting\"", "#text": "\u00b7"}, {"#tail": "\"Surrender\"", "#text": "\u00b7"}, {"#tail": "\"Touch Me in the\n    Morning\"", "#text": "\u00b7"}, {"#tail": "\"All of My Life\"", "#text": "\u00b7"}, {"#tail": "\"You Are\n    Everything\"", "#text": "\u00b7"}, {"#tail": "\"Theme from (Do\n    You Know Where You're Going To)\"", "#text": "\u00b7"}, {"#tail": "\"Love Hangover\"", "#text": "\u00b7"}, {"#tail": "\"", "#text": "\u00b7"}, {"#tail": "\"I'm Coming Out\"", "#text": "\u00b7"}, {"#tail": "\"My Old Piano\"", "#text": "\u00b7"}, {"#tail": "\"It's My Turn\"", "#text": "\u00b7"}, {"#tail": "\"Endless Love\"", "#text": "\u00b7"}, {"#tail": "\"Why Do Fools\n    Fall in Love\"", "#text": "\u00b7"}, {"#tail": "\"Mirror, Mirror\"", "#text": "\u00b7"}, {"#tail": "\"Work That Body\"", "#text": "\u00b7"}, {"#tail": "\"Muscles\"", "#text": "\u00b7"}, {"#tail": "\"Missing You\"", "#text": "\u00b7"}, {"#tail": "\"Chain Reaction\"", "#text": "\u00b7"}, {"#tail": "\"When You Tell Me\n    That You Love Me\"", "#text": "\u00b7"}, {"#tail": "\"One Shining\n    Moment\"", "#text": "\u00b7"}, {"#tail": "\"Not Over You\n    Yet\"", "#text": "\u00b7"}]}, {"i": [{"#tail": "(1972)", "#text": "Lady Sings the Blues"}, {"#tail": "(1975)", "#text": "Mahogany"}, {"#tail": "(1978)", "#text": "The Wiz"}, {"#tail": "(1994)", "#text": "Out of Darkness"}, {"#tail": "(1999)", "#text": "Double Platinum"}], "span": ["\u00b7", "\u00b7", "\u00b7", "\u00b7"]}, {"#text": "Discography", "span": [{"#tail": "The Supremes", "#text": "\u00b7"}, {"#tail": "Berry Gordy", "#text": "\u00b7"}, {"#tail": "Rhonda Ross\n    Kendrick", "#text": "\u00b7"}, {"#tail": "Tracee Ellis Ross", "#text": "\u00b7"}, {"#tail": "Evan Ross", "#text": "\u00b7"}, {"#tail": "Arne N\u00e6ss, Jr.", "#text": "\u00b7"}, {"#tail": "List of awards\n    and nominations received by Diana Ross", "#text": "\u00b7"}, {"#tail": "Diana Ross\n    Playground", "#text": "\u00b7"}]}]}, "artist": "Diana Ross", "lengths": {"length": "4:05"}, "title": "Upside Down", "recorded": "1979", "label": "Motown", "producers": {"producer": "Nile Rodgers and Bernard Edwards for Chic"}, "released": "1980", "writers": {"writer": ["Nile Rodgers", "Bernard Edwards"]}, "weeks": {"week": ["1980-09-06", "1980-09-13", "1980-09-20", "1980-09-27"]}}}