{"top-song": {"genres": {"genre": "Soul"}, "descr": {"p": ["\"Someday We'll Be Together\" is a hit song made popular as\n    the last of twelve number-one singles for Motown act Diana Ross\n    & the Supremes, released on October 14, 1969. It is noted\n    for being the final Supremes song featuring Diana Ross, who\n    left the group for a solo career in January 1970 and was\n    replaced by Jean Terrell. Despite this distinction, \"Someday\n    We'll Be Together\" was originally recorded as Ross' first solo\n    single; hence, Mary Wilson and Cindy Birdsong do not sing on\n    the recorded release.", {"i": {"#tail": "magazine (dated December 27), the single was\n    not only the final number-one in 12 chart-topping pop hits for\n    The Supremes, but it also holds the distinction of being the\n    final American number-one hit of the 1960s.", "#text": "Billboard"}, "#text": "\"Someday We'll Be Together\" reached the number-one position\n    on the Billboard Hot 100 singles chart for one week. As it\n    topped the American pop chart in the final 1969 issue of"}, {"i": {"#tail": "as both the final R&B number-one of the\n    1960s and the first R&B number-one of the 1970s.. It was\n    both preceded and succeeded by other Motown singles: \"Baby I'm\n    For Real\" by The Originals preceded \"Someday\", while The\n    Jackson 5's \"I Want You Back\" followed it.", "#text": "Billboard"}, "#text": "The single also charted at number-one on the Billboard\n    R&B Singles for four weeks, from December 13, 1969 to\n    January 3, 1970. \"Someday We'll Be Together\" therefore appeared\n    in"}, "The song was written by Johnny Bristol, Jackey Beavers, and\n    Harvey Fuqua in 1961; and Bristol and Beavers recorded the song\n    together as \"Johnny & Jackey\" for the Tri-Phi label that\n    same year. \"Someday\" was a moderate success in the Midwestern\n    United States, but gained little notice in other venues.", "Tri-Phi was purchased by Motown Records in the mid-1960s.\n    Fuqua, Bristol, and Beavers all joined Berry Gordy's by-then\n    famous record company, and \"Someday We'll Be Together\" became\n    part of Motown's Jobete publishing catalog. Beavers soon\n    departed for Chess Records, although both Bristol and Fuqua\n    stayed on as songwriters and producers for the label.", "In 1969, Bristol was preparing a cover version of \"Someday\n    We'll Be Together\", to be recorded by Motown act Jr. Walker\n    & the All-Stars. Bristol had already recorded the\n    instrumental track and the background vocals by Maxine Waters\n    and Julia Waters when Berry Gordy happened upon the tracks and\n    heard them. Gordy thought that \"Someday\" would be a perfect\n    first solo single for Diana Ross, who was making her\n    long-expected exit from the Supremes at the time, and had\n    Bristol sequester Ross into the studio to record the song.", "Unable at first to get the vocal performance he desired from\n    Diana Ross, Johnny Bristol decided to try something different:\n    he would harmonize with Ross, helping her to get into the mood\n    needed for the record. On the first take, the engineer\n    accidentally recorded both Ross's vocal and Bristol's ad-libs.\n    Bristol and arranger Wade Marcus liked the results, and Bristol\n    had his vocal recorded alongside Ross' for the final version of\n    the song. Bristol's ad-libs and words of encouragement to Ross\n    can be heard in the background throughout the song.", "When Berry Gordy heard the completed song, he decided to\n    release it as the final Diana Ross & the Supremes song.\n    Ross' first solo single instead became \"Reach Out and Touch\n    (Somebody's Hand)\".", "While the explicit subject of the song was that of Ross\n    comforting a long-distance lover, \"Someday We'll Be Together\"\n    allowed for a number of other implications as well. Most\n    obvious was the suggestion that \"someday\", Ross and her\n    bandmates Mary Wilson and Cindy Birdsong would \"be together\"\n    once again (although, ironically, neither Wilson nor Birdsong\n    sing on the record). In concert, Ross would suggest that the\n    repeated chorus of \"someday...we'll be together\" seemed to\n    present a message of hope for such contemporary troubles as\n    civil rights and the protests and demonstrations over\n    Vietnam.", {"i": [{"#tail": ". The song was a number-one hit on both\n    the Billboard Pop Singles chart and the Billboard R&B\n    Singles charts, and charted at number 13 in the United\n    Kingdom's Top 50 chart.. \"Someday's\" b-side, \"He's My Sunny\n    Boy\", was recorded by Ross, Wilson, and Birdsong for the", "#text": "Cream of the Crop"}, {"#tail": "album in 1968; Smokey Robinson was writer and\n    producer of the track.", "#text": "Love Child"}], "#text": "\"Someday We'll Be Together\" was included on the final Diana\n    Ross & the Supremes album,"}, {"i": {"#tail": "s Hot Country Singles chart in the\n    summer of 1970.", "#text": "Billboard magazine'"}, "#text": "Bill Anderson and Jan Howard recorded a cover version for\n    the country music market. Their version reached No. 4 on"}, "Other cover versions included those by rock artist Vonda\n    Shepard, Scottish pop singer Jimmy Somerville, orchestra leader\n    Bert Kaempfert, and country singer Lorrie Morgan. [1]", {"i": {"#tail": "It samples the signature guitar riff from this\n    song.", "#text": "janet.."}, "#text": "It was covered again 24 years after the original in the\n    smash hit \"If\" from Janet Jackson's album"}, {"i": {"#tail": "with Diana Ross as lead singer on\n    Sunday, December 21, 1969.", "#text": "The Ed Sullivan Show"}, "#text": "The girl group made their final live appearance on the CBS\n    variety program"}, {"i": {"#tail": "\"The Supremes.\"", "#text": "new"}, "#text": "Fittingly, \"Someday We'll Be Together\" was the final number\n    at Diana Ross & The Supremes' farewell concert on January\n    14, 1970 at the Frontier Hotel in Las Vegas. After the\n    completion of the show, Jean Terrell was presented onstage to\n    the audience as Diana Ross' replacement, and \"Diana Ross &\n    the Supremes\" officially split apart, becoming the"}, {"i": {"#tail": "television\n    special.", "#text": "Motown 25: Yesterday, Today, Forever"}, "#text": "Diana Ross reunited with Mary Wilson and Cindy Birdsong\n    reunited in 1983, performing the single for"}, {"i": [{"#tail": "(1962)", "#text": "Meet The Supremes"}, {"#tail": "(1964)", "#text": "Where Did Our Love Go"}, {"#tail": "(1965)", "#text": "More Hits by The Supremes"}, {"#tail": "(1966)", "#text": "I Hear a Symphony"}, {"#tail": "(1965)", "#text": "Merry Christmas"}, {"#tail": "(1966)", "#text": "The Supremes A' Go-Go"}, {"#tail": "(1967)", "#text": "The Supremes Sing Holland\u2013Dozier\u2013Holland"}, {"#tail": "(1968)", "#text": "Reflections"}, {"#tail": "(1968)", "#text": "Love Child"}, {"#tail": "(1969)", "#text": "Let the Sunshine In"}, {"#tail": "(1969)", "#text": "Cream of the Crop"}, {"#tail": "(1970)", "#text": "Right On"}, {"#tail": "(1970)", "#text": "New Ways but Love Stays"}, {"#tail": "(1971)", "#text": "Touch"}, {"#tail": "(1972)", "#text": "Floy Joy"}, {"#tail": "(1972)", "#text": "The Supremes Produced and Arranged by Jimmy Webb"}, {"#tail": "(1975)", "#text": "The Supremes"}, {"#tail": "(1976)", "#text": "High Energy"}, {"#tail": "(1976)", "#text": "Mary, Scherrie & Susaye"}], "span": ["\u00b7", "\u00b7", "\u00b7", "\u00b7", "\u00b7", "\u00b7", "\u00b7", "\u00b7", "\u00b7", "\u00b7", "\u00b7", "\u00b7", "\u00b7", "\u00b7", "\u00b7", "\u00b7", "\u00b7", "\u00b7"]}, {"i": [{"#tail": "(1968)", "#text": "Diana Ross & the Supremes Join The Temptations"}, {"#tail": "(1969)", "#text": "Together"}, {"#tail": "(1970)", "#text": "The Magnificent 7"}, {"#tail": "(1971)", "#text": "The Return of the Magnificent 7"}, {"#tail": "(1971)", "#text": "Dynamite!"}], "span": ["\u00b7", "\u00b7", "\u00b7", "\u00b7"]}, {"i": [{"#tail": "(1965)", "#text": "The Supremes at the Copa"}, {"#tail": "(1968)", "#text": "Live at London's Talk of the Town"}, {"#tail": "(1968)", "#text": "TCB"}, {"#tail": "(1969)", "#text": "On Broadway"}, {"#tail": "(1970)", "#text": "Farewell"}, {"#tail": "(1973)", "#text": "The Supremes Live! In Japan"}], "span": ["\u00b7", "\u00b7", "\u00b7", "\u00b7", "\u00b7"]}, {"i": [{"#tail": "(1964)", "#text": "A Bit of Liverpool"}, {"#tail": "(1965)", "#text": "The Supremes Sing Country, Western and Pop"}, {"#tail": "(1965)", "#text": "We Remember Sam Cooke"}, {"#tail": "(1967)", "#text": "The Supremes Sing Rodgers & Hart"}, {"#tail": "(1968)", "#text": "Diana Ross & the Supremes Sing and Perform \"Funny\n    Girl\""}], "span": ["\u00b7", "\u00b7", "\u00b7", "\u00b7"]}, {"#text": "\"Where Did Our Love Go\"", "strong": {"#tail": "\"", "#text": "Someday We'll Be Together"}, "span": [{"#tail": "\"Baby Love\"", "#text": "\u00b7"}, {"#tail": "\"Come See About\n    Me\"", "#text": "\u00b7"}, {"#tail": "\"Stop! In the\n    Name of Love\"", "#text": "\u00b7"}, {"#tail": "\"Back in My Arms\n    Again\"", "#text": "\u00b7"}, {"#tail": "\"I Hear a\n    Symphony\"", "#text": "\u00b7"}, {"#tail": "\"My World Is\n    Empty Without You\"", "#text": "\u00b7"}, {"#tail": "\"Love Is Like an\n    Itching in My Heart\"", "#text": "\u00b7"}, {"#tail": "\"You Can't Hurry\n    Love\"", "#text": "\u00b7"}, {"#tail": "\"You Keep Me\n    Hangin' On\"", "#text": "\u00b7"}, {"#tail": "\"Love Is Here and\n    Now You're Gone\"", "#text": "\u00b7"}, {"#tail": "\"The Happening\"", "#text": "\u00b7"}, {"#tail": "\"Reflections\"", "#text": "\u00b7"}, {"#tail": "\"In and out of\n    Love\"", "#text": "\u00b7"}, {"#tail": "\"Love Child\"", "#text": "\u00b7"}, {"#tail": "\"I'm Gonna Make\n    You Love Me\"", "#text": "\u00b7"}, {"#tail": "\"I'm Livin' in\n    Shame\"", "#text": "\u00b7"}, {"#tail": "\"", "#text": "\u00b7"}, {"#tail": "\"Up the Ladder to\n    the Roof\"", "#text": "\u00b7"}, {"#tail": "\"Stoned Love\"", "#text": "\u00b7"}, {"#tail": "\"River Deep \u2013\n    Mountain High\"", "#text": "\u00b7"}, {"#tail": "\"Nathan Jones\"", "#text": "\u00b7"}, {"#tail": "\"Floy Joy\"", "#text": "\u00b7"}, {"#tail": "\"Automatically\n    Sunshine\"", "#text": "\u00b7"}]}, {"i": ["The T.A.M.I. Show", "Greatest Hits: Live in Amsterdam", "Reflections: The Definitive Performances (1964\u20131969)", "Motown 25: Yesterday, Today, Forever"], "span": ["\u00b7", "\u00b7", "\u00b7"]}, {"#text": "Discography", "span": [{"#tail": "Timeline", "#text": "\u00b7"}, {"#tail": "Chronology", "#text": "\u00b7"}, {"#tail": "Members", "#text": "\u00b7"}, {"#tail": "(Broadway\n    musical)", "#text": "\u00b7"}, {"#tail": "(film)", "#text": "\u00b7"}, {"#tail": "Berry Gordy", "#text": "\u00b7"}, {"#tail": "Holland\u2013Dozier\u2013Holland", "#text": "\u00b7"}, {"#tail": "FLOS", "#text": "\u00b7"}]}]}, "artist": "Diana Ross & The Supremes", "lengths": {"length": "3:25"}, "title": "Someday We'll Be Together", "recorded": "1961", "label": "Tri-Phi , 1005", "producers": {"producer": "Harvey Fuqua"}, "released": "November 1961", "writers": {"writer": ["Johnny Bristol", "Jackey Beavers", "Harvey Fuqua"]}, "formats": {"format": "Vinyl record (7\" 45 RPM)"}, "weeks": {"week": "1969-12-27"}}}