{"top-song": {"album": "Touch Me in\n  the Morning", "genres": {"genre": ["pop music", "rhythm and blues"]}, "descr": {"p": ["\"Touch Me in the Morning\" is a popular song recorded by\n    Diana Ross on the Motown label. It became her second Billboard\n    Pop number one single in 1973.", "This song was conceived by then-unproven songwriter and\n    producer Michael Masser, who had been recruited by Motown CEO,\n    Berry Gordy, and A&R chief, Suzanne de Passe, to create\n    another huge hit recording three years after Ross' successful\n    solo debut album, for which she recorded a 1970 cover of\n    Ashford and Simpson's \"Ain't No Mountain High Enough\". Masser\n    teamed up with the proven ballad lyricist Ron Miller to write\n    this song.", "According to Masser, in a video documentary about Ross, the\n    singer \"always tried to push hard to get the vocals right for\n    this particular song\", calling it a \"draining experience\" that\n    resulted in several near-emotional breakdowns by Ross when she\n    felt the song wasn't up to her abilities. The song was recorded\n    in the early morning hours, as was Diana Ross' custom after she\n    began raising her children. According to Ross' second-oldest\n    daughter, Tracee Ellis Ross, during a Barbara Walters Mother's\n    Day interview special, her mother would put them to bed, record\n    all evening, in order to wake her children & send them to\n    school the next morning. At this time, Mrs. Ernestine Ross,\n    Diana's mother, handled the evening babysitting duties.", "Motown released the song as a single and the song hit number\n    one on the Billboard Hot 100 singles chart, becoming Ross'\n    longest-charting record, remaining on the chart for 21 weeks.\n    It also spent a week at #1 on the adult contemporary chart, the\n    singer's first #1 on this chart. Sherlie Matthews, Clydie King\n    and Venetta Fields sang background vocals for Miss Ross's\n    recording.", {"i": {"#tail": ", and it introduced Masser to an\n    audience that would become accustomed to his prowess at writing\n    good love songs.", "#text": "Lady Sings the Blues"}, "#text": "This song marked a turning point in both the careers of\n    Diana Ross and Mr. Masser as it reinvigorated Ross's singing\n    career coming immediately after her Academy Award nomination\n    for Best Actress for her acting debut in"}, {"#text": "\"Ain't No Mountain High Enough\"", "strong": {"#tail": "\"", "#text": "Touch Me in the Morning"}, "span": [{"#tail": "\"Remember Me\"", "#text": "\u00b7"}, {"#tail": "\"I'm Still\n    Waiting\"", "#text": "\u00b7"}, {"#tail": "\"Surrender\"", "#text": "\u00b7"}, {"#tail": "\"", "#text": "\u00b7"}, {"#tail": "\"All of My Life\"", "#text": "\u00b7"}, {"#tail": "\"You Are\n    Everything\"", "#text": "\u00b7"}, {"#tail": "\"Theme from (Do\n    You Know Where You're Going To)\"", "#text": "\u00b7"}, {"#tail": "\"Love Hangover\"", "#text": "\u00b7"}, {"#tail": "\"Upside Down\"", "#text": "\u00b7"}, {"#tail": "\"I'm Coming Out\"", "#text": "\u00b7"}, {"#tail": "\"My Old Piano\"", "#text": "\u00b7"}, {"#tail": "\"It's My Turn\"", "#text": "\u00b7"}, {"#tail": "\"Endless Love\"", "#text": "\u00b7"}, {"#tail": "\"Why Do Fools\n    Fall in Love\"", "#text": "\u00b7"}, {"#tail": "\"Mirror, Mirror\"", "#text": "\u00b7"}, {"#tail": "\"Work That Body\"", "#text": "\u00b7"}, {"#tail": "\"Muscles\"", "#text": "\u00b7"}, {"#tail": "\"Missing You\"", "#text": "\u00b7"}, {"#tail": "\"Chain Reaction\"", "#text": "\u00b7"}, {"#tail": "\"When You Tell Me\n    That You Love Me\"", "#text": "\u00b7"}, {"#tail": "\"One Shining\n    Moment\"", "#text": "\u00b7"}, {"#tail": "\"Not Over You\n    Yet\"", "#text": "\u00b7"}]}, {"i": [{"#tail": "(1972)", "#text": "Lady Sings the Blues"}, {"#tail": "(1975)", "#text": "Mahogany"}, {"#tail": "(1978)", "#text": "The Wiz"}, {"#tail": "(1994)", "#text": "Out of Darkness"}, {"#tail": "(1999)", "#text": "Double Platinum"}], "span": ["\u00b7", "\u00b7", "\u00b7", "\u00b7"]}, {"#text": "Discography", "span": [{"#tail": "The Supremes", "#text": "\u00b7"}, {"#tail": "Berry Gordy", "#text": "\u00b7"}, {"#tail": "Rhonda Ross\n    Kendrick", "#text": "\u00b7"}, {"#tail": "Tracee Ellis Ross", "#text": "\u00b7"}, {"#tail": "Evan Ross", "#text": "\u00b7"}, {"#tail": "Arne N\u00e6ss, Jr.", "#text": "\u00b7"}, {"#tail": "List of awards\n    and nominations received by Diana Ross", "#text": "\u00b7"}, {"#tail": "Diana Ross\n    Playground", "#text": "\u00b7"}]}]}, "artist": "Diana Ross", "title": "Touch Me in the Morning", "recorded": "1973", "label": "Motown", "released": "1973", "weeks": {"week": "1973-08-18"}}}