{"top-song": {"album": "Mahogany, a Berry Gordy film: Original Motion Picture\n  Soundtrack", "genres": {"genre": "R&B"}, "descr": {"p": [{"i": {"#tail": "(see 1975 in music). Produced by Masser, the\n    song is a ballad that portrays its protagonist (Ross) as a poor\n    African-American who becomes a successful Rome fashion\n    designer, in keeping with the film the song was featured in.\n    Remembering the happiness she had in the past, the song's\n    character faces the reality of a loveless future and decisions\n    that brought her to this point. The chorus, \"Do you know where\n    you're going to, do you like the things that life is showing\n    you,\" exemplifies the song's theme of nostalgia and loss.", "#text": "Mahogany"}, "#text": "\"Theme from (Do You Know Where You're Going To)\" is a song\n    written by Michael Masser and Gerald Goffin, and recorded by\n    American singer Diana Ross as the theme to the 1975\n    Motown/Paramount film"}, {"i": [{"#tail": "\" became one of the most recognizable elements\n    of the film", "#text": "Mahogany"}, {"#tail": "Many critics reviewed the film unfavorably, but\n    generally praised the song. Later released as a single, \"Theme\n    from", "#text": "Mahogany."}, {"#tail": "\" became a number-one hit on the U.S. Billboard\n    Hot 100, and was nominated for the Academy Award for Best Song.\n    Ross performed the song live at the Academy Awards ceremony via\n    satellite from the Netherlands.", "#text": "Mahogany"}], "#text": "Recorded with a full orchestral accompaniment, the \"Theme\n    from"}, {"i": {"#tail": ".", "#text": "Mahogany"}, "#text": "According to Diana Ross biographer J. Randy Taraborelli, \"Do\n    You Know Where You're Going To\" had \"been floating around\n    Motown for years\" and a version for Thelma Houston was being\n    prepped for single release when it was decided to have Ross\n    record the song to serve as the theme song for"}, {"i": {"#tail": ".", "#text": "Sings the Movies"}, "#text": "Shirley Bassey covered the song on her 1995 album"}, {"i": [{"#tail": ". During the same period, actress Jennifer Lopez\n    signed to Sony and recorded the song for her debut album", "#text": "#1's"}, {"#tail": ". Executives at Sony decided that both versions\n    would only be released as bonus tracks outside the U.S.\n    Although Carey's version was later given a limited release,\n    pressure for her to complete a new studio album interfered with\n    the song's promotion, which was halted prematurely as a result.\n    The song was then reissued in a remixed version as a\n    promotional single for", "#text": "On the 6"}, {"#tail": "in 1999, and included on French editions of Carey's\n    ninth album,", "#text": "#1's"}, {"#tail": ". It did appear in the U.S., however, on the\n    Wal-Mart-only EP", "#text": "Rainbow"}, {"#tail": "and on the Philippine version of", "#text": "Valentines"}, {"#tail": ". The same year, Lopez's version was issued only in\n    the Netherlands and the Philippines as a bonus track for", "#text": "#1's"}, "On the 6."], "#text": "In the late 1990s two Sony Music recording artists, Mariah\n    Carey and Jennifer Lopez, both recorded covers of \"Do You Know\n    Where You're Going To\" at the same time. The Mariah Carey\n    version, co-produced by Carey and Stevie J and recorded in\n    1998, was intended to be released as a single from her\n    compilation album"}, {"i": {"#tail": ".", "#text": "Time Of My Life"}, "#text": "Dutch singer Patricia Paay recorded the song in 1995 for her\n    movie song album,"}, {"i": {"#tail": ".", "#text": "Carry the Banner"}, "#text": "Punk rock band Pinhead Gunpowder recorded a 2-minute version\n    of the song, simply called \"Mahogany\", on"}, {"i": {"#tail": ".", "#text": "Too Hot for TV"}, "#text": "Da Band, a rap group put together by Sean Combs, covered the\n    song, simply titled \"Do You Know\", on their debut album,"}, {"i": {"#tail": ", though it was simply called\n    \"Mahogany\".", "#text": "Have Another Ball!"}, "#text": "The punk rock cover band Me First and the Gimme Gimmes\n    covered the song on their 2008 album"}, {"i": {"#tail": "in 2006.", "#text": "Do U Know"}, "#text": "Hong Kong singer Janice Vidal covered the song on her third\n    studio album,"}, {"i": {"#tail": ".", "#text": "Songs of Love & Loss"}, "#text": "Australian singer Tina Arena recorded the song in 2007 for\n    her sixth studio album,"}, {"i": {"#tail": ".", "#text": "Every Women In Me"}, "#text": "European singer Lara Fabian recorded the song in 2009 for\n    her new album,"}, {"i": [{"#tail": "The single went to #8\n    on the Billboard Hot Rap Singles Chart in 1988. The chorus is\n    also used in the songs \"Life\" by Chubb Rock and \"Do You Know\"\n    by Erick Sermon. In the episode \"Rosebud\" of the animated\n    series", "#text": "The Great Adventures of Slick Rick."}, {"#tail": "the chorus is played during a slide show of\n    scenes from Mr. Burns' life. In an episode of", "#text": "The Simpsons"}, {"#tail": "when Chris lies to his mother about\n    having a good math grade she shows up at his math class and\n    fearing his death his life flashes before his eyes and the song\n    is played as this happens.", "#text": "Everybody Hates Chris"}], "#text": "The chorus of \"Theme from Mahogany (Do You Know Where You're\n    Going To)\" is sung by Slick Rick at the end of his song\n    \"Teenage Love\" from the album"}, {"#text": "\"Ain't No Mountain High Enough\"", "strong": {"i": {"#tail": "(Do You Know Where You're Going To)", "#text": "Mahogany"}, "#tail": "\"", "#text": "Theme from"}, "span": [{"#tail": "\"Remember Me\"", "#text": "\u00b7"}, {"#tail": "\"I'm Still\n    Waiting\"", "#text": "\u00b7"}, {"#tail": "\"Surrender\"", "#text": "\u00b7"}, {"#tail": "\"Touch Me in the\n    Morning\"", "#text": "\u00b7"}, {"#tail": "\"All of My Life\"", "#text": "\u00b7"}, {"#tail": "\"You Are\n    Everything\"", "#text": "\u00b7"}, {"#tail": "\"", "#text": "\u00b7"}, {"#tail": "\"Love Hangover\"", "#text": "\u00b7"}, {"#tail": "\"Upside Down\"", "#text": "\u00b7"}, {"#tail": "\"I'm Coming Out\"", "#text": "\u00b7"}, {"#tail": "\"My Old Piano\"", "#text": "\u00b7"}, {"#tail": "\"It's My Turn\"", "#text": "\u00b7"}, {"#tail": "\"Endless Love\"", "#text": "\u00b7"}, {"#tail": "\"Why Do Fools\n    Fall in Love\"", "#text": "\u00b7"}, {"#tail": "\"Mirror, Mirror\"", "#text": "\u00b7"}, {"#tail": "\"Work That Body\"", "#text": "\u00b7"}, {"#tail": "\"Muscles\"", "#text": "\u00b7"}, {"#tail": "\"Missing You\"", "#text": "\u00b7"}, {"#tail": "\"Chain Reaction\"", "#text": "\u00b7"}, {"#tail": "\"When You Tell Me\n    That You Love Me\"", "#text": "\u00b7"}, {"#tail": "\"One Shining\n    Moment\"", "#text": "\u00b7"}, {"#tail": "\"Not Over You\n    Yet\"", "#text": "\u00b7"}]}, {"i": [{"#tail": "(1972)", "#text": "Lady Sings the Blues"}, {"#tail": "(1975)", "#text": "Mahogany"}, {"#tail": "(1978)", "#text": "The Wiz"}, {"#tail": "(1994)", "#text": "Out of Darkness"}, {"#tail": "(1999)", "#text": "Double Platinum"}], "span": ["\u00b7", "\u00b7", "\u00b7", "\u00b7"]}, {"#text": "Discography", "span": [{"#tail": "The Supremes", "#text": "\u00b7"}, {"#tail": "Berry Gordy", "#text": "\u00b7"}, {"#tail": "Rhonda Ross\n    Kendrick", "#text": "\u00b7"}, {"#tail": "Tracee Ellis Ross", "#text": "\u00b7"}, {"#tail": "Evan Ross", "#text": "\u00b7"}, {"#tail": "Arne N\u00e6ss, Jr.", "#text": "\u00b7"}, {"#tail": "List of awards\n    and nominations received by Diana Ross", "#text": "\u00b7"}, {"#tail": "Diana Ross\n    Playground", "#text": "\u00b7"}]}]}, "artist": "Diana Ross", "lengths": {"length": "3:23"}, "title": "Theme from Mahogany (Do You Know Where You're Going To)", "label": "Motown , M 1377", "producers": {"producer": "Michael Masser"}, "released": "September 24, 1975 ( U.S. )", "writers": {"writer": ["Michael Masser", "Gerald Goffin"]}, "formats": {"format": "7\" single"}, "weeks": {"week": "1976-01-24"}}}