{"top-song": {"album": "Diana Ross", "genres": {"genre": ["Soul", "disco"]}, "descr": {"p": ["\"Love Hangover\" was the fourth number one single for Motown\n    singer Diana Ross. It was released in March 1976, and rose to\n    number one on the Billboard Hot 100, Hot Soul Singles and Hot\n    Dance Club Play charts simultaneously.", "Written by Pamela Sawyer and Marilyn McLeod, the song had\n    been originally recorded by the The 5th Dimension as a disco\n    number. The Motown staff believed that it would be perfect for\n    Ross to record. Ross, like her soul contemporaries Aretha\n    Franklin and Marvin Gaye, initially resented the new musical\n    movement but eventually agreed to record the song.", "Producer Hal Davis instructed the song's engineer Russ\n    Terrana to install a strobe light so that Ross could be in the\n    \"disco\" mindset. As the song changed from ballad to uptempo,\n    Ross became more comfortable with the material; she hummed,\n    sang bit parts, laughed, danced around and even imitated Billie\n    Holiday. The carefree and sensual nature of Ross' vocals and\n    the music's direction helped to sell the song.", "When The 5th Dimension and Ross both released the tune\n    simultaneously, Ross's version charted higher. By the time\n    \"Love Hangover\" went to number one, Ross had reinvented herself\n    as a disco diva and the 5th Dimension's version had peaked at\n    number 80. It won Ross a Grammy nomination for Best R&B\n    Female Vocal Performance.", {"i": {"#tail": "and by Joey Negro for a\n    single).", "#text": "Diana Extended: The Remixes"}, "#text": "Motown released versions of Ross's version in 1988 (remixed\n    by the British team PWL) and 1993 (remixed by Frankie Knuckles\n    for the album"}, "Almighty Records released a remixed version in 2007 (remixed\n    by the UK team Almighty).", "In addition to being covered by the 5th Dimension, the song\n    was also released as a single by the Associates, a British\n    New-wave band. It reached #21 on the UK chart in 1982. Players\n    Association also covered the track in 1977.", {"i": {"#tail": ".", "#text": "Songs of Love & Loss"}, "#text": "British soul singer Pauline Henry (former lead vocalist of\n    \"The Chimes\") recorded a contemporary version of the track in\n    1995 (released as a single); singer Jody Watley recorded a\n    downtempo version for her 2006 album, The Makeover; while\n    Australian singer-songwriter Tina Arena recorded a version in\n    2007 for her album"}, {"i": {"#tail": ".", "#text": "American Idol"}, "#text": "Mariah Carey performed the song in a concert tribute to\n    Diana Ross (2000), and Stephanie Edwards sang it on the sixth\n    season of"}, {"i": {"#tail": ".", "#text": "Walk in My Shoes"}, "#text": "The song would become part of the hip-hop lexicon via\n    sampling by Will Smith, Master P, Monica, Janet Jackson, Bone\n    Thugs-N-Harmony, French artist MC Solaar and Emily King, who\n    made use of it for her 2007 debut album, East Side Story, in\n    the song"}, "Guns N' Roses lead singer Axl Rose sang the chorus of \"Love\n    Hangover\" during an instrumental interlude in the song \"If the\n    World\" on the Asian leg of the Chinese Democracy World Tour\n    2009/2010.", "Mariah Carey performed a mix of \"Love Hangover\" and her #1\n    single \"Heartbreaker\" on her Angels Advocate Tour between 2009\n    and 2010.", {"#text": "\"Ain't No Mountain High Enough\"", "strong": {"#tail": "\"", "#text": "Love Hangover"}, "span": [{"#tail": "\"Remember Me\"", "#text": "\u00b7"}, {"#tail": "\"I'm Still\n    Waiting\"", "#text": "\u00b7"}, {"#tail": "\"Surrender\"", "#text": "\u00b7"}, {"#tail": "\"Touch Me in the\n    Morning\"", "#text": "\u00b7"}, {"#tail": "\"All of My Life\"", "#text": "\u00b7"}, {"#tail": "\"You Are\n    Everything\"", "#text": "\u00b7"}, {"#tail": "\"Theme from (Do\n    You Know Where You're Going To)\"", "#text": "\u00b7"}, {"#tail": "\"", "#text": "\u00b7"}, {"#tail": "\"Upside Down\"", "#text": "\u00b7"}, {"#tail": "\"I'm Coming Out\"", "#text": "\u00b7"}, {"#tail": "\"My Old Piano\"", "#text": "\u00b7"}, {"#tail": "\"It's My Turn\"", "#text": "\u00b7"}, {"#tail": "\"Endless Love\"", "#text": "\u00b7"}, {"#tail": "\"Why Do Fools\n    Fall in Love\"", "#text": "\u00b7"}, {"#tail": "\"Mirror, Mirror\"", "#text": "\u00b7"}, {"#tail": "\"Work That Body\"", "#text": "\u00b7"}, {"#tail": "\"Muscles\"", "#text": "\u00b7"}, {"#tail": "\"Missing You\"", "#text": "\u00b7"}, {"#tail": "\"Chain Reaction\"", "#text": "\u00b7"}, {"#tail": "\"When You Tell Me\n    That You Love Me\"", "#text": "\u00b7"}, {"#tail": "\"One Shining\n    Moment\"", "#text": "\u00b7"}, {"#tail": "\"Not Over You\n    Yet\"", "#text": "\u00b7"}]}, {"i": [{"#tail": "(1972)", "#text": "Lady Sings the Blues"}, {"#tail": "(1975)", "#text": "Mahogany"}, {"#tail": "(1978)", "#text": "The Wiz"}, {"#tail": "(1994)", "#text": "Out of Darkness"}, {"#tail": "(1999)", "#text": "Double Platinum"}], "span": ["\u00b7", "\u00b7", "\u00b7", "\u00b7"]}, {"#text": "Discography", "span": [{"#tail": "The Supremes", "#text": "\u00b7"}, {"#tail": "Berry Gordy", "#text": "\u00b7"}, {"#tail": "Rhonda Ross\n    Kendrick", "#text": "\u00b7"}, {"#tail": "Tracee Ellis Ross", "#text": "\u00b7"}, {"#tail": "Evan Ross", "#text": "\u00b7"}, {"#tail": "Arne N\u00e6ss, Jr.", "#text": "\u00b7"}, {"#tail": "List of awards\n    and nominations received by Diana Ross", "#text": "\u00b7"}, {"#tail": "Diana Ross\n    Playground", "#text": "\u00b7"}]}]}, "artist": "Diana Ross", "lengths": {"length": ["7:48 (full version)", "3:40 (single edit)", "10:20 (Disconet re-edit)"]}, "title": "Love Hangover", "label": "Motown", "producers": {"producer": "Hal Davis"}, "released": "March 16, 1976", "writers": {"writer": ["Marilyn McLeod", "Pamela Sawyer"]}, "formats": {"format": ["7\"", "12\""]}, "weeks": {"week": ["1976-05-29", "1976-06-05"]}}}