{"top-song": {"album": "Love\n  Child", "genres": {"genre": ["Pop", "psychedelic soul"]}, "descr": {"p": ["\"Love Child\" is a 1968 hit single released by the Motown\n    label as a single for Diana Ross & the Supremes, although\n    Diana Ross is the only member of the group present on the\n    recorded release; it is the group's 11th number one song in\n    America.", {"i": {"#tail": "on Sunday, September 29, 1968.", "#text": "The Ed Sullivan Show"}, "#text": "The number-one single on the Billboard Hot 100 pop chart for\n    four weeks, from November 24, 1968, to December 27, 1968 and\n    reaching number two on the soul chart for three weeks, the song\n    is notable for its then controversial subject matter of\n    illegitimacy. It is also notable for knocking The Beatles'\n    massive \"Hey Jude\" off the top spot in the United States, the\n    last of five Beatles/Supremes replacements at number one on the\n    US pop chart during the 1960s. The Supremes debuted the song on\n    the season premiere of the CBS variety program"}, "In 1967, Diana Ross & the Supremes, having dropped\n    Florence Ballard, acquired new member Cindy Birdsong, and added\n    Ross' name to the billing. Following this string of changes,\n    the Supremes had mixed success on the pop charts. \"Reflections\"\n    peaked at number 2 on the Billboard pop charts and \"In and out\n    of Love\" peaked at 9, but the group's next two singles did not\n    make the pop top twenty. Motown label chief Berry Gordy held a\n    special meeting in a room at the Pontchartrain Hotel in\n    Detroit, which was attended by a team of writers and producers\n    at the label, including R. Dean Taylor, Frank Wilson, Pam\n    Sawyer, Deke Richards, and Henry Cosby.", "The group, who named themselves The Clan, set to work on a\n    hit single for Diana Ross & the Supremes. Instead of\n    composing another love-based song, the team decided to craft a\n    tune about a woman who is asking her boyfriend not to pressure\n    her into sleeping with him, for fear they would conceive a\n    \"love child.\" The woman, portrayed on the record by Diana Ross,\n    is herself a love child, and, besides not having a father at\n    home, had to endure wearing rags to school and growing up in an\n    \"old, cold, run-down tenement slum.\" The background vocals echo\n    this sentiment, asking the boyfriend to please \"wait/wait won't\n    you wait now/hold on/wait/just a little bit longer.", "As was often the case with many of the records released\n    under the \"Diana Ross & the Supremes\" name, Supremes Mary\n    Wilson and Cindy Birdsong do not appear on the record. Motown\n    session singers The Andantes perform the background vocals,\n    with all lead vocals by Diana Ross, who would leave the group\n    in a year for a solo career.", "The resulting track had a decidedly different feel than\n    previous Supremes singles, not only because of its\n    change-of-pace subject matter, but also because of The Clan's\n    production, which gave the melodramatic tale a driving, almost\n    hedonistic rhythm.", {"i": {"#tail": "album, released on November 13, 1968.", "#text": "Love Child"}, "#text": "The public responded immediately to \"Love Child\" when it was\n    released as a single on September 30, 1968; the song rose to\n    number one on the Billboard Hot 100 and outsold all of the\n    group's previous or subsequent 45 releases. In the UK singles\n    chart, the song peaked at no. 15. \"Love Child\" became the title\n    track of Diana Ross & the Supremes'"}, "The song was covered by Sweet Sensation as a major pop hit,\n    and later by the rock group Broadzilla, as well as Canadian pop\n    group One 2 One. Janet Jackson sampled \"Love Child\" in her 1994\n    single \"You Want This\".", {"i": [{"#tail": "(1962)", "#text": "Meet The Supremes"}, {"#tail": "(1964)", "#text": "Where Did Our Love Go"}, {"#tail": "(1965)", "#text": "More Hits by The Supremes"}, {"#tail": "(1966)", "#text": "I Hear a Symphony"}, {"#tail": "(1965)", "#text": "Merry Christmas"}, {"#tail": "(1966)", "#text": "The Supremes A' Go-Go"}, {"#tail": "(1967)", "#text": "The Supremes Sing Holland\u2013Dozier\u2013Holland"}, {"#tail": "(1968)", "#text": "Reflections"}, {"#tail": "(1968)", "#text": "Love Child"}, {"#tail": "(1969)", "#text": "Let the Sunshine In"}, {"#tail": "(1969)", "#text": "Cream of the Crop"}, {"#tail": "(1970)", "#text": "Right On"}, {"#tail": "(1970)", "#text": "New Ways but Love Stays"}, {"#tail": "(1971)", "#text": "Touch"}, {"#tail": "(1972)", "#text": "Floy Joy"}, {"#tail": "(1972)", "#text": "The Supremes Produced and Arranged by Jimmy Webb"}, {"#tail": "(1975)", "#text": "The Supremes"}, {"#tail": "(1976)", "#text": "High Energy"}, {"#tail": "(1976)", "#text": "Mary, Scherrie & Susaye"}], "span": ["\u00b7", "\u00b7", "\u00b7", "\u00b7", "\u00b7", "\u00b7", "\u00b7", "\u00b7", "\u00b7", "\u00b7", "\u00b7", "\u00b7", "\u00b7", "\u00b7", "\u00b7", "\u00b7", "\u00b7", "\u00b7"]}, {"i": [{"#tail": "(1968)", "#text": "Diana Ross & the Supremes Join The Temptations"}, {"#tail": "(1969)", "#text": "Together"}, {"#tail": "(1970)", "#text": "The Magnificent 7"}, {"#tail": "(1971)", "#text": "The Return of the Magnificent 7"}, {"#tail": "(1971)", "#text": "Dynamite!"}], "span": ["\u00b7", "\u00b7", "\u00b7", "\u00b7"]}, {"i": [{"#tail": "(1965)", "#text": "The Supremes at the Copa"}, {"#tail": "(1968)", "#text": "Live at London's Talk of the Town"}, {"#tail": "(1968)", "#text": "TCB"}, {"#tail": "(1969)", "#text": "On Broadway"}, {"#tail": "(1970)", "#text": "Farewell"}, {"#tail": "(1973)", "#text": "The Supremes Live! In Japan"}], "span": ["\u00b7", "\u00b7", "\u00b7", "\u00b7", "\u00b7"]}, {"i": [{"#tail": "(1964)", "#text": "A Bit of Liverpool"}, {"#tail": "(1965)", "#text": "The Supremes Sing Country, Western and Pop"}, {"#tail": "(1965)", "#text": "We Remember Sam Cooke"}, {"#tail": "(1967)", "#text": "The Supremes Sing Rodgers & Hart"}, {"#tail": "(1968)", "#text": "Diana Ross & the Supremes Sing and Perform \"Funny\n    Girl\""}], "span": ["\u00b7", "\u00b7", "\u00b7", "\u00b7"]}, {"#text": "\"Where Did Our Love Go\"", "strong": {"#tail": "\"", "#text": "Love Child"}, "span": [{"#tail": "\"Baby Love\"", "#text": "\u00b7"}, {"#tail": "\"Come See About\n    Me\"", "#text": "\u00b7"}, {"#tail": "\"Stop! In the\n    Name of Love\"", "#text": "\u00b7"}, {"#tail": "\"Back in My Arms\n    Again\"", "#text": "\u00b7"}, {"#tail": "\"I Hear a\n    Symphony\"", "#text": "\u00b7"}, {"#tail": "\"My World Is\n    Empty Without You\"", "#text": "\u00b7"}, {"#tail": "\"Love Is Like an\n    Itching in My Heart\"", "#text": "\u00b7"}, {"#tail": "\"You Can't Hurry\n    Love\"", "#text": "\u00b7"}, {"#tail": "\"You Keep Me\n    Hangin' On\"", "#text": "\u00b7"}, {"#tail": "\"Love Is Here and\n    Now You're Gone\"", "#text": "\u00b7"}, {"#tail": "\"The Happening\"", "#text": "\u00b7"}, {"#tail": "\"Reflections\"", "#text": "\u00b7"}, {"#tail": "\"In and out of\n    Love\"", "#text": "\u00b7"}, {"#tail": "\"", "#text": "\u00b7"}, {"#tail": "\"I'm Gonna Make\n    You Love Me\"", "#text": "\u00b7"}, {"#tail": "\"I'm Livin' in\n    Shame\"", "#text": "\u00b7"}, {"#tail": "\"Someday We'll Be\n    Together\"", "#text": "\u00b7"}, {"#tail": "\"Up the Ladder to\n    the Roof\"", "#text": "\u00b7"}, {"#tail": "\"Stoned Love\"", "#text": "\u00b7"}, {"#tail": "\"River Deep \u2013\n    Mountain High\"", "#text": "\u00b7"}, {"#tail": "\"Nathan Jones\"", "#text": "\u00b7"}, {"#tail": "\"Floy Joy\"", "#text": "\u00b7"}, {"#tail": "\"Automatically\n    Sunshine\"", "#text": "\u00b7"}]}, {"i": ["The T.A.M.I. Show", "Greatest Hits: Live in Amsterdam", "Reflections: The Definitive Performances (1964\u20131969)", "Motown 25: Yesterday, Today, Forever"], "span": ["\u00b7", "\u00b7", "\u00b7"]}, {"#text": "Discography", "span": [{"#tail": "Timeline", "#text": "\u00b7"}, {"#tail": "Chronology", "#text": "\u00b7"}, {"#tail": "Members", "#text": "\u00b7"}, {"#tail": "(Broadway\n    musical)", "#text": "\u00b7"}, {"#tail": "(film)", "#text": "\u00b7"}, {"#tail": "Berry Gordy", "#text": "\u00b7"}, {"#tail": "Holland\u2013Dozier\u2013Holland", "#text": "\u00b7"}, {"#tail": "FLOS", "#text": "\u00b7"}]}]}, "artist": "Diana Ross & the Supremes", "lengths": {"length": "3:03"}, "title": "Love Child", "recorded": "Hitsville U.S.A. (Studio A); September 17, September\n  19, and September 20, 1968", "label": "Motown , M 1135", "producers": {"producer": ["The Clan", "(R. Dean Taylor", "Frank Wilson", "Pam Sawyer", "Deke Richards", "Henry Cosby)"]}, "released": "September 30, 1968", "writers": {"writer": ["R. Dean Taylor", "Frank Wilson", "Pam Sawyer", "Deke Richards"]}, "formats": {"format": "Vinyl record (7\" 45 RPM)"}, "weeks": {"week": ["1968-11-30", "1968-12-07"]}}}