{"top-song": {"album": "Endless Love: Original Motion Picture Soundtrack", "genres": {"genre": "Pop"}, "descr": {"p": ["\"Endless Love\" is a song originally recorded as a duet\n    between soul singers Diana Ross and Lionel Richie, who wrote\n    the song. In this ballad, the singers declare their \"endless\n    love\" for one another. It was covered by soul singer Luther\n    Vandross with pop/R&B singer Mariah Carey, by country music\n    singer Kenny Rogers, and also by the cast of Glee.", {"i": [{"#tail": "starring Brooke Shields. Produced by Richie\n    and arranged by Gene Page, it was released as a single from the\n    film's soundtrack in 1981. While the film", "#text": "Endless Love"}, {"#tail": "was a failure, the song became the second\n    biggest-selling single of the year (first was \"Physical\" by\n    Olivia Newton-John) in the U.S. and landed at number 1 on", "#text": "Endless Love"}, {"#tail": "s Hot 100, where it stayed for nine weeks from\n    August 9 to October 10, 1981. It also topped the Billboard\n    R&B chart and the Adult Contemporary chart, and landed at\n    number 7 in the UK.", "#text": "Billboard'"}], "#text": "Ross and Richie recorded the song for Motown, and it was\n    used as the theme for the film"}, {"i": {"#tail": ", but the famous version was\n    her last hit on Motown. The song was nominated for an Academy\n    Award for Best Original Song for Richie, and was the second\n    song with which Ross was involved that was nominated for an\n    Oscar. It also won a 1982 American Music Award for Favorite\n    Pop/Rock Single.", "#text": "Why Do Fools Fall in Love?"}, "#text": "The soulful composition became the biggest-selling single of\n    Ross' career, while it was one of several hits for Richie as\n    the 1980s progressed. Ross recorded a solo version of the song\n    for her first RCA Records album,"}, {"i": {"#tail": "when Happy and his girlfriend Virginia are\n    ice skating, and the song begins to play. Virginia says to\n    Happy \"I thought we were just going to be friends.\" To which he\n    responds, \"Friends listen to Endless Love in the dark.\"", "#text": "Happy Gilmore"}, "#text": "The song was included in Adam Sandler's movie"}, {"i": [{"#tail": ", in which Phoebe walks into Chandler and Joey\u00b4s\n    flat, just to find Chandler singing the song and holding Lionel\n    Ritchie's first album, even though the song is included in his\n    fourth album,", "#text": "Friends"}, {"#tail": "and also in a special 1981 single.", "#text": "Back to Front"}], "#text": "The song was included as well in the third season of"}, {"i": {"#tail": ", Steve and Regina perform the song\n    at a janitor's urging (who thought they were Ross and Richie);\n    at the end of the song, the janitor quips \"no wonder you guys\n    haven't had a hit in a while.\"", "#text": "The Steve Harvey Show"}, "#text": "On an episode of"}, "The song was also one of the most popular wedding dedication\n    songs in the 1980s.", {"i": [{"#tail": ", and it is known for being Carey's first\n    \"high-profile\" duet (an earlier duet, \"I'll Be There,\" was with\n    the then-unknown background singer Trey Lorenz). At the 1995\n    Grammy Awards, the song was nominated in the new category of\n    Best Pop Collaboration with Vocals, losing to \"Funny How Time\n    Slips Away\" by Al Green and Lyle Lovett. Columbia Records later\n    included the song on Carey's compilation album", "#text": "Songs"}, {"#tail": "(2001) and then again on her next\n    compilation album,", "#text": "Greatest Hits"}, {"#tail": "(2008). It was released as the second single\n    from", "#text": "The Ballads"}, {"#tail": "in 1994.", "#text": "Songs"}], "#text": "Walter Afanasieff produced Luther Vandross and Mariah\n    Carey's cover of the song for Vandross' Epic Records-released\n    album"}, {"i": {"#tail": ", an album of cover versions. Featuring Vandross'\n    versions of songs like Stephen Stills' \"Love the One You're\n    With,\" Heatwave's \"Always and Forever,\" and Roberta Flack's\n    \"Killing Me Softly,\" the album was shaping up to be a major\n    career accomplishment. To give the album a bigger boost,\n    Mottola's wife, Mariah Carey, came up with the idea to remake\n    \"Endless Love\" as a duet with her. Lionel Richie and Diana Ross\n    had originally recorded \"Endless Love\" in 1981, and the song\n    spent nine weeks at number 1. Although Luther's album was\n    already set to contain one Lionel Richie composition, \"Hello,\"\n    it was obvious that having the most-popular female singer on\n    the Sony label singing on the album would be a benefit.", "#text": "Songs"}, "#text": "Sony Music Entertainment President Tommy Mottola suggested\n    that Vandross record"}, "\"Endless Love\" debuted on September 10, 1994 at 31 and\n    peaked at number two. The song became Luther Vandross' biggest\n    pop hit ever and gave Lionel Richie his first top ten as a\n    songwriter in seven years. It became Vandross's fifth top ten\n    single and Carey's twelfth. It remained in the top forty for\n    thirteen weeks, and was ranked number 56 on the Hot 100 1994\n    year-end charts. It was also an improvement over Carey's\n    previous single, \"Anytime You Need a Friend,\" which had missed\n    the top ten. It was certified gold by the RIAA.", "The song was a success outside the U.S, reaching the top of\n    the chart in New Zealand (for five weeks) and the top five in\n    the United Kingdom, Australia, Ireland, and the Netherlands. It\n    also reached the top twenty in most of the countries. It was\n    certified gold in Australia by ARIA and in New Zealand by\n    RIANZ.", "Two music videos were released for the single; one features\n    Carey and Vandross recording the song in a studio, and the\n    other shows the two performing the song live at Royal Albert\n    Hall. The latter performance is included on the Luther\n    Vandross: From Luther with Love music video collection in DVD\n    format.", "Some versions of the song itself were released, in which\n    Carey or Vandross sings solo.", "It has been sung by John O'Connell.", {"i": {"#tail": ", during a Mariah Carey themed week. Despite\n    receiving high praise from Carey herself and most of the show's\n    judges, Laura was eliminated, leading to huge controversy in\n    the UK media.", "#text": "The X Factor"}, "#text": "The song was also covered by contestant Laura White on UK\n    singing competition"}, {"i": {"#tail": "occasionally plays a mashup of this\n    song with clips of various news outlets' coverage of President\n    Barack Obama to demonstrate what Hannity felt was overly\n    positive coverage of Obama.", "#text": "The Sean Hannity Show"}}, {"i": {"#tail": "by Lea Michele and Matthew Morrison. The episode is\n    entitled Ballad.", "#text": "Glee"}, "#text": "The song was covered in an episode of the Fox TV series"}, {"i": {"#tail": ", by Rickey Smith, Chris Sligh, and Danny\n    Gokey. The song was also performed on Australian Idol in 2007\n    by eventual winner Natalie Gauci on the Final 7 Birth Year\n    theme night.", "#text": "American Idol"}, "#text": "The song has been performed three times on"}, {"#text": "\"Ain't No Mountain High Enough\"", "strong": {"#tail": "\"", "#text": "Endless Love"}, "span": [{"#tail": "\"Remember Me\"", "#text": "\u00b7"}, {"#tail": "\"I'm Still\n    Waiting\"", "#text": "\u00b7"}, {"#tail": "\"Surrender\"", "#text": "\u00b7"}, {"#tail": "\"Touch Me in the\n    Morning\"", "#text": "\u00b7"}, {"#tail": "\"All of My Life\"", "#text": "\u00b7"}, {"#tail": "\"You Are\n    Everything\"", "#text": "\u00b7"}, {"#tail": "\"Theme from (Do\n    You Know Where You're Going To)\"", "#text": "\u00b7"}, {"#tail": "\"Love Hangover\"", "#text": "\u00b7"}, {"#tail": "\"Upside Down\"", "#text": "\u00b7"}, {"#tail": "\"I'm Coming Out\"", "#text": "\u00b7"}, {"#tail": "\"My Old Piano\"", "#text": "\u00b7"}, {"#tail": "\"It's My Turn\"", "#text": "\u00b7"}, {"#tail": "\"", "#text": "\u00b7"}, {"#tail": "\"Why Do Fools\n    Fall in Love\"", "#text": "\u00b7"}, {"#tail": "\"Mirror, Mirror\"", "#text": "\u00b7"}, {"#tail": "\"Work That Body\"", "#text": "\u00b7"}, {"#tail": "\"Muscles\"", "#text": "\u00b7"}, {"#tail": "\"Missing You\"", "#text": "\u00b7"}, {"#tail": "\"Chain Reaction\"", "#text": "\u00b7"}, {"#tail": "\"When You Tell Me\n    That You Love Me\"", "#text": "\u00b7"}, {"#tail": "\"One Shining\n    Moment\"", "#text": "\u00b7"}, {"#tail": "\"Not Over You\n    Yet\"", "#text": "\u00b7"}]}, {"i": [{"#tail": "(1972)", "#text": "Lady Sings the Blues"}, {"#tail": "(1975)", "#text": "Mahogany"}, {"#tail": "(1978)", "#text": "The Wiz"}, {"#tail": "(1994)", "#text": "Out of Darkness"}, {"#tail": "(1999)", "#text": "Double Platinum"}], "span": ["\u00b7", "\u00b7", "\u00b7", "\u00b7"]}, {"#text": "Discography", "span": [{"#tail": "The Supremes", "#text": "\u00b7"}, {"#tail": "Berry Gordy", "#text": "\u00b7"}, {"#tail": "Rhonda Ross\n    Kendrick", "#text": "\u00b7"}, {"#tail": "Tracee Ellis Ross", "#text": "\u00b7"}, {"#tail": "Evan Ross", "#text": "\u00b7"}, {"#tail": "Arne N\u00e6ss, Jr.", "#text": "\u00b7"}, {"#tail": "List of awards\n    and nominations received by Diana Ross", "#text": "\u00b7"}, {"#tail": "Diana Ross\n    Playground", "#text": "\u00b7"}]}, {"i": [{"#tail": "(1982)", "#text": "Lionel Richie"}, {"#tail": "(1983)", "#text": "Can't Slow Down"}, {"#tail": "(1986)", "#text": "Dancing on the Ceiling"}, {"#tail": "(1996)", "#text": "Louder Than Words"}, {"#tail": "(1998)", "#text": "Time"}, {"#tail": "(2000)", "#text": "Renaissance"}, {"#tail": "(2004)", "#text": "Just for You"}, {"#tail": "(2006)", "#text": "Coming Home"}, {"#tail": "(2009)", "#text": "Just Go"}], "span": ["\u00b7", "\u00b7", "\u00b7", "\u00b7", "\u00b7", "\u00b7", "\u00b7", "\u00b7"]}, {"i": [{"#tail": "(2002)", "#text": "Encore"}, {"#tail": "(2007)", "#text": "Live in Paris"}, {"#tail": "(2007)", "#text": "Live - His Greatest Hits and More"}], "span": ["\u00b7", "\u00b7"]}, {"i": [{"#tail": "(1992)", "#text": "Back to Front"}, {"#tail": "(1997)", "#text": "Truly: The Love Songs"}, {"#tail": "(2006)", "#text": "Gold"}, {"#tail": "(2006)", "#text": "Soul Legends"}, {"#tail": "(2006)", "#text": "Sounds of the Season"}, {"#tail": "(2007)", "#text": "The Definitive Collection"}, {"#tail": "(2008)", "#text": "Symphonica in Rosso"}], "span": ["\u00b7", "\u00b7", "\u00b7", "\u00b7", "\u00b7", "\u00b7"]}, {"#text": "\"", "strong": {"#tail": "\" (with Diana Ross) (1981)", "#text": "Endless Love"}, "span": [{"#tail": "\"Truly\" (1982)", "#text": "\u00b7"}, {"#tail": "\"You Are\" (1983)", "#text": "\u00b7"}, {"#tail": "\"My Love\" (1983)", "#text": "\u00b7"}, {"#tail": "\"All Night Long\n    (All Night)\" (1983)", "#text": "\u00b7"}, {"#tail": "\"Running with the\n    Night\" (1983)", "#text": "\u00b7"}, {"#tail": "\"Hello\" (1984)", "#text": "\u00b7"}, {"#tail": "\"Stuck on You\"\n    (1984)", "#text": "\u00b7"}, {"#tail": "\"Penny Lover\"\n    (1984)", "#text": "\u00b7"}, {"#tail": "\"Say You, Say Me\"\n    (1985)", "#text": "\u00b7"}, {"#tail": "\"Dancing on the\n    Ceiling\" (1986)", "#text": "\u00b7"}, {"#tail": "\"Love Will\n    Conquer All\" (1986)", "#text": "\u00b7"}, {"#tail": "\"Ballerina Girl\"\n    (1986)", "#text": "\u00b7"}, {"#tail": "\"My Destiny\"\n    (1992)", "#text": "\u00b7"}]}, {"#text": "Discography", "span": {"#tail": "Commodores", "#text": "\u00b7"}}]}, "artist": "Diana Ross and Lionel Richie", "lengths": {"length": "4:24"}, "title": "Endless Love", "label": "Motown", "producers": {"producer": "Lionel Richie"}, "released": "August 1981", "writers": {"writer": "Lionel Richie"}, "formats": {"format": "7\" single"}, "weeks": {"week": ["1981-08-15", "1981-08-22", "1981-08-29", "1981-09-05", "1981-09-12", "1981-09-19", "1981-09-26", "1981-10-03", "1981-10-10"]}}}