{"top-song": {"album": "United", "genres": {"genre": ["Soul", "rhythm & blues"]}, "descr": {"p": ["\"I Can't Believe You Love Me\", (Terrell, 1966)", "\"Your Precious Love\", (Terrell, 1967)", "\"Ain't No Mountain High Enough\" is an R&B/soul song\n    written by Nickolas Ashford & Valerie Simpson in 1966. The\n    composition was first successful as a 1967 hit single recorded\n    by Marvin Gaye and Tammi Terrell for the Tamla (Motown) label.\n    The song became a hit a second time in 1970, when a cover by\n    fellow Motown artist Diana Ross became a number-one hit on the\n    Hot 100 chart and was nominated for a Grammy Award.", "The original 1967 version of \"Ain't No Mountain High Enough\"\n    was a top twenty hit. According to record producers, Terrell\n    was a little nervous and intimidated during recording because\n    she hadn't rehearsed the lyrics. Terrell recorded her vocals\n    alone with producers Harvey Fuqua and Johnny Bristol, who added\n    Gaye's vocal at a later date. \"Ain't No Mountain\" peaked at\n    number nineteen on the Billboard pop charts, and went to number\n    three on the R&B charts.", "This original version of \"Ain't No Mountain\", produced by\n    Fuqua and Bristol, was a care-free, danceable, and romantic\n    love song that became the signature duet between Gaye and\n    Terrell. Its success led to a string of more Ashford/Simpson\n    penned duets (including \"You're All I Need to Get By\", \"Ain't\n    Nothing Like the Real Thing\", and \"Your Precious Love\").", "The Gaye/Terrell version was inducted into the Grammy Hall\n    of Fame in 1999, and is regarded today as one of the most\n    important records ever released by Motown.", "After the Top 20 success of her first single, \"Reach Out and\n    Touch (Somebody's Hand)\", Ashford and Simpson had Ross\n    re-record \"Ain't No Mountain High Enough\". Initially, Ross was\n    apprehensive, as she had previously covered the song as a\n    member of the Supremes in a duet with The Temptations(see\n    below). Eventually, however, she was convinced to make the\n    recording. The new cover re-imagined Gaye and Terrell's duet as\n    a dramatic six-minute opus, composed primarily of spoken word\n    passages from Ross, with the Andantes, Jimmy Beavers, and\n    Ashford and Simpson as backing singers.", "Motown chief Berry Gordy didn't like the record upon first\n    hearing it. He hated the spoken-word passages and wanted the\n    song to begin with the climactic chorus/bridge. It was not\n    until radio stations nationwide were editing their own versions\n    and adding it to their playlists that Ashford and Simpson were\n    able to convince Gordy to release an edited three-minute\n    version as a single. Ross' version of \"Ain't No Mountain High\n    Enough\" rose up to number one on both the pop and R&B\n    singles charts., and Ross received a Grammy nomination for Best\n    Female Pop Vocal Performance. Ross's version was later sampled\n    in Jadakiss's song Can't Stop Me.", {"i": {"#tail": ".", "#text": "Diana Ross & the Supremes Join The Temptations"}, "#text": "With The Supremes, Diana Ross recorded a version of \"Ain't\n    No Mountain High Enough\" which was more faithful to the\n    Terrell-Gaye original version as a duet with The Temptations.\n    That song was an album cut from a joint LP released by Motown\n    Records in 1968 on the two superstar groups, titled"}, {"i": {"#tail": ".", "#text": "Cruisin the Street"}, "#text": "1981 saw the recording by Inner Life of the underground\n    dance classic \"Ain't No Mountain High Enough\", produced by\n    Patrick Adams and Greg Carmichael, remixed by Larry Levan, and\n    released on the Salsoul label. The same year saw an upbeat\n    disco version by the Boys Town Gang who recorded it as a medley\n    with another Ashford & Simpson song, \"Remember Me\". The\n    full version of this song is nearly 14 minutes long and can be\n    found on their album"}, {"i": {"#tail": "album in 1988.", "#text": "Personal Attention"}, "#text": "Stacy Lattisaw and Howard Hewett sang \"Ain't No Mountain\n    High Enough\" on"}, {"i": {"#tail": ", in 1991 with twelve covers; one of them was\n    his rock version of \"Ain't No Mountain High Enough\". This cover\n    reached #28 in Australia in 1992", "#text": "Soul Deep"}, "#text": "Australian Rock legend Jimmy Barnes released a Motown-styled\n    album, titled"}, {"i": [{"#tail": ", Whoopi Goldberg and\n    most of the cast of the movie, including future neo-soul\n    superstar Lauryn Hill, mixed both the Gaye/Terrell and Diana\n    Ross solo versions of the song together for a performance of\n    \"Ain't No Mountain\" at the climax of the film. The Gaye/Terrell\n    version also frequently turns up, often as part of a\n    sing-along, in \"feel-good\" movies, such as", "#text": "Sister Act 2: Back in the Habit"}, {"#tail": "and", "#text": "Remember the Titans"}, {"#tail": ".", "#text": "Stepmom"}], "#text": "In 1993, at the end of the film"}, {"i": [{"#tail": "album in 2003. The version was used in a\n    commercial for MCI and in the film", "#text": "Motown"}, {"#tail": ".", "#text": "The 40-Year-Old Virgin"}], "#text": "Former Doobie Brother Michael McDonald recorded the song as\n    part of his"}, "In 2004, the 12 finalists of American Idol (season 3)\n    covered the song for the ensemble track for the cast album\n    American Idol Season 3: Greatest Soul Classics", {"i": [{"#tail": ". This version appeared in the trailer for the\n    2006 film", "#text": "Replay"}, {"#tail": ".", "#text": "Last Holiday"}], "#text": "Swedish pop band Play recorded the song for their 2003 album"}, "In 2006, Australian vocal group Human Nature included a\n    cover on the 2nd album of their Motown trilogy, Dancing in the\n    Street: the Songs of Motown II. The album debuted at #1 on the\n    ARIA charts.", {"i": {"#tail": ", which keeps the melody and\n    instrumentation of \"Ain't No Mountain High Enough\", but which\n    contains different, original lyrics written by Winehouse.", "#text": "Back to Black"}, "#text": "In 2006, Amy Winehouse recorded the song \"Tears Dry On Their\n    Own\" for her album"}, "Portions of the song were interpolated on the Jessica\n    Simpson single \"A Public Affair\".", "In 2009, Lionel Richie and Stefanie Heinzmann performed the\n    song live in the German music award show Echo 2009.", {"i": [{"#tail": "(1961)", "#text": "The Soulful Moods of Marvin Gaye"}, {"#tail": "(1962)", "#text": "That Stubborn Kinda Fellow"}, {"#tail": "(1964)", "#text": "When I'm Alone I Cry"}, {"#tail": "(1964)", "#text": "Hello Broadway"}, {"#tail": "(1965)", "#text": "How Sweet It Is to Be Loved by You"}, {"#tail": "(1965)", "#text": "A Tribute to the Great Nat \"King\" Cole"}, {"#tail": "(1966)", "#text": "Moods of Marvin Gaye"}, {"#tail": "(1968)", "#text": "In the Groove/I Heard It Through the\n    Grapevine"}, {"#tail": "(1969)", "#text": "M.P.G."}, {"#tail": "(1970)", "#text": "That's the Way Love Is"}, {"#tail": "(1971)", "#text": "What's Going On"}, {"#tail": "(1973)", "#text": "Let's Get It On"}, {"#tail": "(1976)", "#text": "I Want You"}, {"#tail": "(1978)", "#text": "Here, My Dear"}, {"#tail": "(1981)", "#text": "In Our Lifetime"}, {"#tail": "(1982)", "#text": "Midnight Love"}, {"#tail": "(1985)", "#text": "Dream of a Lifetime"}, {"#tail": "(1986)", "#text": "Romantically Yours"}, {"#tail": "(1997)", "#text": "Vulnerable"}], "span": ["\u00b7", "\u00b7", "\u00b7", "\u00b7", "\u00b7", "\u00b7", "\u00b7", "\u00b7", "\u00b7", "\u00b7", "\u00b7", "\u00b7", "\u00b7", "\u00b7", "\u00b7", "\u00b7", "\u00b7", "\u00b7"]}, {"i": [{"#tail": "(1964)", "#text": "Together"}, {"#tail": "(1966)", "#text": "Take Two"}, {"#tail": "(1967)", "#text": "United"}, {"#tail": "(1968)", "#text": "You're All I Need"}, {"#tail": "(1969)", "#text": "Easy"}, {"#tail": "(1973)", "#text": "Diana & Marvin"}], "span": ["\u00b7", "\u00b7", "\u00b7", "\u00b7", "\u00b7"]}, {"i": [{"#tail": "(1963)", "#text": "Marvin Gaye Recorded Live on Stage"}, {"#tail": "(1972)", "#text": "Trouble Man"}, {"#tail": "(1974)", "#text": "Marvin Gaye Live!"}, {"#tail": "(1977)", "#text": "Live at the London Palladium"}, {"#tail": "(2005)", "#text": "Marvin Gaye at the Copa"}], "span": ["\u00b7", "\u00b7", "\u00b7", "\u00b7"]}, {"#text": "\"Pride and Joy\"", "span": [{"#tail": "\"How Sweet It Is\n    (To Be Loved by You)\"", "#text": "\u00b7"}, {"#tail": "\"I'll Be Doggone\"", "#text": "\u00b7"}, {"#tail": "\"Ain't That\n    Peculiar\"", "#text": "\u00b7"}, {"#tail": "\"Your Precious\n    Love\"", "#text": "\u00b7"}, {"#tail": "\"If I Could Build\n    My Whole World Around You\"", "#text": "\u00b7"}, {"#tail": "\"Ain't Nothing\n    Like the Real Thing\"", "#text": "\u00b7"}, {"#tail": "\"You're All I\n    Need to Get By\"", "#text": "\u00b7"}, {"#tail": "\"I Heard It\n    Through the Grapevine\"", "#text": "\u00b7"}, {"#tail": "\"Too Busy\n    Thinking About My Baby\"", "#text": "\u00b7"}, {"#tail": "\"Abraham, Martin\n    & John\"", "#text": "\u00b7"}, {"#tail": "\"The Onion Song\"", "#text": "\u00b7"}, {"#tail": "\"That's the Way\n    Love Is\"", "#text": "\u00b7"}, {"#tail": "\"What's Going On\"", "#text": "\u00b7"}, {"#tail": "\"Mercy Mercy Me\n    (The Ecology)\"", "#text": "\u00b7"}, {"#tail": "\"Inner City Blues\n    (Make Me Wanna Holler)\"", "#text": "\u00b7"}, "\u00b7", {"#tail": "\"Let's Get\n    It On\"", "#text": "\"Trouble Man\"", "span": "\u00b7"}, {"#tail": "\"Come Get to\n    This\"", "#text": "\u00b7"}, {"#tail": "\"You Are\n    Everything\"", "#text": "\u00b7"}, {"#tail": "\"Got to Give It\n    Up\"", "#text": "\u00b7"}, {"#tail": "\"Sexual\n    Healing\"", "#text": "\u00b7"}]}, {"#text": "Marvin Gay, Sr.", "span": [{"#tail": "Alberta Gay", "#text": "\u00b7"}, {"#tail": "Anna Gordy Gaye", "#text": "\u00b7"}, {"#tail": "Frankie Gaye", "#text": "\u00b7"}, {"#tail": "Janis Hunter Gaye", "#text": "\u00b7"}, {"#tail": "Nona Gaye", "#text": "\u00b7"}, {"#tail": "Gordon Banks", "#text": "\u00b7"}]}, {"#text": "Discography", "span": [{"#tail": "Songs", "#text": "\u00b7"}, {"#tail": "Albums", "#text": "\u00b7"}, {"#tail": "Songs by Marvin\n    Gaye", "#text": "\u00b7"}, {"#tail": "Albums produced\n    by Marvin Gaye", "#text": "\u00b7"}, {"#tail": "Marvin Gaye\n    vocalists", "#text": "\u00b7"}, {"#tail": "Songs in memory", "#text": "\u00b7"}, {"#tail": "Death", "#text": "\u00b7"}, {"#tail": "Harvey Fuqua", "#text": "\u00b7"}, {"#tail": "The Moonglows", "#text": "\u00b7"}, {"#tail": "Tammi Terrell", "#text": "\u00b7"}, {"#tail": "Leon Ware", "#text": "\u00b7"}, {"#tail": "Marvin's Room", "#text": "\u00b7"}]}, {"#text": "\"", "strong": {"#tail": "\"", "#text": "Ain't No Mountain High Enough"}, "span": [{"#tail": "\"Remember Me\"", "#text": "\u00b7"}, {"#tail": "\"I'm Still\n    Waiting\"", "#text": "\u00b7"}, {"#tail": "\"Surrender\"", "#text": "\u00b7"}, {"#tail": "\"Touch Me in the\n    Morning\"", "#text": "\u00b7"}, {"#tail": "\"All of My Life\"", "#text": "\u00b7"}, {"#tail": "\"You Are\n    Everything\"", "#text": "\u00b7"}, {"#tail": "\"Theme from (Do\n    You Know Where You're Going To)\"", "#text": "\u00b7"}, {"#tail": "\"Love Hangover\"", "#text": "\u00b7"}, {"#tail": "\"Upside Down\"", "#text": "\u00b7"}, {"#tail": "\"I'm Coming Out\"", "#text": "\u00b7"}, {"#tail": "\"My Old Piano\"", "#text": "\u00b7"}, {"#tail": "\"It's My Turn\"", "#text": "\u00b7"}, {"#tail": "\"Endless Love\"", "#text": "\u00b7"}, {"#tail": "\"Why Do Fools\n    Fall in Love\"", "#text": "\u00b7"}, {"#tail": "\"Mirror, Mirror\"", "#text": "\u00b7"}, {"#tail": "\"Work That Body\"", "#text": "\u00b7"}, {"#tail": "\"Muscles\"", "#text": "\u00b7"}, {"#tail": "\"Missing You\"", "#text": "\u00b7"}, {"#tail": "\"Chain Reaction\"", "#text": "\u00b7"}, {"#tail": "\"When You Tell Me\n    That You Love Me\"", "#text": "\u00b7"}, {"#tail": "\"One Shining\n    Moment\"", "#text": "\u00b7"}, {"#tail": "\"Not Over You\n    Yet\"", "#text": "\u00b7"}]}, {"i": [{"#tail": "(1972)", "#text": "Lady Sings the Blues"}, {"#tail": "(1975)", "#text": "Mahogany"}, {"#tail": "(1978)", "#text": "The Wiz"}, {"#tail": "(1994)", "#text": "Out of Darkness"}, {"#tail": "(1999)", "#text": "Double Platinum"}], "span": ["\u00b7", "\u00b7", "\u00b7", "\u00b7"]}, {"#text": "Discography", "span": [{"#tail": "The Supremes", "#text": "\u00b7"}, {"#tail": "Berry Gordy", "#text": "\u00b7"}, {"#tail": "Rhonda Ross\n    Kendrick", "#text": "\u00b7"}, {"#tail": "Tracee Ellis Ross", "#text": "\u00b7"}, {"#tail": "Evan Ross", "#text": "\u00b7"}, {"#tail": "Arne N\u00e6ss, Jr.", "#text": "\u00b7"}, {"#tail": "List of awards\n    and nominations received by Diana Ross", "#text": "\u00b7"}, {"#tail": "Diana Ross\n    Playground", "#text": "\u00b7"}]}]}, "artist": "Diana Ross", "lengths": {"length": "2:28"}, "title": "Ain't No Mountain High Enough", "recorded": "Hitsville USA (Studio A) , ( Detroit, Michigan ) ,\n  January 29, 1967", "label": "Tamla , T 54149", "producers": {"producer": ["Harvey Fuqua", "Johnny Bristol"]}, "released": "April 20, 1967", "writers": {"writer": "Nickolas Ashford & Valerie Simpson"}, "formats": {"format": "7\" single"}, "weeks": {"week": ["1970-09-19", "1970-09-26", "1970-10-03"]}}}