{"top-song": {"weeks": {"week": "1943-07-24"}, "artist": "Dick Haymes", "descr": {"p": ["\"You'll Never Know\" is a popular song. The music was written\n    by Harry Warren and the lyrics by Mack Gordon, based on a poem\n    written by a young Oklahoma war bride named Dorothy Fern\n    Norris. The lyrics can be found at [1].", {"i": [{"#tail": "where it is sung by Alice Faye. It\n    was also performed by Faye in the 1944 film", "#text": "Hello, Frisco, Hello"}, {"#tail": ". It was recorded in 1943 by, among\n    others, Frank Sinatra and Dick Haymes. Haymes\u2019 version was a\n    number one hit for four weeks on the R&B charts that year\n    .", "#text": "Four Jills in a Jeep"}], "#text": "The song was introduced in the 1943 movie"}, "Sinatra recorded his version at his first recording session\n    at Columbia as a solo artist. (He had recorded at Columbia in\n    1939 as a member of Harry James\u2019s band.) It was arranged and\n    conducted by Alec Wilder with the Bobby Tucker Singers\n    providing accompaniment. Sinatra\u2019s version charted for 16 weeks\n    starting July 24 and spent two weeks at number 2.", "In Britain, the recording by Vera Lynn was very popular due\n    to the ongoing Second World War.", "A 1952 recording by Rosemary Clooney with Harry James is\n    also well known, as well as a version recorded in 1954 by Big\n    Maybelle.", "The Sinatra and Haymes records were made during the\n    1942\u20131944 strike against the recording companies a strike by\n    the American Federation of Musicians. As a result, the\n    recordings were made without musicians, with vocal groups\n    replacing the usual instrumental backup. The group backing\n    Haymes, The Song Spinners, was actually given credit on the\n    Haymes record. (The Song Spinners number one hit, \"Comin' In on\n    a Wing and a Prayer\" had held the number one spot on the charts\n    for three weeks preceding Haymes' \"You'll Never Know\" replaced\n    it. Margaret Johnson of that group did the vocal arrangments\n    for both.)", {"i": {"#tail": "(1991). The box-set closed with\n    another version of the song, sung as a duet by Streisand in\n    1991 and herself as a girl of 13.", "#text": "Just for the Record"}, "#text": "The song was the first song that Barbra Streisand ever\n    recorded in 1955. It was the opening song on her 4-CD box-set"}, "The song won the 1943 Academy Award for Best Original Song,\n    one of nine nominated songs that year.", "In 1961, a version by Shirley Bassey made #6 in the UK\n    charts.Elkie Brooks recorded it for her 1984 album\u00a0!!\n    Screen Gems\u00a0!!", {"i": {"#tail": ".", "#text": "Alice Doesn't Live Here Anymore"}, "#text": "Alice Faye's recording is the opening song in the 1974 film"}, {"i": {"#tail": "(Reprise 6183).", "#text": "The Sing Along World of Trini Lopez"}, "#text": "Trini Lopez included \"You'll Never Know\" on his Reprise\n    Records album"}, "The Mamas & the Papas vocalist Denny Doherty included\n    the song on his 1974 solo album \"Waiting for a Song\"\n    (Ember-Paramount EMA 0286 - 1974). The single was released with\n    'Goodnight and Good Morning', from the same album, as the\n    B-side. This version reached the top 15 of Billboard's Easy\n    listening survey.", "Lew DeWitt, formerly of The Statler Brothers, released a\n    version in 1985 on the Compleat label."]}, "title": "You'll Never Know"}}