{"top-song": {"weeks": {"week": "1944-10-14"}, "artist": "Dinah Shore", "descr": {"p": ["\"I'll Walk Alone\" is a 1944 popular song with music by Jule\n    Styne and lyrics by Sammy Cahn. The song, like others that came\n    out during the World War II years such as \"Till Then,\" reflects\n    the enforced separation of couples caused by the war. While\n    \"Till Then\" is written from the point of view of the soldier\n    wanting his lover to wait for him, \"I'll Walk Alone\" is written\n    from the point of view of the stay-at-home lover, promising to\n    be true.", "Dinah Shore made the best-known version of this song,\n    introducing it in the Universal Studios film \"Follow the Boys\"\n    and taking it to the top of the charts (her first #1 hit) for\n    four weeks in 1944, and in fact recorded the song in the early\n    1960s as well. Martha Tilton also fared well, placing the song\n    in Billboard's Top Ten. Oddly, when the song was revived in the\n    1950s, it was often done by male singers, with a very popular\n    version being done by Don Cornell (1952 top ten).", "Oddly, teen idol Ricky Nelson recorded a version for his\n    1958 album Ricky Nelson", {"i": {"#tail": ", director Clint Eastwood sings his\n    version of the song on the soundtrack.", "#text": "Flags of Our Fathers"}, "#text": "For the film,"}]}, "title": "I'll Walk Alone"}}