{"top-song": {"weeks": {"week": "1948-11-06"}, "artist": "Dinah Shore", "descr": {"p": ["\"Buttons and Bows\" is a popular song.", {"i": {"#tail": ", and won the Academy Award for Best\n    Original Song. It was a vocal selection on many radio programs\n    in late 1948.", "#text": "The Paleface"}, "#text": "The music was written by Jay Livingston, the lyrics by Ray\n    Evans. The song was published in 1947. The song appeared in the\n    Bob Hope and Jane Russell movie"}, {"i": [{"#tail": "episode", "#text": "Frasier"}, {"#tail": ". The song was also used in the\n    sequel", "#text": "Look Before You Leap"}, {"#tail": ".", "#text": "Son of Paleface"}], "#text": "The most popular version of the song was recorded by Dinah\n    Shore in 1947, but reached the charts the next year. Charting\n    versions of the song were also recorded by The Dinning Sisters,\n    by Betty Rhodes, by Evelyn Knight, and by Betty Garrett the\n    same year. In addition, the song was also recorded in the\n    United States by Gene Autry and in the United Kingdom by\n    Geraldo and his orchestra (with vocalist Doreen Lundy). It was\n    memorably performed (with most of the lyrics forgotten) by Dr.\n    Frasier Crane in the"}]}, "title": "Buttons and Bows"}}