{"top-song": {"album": "Then Came You", "genres": {"genre": ["Soul", "pop"]}, "descr": {"p": [{"i": {"#tail": "(from 1971\u20131975, Warwick\n    added a final 'e' to her last name). The track was written by\n    Sherman Marshall and Phillip T. Pugh, and produced by Thom\n    Bell.", "#text": "Dionne Warwicke and Spinners"}, "#text": "\"Then Came You\" is a 1974 Grammy-nominated hit for American\n    soul singer Dionne Warwick and American R&B group The\n    Spinners, and credited to"}, "Released during a time that Warwick's chart fortunes were at\n    an ebb after moving to Warner Bros. Records in the early-1970s,\n    the Philadelphia soul single was a rare mid-1970s success for\n    the singer. Sung as a duet with Spinners main lead singer Bobby\n    Smith and the Spinners, who were one of the most popular groups\n    of the decade, the song became Warwick's first ever single to\n    reach number one on the Billboard Hot 100 and also became her\n    highest-charting R&B record reaching number two on that\n    chart. It was also the first number-one pop hit for the\n    Spinners. Spinners member Phillippe Wynne took over lead duties\n    at the very end of the song, as he did on another one of the\n    group's big hits, \"Could It Be I'm Falling in Love\".", "It should be noted that while Warwick was signed to Warner\n    Bros. at the time, this release actually came out on Atlantic\n    Records, which was the Spinners' label, but also a sister label\n    to Warner Bros..", "Warwick eventually left Warner Bros. for Arista Records in\n    1978 where she regrouped and found consistent success again as\n    an artist.", "\"Then Came You\" is tied with the record that preceded it at\n    the top of the Billboard Hot 100, \"Nothing From Nothing\" by\n    Billy Preston, for the biggest fall from number one in the\n    history of the Hot 100. Both \"Nothing From Nothing\" and \"Then\n    Came You\" spent only one week at number one and then dropped\n    all the way to number 15 the week afterward.", "After recording \"Then Came You\" Bell quoted 'that Dionne\n    made a face after the session and didn't care for the songs\n    very much. So, Thom ripped a dollar in two and signed each half\n    and exchanged them. Bell told her that if the song doesn't go\n    to number one, I'll send you my half. 'Then Came You' b/w 'Just\n    As Long As We Have Love' shot straight to number one spot on\n    Billboard's Top 100 list and No. 2 R&B (Kool & the\n    Gang's 'Higher Plane' prevented it from the number one spot)\n    making this Dionne's first No. 1 and the Spinners first and\n    only No. 1 pop hit in October 1974. Dionne sent back the half\n    torn dollar bill to Thom Bell with an apology."]}, "artist": "Dionne Warwick and Spinners", "lengths": {"length": "4:15"}, "title": "Then Came You", "recorded": "1974", "label": "Atlantic", "producers": {"producer": "Thom Bell"}, "released": "1974", "writers": {"writer": ["Sherman Marshall", "Philip Pugh"]}, "formats": {"format": "7\" single"}, "weeks": {"week": "1974-10-26"}}}