{"top-song": {"genres": {"genre": "Doo Wop"}, "descr": {"p": [{"i": {"#tail": "magazine's list of The 500 Greatest Songs\n    of All Time.", "#text": "Rolling Stone"}, "#text": "\"Runaround Sue\" is a pop song, originally a US #1 hit for\n    the singer Dion during 1961. The song ranked #342 on"}, "The song was written by Ernie Maresca and Dion DiMucci. It\n    was recorded in 1961 by Dion, backed by vocal group The\n    Del-Satins. Released on Laurie Records, it topped the Billboard\n    Hot 100 for one week in October of that year, and also reached\n    number 11 in the UK charts.", "It is a song about a man whose ex-girlfriend had commitment\n    trouble and \"ran around\" (hence the name of the song) with\n    other people in the city. The song caught on with millions for\n    its catchy hook \"Hey, hey, hum-ba-diddy-diddy\".", {"i": {"#tail": ", he writes:", "#text": "King Of The New York Streets"}, "#text": "In the liner notes of Dion's box set"}, "Co-writer Ernie Maresca said:", "The song's melody is very similar to \"Quarter to Three\", a\n    song released by Gary U.S. Bonds a few months prior to the\n    release of \"Runaround Sue.\""]}, "artist": "Dion", "lengths": {"length": "2:41"}, "title": "Runaround Sue", "label": "Laurie 3110", "producers": {"producer": "Gene Schwartz"}, "released": "September 1961", "weeks": {"week": ["1961-10-23", "1961-10-30"]}}}