{"top-song": {"weeks": {"week": ["1986-01-18", "1986-01-25", "1986-02-01", "1986-02-08"]}, "artist": "Dionne and Friends", "descr": {"p": [{"i": {"#tail": ".", "#text": "Night Shift"}, "#text": "\"That's What Friends Are For\" is a 1982 song written by Burt\n    Bacharach and Carole Bayer Sager and introduced by Rod Stewart\n    for the soundtrack of the film"}, "The song is far better known for its cover version by Dionne\n    Warwick and Friends. A one-off collaboration featuring Gladys\n    Knight, Elton John and Stevie Wonder released as a charity\n    single in the United Kingdom and the United States in 1985, it\n    was recorded as a benefit for American Foundation for AIDS\n    Research, and raised over US$3 million for that cause. The tune\n    peaked at number one for three weeks on the soul chart and for\n    four weeks on the Billboard Hot 100 in January 1986 and became\n    Billboard's number one single of 1986. In 1988, the Washington\n    Post wrote, \"So working against AIDS, especially after years of\n    raising money for work on many blood-related diseases such as\n    sickle-cell anemia, seemed the right thing to do. 'You have to\n    be granite not to want to help people with AIDS, because the\n    devastation that it causes is so painful to see. I was so hurt\n    to see my friend die with such agony,' Warwick remembers. 'I am\n    tired of hurting and it does hurt.'\"", {"i": {"#tail": "magazine as the most popular song of 1986.", "#text": "Billboard"}, "#text": "The Dionne and Friends version of the song won the\n    performers the Grammy Award for Best Pop Performance by a Duo\n    or Group with Vocal, as well as Song of the Year for its\n    writers, Bacharach and Bayer Sager. It also was ranked by"}, {"i": {"#tail": "[1]", "#text": "Billboard's Greatest Songs of all time."}, "#text": "Dionne and Friend's version also listed at #61 on"}, {"i": {"#tail": "was held at Radio City Music Hall in New York City.\n    One month later, CBS aired a two-hour version of the concert on\n    television. The celebrity guests and Arista label performers\n    were: Air Supply, Lauren Bacall, Burt Bacharach, Eric Carmen,\n    Chevy Chase, Jane Curtin, Clive Davis, Taylor Dayne, Michael\n    Douglas, Expos\u00e9, Whoopi Goldberg, Melanie Griffith, Hall &\n    Oates, Jennifer Holliday, Whitney Houston, Alan Jackson, Kenny\n    G, Melissa Manchester, Barry Manilow, Milli Vanilli, Jeffrey\n    Osborne, Carly Simon, Patti Smith, Lisa Stansfield, The Four\n    Tops, and Dionne Warwick. \"That's What Friends Are For\" was the\n    finale song sung by Warwick and cousin Houston before being\n    joined on the stage by the other guests of the event. Over $2.5\n    million was raised that night for the Arista Foundation which\n    gave the proceeds to various AIDS organizations.", "#text": "That's What Friends Are For: Arista Records 15th Anniversary\n    Concert"}, "#text": "On March 17, 1990 an AIDS benefit titled"}, {"span": [{"i": "The Jazz Soul of Little Stevie\u00a0\u00b7"}, {"i": "Tribute to Uncle Ray\u00a0\u00b7"}, {"i": "With a Song in My Heart\u00a0\u00b7"}, {"i": "Stevie at the Beach\u00a0\u00b7"}, {"i": "Up-Tight\u00a0\u00b7"}, {"i": "Down to Earth\u00a0\u00b7"}, {"i": "I Was Made to Love Her\u00a0\u00b7"}, {"i": "Someday at Christmas\u00a0\u00b7"}, {"i": "Eivets Rednow\u00a0\u00b7"}, {"i": "For Once in My Life\u00a0\u00b7"}, {"i": "My Cherie Amour\u00a0\u00b7"}, {"i": "Signed, Sealed & Delivered\u00a0\u00b7"}, {"i": "Where I'm Coming From\u00a0\u00b7"}, {"i": "Music of My Mind\u00a0\u00b7"}, {"i": "Talking Book\u00a0\u00b7"}, {"i": "Innervisions\u00a0\u00b7"}, {"i": "Fulfillingness' First Finale\u00a0\u00b7"}, {"i": "Songs in the Key of Life\u00a0\u00b7"}, {"i": "Hotter than July\u00a0\u00b7"}, {"i": "In Square Circle\u00a0\u00b7"}, {"i": "Characters\u00a0\u00b7"}, {"i": "Conversation Peace\u00a0\u00b7"}, {"i": "A Time to Love"}]}, {"span": [{"i": "Recorded Live: The 12 Year Old Genius\u00a0\u00b7"}, {"i": "Stevie Wonder Live\u00a0\u00b7"}, {"i": "Natural Wonder"}]}, {"span": [{"i": "Journey through the Secret Life of Plants\u00a0\u00b7"}, {"i": "The Woman in Red\u00a0\u00b7"}, {"i": "Jungle Fever"}]}, {"span": [{"i": "Looking Back\u00a0\u00b7"}, {"i": "Stevie Wonder's Original Musiquarium\u00a0\u00b7"}, {"i": "At the Close of a Century\u00a0\u00b7"}, {"i": "The Definitive Collection\u00a0\u00b7"}, {"i": "The Complete Stevie Wonder"}]}, {"span": ["\"Fingertips - Part\n      2\"\u00a0\u00b7", "\"Uptight (Everything's\n      Alright)\"\u00a0\u00b7", "\"Blowin' in the\n      Wind\"\u00a0\u00b7", "\"A Place in the\n      Sun\"\u00a0\u00b7", "\"I Was Made to Love\n      Her\"\u00a0\u00b7", "\"For Once in My\n      Life\"\u00a0\u00b7", "\"Shoo-Be-Doo-Be-Doo-Da-Day\"\u00a0\u00b7", "\"My Cherie\n      Amour\"\u00a0\u00b7", "\"Yester-Me, Yester-You,\n      Yesterday\"\u00a0\u00b7", "\"Never Had a Dream Come\n      True\"\u00a0\u00b7", "\"Signed, Sealed, Delivered\n      I'm Yours\"\u00a0\u00b7", "\"Heaven Help Us\n      All\"\u00a0\u00b7", "\"If You Really Love\n      Me\"\u00a0\u00b7", "\"Superstition\"\u00a0\u00b7", "\"You Are the Sunshine of My\n      Life\"\u00a0\u00b7", "\"Higher\n      Ground\"\u00a0\u00b7", "\"Living for the\n      City\"\u00a0\u00b7", "\"He's Misstra Know it\n      All\"\u00a0\u00b7", "\"You Haven't Done\n      Nothin'\"\u00a0\u00b7", "\"Boogie On Reggae\n      Woman\"\u00a0\u00b7", "\"I Wish\"\u00a0\u00b7", "\"Sir Duke\"\u00a0\u00b7", "\"Send One Your\n      Love\"\u00a0\u00b7", "\"Master Blaster\n      (Jammin')\"\u00a0\u00b7", "\"I Ain't Gonna Stand for\n      It\"\u00a0\u00b7", "\"Lately\"\u00a0\u00b7", "\"Happy\n      Birthday\"\u00a0\u00b7", "\"That Girl\"\u00a0\u00b7", "\"Do I Do\"\u00a0\u00b7", "\"Ebony and\n      Ivory\"\u00a0\u00b7", "\"Ribbon in the\n      Sky\"\u00a0\u00b7", "\"I Just Called to Say I Love\n      You\"\u00a0\u00b7", "\"Part-Time\n      Lover\"\u00a0\u00b7", {"#text": "\"", "strong": {"#tail": "\"\u00a0\u00b7", "#text": "That's What Friends Are For"}}, "\"Go Home\""]}, {"span": ["Discography\u00a0\u00b7", "Syreeta Wright\u00a0\u00b7", "KJLH\u00a0\u00b7", "Motown\u00a0\u00b7", "Soul music"]}, "Discography"]}, "title": "That's What Friends Are For"}}