{"top-song": {"album": "Brothers in\n  Arms", "genres": {"genre": "Hard rock"}, "descr": {"p": [{"i": {"#tail": "and subsequently became an international\n    hit when released as a single. It peaked at number one for\n    three weeks in the United States, becoming their most\n    successful single, and also peaked at number one for three\n    weeks on the U.S. Mainstream Rock chart. In the band's native\n    UK, the song peaked at number four. The recording was notable\n    for its controversial lyrics, groundbreaking music video and a\n    cameo appearance by Sting singing the song's falsetto\n    introduction and backing chorus, \"I want my MTV\". The video was\n    also the first to be aired on MTV Europe when the network\n    started on August 1, 1987.", "#text": "Brothers in Arms"}, "#text": "\"Money for Nothing\" is a song recorded by British group Dire\n    Straits, which first appeared on their 1985 album"}, "\"Money for Nothing\" won the Grammy for the Best Rock\n    Performance by a Duo or Group with a Vocal in 1985 at the 28th\n    annual Grammy Awards.", "The recording of the song contains a very recognizable hook,\n    in the form of the guitar riff that begins the song proper.\n    (The song is also notable for its extended overture, which was\n    shortened for radio and music video.) The guitar riff continues\n    throughout the song, played in full during each chorus, and\n    played in muted permutation during the verse.", {"i": {"#tail": ".", "#text": "Sprechstimme"}, "#text": "The song's lyrics are written from the point of view of a\n    man watching music videos and commenting on what he sees. To\n    achieve the effect of such a layman making such casual everyday\n    commentary, Dire Straits' lead singer and songwriter Mark\n    Knopfler used a vocal style known as"}, "Knopfler described the writing of the song in a 1985\n    interview with critic Bill Flanagan:", "In 2000, Knopfler appeared on Michael Parkinson's interview\n    program and explained again where the lyrics originated.\n    According to Knopfler, he was in New York and stopped by an\n    appliance store. At the back of the store, they had a wall of\n    TVs which were all tuned to MTV. Knopfler said there was a man\n    working there dressed in a baseball cap, work boots, and a\n    checkered shirt delivering boxes who was standing next to him\n    watching. As they were standing there watching MTV, Knopfler\n    remembers the man coming up with classic lines such as \"what\n    are those, Hawaiian noises?...that ain't workin\" etc. Knopfler\n    asked for a pen to write some of these lines down and then\n    eventually put those words to music.", "The songwriting credits are shared between Mark Knopfler and\n    Sting. Sting was visiting Montserrat during the recording of\n    the song, and was invited to add some background vocals. Sting\n    has stated that his only compositional contribution was the \"I\n    Want My MTV\" line, which was sung to the identical melody of\n    the verse of his own song \"Don't Stand So Close to Me\",\n    originally recorded by The Police. Sting was reportedly\n    embarrassed when his publishing company insisted on a\n    co-writing credit (and royalties).", "The observations of the character included references to a\n    musician \"banging on the bongos like a chimpanzee\" and a\n    description of a singer as \"that little faggot with the earring\n    and the makeup\", and lamenting that the artists got \"money for\n    nothing and chicks for free\". These lyrics were widely\n    criticised as sexist, racist and homophobic statements, and in\n    some later releases of the song the lyrics were edited for\n    airplay; \"faggot\" for example is often replaced with \"mother\":\n    \"little mother, he's a millionaire\".", {"i": [{"#tail": "and", "#text": "Sultans of Swing: The Very Best of Dire Straits"}, {"#tail": ".", "#text": "Money for Nothing"}], "#text": "When the song is included in rotation as part of a music\n    feed played in stores, or restaurants \"faggot\" is usually\n    turned backwards. The entire second verse was edited out for\n    content and length for radio and video airplay, and on the 7\"\n    single. This edited version is included in the compilation\n    albums"}, {"i": {"#tail": "magazine, Knopfler expressed mixed feelings\n    on the controversy:", "#text": "Rolling Stone"}, "#text": "In a late 1985 interview in"}, "M\u00f6tley Cr\u00fce bassist Nikki Sixx, in an interview with Blender\n    Magazine, claimed that the song is actually about his band's\n    excessive lifestyle, and that he heard the clerks in the store\n    were commenting on M\u00f6tley Cr\u00fce videos shown on the in-store\n    television sets.", "The music video for the song featured early computer\n    animation illustrating the lyrics. The video was one of the\n    first uses of computer-animated human characters and was\n    considered groundbreaking at the time of its release. It was\n    the second computer-generated music video shown on MTV.", "Originally, Mark Knopfler was not at all enthusiastic about\n    the concept of the music video. MTV, however, was insistent on\n    it. Director Steve Barron, of Rushes Postproduction in London,\n    was contacted by Warner Bros. to persuade Knopfler to relent.\n    Describing the contrasting attitudes of Knopfler and MTV, he\n    said:", "Barron then flew to Budapest to convince Knopfler of their\n    concept. Meeting together after a gig, Knopfler was reportedly\n    still unimpressed, but this time his girlfriend was present and\n    took a hand. According to Barron:", {"i": {"#tail": "series. The video also included stage footage of\n    Dire Straits performing, with partially rotoscoped-animation in\n    bright neon colours, as seen on the record sleeve.", "#text": "ReBoot"}, "#text": "Ian Pearson and Gavin Blair created the animation, using a\n    Bosch FGS-4000 CGI system. The animators went on to found\n    computer animation studio Mainframe Entertainment (today\n    Rainmaker Animation), and referenced the \"Money for Nothing\"\n    video in an episode of their"}, "The video was awarded \"Video of the Year\" (among many other\n    nominations) at the third annual MTV Video Music Awards in\n    1986.", "Two other music videos are also featured within \"Money for\n    Nothing\". A Hungarian pop band Els\u0151 Emelet and their video\n    \"\u00c1llj Vagy L\u00f6v\u00f6k\" appears as \"Baby, Baby\" by \"First Floor\".\n    (The name \"els\u0151 emelet\" translates to \"first floor\".) Els\u0151\n    Emelet was extremely popular at the time in Hungary, although\n    their videos might not have appeared on Music Television. The\n    other is a fictional, supposed MTV video \"Sally\" by the Ian\n    Pearson Band (Pearson was one of the animators of the\n    video).", {"i": [{"#tail": "magazine interviewer in 1986 that Knopfler had\n    solicited Gibbons on how to replicate the tone, adding, \"He\n    didn't do a half-bad job, considering that I didn't tell him a\n    thing!\" Knopfler's \"not a half-bad job\" included his use of a\n    Gibson Les Paul guitar, which he used on a couple of other", "#text": "Musician"}, {"#tail": "tracks, rather than his usual (at the\n    time) Fender Stratocaster, plugged into a Marshall amplifier.\n    Another factor in trying to recreate the sound was a Wah-wah\n    pedal that was turned on, but only rocked to a certain\n    position.", "#text": "Brothers in Arms"}], "#text": "Knopfler modelled his guitar sound for the recorded track\n    after ZZ Top guitarist Billy Gibbons' trademark guitar tone, as\n    ZZ Top's music videos were already a staple of early MTV.\n    Gibbons later told a"}, {"i": {"#tail": "magazine listed it the 94th greatest guitar\n    song of all time, noting how Mark Knopfler \"traded his\n    pristine, rootsy tone for a dry, over-processed sound achieved\n    by running a Les Paul through a wah-wah pedal on a track that\n    became one of the network's earliest hits\".", "#text": "Rolling Stone"}}, "When Dire Straits performed \"Money for Nothing\" at the 1985\n    Live Aid Concert at Wembley Stadium, the performance featured a\n    guest appearance by Sting.", "Knopfler performed \"Money for Nothing\" using his Pensa-Suhr\n    signature MK-1 model guitar with a pair of Soldano SLO-100\n    tube/valve amplifier heads and Marshall speaker cabinets during\n    the Nelson Mandela 70th Birthday Tribute and Prince's Trust\n    concerts in 1988, as well as the Nordoff-Robbins charity show\n    at Knebworth in 1990 and the On Every Street world tours in\n    1991/1992. These versions featured extended guitar solos by\n    Knopfler, backed by Eric Clapton and Phil Palmer.", {"i": [{"#tail": ". As the title implies, this song merges the lyrics\n    from", "#text": "UHF"}, {"#tail": "theme song (\"The Ballad of Jed\n    Clampett\") with \"Money For Nothing\"'s tune. Dire Straits\n    members Mark Knopfler and Guy Fletcher perform guitar and\n    keyboards respectively on the track. The famous video also got\n    the \"Weird Al\" treatment, with the removal men replaced by\n    blocky, computer-generated versions of Jed Clampett and\n    Yankovic himself. The parody video was used as a dream sequence\n    midway through the film.", "#text": "The Beverly Hillbillies"}], "#text": "\"Weird Al\" Yankovic wrote a parody titled \"Money For\n    Nothing/Beverly Hillbillies*\" for his 1989 film"}, {"i": {"#tail": "also parodied this song, randomly calling\n    it \"Making Nice Curtains\". It features puppets of Mark and\n    David Knopfler singing about yuppies and that their music \"can\n    be played to your granny and aunts\". Sting appears as he does\n    in the real video to claim his \"royalty\", but is silenced as a\n    guitar hits him in the head.", "#text": "Spitting Image"}, "#text": "Satirical puppet show"}]}, "artist": "Dire Straits", "lengths": {"length": ["8:26 (full-length)", "7:04 (vinyl LP edit)", "4:38 (official single edit)", "4:05 (promo single edit)"]}, "title": "Money for Nothing", "recorded": "December 1984", "label": "Vertigo (UK) , Warner Bros (US)", "producers": {"producer": ["Mark Knopfler", "Neil Dorfsman"]}, "released": "June 1985", "writers": {"writer": ["Mark Knopfler", "Sting"]}, "formats": {"format": "Gramophone record"}, "weeks": {"week": ["1985-09-21", "1985-09-28", "1985-10-05"]}}}