{"top-song": {"album": "Fairy Tales", "genres": {"genre": "Pop ballad / R&B"}, "descr": {"p": ["\"Lately\" is a ballad recorded by R&B girl group Divine.\n    The song was released as the group's debut single in 1998.", {"i": {"#tail": ", the debut album of Irish singer Samantha\n    Mumba.", "#text": "Gotta Tell You"}, "#text": "A cover of \"Lately\" was recorded and released as the 5th\n    single in total from"}]}, "artist": "Divine", "lengths": {"length": "4:25"}, "title": "Lately", "recorded": "1997-1998", "label": "Pendulum", "producers": {"producer": ["John Howcutt", "Donald Parks"]}, "released": "August 25, 1998", "writers": {"writer": ["Will Baker", "Christopher Kelly", "Pete Woodruff"]}, "formats": {"format": "CD single"}, "weeks": {"week": "1998-11-28"}}}