{"top-song": {"album": "9 to 5 and Odd Jobs", "genres": {"genre": "Country"}, "descr": {"p": [{"i": {"#tail": ", starring Jane Fonda, Lily Tomlin, and\n    Parton in her film debut.", "#text": "Nine to Five"}, "#text": "\"9 to 5\" is the title of a Grammy-winning, number-one song\n    written and originally performed by Dolly Parton for the 1980\n    film comedy"}, {"i": {"#tail": "album, released in late 1980. The\n    song was released as a single in November 1980 and reached\n    number one on both the Billboard Country Chart and the\n    Billboard Hot 100 in January and February of 1981,\n    respectively. For a time, the song became something of an\n    anthem for office workers in the U.S., and as recently as 2004\n    Parton's song ranked number seventy-eight on American Film\n    Institute's \"100 years, 100 songs\".", "#text": "9 to 5 and Odd Jobs"}, "#text": "The film's title song garnered Parton an Academy Award\n    nomination and four Grammy Award nominations, winning her the\n    awards for \"Best Country Song\" and \"Best Country Vocal\n    Performance, Female\". In addition to appearing on the film\n    soundtrack, the song was the centerpiece of Parton's"}, "The song\u2014and film\u2014owe their titles to an organization\n    founded in 1973 with the aim of bringing about better treatment\n    for women in the workplace.", {"i": {"#tail": "made an educational parody of the song\n    performed by the Anything Muppet parody of Parton herself,\n    Polly Darton, called \"Counting 1 to 5\".", "#text": "Sesame Street"}}, "The song is one of the rare Billboard hits with the\n    endurance to hit number one, be replaced by another song at the\n    top spot (Eddie Rabbitt's \"I Love A Rainy Night\"), and then\n    return to the number one position three weeks later. It is also\n    one of the few Billboard chart songs to feature the clacking of\n    a typewriter. Parton has stated in a number of interviews\n    through the years that when she wrote the song, she devised the\n    clacking typewriter rhythm running her acrylic fingernails back\n    and forth against one another. [1]", {"i": {"#tail": "began previews in Los Angeles on September 9,\n    2008, and is slated to move to Broadway for the 2009 season,\n    with previews scheduled to begin at New York City's Marquis\n    Theatre on March 24, 2009.", "#text": "9 to 5"}, "#text": "The song is featured in a musical theater adaptation of the\n    film, featuring a book by the film's original writer, Patricia\n    Resnick, and 20 additional songs written by Dolly Parton."}, "A few months after Parton's song and the film, Scottish\n    singer Sheena Easton released a single called \"9 To 5\"\n    throughout much of the world. The Easton song was renamed\n    \"Morning Train (Nine to Five)\" to avoid confusion. Easton's\n    single reached the number one spot on Billboards Hot 100 Chart\n    three months after Parton's song left that spot. While Parton's\n    song features an empowered (if challenged) working woman,\n    Easton's song features a passive, love-struck woman waiting\n    around at home all day for her lover to return to her.", {"i": [{"#tail": ", and the song remains one of her most\n    famous country music recordings. The song was also covered by\n    Swedish punk band Millencolin and included in their 1999\n    compilation album The Melancholy Collection, a collection of\n    b-sides and rarities. Mark Wilson also sang \"9 to 5\" on", "#text": "Just Like a Woman"}, {"#tail": "with Rachael Beck. \"9 to 5\" was performed\n    with sitar accompaniment in the opening scenes of the 2008 film", "#text": "It Takes Two"}, {"#tail": ", sung by the titular character played by\n    Mike Myers; this version appears on the film's soundtrack\n    album.", "#text": "The Love Guru"}], "#text": "In 1981, Kikki Danielsson covered the song on her album"}, {"i": {"#tail": ".", "#text": "As Heard On Radio Soulwax Part 2"}, "#text": "Although the Parton recording only reached #47 in the UK, it\n    remains a popular song on radio and in nightclubs through\n    Britain and was spliced between \"Independent Women Part 1\" by\n    Destiny's Child and \"Eple\" by Royksopp for the Soulwax album"}, {"i": {"#tail": ".", "#text": "Karaoke Revolution Country"}, "#text": "The song appears on the game"}, "The music video depicts a slideshow on a blue\n    background."]}, "artist": "Dolly Parton", "title": "9 to 5", "recorded": "RCA Studios, Nashville ; 1980", "label": "RCA", "producers": {"producer": ["Mike Post", "Greg Perry"]}, "released": "November 1980", "writers": {"writer": "Dolly Parton"}, "weeks": {"week": ["1981-02-21", "1981-03-14"]}}}