{"top-song": {"weeks": {"week": "1958-08-18"}, "artist": "Domenico Modugno", "descr": {"p": ["\"Nel blu dipinto di blu\" (\"In the Blue Painted Blue\"),\n    popularly known as \"Volare\" (Italian for the infinitive form of\n    the verb \"to fly\"), is Domenico Modugno's signature song.", {"i": {"#tail": "s number-one single for the year. It is one of\n    only three one-hit wonders to become single of the year in the\n    history of the Hot 100 (followed by \"Stranger on the Shore\" by\n    Acker Bilk in 1962 and \"Bad Day\" by Daniel Powter in 2006).", "#text": "Billboard'"}, "#text": "Modugno's recording became the first Grammy winner for the\n    Grammy Award for Record of the Year and Grammy Award for Song\n    of the Year in 1958. It is the only foreign-language recording\n    to achieve this honor. It spent six weeks atop the Hot 100 in\n    August and September 1958 and was"}, "Written by Domenico Modugno (music and lyrics) and Franco\n    Migliacci (lyrics), \"Nel blu dipinto di blu\" was presented by\n    Domenico Modugno and Johnny Dorelli at the 1958 Sanremo Music\n    Festival, winning the contest and achieving instant popularity.\n    It was then chosen to represent Italy at the 1958 Eurovision\n    Song Contest, where it came third.", {"i": {"#tail": "(\"I\n    think that a dream like that will never return; I painted my\n    hands and my face blue, then was suddenly swept up by the wind\n    and started to fly in the infinite sky.\")", "#text": "\"Penso che un sogno cos\u00ec non ritorni mai pi\u00f9. Mi dipingevo\n    le mani e la faccia di blu; poi d'improvviso venivo dal vento\n    rapito, e incominciavo a volare nel cielo infinito.\""}, "#text": "The song is a ballad in a dramatic chanson style, in which\n    Modugno describes the feeling he has, which resembles flying\n    when with his lover. The song opens with a surreal prelude\n    which the cover versions often left out:"}, "The English lyrics were written by Mitchell Parish.\n    Alternative English lyrics were written in 1958 by Dame Gracie\n    Fields, and they were used in most concerts she performed in\n    from then until her death in 1979. She often changed the words\n    to suit her performance and age.", "The song was performed first on the night (preceding the\n    Netherlands' Corry Brokken with \"Heel De Wereld\"). At the end\n    of the voting, it had received 13 points, placing 3rd in a\n    field of 10.", "Due to a transmission fault, the song was not heard in all\n    countries transmitting the event, so it was performed at the\n    end as well, before the voting took place.", "It was succeeded as Italian representative at the 1959\n    contest by \"Piove (Ciao, ciao bambina),\" also performed by\n    Modugno.", {"i": [{"#tail": "\" in Russian; \"", "#text": "\u0412\u043e\u043b\u0430\u0440\u0435 (Volare)"}, {"#tail": "\" in French, \"", "#text": "Dans le bleu du ciel bleu"}, {"#tail": "\" in Spain, \"", "#text": "En el azul del cielo"}, {"#tail": "\" in Belgium, \"", "#text": "Jouw ogen"}, {"#tail": "\" in Finland and \"", "#text": "Taivaan siness\u00e4"}, {"#tail": "\" in Brazil and Latin America.", "#text": "Azul pintado de azul"}], "#text": "The song became widely known as \"Volare\", from its refrain,\n    and reached the top of the charts all over the world through\n    translations into various languages: \""}, {"i": {"#tail": "awarded Modugno a prize for best song of the\n    year, and he received three gold records from the recording\n    industry: best singer, best song, best-selling album.", "#text": "Billboard"}, "#text": "A year after the Eurovision, the 1st Grammy Awards ceremony\n    was held, and Modugno received awards for both Song of the Year\n    and Record of the Year."}, "The song's popularity endures, and it was voted as the\n    second favourite entry in the history of the Eurovision Song\n    Contest at the 50th anniversary concert in Copenhagen, Denmark,\n    2005.", {"i": {"#tail": "). An up-tempo Spanish version (partly in Italian)\n    was recorded by the Gipsy Kings in 1989.", "#text": "Vamp"}, "#text": "The song has been covered at least 100 times over the years.\n    Versions were quickly recorded after the initial success -\n    partly in English, partly in Italian - by The McGuire Sisters\n    and Dean Martin. Bobby Rydell had a hit with his version,\n    reaching #4 on the Hot 100 in the summer of 1960 (this version\n    was later played over the end credits of the 1986 movie"}, "The Argentinian music composer Bebu Silvetti arranged a\n    disco version of this song.", "Sergio Franchi sang the song, with modified lyrics, as the\n    television spokesman for the Plymouth Volar\u00e9 in the 1970s.", "A version was used by fans of Arsenal to serenade the\n    midfielder Patrick Vieira, and Manchester United fans have\n    created versions for cult heroes Diego Forlan and Nemanja\n    Vidi\u0107, as well as a parody of Arsenal's song for Vieira,\n    mocking the midfielder's error in the 1999 FA Cup Semi-Final\n    replay which led to Ryan Giggs' famous extra-time winner.", "It is also present in the video game Counter-Strike, within\n    the map \"de_volare.\"", {"i": {"#tail": "in the episode \"Double Identity\", the\n    character Dr. Sam Beckett is shown singing the song.", "#text": "Quantum Leap"}, "#text": "In the first season of"}, {"i": {"#tail": "featured Kristi Yamaguchi and Mark\n    Ballas dancing Samba to the Gipsy Kings version of the\n    song.", "#text": "Dancing with the Stars"}, "#text": "The 6th season of the American version of"}, {"i": {"#tail": "referred to the song in a witty version\n    performed by Newbomb Turk (Robert Wuhl) to the delight of a\n    High School Pep Rally audience, albeit with adverse reactions\n    from the sponsoring adults at the scene.", "#text": "Hollywood Knights"}, "#text": "The 1980 comedy classic film"}, {"i": {"#tail": ".", "#text": "A Fish Called Wanda"}, "#text": "Kevin Kline sings an excerpt from this song in the movie"}, "When ABBA\u2019s \"Waterloo,\" was voted as the \"all time favourite\n    song of the Eurovision Song Contest\" (Volare came second), the\n    creators Benny Andersson and Bj\u00f6rn Ulvaeus, said when they\n    received the prize", "I myself voted for \"Volare\" but I am pleased that so many\n    people voted for us.", {"span": [{"#text": "\"", "strong": {"#tail": "\"\u00a0\u00b7", "#text": "Nel blu dipinto di blu (Volare)"}}, "\"Mack the\n      Knife\"\u00a0\u00b7", "\"Theme from A Summer\n      Place\"\u00a0\u00b7", "\"Moon River\"\u00a0\u00b7", "\"I Left My Heart in San\n      Francisco\"\u00a0\u00b7", "\"Days of Wine and\n      Roses\"\u00a0\u00b7", "\"The Girl from\n      Ipanema\"\u00a0\u00b7", "\"A Taste of\n      Honey\"\u00a0\u00b7", "\"Strangers in the\n      Night\"\u00a0\u00b7", "\"Up, Up and\n      Away\"\u00a0\u00b7", "\"Mrs. Robinson\""]}, {"span": ["\"Aquarius/Let the Sunshine\n      In\"\u00a0\u00b7", "\"Bridge over Troubled\n      Water\"\u00a0\u00b7", "\"It's Too\n      Late\"\u00a0\u00b7", "\"The First Time Ever I Saw\n      Your Face\"\u00a0\u00b7", "\"Killing Me Softly with His\n      Song\"\u00a0\u00b7", "\"I Honestly Love\n      You\"\u00a0\u00b7", "\"Love Will Keep Us\n      Together\"\u00a0\u00b7", "\"This\n      Masquerade\"\u00a0\u00b7", "\"Hotel\n      California\"\u00a0\u00b7", "\"Just the Way You\n      Are\""]}, {"span": ["\"What a Fool\n      Believes\"\u00a0\u00b7", "\"Sailing\"\u00a0\u00b7", "\"Bette Davis\n      Eyes\"\u00a0\u00b7", "\"Rosanna\"\u00a0\u00b7", "\"Beat It\"\u00a0\u00b7", "\"What's Love Got to Do with\n      It\"\u00a0\u00b7", "\"We Are the\n      World\"\u00a0\u00b7", "\"Higher Love\"\u00a0\u00b7", "\"Graceland\"\u00a0\u00b7", "\"Don't Worry, Be\n      Happy\""]}, {"span": ["\"Wind Beneath My\n      Wings\"\u00a0\u00b7", "\"Another Day in\n      Paradise\"\u00a0\u00b7", "\"Unforgettable\"\u00a0\u00b7", "\"Tears in\n      Heaven\"\u00a0\u00b7", "\"I Will Always Love\n      You\"\u00a0\u00b7", "\"All I Wanna\n      Do\"\u00a0\u00b7", "\"Kiss from a\n      Rose\"\u00a0\u00b7", "\"Change the\n      World\"\u00a0\u00b7", "\"Sunny Came\n      Home\"\u00a0\u00b7", "\"My Heart Will Go On\""]}, {"span": ["\"Smooth\"\u00a0\u00b7", "\"Beautiful\n      Day\"\u00a0\u00b7", "\"Walk On\"\u00a0\u00b7", "\"Don't Know\n      Why\"\u00a0\u00b7", "\"Clocks\"\u00a0\u00b7", "\"Here We Go\n      Again\"\u00a0\u00b7", "\"Boulevard of Broken\n      Dreams\"\u00a0\u00b7", "\"Not Ready to Make\n      Nice\"\u00a0\u00b7", "\"Rehab\"\u00a0\u00b7", "\"Please Read the\n      Letter\""]}, {"span": "\"Use Somebody\""}]}, "title": "Nel Blu Dipinto Di Blu (Volare)"}}