{"top-song": {"album": "American Pie", "genres": {"genre": "Folk rock"}, "descr": {"p": ["American Pie part 2 (first release), Vincent (re-release,\n    cassette version),", "\"American Pie\" is a folk rock song by singer-songwriter Don\n    McLean.", {"i": {"#tail": "album in 1971, the single was a number-one\n    U.S. hit for four weeks in 1972. A re-release in 1991 did not\n    chart in the U.S., but reached number 12 in the UK. The song is\n    an oblique recounting of \"\" \u2014 the 1959 plane crash that killed\n    Buddy Holly, Ritchie Valens, The Big Bopper (Jiles Perry\n    Richardson, Jr.), and the pilot, Roger Peterson. The importance\n    of \"American Pie\" to America's musical and cultural heritage\n    was recognized by the Songs of the Century education project\n    which listed the song as the number five song of the twentieth\n    century. Some Top 40 stations initially played only side two of\n    the single, but the song's popularity eventually forced\n    stations to play the entire piece. \"American Pie\" is Don\n    McLean's signature song.", "#text": "American Pie"}, "#text": "Recorded and released on the"}, {"i": {"#tail": "album to Buddy Holly, none of the musicians\n    in the plane crash are identified by name in the song itself.\n    When asked what \"American Pie\" meant, McLean replied, \"It means\n    I never have to work again.\" Later, he more seriously\n    stated,", "#text": "American Pie"}, "#text": "The song is well known for its cryptic lyrics that have long\n    been the subject of curiosity and speculation. Although McLean\n    dedicated the"}, "McLean has generally avoided responding to direct questions\n    about the song lyrics (\"They\u2019re beyond analysis. They\u2019re\n    poetry.\") except to acknowledge that he did first learn about\n    Buddy Holly's death while folding newspapers for his paper\n    route on the morning of February 3, 1959 (the line \"February\n    made me shiver/with every paper I'd deliver\"). He also stated\n    in an editorial published on the 50th anniversary of the crash\n    in 2009 that writing the first verse of the song exorcised his\n    long-running grief over Holly's death.", "Despite this, many fans of McLean, amongst others, have\n    attempted an interpretation (see Interpretation Links); at the\n    time of the song's original release in late 1971, many American\n    AM and FM rock radio stations released printed interpretations\n    and some devoted entire shows discussing and debating the\n    song's lyrics, resulting in both controversy and intense\n    listener interest in the song. Some examples are the real-world\n    identities of the \"Jester\", \"King and Queen\", \"Satan\", \"Girl\n    Who Sang the Blues\" and other characters referenced in the\n    verses.", "Notable references are based on interpretations of the song\n    by Bob Dearborn and Jim Fann.", "A few cover versions have been made over the years. The\n    first English language cover version was by The Brady Bunch in\n    1972, but a Spanish translation sung by voice actor Francisco\n    Colmenero surfaced around Mexico in 1971. A very significant\n    version, also in Spanish, was recorded in 1984 by the\n    Nicaraguan singer Hernaldo Z\u00fa\u00f1iga. (Eduardo Fonseca recorded a\n    cover version of the translation in 2000.) Ska punk band Catch\n    22 made a ska version which became a staple of their live show,\n    released in several versions. Alternative rock band Killdozer\n    recorded a thrashing, ironic version of the song in 1989.", {"i": [{"#tail": ", Mott the Hoople opened mid-1970s concerts with\n    singer Ian Hunter performing the first verse on solo piano up\n    to the phrase", "#text": "Live"}, {"#tail": ". Hunter would then add \"or did\n    it?\", and the full band would segue into the next number.", "#text": "the day the music died"}], "#text": "As heard on"}, "Tori Amos performed the song often as a piano solo in her\n    live concerts, and country singer Garth Brooks also sang this\n    song during concerts in the early to mid 1990s. During Brooks'\n    \"Live in Central Park\" concert, he performed this song as a\n    duet with McLean himself at the end of the concert. The\n    audience, of over 100,000 people, was also invited to sing the\n    chorus near the end of the song.", {"i": {"#tail": ".", "#text": "Good Vibrations"}, "#text": "British a cappella group King's Singers covered the song for\n    their 1993 album"}, {"i": {"#tail": ".", "#text": "Footsteps"}, "#text": "Chris de Burgh covered the song in 2008 on the album"}, "Pearl Jam frontman Eddie Vedder has sung the chorus of\n    \"American Pie\" over the outro music of \"Daughter\" during select\n    live performances.", "It was also Hong Kong pop superstar Leslie Cheung's\n    breakthrough song.", {"i": {"#tail": "(2000). Her cover is much shorter\n    than the original (it contains only the beginning of the first\n    verse and all of the second and sixth verses) and was recorded\n    as a pop-dance song. Don McLean himself praised the cover,\n    saying it was \"a gift from a goddess\", and that her version is\n    \"mystical and sensual.\"", "#text": "The Next Best Thing"}, "#text": "American pop star Madonna released a cover version of the\n    song in March 2000 to promote the soundtrack to her film"}, {"i": [{"#tail": ", however this was not available on the North\n    American version. Madonna explained in a 2001 interview on BBC\n    Radio 1 with Jo Whiley, the reason that the song was omitted\n    from her 2001 greatest hits compilation", "#text": "Music"}, {"#tail": ": \"It was something a certain record company\n    executive twisted my arm into doing, but it didn't belong on\n    the (", "#text": "GHV2"}, {"#tail": ") album so now it's being punished\".", "#text": "Music"}], "#text": "Due to the success of the single, it was included as a bonus\n    track on her 2000 studio album"}, {"i": {"#tail": "and 1999 single \"Beautiful Stranger\".\n    Released in March 2000, the song was a big worldwide hit,\n    reaching number one in many countries, including the United\n    Kingdom, Canada, Australia, Italy, Germany (her first since \"La\n    Isla Bonita\", in 1987), Switzerland, Austria and Finland. The\n    song was the 19th best selling of 2000 in the UK. There was no\n    commercial single release in the US, but the single still\n    reached the number twenty-nine spot on s Hot 100, based on\n    airplay alone.", "#text": "Ray of Light"}, "#text": "The cover was produced by Madonna and William Orbit, who had\n    previously worked with her on the 1998 studio album"}, {"i": [{"#tail": ", and was released as the official video\n    worldwide. The second version was issued along with the \"Humpty\n    Remix\", a more upbeat and dance-friendly version of the song.\n    This video was aired on MTV's dance channel in the United\n    States to promote the film", "#text": "Celebration"}, {"#tail": ", starring Madonna and Rupert\n    Everett; it contains totally different footage and new outtakes\n    of the original and omits the lesbian kiss. Everett, who\n    provides backing vocals in the song, is also featured in the\n    video.", "#text": "The Next Best Thing"}], "#text": "The music video, directed by Philipp St\u00f6lzl, depicts a\n    diverse array of Americans, including a scene showing a lesbian\n    couple kissing, which resulted in the video being censored on\n    certain music shows in the United States. Two official versions\n    of the video were produced, the first of which now appears on\n    Madonna's greatest-hits DVD compilation,"}, {"i": {"#tail": "when opening for Jefferson Starship on\n    August 9, 2005, the tenth anniversary of Jerry Garcia's death.\n    Constanten altered the lyrics to allude to Jerry's death and\n    how he heard the news by a phone call from Bruce Hornsby.", "#text": "American Pie"}, "#text": "Former Grateful Dead keyboardist Tom Constanten played an\n    adapted version of"}, {"i": {"#tail": "(Maid Finland). While the original song\n    covered the American issues, Hector's version was likewise\n    \"translated\" to deal with the Finnish post WWII history and the\n    loss of innocence in Finnish culture.", "#text": "Suomi-Neito"}, "#text": "Finnish rock musician Hector (Heikki Harma) made a Finnish\n    cover of the song \"American Pie\" in 1971, under the name"}, "The Swedish folksinger Lalla Hansson recorder in the 80\u00b4s a\n    version in Swedish. The song is called \"Nalen\". The song is now\n    about Swedish music and the classic club \"Nalen\" in Stockholm,\n    Sweden.", "\"American Diet\" (\"I'm too heavy for my Chevy; I belong in a\n    sty...\"), played on radio stations in Baltimore, MD during the\n    late 1970s and early 80s.: re citation needed: cross reference\n    to the \"ink on dead tree\" Publication MUSICAL CHAS by the\n    \"Capital Hill Area Science Fiction and Narcissism Society\n    (CHASFANS)\" Issue 4, Volume 3, Number 1, Whole Number 5: Page\n    23-25. It references winter-spring of (19)77 WFBR-Baltimore,\n    playing a tape which was subsequently erased. The CHASFANS\n    attempted to remember it as best they could and was published\n    in the aforementioned document. The original citation belongs\n    to the person who sent WFBR the original tape.", "\"The day the routers died\" was written and performed by Gary\n    Feldman at the conclusion of the RIPE 55 meeting to point out\n    the urgency of IPv6 deployments.", {"i": {"#tail": ", In the episode \"Celebration Day (AKA\n    Graduation Day)\", (Season 5, episode 25),the character Michael\n    Kelso uses the music of \"American Pie\" to create a song\n    dedicated to Jackie Burkhart, and later, when confronted with\n    the fact that he ripped off McLean, claims that the \"American\n    Pie guy\" stole the music from him.", "#text": "That '70s Show"}, "#text": "On"}, "In 1983, Lauren Weinstein crafted \"The Day Bell System Died\"\n    about the breakup of AT&T. The song was very popular on the\n    Usenet.", "In 1984, Ken Kaufman offered up \"Network Pie\" , a song about\n    Usenet groups.", "At the 1984 Yale Law Revue, a satirical show performed by\n    Yale Law Students, a parody entitled \"The Year Yale Law School\n    Died\" featured entirely reworked lyrics, such as a reference to\n    \"The three men I admire least \u2013 Jay Katz, Klevorick and George\n    Priest.\"", "A version of American Pie was adapted in 1997 to the first\n    retirement of NHL legend, Mario Lemieux, entitled \"Bye Bye,\n    French-Canadian Guy\". The song was written by two brothers from\n    Pittsburgh, Michael Murphy and Bill Murphy. It was originally\n    aired on Pittsburgh-based radio station, WDVE. Often, it is\n    wrongfully credited to a Canadian parody band, The Arrogant\n    Worms.", "In 1998, the Christian parody band ApologetiX released a\n    parody of the song, entitled \"Parable Guy\", about Jesus'\n    ministries through the use of storytelling.", {"i": [{"#tail": "inspired lyrical adaptation of \"American Pie\".\n    Entitled \"The Saga Begins\", the song recounts the plot of", "#text": "Star Wars"}, {"#tail": "through the eyes\n    of Obi-Wan Kenobi. While McLean gave permission for the parody,\n    he did not make a cameo appearance in its video, despite\n    popular rumor. McLean stated he was very pleased with the\n    parody. He even admits to almost singing Yankovic's lyrics at\n    live shows, because his children played the song so often.", "#text": "Star Wars Episode I: The Phantom Menace"}], "#text": "In 1999, \"Weird Al\" Yankovic did a"}, "In late 2006, Brian Cooksey wrote an alternate version of\n    Weird Al's \"Saga Begins\", titled \"The Beginning (Y'shua Guy)\".\n    In this version, the verses begin with Genesis, continuing\n    through the Gospels and ending with the Resurrection of Jesus.\n    Though not a commercial success, the song resonates with those\n    who are familiar with the source material; Don McLean's\n    original and Weird Al's parody.", "The Jewish Summer Camp Song book, used at various Jewish\n    summer camps in the Northeast USA, includes the song but\n    changes the allusion to the trinity to \"the three men I admire\n    most, Abraham, Isaac, and Yaakov\". It also changes the line\n    \"the church bells all were broken\" to \"those wacky synagogue\n    bells were broken\".", "The Center for Talented Youth has been using this song at\n    their summer camps, every dance at every site, for a long time.\n    It has a great meaning to all the tens-hundreds of thousands of\n    people who have been there.", {"i": {"#tail": ", Colin Hanks and Nick Wechsler - trapped in an\n    underground cave filled with parasitic alien crystals and\n    running out of oxygen - sing the song while Max, Liz, Isabelle,\n    and Tess try to prevent them from being buried alive. The\n    episode, entitled \"How the Other Half Lives\", aired on February\n    19, 2001, and was the fourteenth of the season.", "#text": "Roswell"}, "#text": "In a season two episode of"}, {"i": {"#tail": "episode \"The Why of Fry\", upon finding\n    themselves trapped in a parallel universe for all eternity a\n    race of alien 'brains' are at a loss for what to do. One brain\n    suggested that they could sing \"American Pie\" to which a\n    depressed Fry replied, \"Go on, I deserve it.\"", "#text": "Futurama"}, "#text": "In the"}, {"i": {"#tail": "on the episode \"The Chair Model\" Michael and\n    Dwight sing American Pie at the cemetery mourning the death of\n    the chair model with whom Michael was infatuated.", "#text": "The Office"}, "#text": "On season 4 on NBC's"}, {"i": {"#tail": "features a dream sequence sung\n    supposedly by Tony Blair with lyrics referring to New\n    Labour:", "#text": "Bremner, Bird and Fortune"}, "#text": "The final episode of series 11 of"}, {"i": {"#tail": ", Hank remarks that \"You never realize\n    how 'American Pie' is seven minutes long until your boss makes\n    you sing it for karaoke.\"", "#text": "King Of The Hill"}, "#text": "In \"24 Hour Propane People\" of"}, "Seattle radio disc jockey Bob Rivers produced a parody\n    entitled \"American Pie Eulogy\" in which a singer impersonating\n    Don McLean's voice laments, \"Why did Madonna kill \"American\n    Pie\"? / Well, it\u2019s tragic, but my classic has been hung out to\n    dry / She might as well have poked a sharp stick in my eye /\n    She\u2019s making all the neighbor dogs cry.\"", {"i": [{"#tail": "(2000) and", "#text": "The Next Best Thing"}, {"#tail": "(1989).", "#text": "Born on the Fourth of July"}], "#text": "The Don McLean recording was used in the films"}, "The song was parodied on the AFL Footy Show in early 2009,\n    with Garry Lyon playing the part of McLean, and changing the\n    lyrics to become a lament of the pending introduction of a new\n    team to the Australian Football League.", "\"Pi, Pi, Mathematical Pi\" is another notable parody. Its\n    lyrics revolve around the history of pi.", "The comedian Paul Shanklin made a parody of the version sung\n    from Barack Obama's viewpoint regarding the healthcare plan for\n    America.", {"i": [{"#tail": ". The word, \"whiskey\" was blanked out because", "#text": "Band Hero"}, {"#tail": "was designed as a children's game, and\n    therefore couldn't include references to alcohol.", "#text": "Band Hero"}], "#text": "This song was featured in the music video game,"}, "Transcriptions"]}, "artist": "Don McLean", "lengths": {"length": ["8:33 (LP)", "4:11 (Single Part 1)", "4:31 (Single Part 2)"]}, "title": "American Pie", "recorded": "May 26, 1971", "label": "United Artists", "producers": {"producer": ["Ed Freeman for The Rainbow Collection", "Ltd."]}, "released": "October 1971 (first release) November 1991\n  (reissue)", "writers": {"writer": "Don McLean"}, "formats": {"format": ["vinyl record (original)", "CD", "cassette", "vinyl (reissue)"]}, "weeks": {"week": ["1972-01-15", "1972-01-22", "1972-01-29", "1972-02-05"]}}}