{"top-song": {"genres": {"genre": "Pop"}, "descr": {"p": ["\"Go Away, Little Girl\" is a popular song written by Gerry\n    Goffin and Carole King. The lyrics consist of a young man\n    asking an attractive young woman to stay away from him, so he\n    won't be tempted to betray his steady girlfriend by kissing\n    her. The song is notable for making the American Top 20 three\n    times: for Steve Lawrence in 1962 (US #1), for The Happenings\n    in 1966 (US #12), and for Donny Osmond in 1971 (US #1). It is\n    also the first song, and one of only nine songs, to reach US #1\n    by two different artists.", "In late 1962, Steve Lawrence released the original recording\n    of this song. The single reached number one on the Billboard\n    Hot 100 in January 1963 and remained in the top position for\n    two weeks. This recording also spent six weeks atop the U.S.\n    Easy Listening chart. It also went to #1 on the New Zealand\n    Lever chart and #18 in Canada.", "Mark Wynter's 1962 cover of the song on the Pye Records\n    label also made the UK Singles Chart, reaching number six in\n    Britain.", "Donny Osmond's cover version reached number one on the Hot\n    100 chart in September 1971. It remained in the top position\n    for three weeks. Osmond's version also went to #36 on the\n    Australian Go-Set chart.", "\"Go Away Little Girl\" has also been covered by numerous\n    other artists, such as Del Shannon, Bobby Vinton and Bobby Vee\n    ."]}, "artist": "Donny Osmond", "lengths": {"length": "2:12"}, "title": "Go Away Little Girl", "label": "Columbia Records", "released": "1962", "writers": {"writer": "Gerry Goffin and Carole King"}, "formats": {"format": "vinyl record (7\")"}, "weeks": {"week": ["1971-09-11", "1971-09-18", "1971-09-25"]}}}