{"top-song": {"album": "Bad Girls", "genres": {"genre": ["Disco", "New wave"]}, "descr": {"p": ["\"Heaven Knows\" (Brazil),", {"i": {"#tail": "album through Casablanca Records. Up to that\n    point, Summer had mainly been associated with disco songs but\n    this song also showed significant rock influences including the\n    guitar, which had never been used in a Donna Summer single\n    before. In fact the very intricate solo was played by Ex Doobie\n    Brother and Steely Dan guitarist Jeff \"Skunk\" Baxter.", "#text": "Bad Girls"}, "#text": "\"Hot Stuff\" is a hit single released by American disco\n    singer Donna Summer in 1979 as the first single release from\n    her"}, {"i": [{"#tail": "magazine's list of \"the 500 Greatest Songs\n    of All Time\". The songs also lists at #67 on", "#text": "Rolling Stone"}, {"#tail": "[1]", "#text": "Billboard's Greatest Songs of all time."}], "#text": "\"Hot Stuff\" would also win Summer the Grammy Award for Best\n    Female Rock Vocal Performance, making not only the first\n    African-American artist to achieve that feat, but also the\n    first woman to ever win a Grammy for Best Rock Vocal\n    Performance. It is ranked #103 on the"}, {"i": [{"#tail": ". The verses (which were slightly altered) and the\n    overall sound of the song are from Siobhan Fahey's \"Bitter\n    Pill\", but with the chorus of Summer's \"Hot Stuff\" and it was\n    renamed it \"Hot Stuff (I Want You Back)\". For the build up of\n    the 1998 FA Cup final, Arsenal covered the song, using samples\n    from the original, and replacing some lyrics, with descriptions\n    of the squad, who were to play in the final. Still in 1998\n    Mietta recorded an Italian language \"Hot Stuff (Musica che\n    scoppia)\" for her album", "#text": "PCD"}, {"#tail": ".", "#text": "La mia anima"}], "#text": "The track was covered in 1995 by DJ Miko, giving the tune a\n    contemporary dance music twist, and later partially covered by\n    The Pussycat Dolls in their 2005 debut album"}, "The most recent artist to cover the song is EliZe, a Dutch\n    popstar. Her version was released in September 2008 and is\n    currently charting on various charts in Europe.", "Allison Iraheta sang this song on American Idol Season 8 on\n    Disco Week.", {"i": {"#tail": ". During a press event on his 50th\n    birthday, Charles, Prince of Wales helped recreate the scene in\n    which the four main characters overhear the song while waiting\n    in line at the unemployment office.", "#text": "The Full Monty"}, "#text": "The song was memorably featured in the popular 1997 film"}, {"i": [{"#tail": "in the episode Angel Hair where it is sung\n    by Caroline Carver who plays popstar Sally Ellen Oakley. It\n    also forms a part of the soundtrack of the movie", "#text": "Jonathan Creek"}, {"#tail": ".", "#text": "Eurotrip"}], "#text": "The song is also featured prominently in an episode of the\n    British mystery television series"}, "Steve Allen did a \"poetic\" reading of \"Hot Stuff\" on one of\n    his 1980 television shows, along the lines of his \"poetic\"\n    readings of rock and roll songs he had done in the 1950s. At\n    one point, Allen solemnly intoned, \"Hot, hot, hot . . . stuff,\n    stuff, stuff.\"", "In 1981, it was adapted to a TV commercial in Australia\n    advertising the Four'N Twenty Pie.", "Professional Wrestler Hot Stuff Eddie Gilbert used it as his\n    theme song throughout the years til his passing in 1995.", {"i": {"#tail": ".", "#text": "Karaoke Revolution Volume 2"}, "#text": "The song appears on the video game"}, {"i": {"#tail": "in which Carrie Bradshaw is a guest\n    celebrity judge on Staten Island for the New York City Fire\n    Department's \"Calendar Contest\". \"Bad Girls\" is then played as\n    the female characters dance afterwards.", "#text": "Sex and the City"}, "#text": "\"Hot Stuff\" is the background song in Episode 31 of"}, {"i": {"#tail": ".", "#text": "The Disco Ball"}, "#text": "The song was performed by Roselyn S\u00e1nchez for the 2003 TV\n    special"}, {"i": {"#tail": "[2] The song also\n    topped the U.S. Hot Dance Club Play chart, with Summer's\n    follow-up \"Bad Girls\" as a double A-side. The popular 12\"\n    single edition of the song plays the full 6:47 version of the\n    song and then segues into \"Bad Girls\" 4:55 version.", "#text": "Billboard's Greatest Songs of all time."}, "#text": "Hot stuff was certified Platinum by the RIAA and remained at\n    number one on the Billboard Hot 100 chart for three\n    non-consecutive weeks. The songs also lists at #67 on"}, {"span": [{"i": {"#tail": "(1974)\u00a0\u00b7", "#text": "Lady of the Night"}}, {"i": {"#tail": "(1975)\u00a0\u00b7", "#text": "Love to Love You Baby"}}, {"i": {"#tail": "(1976)\u00a0\u00b7", "#text": "A Love Trilogy"}}, {"i": {"#tail": "(1976)\u00a0\u00b7", "#text": "Four Seasons of Love"}}, {"i": {"#tail": "(1977)\u00a0\u00b7", "#text": "I Remember Yesterday"}}, {"i": {"#tail": "(1977)\u00a0\u00b7", "#text": "Once Upon A Time"}}, {"i": {"#tail": "(1979)\u00a0\u00b7", "#text": "Bad Girls"}}, {"i": {"#tail": "(1980)\u00a0\u00b7", "#text": "The Wanderer"}}, {"i": {"#tail": "(1981)\u00a0\u00b7", "#text": "I'm a Rainbow"}}, {"i": {"#tail": "(1982)\u00a0\u00b7", "#text": "Donna Summer"}}, {"i": {"#tail": "(1983)\u00a0\u00b7", "#text": "She Works Hard for the Money"}}, {"i": {"#tail": "(1984)\u00a0\u00b7", "#text": "Cats Without Claws"}}, {"i": {"#tail": "(1987)\u00a0\u00b7", "#text": "All Systems Go"}}, {"i": {"#tail": "(1989)\u00a0\u00b7", "#text": "Another Place and Time"}}, {"i": {"#tail": "(1991)\u00a0\u00b7", "#text": "Mistaken Identity"}}, {"i": {"#tail": "(1994)\u00a0\u00b7", "#text": "Christmas Spirit"}}, {"i": {"#tail": "(2008)", "#text": "Crayons"}}]}, {"span": [{"i": {"#tail": "(1978)\u00a0\u00b7", "#text": "Live and More"}}, {"i": {"#tail": "(1999)", "#text": "Live & More Encore"}}]}, {"span": [{"i": {"#tail": "(1979)\u00a0\u00b7", "#text": "On the Radio: Greatest Hits Volumes 1 &\n      2"}}, {"i": {"#tail": "(1985)\u00a0\u00b7", "#text": "The Summer Collection: Greatest\n      Hits"}}, {"i": {"#tail": "(1987)\u00a0\u00b7", "#text": "The Dance Collection: A Compilation of Twelve Inch\n      Singles"}}, {"i": {"#tail": "(1993)\u00a0\u00b7", "#text": "The Donna Summer Anthology"}}, {"i": {"#tail": "(1994)\u00a0\u00b7", "#text": "Endless Summer"}}, {"i": {"#tail": "(2003)\u00a0\u00b7", "#text": "The Ultimate Collection"}}, {"i": {"#tail": "(2003)\u00a0\u00b7", "#text": "The Journey: The Very Best of Donna\n      Summer"}}, {"i": {"#tail": "(2005)", "#text": "Gold"}}]}, {"span": ["\"Love to Love You Baby\"\n      \u00a0\u00b7", "\"I Feel Love\" \u00a0\u00b7", "\"I Love You\" \u00a0\u00b7", "\"Last Dance\" \u00a0\u00b7", "\"MacArthur Park\"\n      \u00a0\u00b7", "\"Heaven Knows\"\n      \u00a0\u00b7", {"#text": "\"", "strong": {"#tail": "\" \u00a0\u00b7", "#text": "Hot Stuff"}}, "\"Bad Girls\" \u00a0\u00b7", "\"Dim All the Lights\"\n      \u00a0\u00b7", "\"No More Tears (Enough Is\n      Enough)\" \u00a0\u00b7", "\"On the Radio\"\n      \u00a0\u00b7", "\"Walk Away\" \u00a0\u00b7", "\"The Wanderer\"\n      \u00a0\u00b7", "\"Cold Love\" \u00a0\u00b7", "\"Who Do You Think You're\n      Foolin'\" \u00a0\u00b7", "\"Love Is in Control (Finger\n      on the Trigger)\" \u00a0\u00b7", "\"The Woman in Me\"\n      \u00a0\u00b7", "\"She Works Hard for the\n      Money\" \u00a0\u00b7", "\"There Goes My Baby\"\n      \u00a0\u00b7", "\"This Time I Know It's for\n      Real\""]}]}, "artist": "Donna Summer", "lengths": {"length": ["7\" - 3:47", "12\" - 6:47", "Album - 5:16"]}, "title": "Hot Stuff", "recorded": "1979", "label": "Casablanca", "producers": {"producer": ["Giorgio Moroder", "Pete Bellotte"]}, "released": "1979", "writers": {"writer": ["Pete Bellotte", "Harold Faltermeyer", "Keith Forsey"]}, "formats": {"format": ["7\" single", "12\" single"]}, "weeks": {"week": ["1979-06-02", "1979-06-16", "1979-06-23"]}}}