{"top-song": {"album": "A Tramp\n  Shining", "descr": {"p": ["\"MacArthur Park\" is a song written by Jimmy Webb. Originally\n    written as part of an intended cantata rejected by The\n    Association, it was first recorded by Richard Harris in 1968\n    and then covered by many other performers. One of the best\n    known covers of the song is Donna Summer's 1978 disco hit.\n    Maynard Ferguson, Stan Kenton, and Woody Herman all performed\n    dynamic big band jazz versions.", {"i": [{"#tail": "and specifically named the park in Los\n    Angeles as the place where he and his then girlfriend would\n    meet. Unusually, the title on the disc and record cover art is\n    spelled with a space between", "#text": "Los Angeles Times"}, {"#tail": "and", "#text": "Mac"}, {"#tail": ".", "#text": "Arthur"}], "#text": "Although it is unclear as to whether the name applies to the\n    MacArthur Park in Los Angeles, California, or in Little Rock,\n    Arkansas (the latter contains Douglas MacArthur's birthplace),\n    in 2007, Webb gave an interview to the"}, "The lyrics, which include the memorable line \"Someone left\n    the cake out in the rain\", are more symbolic than descriptive,\n    beginning as a poem about love, then moving into a lover's\n    lament.", "\"MacArthur Park\" is unusually complex for a pop song. The\n    music can be split roughly into four sections, or themes.", {"#text": "The first theme contains the verses and chorus, and the\n    lyrics begin: \"Spring was never waiting for us girl.\" Fanfares\n    in 9/8 time interrupt the 4/4 time of the song by adding an\n    additional beat to the end of each phrase. This section centers\n    on Dm, the fanfares center on A", "span": {"#tail": ", and the chorus centers on C major.", "#text": "\u266d"}}, {"#text": "The second theme is a slow lamenting melody, and starts:\n    \"There will be another song, for me.\" It is in F, and contains\n    many Maj7 and a few M7", "span": {"#tail": "5 chords. At the end of this it briefly goes back into the\nopening theme.", "#text": "\u266d"}}, {"#text": "The third theme is a fast paced instrumental, centered\n    around G minor. It contains a lot of V/I style chords. The\n    theme chords climb diatonically over a droning bass line. It\n    then goes to an ascension of notes based on the chords G", "span": [{"#tail": ", B", "#text": "\u266d"}, {"#tail": ", D", "#text": "\u266d"}, {"#tail": ", and resolves to F.", "#text": "\u266d"}]}, {"#text": "The first and fourth themes are similar, but have some\n    differences. The \"MacArthur's park is melting\" starts this time\n    in F, not C. And instead of the line \"I don't think that I can\n    take it\" starting on a I/III, it starts on a VI, and descends.\n    The finale concludes with a phrase similar to the opening theme\n    (but in A", "span": [{"#tail": "instead of a Dm). The final chord is a B", "#text": "\u266d"}, {"#tail": ".", "#text": "\u266d"}]}, {"i": {"#tail": "in 1968 and was released as a single. It\n    was an unusual single, running for more than seven minutes,\n    with a long, climactic orchestral break. Harris's topped the\n    music charts in Europe and peaked at number two on the U.S.\n    charts. The song peaked at #10 in Billboard's Easy Listening\n    survey, and was #8 for the year on WABC's overall 1968\n    chart.", "#text": "A Tramp Shining"}, "#text": "The song was first recorded by Richard Harris on his album"}, "Harris sings the song's final chorus at an elevated pitch\n    near the top of his falsetto range.", "Throughout his recording, Harris can be heard using the\n    incorrect possessive form, \"MacArthur's Park\". Webb has said he\n    tried correcting Harris during re-takes, but gave up when he\n    simply could not (or would not) sing the correct words.", "This song went on to win a Grammy for Best Orchestration in\n    1969.", {"i": [{"#tail": ", ran to 8:40 in its full-length version.\n    The shorter single edit of the song was Summer's first single\n    to reach number one on the Billboard Hot 100. The 17:47 long\n    medley \"MacArthur Park Suite\", which incorporates the songs\n    \"One of a Kind\" and \"Heaven Knows\", was also issued as a 12\"\n    (30\u00a0cm) promo, which stayed at number one on the", "#text": "Live and More"}, {"#tail": "Hot Dance Club Play chart for five weeks in\n    1978. The releases on \"Live and More\" and the 12\" promo are\n    noticeably different in the editing of the two accompanying\n    songs, with the 12\" including more of \"Heaven Knows\" and less\n    of \"One of a Kind\" than the \"Live and More\" version.", "#text": "Billboard"}], "#text": "A multi-million selling disco version of the song by Donna\n    Summer topped the U.S. charts for three weeks in 1978. Her\n    recording, which was included as part of the \"MacArthur Park\n    Suite\" on her double album"}, "The song was not included on the \"Live and More\" CD release\n    due to time limitation; however it is available on \"The Dance\n    Collection\" released in 1987.", "The song has been covered more than fifty times, including\n    versions by:", "Other notable covers include the following:", "\"MacArthur Park\"'s odd metaphors and sentimentality have\n    made it a frequent target of parody and ridicule over the\n    years.", {"i": {"#tail": ") of the worst songs ever.\n    Barry's readers selected Harris's version of \"MacArthur Park\"\n    as the worst song ever recorded, both in terms of \"Worst\n    Lyrics\" and \"Worst Overall Song\".", "#text": "Dave Barry's Book of Bad Songs"}, "#text": "In 1992, humorist Dave Barry conducted a poll among his\n    readers (as recorded in"}, {"i": {"#tail": ", in which Dave Thomas, playing Richard Harris, sang\n    a version of the song that appears to never end.", "#text": "SCTV"}, "#text": "The song was also once parodied in a 1981 episode of"}]}, "artist": "Donna Summer", "lengths": {"length": "7:21"}, "title": "MacArthur Park", "label": "Dunhill", "producers": {"producer": "Jimmy Webb"}, "released": "1968-05-11", "writers": {"writer": "Jimmy Webb"}, "formats": {"format": "7\""}, "weeks": {"week": ["1978-11-11", "1978-11-18", "1978-11-25"]}}}