{"top-song": {"album": "Bad Girls", "genres": {"genre": "Disco"}, "descr": {"p": ["\"Bad Girls\" is a critically acclaimed 1979 single released\n    by American singer Donna Summer. Co-written by Summer and the\n    Brooklyn Dreams. The inspiration for her to write the song came\n    after one of her assistants was offended by a police officer\n    who thought she was a street prostitute. A rough version of the\n    song had originally been written a couple of years before its\n    release. Neil Bogart, upon hearing it, wanted Donna to give it\n    to Cher for her upcoming album. Donna refused and put it away\n    for a couple of years.", {"i": {"#tail": "pop, R&B and dance singles charts\n    simultaneously becoming, alongside \"Hot Stuff\", her most\n    successful single. The song helped the the album of the same\n    name to reach the multi-platinum status in the United States. A\n    12\" single of the song was released as a medley with \"Hot\n    Stuff\". Although \"Hot Stuff\" was extended for the 12\" single,\n    \"Bad Girls\" remained in the 4:55 album version. A \"Bad Girls\"\n    12\" single with a time of 6:55 was produced but never released\n    commercially. A demo version of the song was released on the\n    \"Deluxe Edition\" of the \"Bad Girls\" cd.", "#text": "Billboard"}, "#text": "The song became a number-one hit on the"}]}, "artist": "Donna Summer", "lengths": {"length": ["4:55 (Album version)", "3:56 (7\" version)"]}, "title": "Bad Girls", "recorded": "1979", "label": "Casablanca", "producers": {"producer": ["Giorgio Moroder", "Pete Belotte"]}, "released": "1979", "writers": {"writer": ["Donna Summer", "Eddie Hokenson", "Bruce Sudano", "Joe \"Bean\" Esposito"]}, "formats": {"format": ["7\" single", "12\" single"]}, "weeks": {"week": ["1979-07-14", "1979-07-21", "1979-07-28", "1979-08-04", "1979-08-11"]}}}