{"top-song": {"album": "Sunshine\n  Superman", "genres": {"genre": "Psychedelia Psychedelic Folk"}, "descr": {"p": ["\"Sunshine Superman\" is a song written and recorded by\n    Scottish singer-songwriter Donovan. The \"Sunshine Superman\"\n    single was released in the United States through Epic Records\n    (Epic 5-10045) in July 1966, but due to a contractual dispute\n    the United Kingdom release was delayed until December 1966,\n    where it appeared on Donovan's previous label, Pye Records (Pye\n    7N 17241). The \"Sunshine Superman\" single was backed with \"The\n    Trip\" on both the United States and United Kingdom releases. It\n    has been described as having, \"proven to be [one of the]\n    classics of the era,\" and as, \"the quintessential bright summer\n    sing along\".", {"i": {"#tail": ". A different mix of \"The Trip\"\n    (without harmonica) is also included in the album. It was the\n    first product from the highly successful three-year\n    collaboration between Donovan and producer Mickie Most and is\n    generally considered to be one of the first examples of the\n    musical genre that came to be known as psychedelia.", "#text": "Sunshine Superman"}, "#text": "\"Sunshine Superman\" reached the top of the Billboard Hot 100\n    in the United States, and subsequently became the title track\n    of Donovan's third album,"}, "The song was written personally for Donovan's future wife\n    Linda Lawrence.", "The lyrics of the song mention not only Superman, but also\n    another DC Comics superhero, Green Lantern.", "Chart positions were #1 (US), #2 (UK).", {"i": {"#tail": "(1969)", "#text": "Donovan's Greatest Hits"}, "#text": "A longer version (4:23) was released on"}, {"i": {"#tail": "(1989)", "#text": "Donovan's Greatest Hits and More"}, "#text": "An even longer verison (4:34) was released on"}, {"i": [{"#tail": ", the New York punk band Alice\n    Donut on their debut album", "#text": "Everything Falls Apart"}, {"#tail": ", Canadian folk rock group Spirit of\n    the West on the 1992 Donovan tribute album", "#text": "Donut Comes Alive"}, {"#tail": "by Jewel, the American\n    singer/songwriter, for the soundtrack of the 1996 film", "#text": "Island of Circles,"}, "I Shot Andy Warhol. It was covered by The Films for the\n    Sound of Superman, a companion album to 2006 film Superman\n    Returns."], "#text": "The song has been covered by H\u00fcsker D\u00fc on their 1983 album,"}, {"i": {"#tail": "(Reprise 6337), as has Mel\n    Torme.", "#text": "The Whole Enchilada."}, "#text": "Trini Lopez included a version of the song on his Reprise\n    Records album"}, "On August 9th 1969 in Atlantic City - Recorded Live on \"Move\n    Your Hand\" by Dr. Lonnie Smith", "In 1997, the song was sampled by Imani Coppola for her\n    single, \"Legend of a Cowgirl\".", "In 2005 Rickie Lee Jones covered the song on \"Duchess of\n    Coolsville: An Anthology\"", "In 2006 the song was used in a TV advertisement for Magners\n    Irish cider.", "In 2010 a cover of the song was used by Honda for their\n    Accord Crosstour", {"i": [{"#tail": "by creating Sunshine Superman, an African\n    American version of Superman who was a member of the Love\n    Syndicate of Dreamworld, from a world based on the drug culture\n    of the 1960s. Sunshine Superman and his world were wiped out by\n    the Crisis on Infinite Earths, only to be brought back by the\n    Psycho-Pirate before fading away again. Sunshine Superman\n    returned for a brief, non-speaking cameo in", "#text": "Animal Man"}, {"#tail": "#7, in an army of alternate Supermen..", "#text": "Final Crisis"}], "#text": "Writer Grant Morrison referenced the song in an issue of"}, "Also Covered by Dr .Lonnie Smith Recorded Live on \"Move Your\n    Hand\" in Atlantic City August 9th 1969"]}, "artist": "Donovan", "lengths": {"length": ["3:15 (Side A)", "4:34 (Side B)"]}, "title": "Sunshine Superman", "recorded": "Abbey Road Studios : January 1966", "label": "Epic 5-10045 (US) , Pye 7N17241 (UK)", "producers": {"producer": "Mickie Most"}, "released": "July 1966 (US) , December 1966 (UK)", "writers": {"writer": "Donovan"}, "formats": {"format": "7\""}, "weeks": {"week": "1966-09-03"}}}