{"top-song": {"album": "Calamity Jane", "genres": {"genre": "Traditional pop"}, "descr": {"p": [{"i": {"#tail": "by Doris Day. It received an Academy Award\n    for Best Original Song. Doris Day also recorded the\n    best-selling record of the song, which reached #1 on both the\n    Billboard and Cash Box charts in 1954. The record was made on\n    August 5, 1953. The recording was released by Columbia Records\n    as catalog number 40108.", "#text": "Calamity Jane"}, "#text": "\"Secret Love\" is a popular song written in 1953 with music\n    by Sammy Fain and lyrics by Paul Francis Webster. Its first\n    performance was in the film"}, {"i": {"#tail": ".\n    The original version from the April 1962 with an arrangement by\n    Geoff Love was only available in Australia (MGM Records\n    S027592) and New Zealand (MGM Records MCS 5017). All other\n    world wide releases that album included a version with a new\n    orchestration recorded in April 1963 with an arrangement by Don\n    Costa.", "#text": "Connie Francis sings Award Winning Motion Picture Hits"}, "#text": "The Moonglows recorded an R&B version for Chance Records\n    in January 1954, released in February, 1954.[3] Connie Francis\n    recorded the song on April 27, 1962 at RCA Italiana Studios in\n    Rome for her album"}, "British singer Kathy Kirby recorded an upbeat version of the\n    song in 1963. It made the top 10 in the UK and in\n    Australia.", "Bronx female group, The Chiffons recorded a Motownesque\n    version for Bright Tunes in 1965, but it wasn't released until\n    1969 on B.T. Puppy Records, and overseas on various labels in\n    1970.", {"i": {"#tail": "Hot Country Singles chart and a number twenty\n    hit on the Billboard Hot 100. Fender's version was not the\n    first time country audiences had heard the song; Slim Whitman\n    had a major hit of his own in 1954 with the song.", "#text": "Billboard"}, "#text": "Freddy Fender recorded \"Secret Love\" in his 2002 release La\n    Musica de Baldemar Huerta. His 1975 bi-lingual version was a\n    number-one hit on the"}, {"i": {"#tail": "soundtrack. Doris Day's version was used\n    in the actual movie.", "#text": "Mona Lisa Smile"}, "#text": "Mandy Moore covered the song on the"}, "Spike Jones did a version of the song in the style of a\n    Cuban Mambo band of the 1950s.", "It has also been covered by Jos\u00e9 Hoebee, a Dutch pop singer\n    (ex-member of the girl group Luv'), who reached number 11 in\n    the Dutch Top 40 with her version in the autumn of 1982.", "Anne Murray recorded a cover of the song for her album\n    \"Croonin'\" (1993).", {"i": {"#tail": "in 1956.", "#text": "Squeeze Play"}, "#text": "John Serry, Sr. arranged and recorded this composition with\n    his ensemble on Dot Records (DLP-3024) for his album entitled"}, {"i": {"#tail": ".", "#text": "Over the Rainbow"}, "#text": "Cerys Matthews recorded a cover version for the Children's\n    Hospice charity album,"}, {"i": {"#tail": ".", "#text": "My Name is Allan"}, "#text": "Allan Sherman has a light-hearted parody called \"Secret\n    Code\" on his 1965 LP"}, {"i": [{"#tail": "(1995). The song is also shown in a\n    clip from the original", "#text": "The Celluloid Closet"}, {"#tail": "movie, starring Doris Day.", "#text": "Calamity Jane"}], "#text": "k.d. lang made a cover of the song, to be played during the\n    closing credits of the documentary"}, "Lord Tanamo did a live version of \"Secret Love\" until it was\n    recorded with Tommy McCook in 1997. Since then The Allstonians\n    have been covering the song and plan on recording it in the\n    near future.", "Soul singer Billy Stewart hit the Billboard Top 30 in 1966\n    with his wild re-make.", {"i": {"#tail": ".", "#text": "Songs from the Last Century"}, "#text": "George Michael made a cover version for his 1999 album"}, "Manuel Galb\u00e1n & Ry Cooder instrumental version on cd\n    \"Mambo Sinuendo\" (2003)", "3. Disco-File, 3rd Ed., Gonzalez, Fernando L."]}, "artist": "Doris Day", "lengths": {"length": "3:38"}, "title": "Secret Love", "recorded": "1953", "label": "Columbia 40108", "released": "1953-10-09", "writers": {"writer": "Sammy Fain and Paul Francis Webster"}, "formats": {"format": ["7\" (45rpm)", "10\" (78rpm)"]}, "weeks": {"week": "1954-02-27"}}}