{"top-song": {"genres": {"genre": ["Rock", "New Wave"]}, "descr": {"p": ["\"A View to a Kill\" is the thirteenth single by Duran Duran,\n    released in May 1985.", {"i": [{"#tail": ", and it remains the only James Bond\n    theme song to have reached #1 on the Billboard Hot 100; it also\n    made it to #2 for 3 weeks on the UK Singles Chart, held off the\n    top spot by \"19\" by Paul Hardcastle. In 1986, John Barry and\n    Duran Duran were nominated for the Golden Globe Award for Best\n    Original Song for", "#text": "A View to a Kill"}, {"#tail": ". Many fans around the world acclaim it\n    by its famous phrase, \"Dance Into The Fire\".", "#text": "A View to a Kill"}], "#text": "It was a stand-alone single, created for the James Bond\n    movie"}, "The song was the last track that the original five members\n    of Duran Duran recorded together until their reunion sixteen\n    years later, in 2001. It was played at their final 1985\n    performance together before splitting for the very first time,\n    at Live Aid in Philadelphia. The single was at #1 on the\n    Billboard Hot 100 at the time they performed it on that\n    historic event.", "The song was written by Duran Duran and John Barry, and\n    recorded at Maison Rouge Studio and CTS Studio in London with a\n    60-piece orchestra.", {"i": {"#tail": "to do one of your theme songs?\" This inauspicious\n    beginning led to some serious talks, and the band was\n    introduced to Bond composer John Barry, and also Jonathan Elias\n    (whom Duran Duran members would later work with many times). An\n    early writing meeting at Taylor's flat in Knightsbridge led to\n    everyone getting drunk instead of composing.", "#text": "decent"}, "#text": "Duran Duran was chosen to do the song after bassist John\n    Taylor (a lifelong Bond fan) approached producer Cubby Broccoli\n    at a party, and somewhat drunkenly asked \"When are you going to\n    get someone"}, "Singer Simon Le Bon said of Barry: \"He didn't really come up\n    with any of the basic musical ideas. He heard what we came up\n    with and he put them into an order. And that's why it happened\n    so quickly because he was able to separate the good ideas from\n    the bad ones, and he arranged them. He has a great way of\n    working brilliant chord arrangements. He was working with us as\n    virtually a sixth member of the group, but not really getting\n    on our backs at all.\"", "The song was finally completed in April 1985, and was\n    released worldwide in May the same year.", {"i": {"#tail": "film, including those featuring Moore\n    and Jones on the Eiffel Tower, so that it appears the actors\n    and the band are participating in the same storyline.", "#text": "A View to a Kill"}, "#text": "The song was accompanied by a tongue-in-cheek video filmed\n    in June 1985. It was directed by the duo Godley & Creme\n    (who had also directed their 1981 video for \"Girls on Film\".)\n    The video cast the band members as spies and assassins\n    scampering all over the Eiffel Tower, in a rather tangled\n    thicket of half-sketched storylines. Band members execute many\n    actions: Roger Taylor sends out his probe-cams from inside his\n    mobile HQ to patrol around the whole Eiffel Tower, Nick Rhodes\n    takes pictures with his spy cam, John Taylor supposedly gives a\n    \"helping hand\" to Bond (Roger Moore) by shooting at May Day\n    (Grace Jones) with his hidden \"binnoculars-camouflaged\" gun\n    while Andy Taylor directs his sonic accordion attacks upon Nick\n    as Simon Le Bon wanders about, using a portable cassette player\n    to set off a series of explosions elsewhere in the world. These\n    shots are intercut with a few scenes taken from the"}, "At the end of the video, a woman approaches Le Bon asking\n    him \"Excuse me! And you?\", then he finishes with a spoof of\n    Bond's signature introduction, smarmily introducing himself:\n    \"Bon. Simon Le Bon.\" After saying this, he looks at his fake\n    cassette player only to notice it programmed the Eiffel Tower\n    to explode inmediately. However, instead of the entire tower\n    collapsing, a postcard with a picture of Eiffel Tower, that is\n    being sold at a tourist stand on the ground floor explodes as a\n    gunbarrel closes to end the video.", "The b-side was an instrumental piece orchestrated by John\n    Barry, titled \"A View To A Kill (That Fatal Kiss)\".", "It is thought that there was no 12\" remix for the song\n    because the band ran out of time. However, Capitol Records did\n    commission and receive at least one remix of the track.", "In addition BBC Radio 1 (in the UK) played one extended\n    version of the track which included the well-known \"I expect\n    you to die\" quote from Goldfinger as a one-off promotion around\n    the time the single was released. An unofficial DJ Service\n    remix called \"A View to a kill (Art of Mix)\" has appeared on\n    various DJ and bootleg compilations. There is also a fan-made\n    remix which combines the whole Duran Duran's version with some\n    sampled scores from its film and an orchestral score completely\n    based upon that of the band's. It was named as \"A View To A\n    Kill (Saint Ken Extended Remix)\".", {"i": [{"#tail": "has a more disco/house sound as compared\n    to that of Duran Duran's. Shirley Bassey covered the song, as\n    she did with all of the Bond songs (up to GoldenEye) for an\n    album- however, she wasn't satisfied with the quality, so the\n    album was never released. Finnish Melodic Death Metal band\n    Diablo has covered the song, so has Finnish symphonic metal\n    cover supergroup Northern Kings. In 2008, the song was covered\n    with a bossa feeling by former Morcheeba singer Skye on the\n    cover album", "#text": "A View to a Kill"}, {"#tail": ".", "#text": "Hollywood Mon Amour"}], "#text": "Cover versions have been recorded by popular Welsh band\n    Lostprophets, Canadian punk band Gob, and Australian band\n    Custard. In 2006 the Chilean band Los MOX! recorded a new and\n    heavier version of the song for their album titled \"... con\n    cover\" Another cover version of the song was created in 1985 by\n    a euro disco group called DJ's Factory. This cover of"}, "M\u00e5ns Zelmerl\u00f6w performed a live version of the song at the\n    beginning of the Andra Chansen round of Melodifestivalen 2010\n    in \u00d6rebro, Sweden.", "Albums:", {"span": ["\u00b7", "\u00b7", "\u00b7", ", Andy Taylor\u00a0\u00b7", "Warren\n      Cuccurullo\u00a0\u00b7", "Sterling\n      Campbell\u00a0\u00b7", "Stephen Duffy\u00a0\u00b7", "Simon Colley\u00a0\u00b7", "Andy Wickett\u00a0\u00b7", "Alan Curtis\u00a0\u00b7", "Jeff Thomas"]}, {"span": [{"i": "Duran Duran\u00a0\u00b7"}, {"i": "Rio\u00a0\u00b7"}, {"i": "Seven and the Ragged Tiger\u00a0\u00b7"}, {"i": "Notorious\u00a0\u00b7"}, {"i": "Big Thing\u00a0\u00b7"}, {"i": "Liberty\u00a0\u00b7"}, {"i": "Duran Duran\u00a0\u00b7"}, {"i": "Thank You\u00a0\u00b7"}, {"i": "Medazzaland\u00a0\u00b7"}, {"i": "Pop Trash\u00a0\u00b7"}, {"i": "Astronaut\u00a0\u00b7"}, {"i": "Red Carpet Massacre"}]}, {"i": ["Live at Hammersmith 82!\u00a0\u00b7", "Arena"]}, {"span": [{"i": "Carnival\u00a0\u00b7"}, {"i": "Master Mixes\u00a0\u00b7"}, {"i": "Decade: Greatest Hits\u00a0\u00b7"}, {"i": "Greatest\u00a0\u00b7"}, {"i": "Night Versions: The Essential Duran Duran\u00a0\u00b7"}, {"i": "Strange Behaviour\u00a0\u00b7"}, {"i": "Singles Box Set 1981-1985\u00a0\u00b7"}, {"i": "Singles Box Set 1986-1995\u00a0\u00b7"}, {"i": "The Essential Collection"}]}, {"span": ["\"Planet Earth\"\u00a0\u00b7", "\"Careless\n      Memories\"\u00a0\u00b7", "\"Girls on\n      Film\"\u00a0\u00b7", "\"My Own Way\"\u00a0\u00b7", "\"Hungry Like the\n      Wolf\"\u00a0\u00b7", "\"Save a\n      Prayer\"\u00a0\u00b7", "\"Rio\"\u00a0\u00b7", "\"Is There Something I Should\n      Know?\"\u00a0\u00b7", "\"Union of the\n      Snake\"\u00a0\u00b7", "\"New Moon on\n      Monday\"\u00a0\u00b7", "\"The Reflex\"\u00a0\u00b7", "\"Tiger Tiger\"\u00a0\u00b7", "\"The Wild\n      Boys\"\u00a0\u00b7", {"#text": "\"", "strong": {"#tail": "\"\u00a0\u00b7", "#text": "A View to a Kill"}}, "\"Notorious\"\u00a0\u00b7", "\"Skin Trade\"\u00a0\u00b7", "\"Meet El\n      Presidente\"\u00a0\u00b7", "\"I Don't Want Your\n      Love\"\u00a0\u00b7", "\"All She Wants\n      Is\"\u00a0\u00b7", "\"Do You Believe in\n      Shame?\"\u00a0\u00b7", "\"Burning the\n      Ground\"\u00a0\u00b7", "\"Violence of Summer (Love's\n      Taking Over)\"\u00a0\u00b7", "\"Serious\"\u00a0\u00b7", "\"Ordinary\n      World\"\u00a0\u00b7", "\"Come Undone\"\u00a0\u00b7", "\"Too Much\n      Information\"\u00a0\u00b7", "\"Drowning Man\n      \"\u00a0\u00b7", "\"None Of The\n      Above\"\u00a0\u00b7", "\"Breath After\n      Breath\"\u00a0\u00b7", "\"Femme Fatale\"\u00a0\u00b7", "\"Perfect Day\"\u00a0\u00b7", "\"White Lines\"\u00a0\u00b7", "\"Lay Lady Lay\"\u00a0\u00b7", "\"Out of My\n      Mind\"\u00a0\u00b7", "\"Electric\n      Barbarella\"\u00a0\u00b7", "\"Someone Else Not\n      Me\"\u00a0\u00b7", "\"Playing With\n      Uranium\"\u00a0\u00b7", "\"Last Day On\n      Earth\"\u00a0\u00b7", "\"(Reach Up for The)\n      Sunrise\"\u00a0\u00b7", "\"What Happens\n      Tomorrow\"\u00a0\u00b7", "\"Nice\"\u00a0\u00b7", "\"Falling Down\""]}, {"span": ["\"Anyone Out\n      There\"\u00a0\u00b7", "\"Sound of\n      Thunder\"\u00a0\u00b7", "\"Shadows on Your\n      Side\"\u00a0\u00b7", "\"Come Up and See Me (Make Me\n      Smile)\"\u00a0\u00b7", "\"Planet Earth\"\n      (Live)\u00a0\u00b7", "\"Is There Something I Should\n      Know?\" (Live)\"\u00a0\u00b7", "\"Big Thing\"\u00a0\u00b7", "\"Too Late\n      Marlene\"\u00a0\u00b7", "\"The Krush Brothers: LSD\n      Edit\"\u00a0\u00b7", "\"Decadence\"\u00a0\u00b7", "\"Cry Baby Cry\"\u00a0\u00b7", "\"Skin Divers\""]}, {"span": [{"i": "Duran Duran Video 45\u00a0\u00b7"}, {"i": "Duran Duran\u00a0\u00b7"}, {"i": "Dancing on the Valentine\u00a0\u00b7"}, {"i": "Sing Blue Silver\u00a0\u00b7"}, {"i": "Arena (An Absurd Notion)\u00a0\u00b7"}, {"i": "The Making of Arena\u00a0\u00b7"}, {"i": "Three to Get Ready\u00a0\u00b7"}, {"i": "Working for the Skin Trade\u00a0\u00b7"}, {"i": "6ix by 3hree\u00a0\u00b7"}, {"i": "Decade: Greatest Hits\u00a0\u00b7"}, {"i": "Extraordinary World\u00a0\u00b7"}, {"i": "Greatest\u00a0\u00b7"}, {"i": "Live from London"}]}, {"span": ["Arcadia\u00a0\u00b7", "Power Station\u00a0\u00b7", "Neurotic\n      Outsiders\u00a0\u00b7", "The Devils"]}, {"span": ["Discography\u00a0\u00b7", "TV Mania\u00a0\u00b7", "Tours[[1]]"]}]}, "artist": "Duran Duran", "lengths": {"length": "3:34"}, "title": "A View to a Kill", "recorded": "spring 1985", "label": "EMI - DURAN 007", "producers": {"producer": "Bernard Edwards"}, "released": "May 1985", "weeks": {"week": ["1985-07-13", "1985-07-20"]}}}