{"top-song": {"album": "Seven and the Ragged\n  Tiger", "genres": {"genre": "New Wave"}, "descr": {"p": [{"i": "For other uses of the term, see 'Reflex'."}, "\"The Reflex\" is the eleventh single by Duran Duran, released\n    worldwide on April 16, 1984.", {"i": {"#tail": ".", "#text": "Seven and the Ragged Tiger"}, "#text": "The song was heavily remixed for single release and was the\n    third and last to be taken from their third album"}, {"i": {"#tail": ", but their label didn't like\n    the warbling singing during the \"why don't you use it\"\n    segments, thinking this would hinder its success as a stand\n    alone single track.", "#text": "Seven and the Ragged Tiger"}, "#text": "\"The Reflex\" became the band's most successful single. It\n    was their second single to top the UK singles chart, after \"Is\n    There Something I Should Know?\" in 1983, and would prove to be\n    their last UK #1. It was also Duran Duran's first single to hit\n    number one on the U.S. Billboard Hot 100 (for two weeks) on 23\n    June 1984 (see 1984 in music), and became a huge hit\n    internationally. The band wanted it to be the lead single from"}, {"i": [{"#tail": "(1986) and several tracks on", "#text": "Notorious"}, {"#tail": "(2004).", "#text": "Astronaut"}], "#text": "The remixes for both the 7\" and 12\" singles were done by\n    Nile Rodgers, of Chic fame. It was his first work with the\n    band, and he would later go on to produce \"The Wild Boys\"\n    single as well as the album"}, "Producer Ian Little recalls the sound Nick Rhodes came up\n    with on his Roland Jupiter-8 keyboard: \"...whenever I hear that\n    steel-drum part it always brings a smile to my face because\n    it's so out of tune. Steel drums always are, but it was exactly\n    right in terms of rhythm and tone. So a wood-block sound was\n    mixed in to make it even more percussive and, Bob's your uncle,\n    it did the job.\"", {"i": {"#tail": "tour at Maple Leaf Gardens in Toronto,\n    Ontario on 5 March 1984. Director Russell Mulcahy filmed some\n    of the closeup footage in the indoor arena that afternoon, and\n    the rest was filmed live during that evening's concert.", "#text": "Sing Blue Silver"}, "#text": "The video for \"The Reflex\" was shot during the"}, {"i": {"#tail": "tour performance style. However, in\n    keeping with the band's insistence that their videos \"never be\n    ordinary\", the video screen above the stage displayed bits of\n    naked models wearing collars and chains illuminated with black\n    light, occasionally interrupted by computerized video white\n    noise. At one point, a waterfall appears to pour out of the\n    video screen above the stage to soak the audience. The computer\n    graphics used to achieve this were cutting edge at the time,\n    but rapid advancement in the field quickly made the effect look\n    dated.", "#text": "Sing Blue Silver"}, "#text": "\"The Reflex\" is primarily a concert video, accurately\n    portraying Duran Duran's"}, "Keyboard enthusiasts have taken special note of the\n    Fairlight CMI (the first digital sampling synthesiser) that\n    Nick Rhodes operated with a light pen in this video, and\n    throughout the tour.", {"i": {"#tail": "; in the final segment when the\n    band, the crowd and even the fans undertake the final and\n    crucial battle against the evil Dr. Durand Durand.", "#text": "Arena (An Absurd Notion)"}, "#text": "Some symbolic scenes from the official video were taken and\n    later mixed with the alternate version shown in the band's\n    concert film"}, {"#text": "The live b-side \"Make Me Smile (Come Up and See Me)\" is a\n    cover of a Steve Harley & Cockney Rebel song, recorded\n    November 16, 1982", "span": {"#tail": "at Hammersmith Odeon in London, with lead Rebel\nSteve Harley joining the band onstage.", "#text": "(", "span": {"#tail": ")", "#text": "1982-11-16"}}}, {"i": {"#tail": "album.", "#text": "Arena"}, "#text": "A second live b-side released on the US single, \"New\n    Religion\", was recorded 7 February 1984 at The Forum in Los\n    Angeles. This is not the same live version that appears on the"}, "Cover versions have been recorded by Less than Jake and the\n    duo of Kylie Minogue and Ben Lee.", "The song is part of the Hooked on Polkas medley on the Dare\n    To Be Stupid album, by \"Weird Al\" Yankovic.", {"i": [{"#tail": "(2003) and", "#text": "American Wedding"}, {"#tail": "(2001), as well as an episode of the\n    short-lived 2002 television series", "#text": "Corky Romano"}, {"#tail": "in which bassist John Taylor made a guest\n    appearance.", "#text": "That '80s Show"}], "#text": "The song has also been featured in the soundtracks for the\n    movies"}, {"i": {"#tail": "as part of its 80s radio station.", "#text": "Saints Row 2"}, "#text": "The song is also featured in the video game"}, "The song was referenced by Dave Chappelle in one of his\n    skits that aired on The Lost Episodes.", "\"The Reflex\" was the second Duran Duran single to feature a\n    personalised group catalogue number in the UK, DURAN 2.", "Apart from the single, \"The Reflex\" has also appeared\n    on:", "Albums:", "Singles:", "Videos:", "Video games:", "Duran Duran are:", "Also credited:", {"span": ["\u00b7", "\u00b7", "\u00b7", ", Andy Taylor\u00a0\u00b7", "Warren\n      Cuccurullo\u00a0\u00b7", "Sterling\n      Campbell\u00a0\u00b7", "Stephen Duffy\u00a0\u00b7", "Simon Colley\u00a0\u00b7", "Andy Wickett\u00a0\u00b7", "Alan Curtis\u00a0\u00b7", "Jeff Thomas"]}, {"span": [{"i": "Duran Duran\u00a0\u00b7"}, {"i": "Rio\u00a0\u00b7"}, {"i": "Seven and the Ragged Tiger\u00a0\u00b7"}, {"i": "Notorious\u00a0\u00b7"}, {"i": "Big Thing\u00a0\u00b7"}, {"i": "Liberty\u00a0\u00b7"}, {"i": "Duran Duran\u00a0\u00b7"}, {"i": "Thank You\u00a0\u00b7"}, {"i": "Medazzaland\u00a0\u00b7"}, {"i": "Pop Trash\u00a0\u00b7"}, {"i": "Astronaut\u00a0\u00b7"}, {"i": "Red Carpet Massacre"}]}, {"i": ["Live at Hammersmith 82!\u00a0\u00b7", "Arena"]}, {"span": [{"i": "Carnival\u00a0\u00b7"}, {"i": "Master Mixes\u00a0\u00b7"}, {"i": "Decade: Greatest Hits\u00a0\u00b7"}, {"i": "Greatest\u00a0\u00b7"}, {"i": "Night Versions: The Essential Duran Duran\u00a0\u00b7"}, {"i": "Strange Behaviour\u00a0\u00b7"}, {"i": "Singles Box Set 1981-1985\u00a0\u00b7"}, {"i": "Singles Box Set 1986-1995\u00a0\u00b7"}, {"i": "The Essential Collection"}]}, {"span": ["\"Planet Earth\"\u00a0\u00b7", "\"Careless\n      Memories\"\u00a0\u00b7", "\"Girls on\n      Film\"\u00a0\u00b7", "\"My Own Way\"\u00a0\u00b7", "\"Hungry Like the\n      Wolf\"\u00a0\u00b7", "\"Save a\n      Prayer\"\u00a0\u00b7", "\"Rio\"\u00a0\u00b7", "\"Is There Something I Should\n      Know?\"\u00a0\u00b7", "\"Union of the\n      Snake\"\u00a0\u00b7", "\"New Moon on\n      Monday\"\u00a0\u00b7", {"#text": "\"", "strong": {"#tail": "\"\u00a0\u00b7", "#text": "The Reflex"}}, "\"Tiger Tiger\"\u00a0\u00b7", "\"The Wild\n      Boys\"\u00a0\u00b7", "\"A View to a\n      Kill\"\u00a0\u00b7", "\"Notorious\"\u00a0\u00b7", "\"Skin Trade\"\u00a0\u00b7", "\"Meet El\n      Presidente\"\u00a0\u00b7", "\"I Don't Want Your\n      Love\"\u00a0\u00b7", "\"All She Wants\n      Is\"\u00a0\u00b7", "\"Do You Believe in\n      Shame?\"\u00a0\u00b7", "\"Burning the\n      Ground\"\u00a0\u00b7", "\"Violence of Summer (Love's\n      Taking Over)\"\u00a0\u00b7", "\"Serious\"\u00a0\u00b7", "\"Ordinary\n      World\"\u00a0\u00b7", "\"Come Undone\"\u00a0\u00b7", "\"Too Much\n      Information\"\u00a0\u00b7", "\"Drowning Man\n      \"\u00a0\u00b7", "\"None Of The\n      Above\"\u00a0\u00b7", "\"Breath After\n      Breath\"\u00a0\u00b7", "\"Femme Fatale\"\u00a0\u00b7", "\"Perfect Day\"\u00a0\u00b7", "\"White Lines\"\u00a0\u00b7", "\"Lay Lady Lay\"\u00a0\u00b7", "\"Out of My\n      Mind\"\u00a0\u00b7", "\"Electric\n      Barbarella\"\u00a0\u00b7", "\"Someone Else Not\n      Me\"\u00a0\u00b7", "\"Playing With\n      Uranium\"\u00a0\u00b7", "\"Last Day On\n      Earth\"\u00a0\u00b7", "\"(Reach Up for The)\n      Sunrise\"\u00a0\u00b7", "\"What Happens\n      Tomorrow\"\u00a0\u00b7", "\"Nice\"\u00a0\u00b7", "\"Falling Down\""]}, {"span": ["\"Anyone Out\n      There\"\u00a0\u00b7", "\"Sound of\n      Thunder\"\u00a0\u00b7", "\"Shadows on Your\n      Side\"\u00a0\u00b7", "\"Come Up and See Me (Make Me\n      Smile)\"\u00a0\u00b7", "\"Planet Earth\"\n      (Live)\u00a0\u00b7", "\"Is There Something I Should\n      Know?\" (Live)\"\u00a0\u00b7", "\"Big Thing\"\u00a0\u00b7", "\"Too Late\n      Marlene\"\u00a0\u00b7", "\"The Krush Brothers: LSD\n      Edit\"\u00a0\u00b7", "\"Decadence\"\u00a0\u00b7", "\"Cry Baby Cry\"\u00a0\u00b7", "\"Skin Divers\""]}, {"span": [{"i": "Duran Duran Video 45\u00a0\u00b7"}, {"i": "Duran Duran\u00a0\u00b7"}, {"i": "Dancing on the Valentine\u00a0\u00b7"}, {"i": "Sing Blue Silver\u00a0\u00b7"}, {"i": "Arena (An Absurd Notion)\u00a0\u00b7"}, {"i": "The Making of Arena\u00a0\u00b7"}, {"i": "Three to Get Ready\u00a0\u00b7"}, {"i": "Working for the Skin Trade\u00a0\u00b7"}, {"i": "6ix by 3hree\u00a0\u00b7"}, {"i": "Decade: Greatest Hits\u00a0\u00b7"}, {"i": "Extraordinary World\u00a0\u00b7"}, {"i": "Greatest\u00a0\u00b7"}, {"i": "Live from London"}]}, {"span": ["Arcadia\u00a0\u00b7", "Power Station\u00a0\u00b7", "Neurotic\n      Outsiders\u00a0\u00b7", "The Devils"]}, {"span": ["Discography\u00a0\u00b7", "TV Mania\u00a0\u00b7", "Tours[[1]]"]}]}, "artist": "Duran Duran", "lengths": {"length": "4:26"}, "title": "The Reflex", "recorded": "1983", "label": "EMI", "producers": {"producer": ["Duran Duran", "Ian Little", "Alex Sadkin"]}, "released": "16 April 1984", "writers": {"writer": "Duran Duran"}, "formats": {"format": ["7\"", "12\"", "CD Single"]}, "weeks": {"week": ["1984-06-23", "1984-06-30"]}}}