{"top-song": {"album": "Hotel\n  California", "genres": {"genre": "Rock"}, "descr": {"p": ["\"Hotel California\" is the title song from the Eagles' album\n    of the same name and was released as a single in early 1977. It\n    is one of the best-known songs of the album-oriented rock era.\n    Writing credits for the song are shared by Don Felder, Don\n    Henley and Glenn Frey. The Eagles' original recording of the\n    song features Henley singing the lead vocals and concludes with\n    an extended section of electric guitar interplay between Felder\n    and Joe Walsh.", "\"Hotel California\" topped the Billboard Hot 100 singles\n    chart for one week in May 1977. Three months after its release,\n    the single was certified Gold by the Recording Industry\n    Association of America representing 1,000,000 records shipped.\n    The Eagles also won the 1977 Grammy Award for Record of the\n    Year for \"Hotel California\" at the 20th Annual Grammy Awards in\n    1978.", "In 2009, the song \"Hotel California\" was certified Platinum\n    (Digital Sales Award) by the RIAA for sales of 1,000,000\n    digital downloads.", {"i": [{"#tail": "magazine, for example, placed it as the\n    49th greatest song of all time. It is also one of The Rock and\n    Roll Hall of Fame's 500 Songs that Shaped Rock and Roll. The\n    song's guitar solo is ranked 8th on", "#text": "Rolling Stone"}, {"#tail": "s Top 100 Guitar Solos.", "#text": "Guitar Magazine'"}], "#text": "The song is rated highly in many rock music lists and polls."}, {"i": {"#tail": "reunion concert CD and video release.\n    The \"Hell Freezes Over\" version is performed using eight\n    guitars in total, and has a decidedly Spanish feel to it - with\n    Don Felder playing a flamenco-inspired intro. During the band's\n    Farewell 1 Tour-Live from Melbourne the song was performed in a\n    manner closer to the original album version, but with a trumpet\n    interlude in the beginning.", "#text": "Hell Freezes Over"}, "#text": "As one of the group's most popular and well-known songs,\n    \"Hotel California\" has been a concert staple for the band since\n    its release; performances of the song appear on the Eagles'\n    1980 live album and, in an acoustic version, on the 1994"}, {"i": {"#tail": ".", "#text": "Guitar Hero World Tour"}, "#text": "The song is a playable track on the video game"}, "The song's lyrics describe the title establishment as a\n    luxury resort where \"you can check out anytime you like, but\n    you can never leave.\" On the surface, the song tells the tale\n    of a weary traveler who becomes trapped in a nightmarish luxury\n    hotel that at first appeared inviting and tempting. The song is\n    an allegory about hedonism and self-destruction in the Southern\n    California music industry of the late 1970s; Don Henley called\n    it \"our interpretation of the high life in Los Angeles\" and\n    later reiterated \"it's basically a song about the dark\n    underbelly of the American dream and about excess in America,\n    which is something we knew a lot about.\" In 2008, Don Felder\n    described the origins of the lyrics:", {"i": [{"#tail": "came out of it, and", "#text": "Life In The Fast Lane"}, {"#tail": "and a bunch of other songs.\":", "#text": "Wasted Time"}], "#text": "\"Don Henley and Glenn wrote most of the words. All of us\n    kind of drove into LA at night. Nobody was from California, and\n    if you drive into LA at night... you can just see this glow on\n    the horizon of lights, and the images that start running\n    through your head of Hollywood and all the dreams that you\n    have, and so it was kind of about that... what we started\n    writing the song about. Coming into LA... and from that"}, "The abstract nature of the lyrics has led listeners to their\n    own interpretations over the years. In the 1980s, some\n    Christian evangelists alleged that \"Hotel California\" referred\n    to a San Francisco hotel purchased by Anton LaVey and converted\n    into the Church of Satan. Other rumors suggested that the Hotel\n    California was the Camarillo State Mental Hospital. These\n    claims have been consistently refuted by the band.", "The term \"colitas\" in the first stanza of the song is a\n    Spanish term for \"little tails\" and a reference to the buds of\n    the Cannabis plant.", "In a 2009 interview, Plain Dealer music critic John Soeder\n    asked Don Henley this about the lyrics:", "On \"Hotel California,\" you sing: \"So I called up the captain\n    / 'Please bring me my wine' / He said, 'We haven't had that\n    spirit here since 1969.'\" I realize I'm probably not the first\n    to bring this to your attention, but wine isn't a spirit. Wine\n    is fermented; spirits are distilled. Do you regret that\n    lyric?", "Henley responded,", "\"Thanks for the tutorial and, no, you're not the first to\n    bring this to my attention\u2014and you're not the first to\n    completely misinterpret the lyric and miss the metaphor.\n    Believe me, I've consumed enough alcoholic beverages in my time\n    to know how they are made and what the proper nomenclature is.\n    But that line in the song has little or nothing to do with\n    alcoholic beverages. It's a sociopolitical statement. My only\n    regret would be having to explain it in detail to you, which\n    would defeat the purpose of using literary devices in\n    songwriting and lower the discussion to some silly and\n    irrelevant argument about chemical processes.\"", {"i": {"#tail": "the use of the word \"steely\" in\n    the lyric (referring to knives) was a playful nod to band\n    Steely Dan, who had included the lyric \"Turn up the Eagles, the\n    neighbors are listening\" in their song \"Everything You\n    Did.\"", "#text": "The Very Best of Eagles,"}, "#text": "According to Glenn Frey's liner notes for"}, "Many cover versions of \"Hotel California\" have been\n    released:", "Parodies include:", {"span": ["\"Nel blu dipinto di blu\n      (Volare)\"\u00a0\u00b7", "\"Mack the\n      Knife\"\u00a0\u00b7", "\"Theme from A Summer\n      Place\"\u00a0\u00b7", "\"Moon River\"\u00a0\u00b7", "\"I Left My Heart in San\n      Francisco\"\u00a0\u00b7", "\"Days of Wine and\n      Roses\"\u00a0\u00b7", "\"The Girl from\n      Ipanema\"\u00a0\u00b7", "\"A Taste of\n      Honey\"\u00a0\u00b7", "\"Strangers in the\n      Night\"\u00a0\u00b7", "\"Up, Up and\n      Away\"\u00a0\u00b7", "\"Mrs. Robinson\""]}, {"span": ["\"Aquarius/Let the Sunshine\n      In\"\u00a0\u00b7", "\"Bridge over Troubled\n      Water\"\u00a0\u00b7", "\"It's Too\n      Late\"\u00a0\u00b7", "\"The First Time Ever I Saw\n      Your Face\"\u00a0\u00b7", "\"Killing Me Softly with His\n      Song\"\u00a0\u00b7", "\"I Honestly Love\n      You\"\u00a0\u00b7", "\"Love Will Keep Us\n      Together\"\u00a0\u00b7", "\"This\n      Masquerade\"\u00a0\u00b7", {"#text": "\"", "strong": {"#tail": "\"\u00a0\u00b7", "#text": "Hotel California"}}, "\"Just the Way You\n      Are\""]}, {"span": ["\"What a Fool\n      Believes\"\u00a0\u00b7", "\"Sailing\"\u00a0\u00b7", "\"Bette Davis\n      Eyes\"\u00a0\u00b7", "\"Rosanna\"\u00a0\u00b7", "\"Beat It\"\u00a0\u00b7", "\"What's Love Got to Do with\n      It\"\u00a0\u00b7", "\"We Are the\n      World\"\u00a0\u00b7", "\"Higher Love\"\u00a0\u00b7", "\"Graceland\"\u00a0\u00b7", "\"Don't Worry, Be\n      Happy\""]}, {"span": ["\"Wind Beneath My\n      Wings\"\u00a0\u00b7", "\"Another Day in\n      Paradise\"\u00a0\u00b7", "\"Unforgettable\"\u00a0\u00b7", "\"Tears in\n      Heaven\"\u00a0\u00b7", "\"I Will Always Love\n      You\"\u00a0\u00b7", "\"All I Wanna\n      Do\"\u00a0\u00b7", "\"Kiss from a\n      Rose\"\u00a0\u00b7", "\"Change the\n      World\"\u00a0\u00b7", "\"Sunny Came\n      Home\"\u00a0\u00b7", "\"My Heart Will Go On\""]}, {"span": ["\"Smooth\"\u00a0\u00b7", "\"Beautiful\n      Day\"\u00a0\u00b7", "\"Walk On\"\u00a0\u00b7", "\"Don't Know\n      Why\"\u00a0\u00b7", "\"Clocks\"\u00a0\u00b7", "\"Here We Go\n      Again\"\u00a0\u00b7", "\"Boulevard of Broken\n      Dreams\"\u00a0\u00b7", "\"Not Ready to Make\n      Nice\"\u00a0\u00b7", "\"Rehab\"\u00a0\u00b7", "\"Please Read the\n      Letter\""]}, {"span": "\"Use Somebody\""}]}, "artist": "Eagles", "lengths": {"length": "6:31"}, "title": "Hotel California", "recorded": "1976", "label": "Asylum", "producers": {"producer": "Bill Szymczyk"}, "released": "February 1977", "writers": {"writer": ["Don Felder", "Glenn Frey", "Don Henley"]}, "formats": {"format": "7\" single"}, "weeks": {"week": "1977-05-07"}}}