{"top-song": {"album": "Hotel California", "genres": {"genre": ["Rock", "Country rock"]}, "descr": {"p": [{"i": {"#tail": ". Released as the first single from the\n    album, the song became a #1 hit in the USA, and #20 in the UK.\n    The single version has an earlier fade-out than the album\n    version does. On 26 February 1977, it reached the Billboard #1.\n    The song features Glenn Frey singing the lead vocals, with Don\n    Henley singing main harmony vocals. Randy Meisner plays the\n    guitarr\u00f3n mexicano, and Joe Walsh plays the electric piano and\n    organ parts.", "#text": "Hotel California"}, "#text": "\"New Kid In Town\", written by Don Henley, Glenn Frey and\n    J.D. Souther, is a song by the Eagles, from their 1976 album"}, "In 1977, the Eagles won a Grammy Award for Best Arrangement\n    for Voices with \"New Kid In Town\".", "On Henley's first solo album, I Can't Stand Still, he\n    references the song by singing the line, \"there's a new kid in\n    town\" over the rideout of Johnny Can't Read."]}, "artist": "Eagles", "lengths": {"length": "5:03"}, "title": "New Kid in Town", "label": "Asylum", "producers": {"producer": "Bill Szymczyk"}, "released": "December 7, 1976", "writers": {"writer": ["Don Henley", "Glenn Frey", "J.D. Souther"]}, "formats": {"format": "7\""}, "weeks": {"week": "1977-02-26"}}}