{"top-song": {"album": "The Long Run", "genres": {"genre": "Rock"}, "descr": {"p": [{"i": {"#tail": "and released as a single in 1979. It reached\n    #1 on the U.S. Billboard Hot 100 in November of that year.\n    Although it remained in the top position for only one week, the\n    single sold 1 million copies.", "#text": "The Long Run"}, "#text": "\"Heartache Tonight\" is a song written by Don Henley, Glenn\n    Frey, Bob Seger and J. D. Souther, and recorded by the Eagles.\n    The track was included on their album"}, "The recording also received a Grammy Award for Best Rock\n    Performance by a Duo or Group with Vocal.", {"i": {"#tail": ". Veteran country\n    star Dottie West also used to often include the song in her\n    concerts.", "#text": "Common Thread: The Songs of the Eagles"}, "#text": "The song was covered by country music singer John Anderson\n    on the tribute album"}, "In 2009 Michael Bubl\u00e9 included a cover version of the song\n    on his Album \"Crazy Love\".", "It was also recorded by Conway Twitty, whose version peaked\n    at number six on the country chart in 1983 ."]}, "artist": "Eagles", "lengths": {"length": "4:25"}, "title": "Heartache Tonight", "label": "Asylum", "producers": {"producer": "Bill Szymczyk"}, "released": "September 18, 1979", "writers": {"writer": ["Don Henley", "Glenn Frey", "Bob Seger and J. D. Souther"]}, "formats": {"format": "7\""}, "weeks": {"week": "1979-11-10"}}}