{"top-song": {"album": "One of These\n  Nights", "genres": {"genre": ["Pop rock", "Country rock"]}, "descr": {"p": [{"i": {"#tail": "album, the song became their second\n    single to top the Billboard Hot 100 chart and also helped\n    propel the album to number one. The single version was\n    shortened from the album version of the song, removing most of\n    the song's intro and most of its fade-out, as well. Don Henley\n    is lead vocalist on the verses, while Randy Meisner is lead\n    vocalist on the refrain. It also features a guitar solo from\n    Don Felder", "#text": "One of These Nights"}, "#text": "\"One of These Nights\" is a song written by Don Henley and\n    Glenn Frey and recorded by the American rock band Eagles. The\n    title track from their"}, "According to songwriter Glenn Frey, the song is about\n    putting things off. \"We've all said, 'one of these nights I'm\n    gonna do something -- get that girl, make that money, find that\n    house. We all have our dreams - a vision we hope will come true\n    someday. When that 'someday' will come is up to each of\n    us.\"", "The B-side, \"Visions\", features lead vocals by guitarist Don\n    Felder, the only such Eagles song."]}, "artist": "Eagles", "lengths": {"length": "4:55"}, "title": "One of These Nights", "label": "Asylum", "producers": {"producer": "Bill Szymczyk"}, "released": "May 19, 1975", "writers": {"writer": ["Don Henley", "Glenn Frey"]}, "formats": {"format": "7\""}, "weeks": {"week": "1975-08-02"}}}