{"top-song": {"album": "On the Border", "genres": {"genre": ["Rock", "Country rock"]}, "descr": {"p": [{"i": {"#tail": ". The band's first Billboard Hot 100 #1\n    single in March of 1975, the song also topped the adult\n    contemporary chart for one week in 1975. The shorter single\n    version features minor edits throughout as well as a sloppy and\n    abrupt cut of the final \"Here in my heart, I give you the best\n    of my love\" line following the line \"I guess that wasn't\n    enough, whoa whoa, but\", plus an earlier fade-out. The 45\n    version, despite hitting number one, is not available in any CD\n    format.", "#text": "On the Border"}, "#text": "\"Best of My Love\" is a song written by Don Henley, Glenn\n    Frey and J.D. Souther. It was originally recorded by the Eagles\n    (with Henley singing lead vocals), and included on their 1974\n    album"}, {"i": [{"#tail": "; By [Backstreet Boys On Never Gone But Didn't\n    Make The Album] Rod Stewart on his 2006 album", "#text": "Too Wicked"}, {"#tail": "; and\n    by Yvonne Elliman, who recorded a version for her 1975 album", "#text": "Still the Same... Great Rock Classics of Our Time"}, {"#tail": ". It was also recorded by Brooks & Dunn\n    for the album", "#text": "Rising Sun"}, {"#tail": ".", "#text": "Common Thread: The Songs of the Eagles"}], "#text": "The song has been covered by John Lees of Barclay James\n    Harvest fame and released as a solo single in 1974; by reggae\n    group Aswad on their 1990 album,"}]}, "artist": "Eagles", "lengths": {"length": "3:25"}, "title": "Best of My Love", "label": "Asylum", "producers": {"producer": "Glyn Johns"}, "released": "November 5, 1974", "writers": {"writer": ["Don Henley", "Glenn Frey", "J.D. Souther"]}, "formats": {"format": "7\""}, "weeks": {"week": "1975-03-01"}}}