{"top-song": {"album": "That's the Way of\n  the World", "genres": {"genre": "Funk"}, "descr": {"p": [{"i": {"#tail": ". \"Shining Star\" was Earth,\n    Wind & Fire's first major hit, hitting #1 on both the U.S.\n    Hot 100 and R&B charts. The song is considered a prime\n    example of funk music that has attained mainstream success.", "#text": "That's the Way of the World"}, "#text": "\"Shining Star\" is a song by Earth, Wind & Fire from\n    their album"}, "\"Shining Star\" won Earth, Wind & Fire a Grammy for Best\n    R&B Performance by a Duo or Group with Vocals. The single\n    was very successful commercially, selling over a million\n    copies. It has been certified gold as up until the RIAA lowered\n    the sales levels for certified singles in 1989, a Gold single\n    equaled 1 million units sold.", {"i": {"#tail": ".", "#text": "The Midnight Special"}, "#text": "Earth, Wind & Fire performed Shining Star on the TV\n    series"}, {"i": [{"#tail": ", Chaka Khan on the tribute album", "#text": "Against the Law"}, {"#tail": "and also by Jump5 on their album", "#text": "Interpretations: Celebrating the Music of Earth, Wind &\n    Fire"}, {"#tail": ".", "#text": "Accelerate (Jump5 album)"}], "#text": "\"Shining Star\" became a staple cover song of the Jerry\n    Garcia Band, and has been remade by the Christian metal band\n    Stryper on their 1990 album"}, {"i": [{"#tail": ", Public Enemy on the song \"Prophets of\n    Rage\" on the album", "#text": "Lyte as a Rock"}, {"#tail": "and by The\n    Roots on their song \"The 'Notic\" which also featured\n    D'Angelo.[1]", "#text": "It Takes a Nation of Millions to Hold Us Back"}], "#text": "The song has been sampled by several artists, including MC\n    Lyte on the song \"Paper Thin\" featured on her album"}, {"i": [{"#tail": ", and it was played during\n    the end credits of", "#text": "Austin Powers in Goldmember"}, {"#tail": ",", "#text": "Semi-Pro"}, {"#tail": ", and", "#text": "Scooby Doo 2: Monsters Unleashed"}, {"#tail": ". The song is played in", "#text": "Meet Dave"}, {"#tail": "when Gonzo encounters the cosmic fish\n    and later during the end credits of the film. In the movie", "#text": "Muppets from Space"}, {"#tail": ", \"Shining Star\" is used in the video game", "#text": "Mr. 3000"}, {"#tail": ". The song is also featured\n    in", "#text": "Karaoke Revolution Volume 3"}, {"#tail": ".", "#text": "The Lizzie McGuire Movie"}], "#text": "\"Shining Star\" was featured in the soundtrack for"}, {"i": [{"#tail": "episode \"The Little Kicks\". The song has also\n    been featured in the first few minutes in the", "#text": "Seinfeld"}, {"#tail": "pilot episode, and also in the", "#text": "Glee"}, {"#tail": "episode \"Stole a Badge\".", "#text": "My Name is Earl"}], "#text": "\"Shining Star\" was the song played when Elaine Benes did the\n    infamous \"little kicks\" for the first time on the"}, {"i": {"#tail": "series.", "#text": "Rock Band"}, "#text": "This song is available as downloadable content in the"}, "The information regarding accolades attributed to \"Shining\n    Star\" is adapted from AcclaimedMusic.net and awards on\n    earthwindandfire.com.", "(*) designates lists that are unordered.", {"span": ["\u00b7", "\u00b7", "\u00b7", null]}, {"span": [{"i": "Earth, Wind & Fire\u00a0\u00b7"}, {"i": "The Need of Love\u00a0\u00b7"}, {"i": {"#tail": "\u00b7", "#text": "Last Days and Time"}}, {"i": "Head to the Sky\u00a0\u00b7"}, {"i": "Open Our Eyes\u00a0\u00b7"}, {"i": "That's the Way of the World\u00a0\u00b7"}, {"i": "Spirit\u00a0\u00b7"}, {"i": "All 'N All\u00a0\u00b7"}, {"i": "I Am\u00a0\u00b7"}, {"i": "Faces\u00a0\u00b7"}, {"i": "Raise!\u00a0\u00b7"}, {"i": "Powerlight\u00a0\u00b7"}, {"i": "Electric Universe\u00a0\u00b7"}, {"i": "Touch the World\u00a0\u00b7"}, {"i": "Heritage\u00a0\u00b7"}, {"i": "Millennium\u00a0\u00b7"}, {"i": "In the Name of Love\u00a0\u00b7"}, {"i": "The Promise\u00a0\u00b7"}, {"i": "Illumination"}]}, {"span": [{"i": "Another Time\u00a0\u00b7"}, {"i": "Gratitude\u00a0\u00b7"}, {"i": "The Best of Earth, Wind & Fire, Vol. 1\u00a0\u00b7"}, {"i": "The Collection\u00a0\u00b7"}, {"i": "The Best of Earth, Wind & Fire, Vol. 2\u00a0\u00b7"}, {"i": "The Eternal Dance\u00a0\u00b7"}, {"i": "Greatest Hits Live\u00a0\u00b7"}, {"i": "Greatest Hits\u00a0\u00b7"}, {"i": "The Essential Earth, Wind & Fire\u00a0\u00b7"}, {"i": "That's the Way of the World: Alive in 75\u00a0\u00b7"}, {"i": "Live in Rio \u00a0\u00b7"}, {"i": "Love Songs"}]}, {"span": ["\"Evil\"\u00a0\u00b7", "\"Keep Your Head to the\n      Sky\"\u00a0\u00b7", "\"Mighty\n      Mighty\"\u00a0\u00b7", {"#text": "\"", "strong": {"#tail": "\"\u00a0\u00b7", "#text": "Shining Star"}}, "\"That's the Way of the\n      World\"\u00a0\u00b7", "\"Sing a Song\"\u00a0\u00b7", "\"Can't Hide\n      Love\"\u00a0\u00b7", "\"Getaway\"\u00a0\u00b7", "\"Saturday\n      Nite\"\u00a0\u00b7", "\"Serpentine\n      Fire\"\u00a0\u00b7", "\"Fantasy\"\u00a0\u00b7", "\"Got to Get You into My\n      Life\"\u00a0\u00b7", "\"September\"\u00a0\u00b7", "\"Boogie\n      Wonderland\"\u00a0\u00b7", "\"After the Love Has\n      Gone\"\u00a0\u00b7", "\"Let Me Talk\"\u00a0\u00b7", "\"And Love Goes\n      On\"\u00a0\u00b7", "\"Let's Groove\"\u00a0\u00b7", "\"Wanna Be With\n      You\"\u00a0\u00b7", "\"I've Had\n      Enough\"\u00a0\u00b7", "\"Fall In Love With\n      Me\"\u00a0\u00b7", "\"System of\n      Survival\"\u00a0\u00b7", "\"Thinking of\n      You\"\u00a0\u00b7", "\"Sunday\n      Morning\"\u00a0\u00b7", "\"All in the\n      Way\"\u00a0\u00b7", "\"Pure Gold\""]}, {"span": [{"i": "Sun Goddess\u00a0\u00b7"}, {"i": "Sweet Sweetback's Baadasssss Song"}]}, {"span": ["Ramsey Lewis\u00a0\u00b7", "The Pharaohs\u00a0\u00b7", "Charles\n      Stepney\u00a0\u00b7", "Phenix Horns\u00a0\u00b7", "The Emotions"]}, {"span": ["Discography\u00a0\u00b7", "Awards and\n      nominations\u00a0\u00b7", "Tribute albums\u00a0\u00b7", "Members"]}]}, "artist": "Earth, Wind & Fire", "title": "Shining Star", "recorded": "Autumn 1974", "label": "Columbia Records", "producers": {"producer": "Maurice White"}, "released": "February 13, 1975", "writers": {"writer": ["Maurice White", "Larry Dunn", "Philip Bailey"]}, "formats": {"format": ["7\"", "45 RPM"]}, "weeks": {"week": "1975-05-24"}}}