{"top-song": {"album": "Horizon", "genres": {"genre": ["Country pop", "Country rock"]}, "descr": {"p": ["I Love a Rainy Night is a country song by Eddie Rabbitt. It\n    reached number one on the Billboard Hot 100, Hot Country\n    Singles, and Adult Contemporary Singles charts in 1981. The\n    song succeeded Dolly Parton's song \"9 To 5\" at the #1 position\n    on the Billboard Hot 100 pop singles chart - the last time that\n    pop chart featured back to back country singles in the number\n    one position.", "According to music historian Fred Bronson, \"I Love a Rainy\n    Night\" was 12 years in the making. Rabbitt had a collection of\n    old tapes he kept in the basement of his home. While rummaging\n    through the tapes one day in 1980, he heard a fragment of a\n    song he had recorded one rainy night in the late 1960s.", {"i": {"#tail": ". \"He sang into his\n    tape recorder, 'I love a rainy night, I love a rainy\n    night.'\"", "#text": "The Billboard Book of Number One Hits"}, "#text": "\"It brought back the memory of sitting in a small apartment,\n    staring out the window at one o'clock in the morning, watching\n    the rain come down,\" wrote Bronson in"}, "Upon rediscovery of the old lyrics, Rabbitt completed the\n    song (with help from frequent songwriting partners Even Stevens\n    and David Malloy) and recorded it.", {"i": [{"#tail": "\") and a renewed\n    sense of hope the storms bring (\"", "#text": "I love to hear the thunder/watch the lightnin' as it lights\n    up the sky/you know it makes me feel good"}, {"#tail": "\").", "#text": "Showers wash all my cares away/I wake up to a sunny\n    day"}], "#text": "The end result included vivid descriptions of a man's\n    fondness for thunderstorms and the peace it brings him (\""}, "The song's other mark of distinction is its rhythm pattern\n    of alternating finger snaps and hand claps, which was included\n    with the help of percussionist Farrell Morris. Morris \u2014\n    according to \"The Billboard Book of Number One Country Hits\" \u2014\n    mixed two tracks of each to complete the record.", "\"I Love a Rainy Night\" came in the midst of Rabbitt's peak\n    popularity as a crossover artist. The follow-up to \"Drivin' My\n    Life Away\" (No. 1 country, No. 5 Hot 100), the song was\n    Rabbitt's only Hot 100 No. 1. However, he would continue having\n    crossover success with the follow-ups \"Step by Step\" and \"You\n    and I\" (the latter a duet with Crystal Gayle).", {"i": {"#tail": "Hot Country Singles chart, it was his eighth\n    out of 17 career chart toppers, spanning from 1976 through\n    1990.", "#text": "Billboard's"}, "#text": "On"}, "\"I Love a Rainy Night\" was certified gold for sales of 1\n    million units by the Recording Industry Association of America\n    [1]"]}, "artist": "Eddie Rabbitt", "lengths": {"length": "3:08"}, "title": "I Love a Rainy Night", "recorded": "1980", "label": "Elektra Records 47066", "producers": {"producer": "David Malloy"}, "released": "December 1980", "writers": {"writer": ["David Malloy", "Eddie Rabbitt", "Even Stevens"]}, "formats": {"format": "7\""}, "weeks": {"week": ["1981-02-28", "1981-03-07"]}}}