{"top-song": {"weeks": {"week": "1953-07-25"}, "artist": "Eddie Fisher", "descr": {"p": ["\"I'm Walking Behind You\" is a popular song written by Billy\n    Reid and published in 1953.", "Eddie Fisher's rendition of the song became a #1 hit single\n    on both the Cash Box and Billboard record charts in 1953 in the\n    United States; as well as reaching #1 on the UK Singles Chart.\n    The recording was made on April 7, 1953, and released by RCA\n    Victor Records as catalog number 20-5293.", {"i": {"#tail": ". This recording, made on\n    April 2, 1953, was also issued as a single by Capitol Records\n    as catalog number 2450.", "#text": "Capitol Collector's Series"}, "#text": "In the same year, Frank Sinatra released a recording of his\n    own rendition on the album"}, "The original version was probably Dorothy Squires', recorded\n    in the United Kingdom, with the orchestra of Billy Reid, the\n    author of the song.", "Also in the UK, Jimmy Young recorded a version on February\n    3, 1953, which was released by Decca as catalog number F\n    10080."]}, "title": "I'm Walking Behind You"}}