{"top-song": {"weeks": {"week": "1954-11-13"}, "artist": "Eddie Fisher", "descr": {"p": ["\"I Need You Now\" is a popular song written by Al Jacobs and\n    Jimmie Crane.", "The recorded version by Eddie Fisher, issued by RCA Victor\n    Records as catalog number 47-5830, reached #1 on the Billboard\n    and Cash Box charts in 1954.", "The song was also performed by Russell Arms on several 1954\n    episodes of the popular TV series Your Hit Parade. A kinescope\n    of one of these performances survives and can be viewed\n    online."]}, "title": "I Need You Now"}}