{"top-song": {"album": "Eddie Kendricks", "genres": {"genre": "Funk"}, "descr": {"p": ["\"Keep on Truckin'\" is a 1973 hit song recorded by Eddie\n    Kendricks for Motown Records' Tamla label. The song was\n    Kendricks' first major hit as a solo artist, coming two years\n    after his departure from The Temptations. \"Keep On Truckin'\"\n    reached number one on both the Billboard Hot 100 and R&B\n    Singles Chart upon its release, and was Kendricks' only\n    number-one hit.. The song is considered by some to be the first\n    disco song ever released, although that distinction is heavily\n    debated. According to Dance Dance Revolution X Wil-Dog Abers'\n    (of Ozomatli fame) aunt co-wrote the song.", "By 1973, Eddie Kendricks was two years deep into a solo\n    career following his bitter split from The Temptations in 1971.\n    While his former band mates went on to record hits such as\n    \"Superstar (Remember How You Got Where You Are)\", which was a\n    reported jab at Kendricks and fellow ex-Temptation David Ruffin\n    and their seven-minute opus, \"Papa Was a Rollin' Stone\",\n    Kendricks had begun to reach a cult R&B fan base following\n    his last two albums. Working closely with Frank Wilson, who was\n    the main producer in most of Kendricks' solo efforts, the duo\n    worked on a song that would aim at the dance floor rather than\n    the serene ballads that Kendricks was used to recording. His\n    earlier single, \"Girl You Need a Change of Mind\", was a cult\n    favorite for club fans. With co-writers Anita Poree and Leonard\n    Caston, Wilson created a song that rivaled that of the\n    Temptations' Norman Whitfield-produced cinematic soul that had\n    become commonplace among the group's recordings but instead of\n    instigating drama, the song's grooves were clearly aimed at the\n    dance floor.", "Upon its release in the summer of 1973, the song would\n    finally bring Kendricks out of the shadow of his former band as\n    the song's catchy beats and melody became a crossover hit. By\n    late fall, the song had reached number-one on the US pop and\n    R&B singles chart ironically eclipsing singles released by\n    his former group. When \"...Truckin'\" became a hit, the\n    Temptations' hit luster was waning with \"Hey Girl (I Like Your\n    Style)\" barely reaching the Top 40 and the follow-up funk song,\n    \"Let Your Hair Down\", becoming only a modest hit. Much like\n    their \"Superstar\", which would ironically be covered by David\n    Ruffin, Kendricks includes a jab at his former band mates with\n    the lyric:", "The single version of the song, entitled as \"Part 1\"\n    features the sound of a truck going by, before the coda.", {"i": {"#tail": ".", "#text": "Do It Well"}, "#text": "The song would later be included in debates about the\n    first-recorded and released disco record alongside The Hues\n    Corporation's \"Rock the Boat\" and Barry White's \"Can't Get\n    Enough\". The song gave Kendricks a Grammy nomination for Best\n    Male R&B Vocal Performance losing out to Stevie Wonder's\n    \"Superstition\" and would remain his signature hit though he\n    would score other hits such as \"Boogie Down\", \"Shoeshine Boy\",\n    \"Happy\" and \"A Friend of Mine\". The song's instrumental bridge\n    would later be sampled by rapper Mr. Cheeks on his 2002 single,\n    Lights, Camera, Action and in the Jennifer Lopez 2007 single,"}]}, "artist": "Eddie Kendricks", "lengths": {"length": ["3:21 (single edit)", "8:00 (album version)"]}, "title": "Keep on Truckin' (Part 1)", "recorded": "1973", "label": "Tamla , T 54238", "producers": {"producer": "Frank Wilson"}, "released": "August 1973", "writers": {"writer": ["Leonard Caston", "Anita Poree", "Frank Wilson"]}, "formats": {"format": "7\" single"}, "weeks": {"week": ["1973-11-10", "1973-11-17"]}}}