{"top-song": {"weeks": {"week": "1954-01-02"}, "artist": "Eddie Fisher", "descr": {"p": [{"i": [{"#tail": "(reproduced in 1950 as", "#text": "Der Schwarze Hecht"}, {"#tail": "(Fireworks)), lyrics by Erik Charell, J\u00fcrg\n    Amstein, and Robert Gilbert.", "#text": "Feuerwerk"}], "#text": "\"O mein Papa\" is a German song about a beloved clown father,\n    written by Swiss composer Paul Burkhard in 1939 for a musical\n    called"}, {"i": {"#tail": ") and many others.", "#text": "Pabbi minn"}, "#text": "The song has been performed and recorded by numerous artists\n    since then, including Alan Breeze, Billy Cotton, Billy Vaughn,\n    Connie Francis, The Everly Brothers, Harry James, Lys Assia,\n    Malcolm Vaughan, Muriel Smith, Ray Anthony & his Orchestra,\n    Russ Morgan & his Orchestra, The Beverley Sisters, Bj\u00f6rk\n    (on Gling-Gl\u00f3, as"}, "Under the original German title, an instrumental version by\n    trumpeter Eddie Calvert topped the UK Singles Chart in 1954,\n    and was also a Top 10 hit in the U.S.", "It was adapted into English by John Turner and Geoffrey\n    Parsons under the title \"Oh! My Pa-Pa\". A recording by Eddie\n    Fisher became a #1 hit on the U.S. Billboard Hot 100 chart in\n    1954. Fisher's version also made the UK Top 10; thus, in the\n    UK, Calvert's version was number one while Fisher's made the\n    Top 10 but missed the top spot, and in the U.S., the roles were\n    reversed. Calvert's version has a further claim to fame as the\n    first UK number one to be recorded at the most successful of\n    all British recording studios, Abbey Road. The song returned to\n    Abbey Road when Geoff Love recorded an instrumental version in\n    the summer of 1960 to be used as a backing track for Connie\n    Francis' English-Yiddish recording. Francis overdubbed her\n    vocals in Hollywood. In 1966, Francis recorded the song once\n    more, this time with the original German lyrics for her German\n    concept album \"Melodien, die die Welt erobern\".", "U.S. television viewers were re-introduced to the song via\n    the television show \"Gomer Pyle, U.S.M.C.\". In the episode\n    \"Sing a Song of Papa\", Jim Nabor's Private Pyle enters a talent\n    contest at a nightclub. His rendition of the song wins him $25\n    and the admiration of the club's owner, who is apparently\n    connected to organized crime, and predictable hijinks\n    ensue.", "The opening stanza was momentarily quoted in Frank Zappa's\n    song \"Billy the Mountain\" (1972) in place of the word\n    \"fissure,\" a reference to Eddie Fisher.", {"i": {"#tail": "sung by Krusty the Clown.", "#text": "The Simpsons"}, "#text": "The song was also in the episode \"Like Father, Like Clown\"\n    of"}]}, "title": "Oh! My Pa-Pa (O Mein Papa)"}}