{"top-song": {"weeks": {"week": "1946-08-10"}, "artist": "Eddy Howard", "descr": {"p": ["\"To Each His Own\" is a popular song with music written by\n    Jay Livingston and lyrics by Ray Evans. The song was published\n    in 1946.", "In 1946, three different versions hit number one on the\n    Billboard charts in the United Sates. Hit versions in 1946 were\n    recorded by:", "Eddy Howard reached number one after debuting on the chart\n    with his version of the song on July 11, 1946. Released by\n    Majestic Records as catalog number 7188 and 1070, the single\n    lasted nineteen weeks on the chart, reaching the top spot on\n    August 10 for three weeks and returning for two more weeks on\n    October 5.", "Freddy Martin & his Orchestra, featuring vocals by\n    Stuart Wade, and Tony Martin both had their versions debut on\n    the chart on August 8, 1946, with each remaining on the chart\n    for twelve weeks. While Freddie Martin, who version was\n    released by RCA Victor Records, was able to top the chart for\n    two weeks, Tony Martin's version, released by Mercury Records,\n    peaked at number four.", {"i": {"#tail": "charts was performed by The Modernaires with\n    Paula Kelly. Released by Columbia Records, together they\n    debuted on the chart on August 15, 1946, lasting six weeks on\n    the chart and peaking at number five.", "#text": "Billboard"}, "#text": "The next version to reach the"}, "The final recording to reach number one was by The Ink\n    Spots, which was released by Decca Records. Reaching the charts\n    on August 29, 1946, it remained on the chart for eleven weeks\n    on the chart, reaching its number-one peak on September 21.", {"i": [{"#tail": ". Frankie Laine had a minor revival\n    with the song in 1968, reaching number two on the", "#text": "Try a Little Love"}, {"#tail": "Easy Listening chart.", "#text": "Billboard"}], "#text": "Other recordings: Sam Cooke recorded it for his LP,"}]}, "title": "To Each His Own"}}