{"top-song": {"genres": {"genre": "Vocal Music"}, "descr": {"p": ["\"(It\u2019s No) Sin\" is a 1951 popular song with music by George\n    Hoven and lyrics by Chester R. Shull. Popular recordings of the\n    song were made by The Four Aces and Eddy Howard.", "The recording by Eddy Howard was released by Mercury Records\n    as catalog number 5711. It first reached the Billboard magazine\n    charts on September 14, 1951 and lasted 23 weeks on the chart,\n    peaking at #1.", "The recording by The Four Aces was released by Victoria\n    Records as catalog number 101. It first reached the Billboard\n    magazine charts on September 7, 1951 and lasted 22 weeks on the\n    chart, peaking at #4. This was The Four Aces' first charting\n    record and led to their receiving a contract with a major\n    company, Decca.", "This song should not be confused with \"It's a Sin\", another\n    popular song of the same era.", "The song was revived in 1964 by The Duprees, a group that\n    made a number of recordings of 1950s hits."]}, "artist": "Eddy Howard", "title": "(It's No) Sin", "recorded": "1952", "label": "Victoria", "writers": {"writer": ["George Hoven", "Chester R. Shull"]}, "weeks": {"week": "1951-12-15"}}}