{"top-song": {"album": "War & Peace", "genres": {"genre": ["Psychedelic soul", "funk"]}, "descr": {"p": ["\"War\" is a soul song written by Norman Whitfield and Barrett\n    Strong for the Motown label in 1969. Whitfield first produced\n    the song \u2014 a blatant anti-Vietnam War protest \u2014 with The\n    Temptations as the original vocalists. After Motown began\n    receiving repeated requests to release \"War\" as a single,\n    Whitfield re-recorded the song with Edwin Starr as the\n    vocalist, deciding to withhold the Temptations' version so as\n    not to alienate their more conservative fans. Starr's version\n    of \"War\" was a number-one hit on the Hot 100 chart in 1970, and\n    is not only the most successful and well-known record of his\n    career, but is also one of the most popular protest songs ever\n    recorded. Its power was reasserted when Bruce Springsteen and\n    the E Street Band took their rendition into the U.S. Top 10 in\n    1986. Following the terrorist attacks on September 11, 2001,\n    the song was placed on the list of post-9/11 inappropriate\n    titles distributed by Clear Channel.", "The Temptations' version of \"War\", featuring Paul Williams\n    and Dennis Edwards on lead vocals, was much less intense than\n    the Edwin Starr version. Williams and Edwards deliver the\n    song's anti-war, pro-peace message over a stripped-down\n    instrumental track, with bass singer Melvin Franklin chanting a\n    repeated recruit training-like \"hup, two, three, four\" in the\n    background during the verses.", {"i": {"#tail": "album, which featured the title track\n    as its only single. The track's direct message, summarized by\n    its chorus (\"War, what is it good for? Absolutely nothin'!\"),\n    struck a chord with the American public and resonated with\n    growing public opposition to the war in Vietnam. Fans from\n    across the nation, many of them college students and other\n    young people, sent letters to Motown requesting the release of\n    \"War\" as a single. The label didn't want to risk the image of\n    its most popular male group, and the Temptations themselves\n    were also apprehensive about releasing such a potentially\n    controversial song as a single. The label decided to withhold\n    \"War\"'s release as a single, a decision that Whitfield fought\n    until the label came up with a compromise: \"War\" would be\n    released, but it would have to be re-recorded with a different\n    act.", "#text": "Psychedelic Shack"}, "#text": "The song was included as a track on the March 1970"}, "Edwin Starr, who had become a Motown artist in 1968 after\n    his former label, Ric-Tic, was purchased by Motown founder\n    Berry Gordy, Jr., became \"War's\" new vocalist. Considered among\n    Motown's \"second-string\" acts, Starr had only one major hit,\n    1968's number-six hit \"Twenty-Five Miles\", to his name by this\n    time.", "He heard about the conflict surrounding the debate of\n    whether or not to release \"War,\" and volunteered to re-record\n    it. Whitfield re-created the song to match Starr's James\n    Brown-influenced soul shout: the single version of \"War\" was\n    dramatic and intense, depicting the general anger and distaste\n    the antiwar movement felt towards the war in Vietnam. Unlike\n    the Temptations' original, Starr's \"War\" was a full-scale\n    Whitfield production, with prominent electric guitar lines,\n    clavinets, a heavily syncopated rhythm accented by a horn\n    section, and with Whitfield's new act The Undisputed Truth on\n    backing vocals.", {"i": {"#tail": "Pop Singles chart for three weeks, in August\n    and September 1970. It replaced \"Make It With You\" by Bread,\n    and was replaced by another Motown single, \"Ain't No Mountain\n    High Enough\" by Diana Ross.", "#text": "Billboard"}, "#text": "Upon its release in June 1970, Starr's \"War\" became a\n    runaway hit, and held the #1 position on the"}, "Notable as the most successful protest song to become a pop\n    hit, earning compliments from contemporary protester John\n    Lennon, \"War\" became Edwin Starr's signature song. Rather than\n    hindering his career (as it might have done for the\n    Temptations), \"War\" buoyed Starr's career, and he adopted the\n    image of an outspoken liberal orator for many of his other\n    early-1970s releases, including the similarly-themed \"Stop the\n    War Now\" from 1971. It and another 1971 single, \"Funky Music\n    Sho Nuff Turns Me On,\" continued Starr's string of\n    Whitfield-produced psychedelic soul hits. After 1971, Starr's\n    career began to falter, and, citing Motown's reliance on\n    formulas, he departed the label in the mid-1970s.", "Later in his career, after moving to the United Kingdom,\n    Starr re-recorded several of his hits with British band Utah\n    Saints. Starr's new version of \"War\" in 2003 was his final\n    piece; he died on April 2 of the same year of a heart\n    attack.", "Starr won a Grammy in 1971 for \u201d War\u201d for best R&B Male\n    Vocal. In 1999, Edwin Starr's \"War\" was inducted into the\n    Grammy Hall of Fame.", "Starr bought an extensive country house, Pooley Hall, on the\n    outskirts of Polesworth in Warwickshire. Pooley Hall was built\n    by Thomas Cockayne between 1506 and 1509 on the site of a much\n    older house. It has an embattled tower with a stair turret, and\n    is built of red brick with stone mullions and quoins. Though it\n    is a highly unlikely story, there are said to be secret\n    passages connecting Pooley Hall to Polesworth Abbey. It\n    overlooks the Coventry canal and has its own landing stage.", "\"War\" was performed in concert by Bruce Springsteen and the\n    E Street Band in 1985, added to the set list for the final few\n    shows of their lengthy Born in the U.S.A. Tour. Springsteen and\n    his manager Jon Landau were looking for a way to make these\n    concluding shows, taking place at the Los Angeles Memorial\n    Coliseum, a little different and special, and Landau suggested\n    playing \"War\". A year earlier, he had suggested the same, as a\n    loose protest against Reagan Administration foreign policy in\n    Central America and elsewhere, but the band had been unable to\n    come up with an effective arrangement. This time, however, they\n    did. Springsteen taped the words of the song to his arm,\n    prefaced the song with a spoken admonition not to blindly trust\n    the government, leaders or anything else, and then he and the\n    band performed a rock rendition.", {"i": {"#tail": ". \"War\" was chosen as the first single from\n    the set, and it was again a big hit, reaching #8 on the\n    Billboard Hot 100 chart. The music video for the single was a\n    straight concert filming of the same performance.", "#text": "Live/1975-85"}, "#text": "Springsteen released the September 30, 1985 performance as a\n    part of his 1986 box set,"}, "Springsteen continued to perform \"War\" regularly through his\n    1988 Tunnel of Love Express and Human Rights Now! Tours. He\n    then retired it, until again performing it on his 2003 Rising\n    Tour before and during the start of the Iraq War.", "\"War\" was also covered by Tom Jones in 1971 & 1985.", "\"War\" was covered by The Jam in 1982. A studio version\n    featured as one of three extra tracks on the Just Who Is the 5\n    O'Clock Hero?, The Bitterest Pill (I Ever Had to Swallow), Beat\n    Surrender 12\" singles. It was also a live favourite.", {"i": {"#tail": ".", "#text": "War On 45"}, "#text": "\"War\" was covered by influential Canadian punk band D.O.A.\n    on their 1982 12\" EP"}, {"i": {"#tail": ".", "#text": "Welcome to the Pleasuredome"}, "#text": "\"War\" was covered by Frankie Goes to Hollywood on the\n    12-inch of their 1984 hit single \"Two Tribes\", and was included\n    on the album"}, "The trash-punk band Mace covered it on their 1987 album \"The\n    Evil in Good\".", {"i": {"#tail": ", \"Lyre Lyre Hearts on Fire\",\n    includes a cover of \"War\".", "#text": "Xena: Warrior Princess"}, "#text": "An episode of the television series"}, {"i": {"#tail": ". The song features new raps by Bone\n    Thugs-N-Harmony, and a spoken word section by Rollins, while\n    the chorus features the original vocal track by Starr.", "#text": "Small Soldiers"}, "#text": "\"War\" was remixed by Bone Thugs-N-Harmony, along with Henry\n    Rollins, Tom Morello, and Flea, for the soundtrack to the film"}, "Slovenian band Laibach included a cover of \"War\" on their\n    1994 album NATO. This version answers the question \"War, what\n    is it good for?\" by listing what, in Laibach's opinion, war is\n    good for: for example, science, religion, IBM, CNN, and various\n    other large multi-national companies.", "In February 2007, the Stop the War Coalition released a\n    single of the song, attributed to Ugly Rumours \u2014 the rock band\n    formed by former UK prime minister Tony Blair at Oxford\n    University during the 1970s. The song reached no 6 in the UK\n    music charts. The accompanying video featured a Blair\n    look-alike as lead singer, and appearances by George Galloway\n    and Lauren Booth as police officers arresting Blair.", "Rock band Pearl Jam has covered parts of the song in the\n    breakdown of their own song 'Daughter'.", {"i": {"#tail": ".", "#text": "Yes We Can"}, "#text": "Blues singer Maria Muldaur covered the song on her 2008\n    album,"}, "The song was also sung by Jackie Chan, Adrienne Bailon and\n    Chris Tucker in the two Rush Hour films."]}, "artist": "Edwin Starr", "lengths": {"length": "3:28"}, "title": "War", "recorded": "Hitsville USA (Studio A); , spring 1970", "label": "Gordy , Gordy 7101", "producers": {"producer": "Norman Whitfield"}, "released": "June 10, 1970", "writers": {"writer": ["Norman Whitfield", "Barrett Strong"]}, "formats": {"format": "7\" single"}, "weeks": {"week": ["1970-08-29", "1970-09-05", "1970-09-12"]}}}