{"top-song": {"weeks": {"week": "1950-04-15"}, "artist": "Eileen Barton", "descr": {"p": ["\"If I Knew You Were Comin' I'd've Baked a Cake\" is a popular\n    song written by Al Hoffman, Bob Merrill, and Clem Watts and\n    published in 1950.", "The big hit version in 1950 was recorded by Eileen Barton in\n    January 1950. The recording was released by National Records as\n    catalog number 9103. The record first reached the Billboard\n    magazine charts on March 3, 1950 and lasted 15 weeks on the\n    chart, peaking at #1.", "Another version was recorded by Georgia Gibbs. The recording\n    was made on February 16, 1950 and released by Coral Records as\n    catalogue number 60169. The record first reached the Billboard\n    magazine charts on March 17, 1950 and lasted six weeks on the\n    chart, peaking at #21.", "A British version was recorded by Dame Gracie Fields in\n    1950, and has since been used on a British television\n    advertising campaign.", "Another version was recorded by Betty Harris and a choir,\n    with Art Mooney's Orchestra. The recording was made on February\n    15, 1950 and released by MGM Records as catalogue number\n    10660.", "Bing Crosby and Bob Hope recorded a version together that\n    expanded on the standard lyrics to include verses about making\n    a meal and preparing a goose.", "In Australia, a version was recorded by June Hamilton in\n    May, 1950 and released by Pacific Records as catalog number\n    10-0030.", "This song was used in a skit on \"Sesame Street\" involving\n    Ernie and Cookie Monster, when Cookie Monster wanted cookies,\n    but,instead had to settle for a birthday cake, made by Ernie,\n    in which he wildly eats it up. When he first sees the finished\n    cake, Cookie Monster exclaims: \"Oh!!,I wish it was a\n    Cookie\".", "A version was used as the opening theme to Exit 57, a sketch\n    comedy series that aired on Comedy Central and starred Amy\n    Sedaris, Paul Dinello, Stephen Colbert, Mitch Rouse, and Jodi\n    Lennon.", "Manhattan band The Maxes recorded a version of the song in\n    2008 as part of a 12-song Al Hoffman collection titled \"The\n    Maxes Sing Al Hoffman.\"", "Certain versions of the song include the lyrics If I Knew\n    You Were Comin' I'd've Baked a Cake \"this morning\" instead of\n    \"how'd you do\"", "Greggs The Bakers (a popular UK High Street bakers) is using\n    this song as part of its new tv advertising campaign. This can\n    be view at www.greggs.co.uk/tv"]}, "title": "If I Knew You Were Comin' (I'd've Baked a Cake)"}}