{"top-song": {"genres": {"genre": "Rock"}, "descr": {"p": ["\"Philadelphia Freedom\" is a song released by Elton John (as\n    \"Elton John Band\") as a single in 1975. The song was one of\n    John's numerous number-one U.S. hit singles during the early\n    and mid-1970s, which saw his recordings dominating the charts.\n    The song was written by Elton John and Bernie Taupin as a\n    favour to Elton's friend, tennis star Billie Jean King. King\n    was part of the Philadelphia Freedoms tennis team. The song\n    features orchestral arrangements by Gene Page.", "This song plays in Philadelphia's Franklin Institute Imax\n    Theater before every show to express the city's love for\n    freedom and impact on shaping the country.", "Discography"]}, "artist": "Elton John Band", "lengths": {"length": "5:38"}, "title": "Philadelphia Freedom", "label": "MCA (US/Canada) , DJM Records", "released": "24 February 1975", "writers": {"writer": ["Elton John", "Bernie Taupin"]}, "weeks": {"week": ["1975-04-12", "1975-04-19"]}}}