{"top-song": {"genres": {"genre": "Pop"}, "descr": {"p": ["\"Don't Go Breaking My Heart\" is a duet by Elton John and\n    Kiki Dee. It was written by Elton John with Bernie Taupin under\n    the pseudonym \"Ann Orson\" and \"Carte Blanche\" (a pun on the\n    expression \"an horse and cart, blanche\"), and intended as an\n    affectionate pastiche of the Tamla Motown style, notably the\n    various duets recorded by Marvin Gaye and singers such as Tammi\n    Terrell and Kim Weston. It is not to be confused with the Burt\n    Bacharach/Hal David song of the same title recorded in 1966 by\n    Dionne Warwick.", {"i": [{"#tail": "). However, it was included on the original\n    version of", "#text": "Blue Moves"}, {"#tail": "in 1977. It has\n    since been shifted to the \"Volume 3\" compilation,", "#text": "Elton John's Greatest Hits Volume II"}, {"#tail": ". In 2002, it also appeared on\n    Elton John's 2-disc greatest hits album,", "#text": "Greatest Hits 1976\u20131986"}, {"#tail": ". A demo version of\n    the song was recorded by John as a solo artist. This version\n    has not been released commercially.", "#text": "Elton John's Greatest Hits 1970-2002"}], "#text": "Like many of Elton John's singles from the 1970s, it was\n    never included on any of his original albums (though it was\n    recorded during the same sessions that produced"}, "\"Don't Go Breaking My Heart\" was also John's first No. 1\n    single in the UK, topping the chart for six weeks in mid 1976.\n    He would not enjoy a solo British chart-topper until\n    \"Sacrifice\" in 1990. It also became his sixth No. 1 single in\n    the US, topping the Billboard Hot 100 for four weeks.", "The b-side \"Snow Queen\" has yet to be released on CD. The\n    song was supposedly inspired by Cher, with Elton's improvising\n    past Sonny & Cher hits I Got You Babe, and The Beat Goes On\n    as well as the solo Cher song Bang Bang (My Baby Shot Me Down)\n    during the fadeout of the song.", {"i": [{"#tail": "performing the track. He also performed it\n    with the Spice Girls on his ITV tribute programme", "#text": "Totally Minnie"}, {"#tail": ".", "#text": "An Audience With Elton John"}], "#text": "In 1985, John and Dee performed the track to the crowd at\n    Wembley Stadium during John's set at Live Aid (where Dee sang\n    backup). In 1987, Elton appeared with Minnie Mouse on the NBC\n    series"}, "The song\u2019s promotional film has been cited among the\n    cheapest music videos ever produced. The circumstances behind\n    its conception were detailed on an episode of Pop-Up Video. The\n    video\u2019s director was found in the midst of filming a Rod\n    Stewart television special. He was pulled aside, located an\n    unused soundstage, hastily dressed it to give the appearance of\n    a recording studio, setup three cameras and had the two singers\n    pretend to record their vocals. Shot in a single take while\n    being told to \u2018improvise\u2019, Elton John and Kiki Dee often missed\n    their cues and John\u2019s attempt to lead Dee in a very haphazard\n    dance sequence caught his companion off guard. The music video\n    with RuPaul features a black grand piano, something Elton has\n    not used since 1987.", "Hip hop music artist Ol' Dirty Bastard and R&B singer\n    Macy Gray recorded a loose cover version of the song which\n    retained the melody but featured new rap lyrics and intentional\n    off-key singing.", "Discography"]}, "artist": "Elton John and Kiki Dee", "lengths": {"length": "4:28"}, "title": "Don't Go Breaking My Heart", "label": "Rocket Records , MCA Records (US/Canada)", "producers": {"producer": "Gus Dudgeon"}, "released": "21 June 1976", "writers": {"writer": ["Ann Orson", "Carte Blanche"]}, "weeks": {"week": ["1976-08-07", "1976-08-14", "1976-08-21", "1976-08-28"]}}}