{"top-song": {"album": "Goodbye Yellow Brick Road", "genres": {"genre": "Rock"}, "descr": {"p": [{"i": {"#tail": "album in 1973. \"Bennie and the\n    Jets\" has been one of John's most popular songs.", "#text": "Goodbye Yellow Brick Road"}, "#text": "\"Bennie and the Jets\" is a song composed by Elton John and\n    Bernie Taupin. The song is written in the key of G major and\n    first appeared on the"}, "The song tells of \"Bennie and the Jets\", a fictional band of\n    whom Elton John is a supposed fan. In interviews, Taupin has\n    said that the song's lyrics are a satire on the music industry\n    of the 1970s. The greed and glitz of the early '70s music scene\n    is portrayed by Taupin's words:", "Taupin also goes on to describe the flashy wardrobe of\n    \"Bennie\", the leader of the band:", {"i": {"#tail": "album, and was against\n    releasing it as a single, believing it would fail. The song\n    peaked at number one on the singles charts in 1974.\" Bennie and\n    the Jets\" was also John's first Top 40 hit on the R&B\n    charts.", "#text": "Goodbye Yellow Brick Road"}, "#text": "Elton John was set against releasing \"Bennie and the Jets\"\n    on side one of the"}, "Axl Rose of Guns N' Roses has stated that he was listening\n    to \"Bennie and the Jets\" and that inspired him to become a\n    singer.", {"i": [{"#tail": "and", "#text": "Honky Chateau"}, {"#tail": ".", "#text": "Don't Shoot Me I'm Only the Piano Player"}], "#text": "The song was recorded in France at Ch\u00e2teau d'H\u00e9rouville's\n    Strawberry Studios, where John and Taupin had recorded their\n    previous two albums,"}, {"i": {"#tail": "as well as most of John's\n    albums up to that point, added the \"live from Playhouse\n    Theatre\" sound to the track. Dudgeon added applause and\n    audience sounds from John's previous concerts, plus\n    whistles.", "#text": "Goodbye Yellow Brick Road"}, "#text": "After recording the song in the studio, John and the band\n    worried that it was too plain and unoriginal. According to\n    guitarist Davey Johnstone, \"'Bennie and the Jets' was one of\n    the oddest songs we ever recorded. We just sat back and said,\n    'This is really odd'.\" Gus Dudgeon, who produced"}, "While John rarely plays the same song the same way, and\n    often makes subtle or even drastic changes, 'Bennie' is a\n    slight exception. During live renditions, the solo in the\n    middle of the song is played exactly the same way live as it\n    was recorded. An exception to this can be heard on the 1976\n    live release, \"Here and There\", where John significantly\n    changes the solo in the bridge. The ending is almost always\n    improvised in a variety of styles (and, at times, for a number\n    of minutes) including classical, swing and, perhaps most\n    notably, boogie-woogie.", "Discography"]}, "artist": "Elton John", "lengths": {"length": "5:10"}, "title": "Bennie and the Jets", "label": "MCA (US/Canada) , DJM Records", "released": "4 February 1974", "writers": {"writer": ["Elton John", "Bernie Taupin"]}, "weeks": {"week": "1974-04-13"}}}