{"top-song": {"album": "The Big Picture", "descr": {"p": [{"i": {"#tail": ". The single was released as a double\n    A-side single with \"Candle in the Wind 1997\".", "#text": "The Big Picture"}, "#text": "\"Something About the Way You Look Tonight\" is a song by\n    Elton John, released as the first single from"}, {"i": [{"#tail": ", as well as supermodels Kate Moss and Sophie\n    Dahl and is regarded as one of Elton John's best videos. John\n    has publicly revealed (through his \"warts and all\" documentary", "#text": "This Life"}, {"#tail": ") that he finds videos \"fucking\n    loathsome\" and after the album", "#text": "Tantrums and Tiaras"}, {"#tail": "refrained from appearing in his own\n    videos unless they were cameo appearances.", "#text": "The Big Picture"}], "#text": "The video for the song featured actors and actresses from\n    the UK television programme"}, "\"Something About the Way You Look Tonight\" and the video\n    were dedicated (and maybe this inspired the song) to the memory\n    of Gianni Versace, murdered that year.", "In the UK only, the single sold over 4,864,600 copies (8x\n    Platinum), making the song the best-selling single ever in UK\n    history. It remained for five weeks at the number-one position.\n    In the US, the song was considered a double-A-side with \"Candle\n    in the Wind 1997\" and spent fourteen weeks at number one on the\n    Billboard Hot 100. On the US adult contemporary chart, however,\n    \"Something About the Way You Look Tonight\" and \"Candle in the\n    Wind 1997\" charted separately, and while the tribute to\n    Princess Diana peaked at #5 on this chart, \"Something About the\n    Way You Look Tonight\" spent ten weeks at #1 in late 1997 and\n    early 1998.", "Discography"]}, "artist": "Elton John", "lengths": {"length": "4:01"}, "title": "Something About the Way You Look Tonight\" / \"Candle In The Wind 1997", "label": "Mercury / Rocket", "producers": {"producer": "Chris Thomas"}, "released": "13 September 1997 \u00a0(1997-09-13) ( UK ) , 23\n  September 1997 \u00a0(1997-09-23) ( US )", "writers": {"writer": ["Elton John", "Bernie Taupin"]}, "formats": {"format": ["CD", "7\""]}, "weeks": {"week": ["1998-01-03", "1998-01-10"]}}}