{"top-song": {"album": "Sgt. Pepper's Lonely Hearts Club Band", "genres": {"genre": "Psychedelic rock"}, "descr": {"p": [{"i": "Sgt. Pepper's Lonely Hearts Club Band", "#text": "from the album"}, {"i": {"#tail": ".", "#text": "Sgt. Pepper's Lonely Hearts Club Band"}, "#text": "\"Lucy in the Sky with Diamonds\" is a song by English rock\n    band The Beatles, primarily written by John Lennon (credited to\n    Lennon/McCartney) for the group's 1967 album"}, "At the time of its release, the Beatles claimed that the\n    inspiration for the song came from a drawing by John Lennon's\n    son, Julian, which Julian called \"Lucy in the Sky with\n    Diamonds\". The song sparked controversy when released,\n    including being banned by the BBC because of the supposed\n    reference to the drug LSD, with the first letter of each noun\n    in the title spelling LSD. Although Lennon denied that the\n    L-S-D in the title was a reference to the drug, McCartney later\n    said it was \"pretty obvious\" that the song was inspired by\n    LSD.", "The song has an arrangement typical of later\n    Lennon/McCartney compositions; much of the song is in compound\n    duple metre (3/4 time), except the chorus, where it switches to\n    4/4 time. The song also shifts between musical keys, using the\n    key of A major for the verse, B\u266d major for the pre-chorus or\n    bridge section, and G major for the chorus. It consists of a\n    very simple melody (reminiscent of a nursery song), sung by\n    Lennon over an increasingly complicated underlying arrangement\n    which features a tamboura, played by George Harrison, and a\n    counter melody on Lowrey organ played by McCartney being taped\n    with a special organ stop to give it a sound like a\n    celeste.", "Session tapes from the initial 1 March 1967 recording of\n    this song reveal that Lennon originally sang the line\n    \"Cellophane flowers of yellow and green\" as a broken phrase,\n    but McCartney suggested that he sing it more fluidly to improve\n    the song.", "According to the Beatles, one day in 1966 Lennon's son,\n    Julian, came home from nursery school with a drawing he said\n    was of his classmate, Lucy O'Donnell (later, Lucy Vodden) ,\n    whom Julian drew with diamond-shaped eyes. Showing the artwork\n    to his father, young Julian described the picture as \"Lucy \u2014 in\n    the sky with diamonds\". Julian later said, \"I don't know why I\n    called it that or why it stood out from all my other drawings,\n    but I obviously had an affection for Lucy at that age. I used\n    to show dad everything I'd built or painted at school, and this\n    one sparked off the idea for a song about 'Lucy in the sky with\n    diamonds'\".", {"i": [{"#tail": ". Carroll's work has also been\n    cited as an influence upon Lennon's \"I Am the Walrus\" which\n    refers to a character from", "#text": "Through the Looking-Glass"}, {"#tail": "and his two books,", "#text": "Through the Looking-Glass"}, {"#tail": "and", "#text": "In His Own Write"}, {"#tail": ". As well as Carroll, other\n    influences on the song include popular skits on British radio\n    comedy programme (", "#text": "A Spaniard in the Works"}, {"#tail": ") making references to \"plasticine ties\",\n    which showed up in the song as", "#text": "The Goon Show"}, {"#tail": ".", "#text": "\"Plasticine porters with looking glass ties\""}], "#text": "His son's artwork appears to have inspired Lennon to draw\n    heavily on his own childhood affection for Lewis Carroll's\n    \"Wool and Water\" chapter from"}, "The original painting was for a time in the hands of\n    Julian's mother Cynthia. As of June 2009, the whereabouts of\n    the painting were unknown. But in an interview with The Early\n    Show in December of that same year, Julian revealed that the\n    drawing \"got lost. So how it was found or who may have taken\n    it, I have no idea, but it's now been re-found and David\n    Gilmour from Pink Floyd has it and kindly allowed us to use a\n    copy of it for the art work\" for \"Lucy\".", "Lucy O'Donnell Vodden (1963 - 22 September 2009) was the\n    inspiration for the song. She was born in Weybridge, Surrey, in\n    1963. She was a classmate of Julian Lennon, son of John Lennon,\n    at Heath House School. Julian Lennon drew a picture of\n    O'Donnell in 1966 and took it to his father, explaining to him\n    that the picture he drew was, \"That\u2019s Lucy in the sky with\n    diamonds.\" The quote became the legend for the origin of the\n    song.", "O'Donnell married her husband and \"childhood sweetheart\",\n    Ross Vodden, in 1996. In 2007 she acknowledged being the Lucy\n    referred to in the Beatle song, during an interview with BBC\n    Radio. Lucy told the BBC, \"I remember Julian and I both doing\n    pictures on a double-sided easel, throwing paint at each other,\n    much to the horror of the classroom attendant... Julian had\n    painted a picture and on that particular day his father turned\n    up with the chauffeur to pick him up from school.\"", "In 2009, Julian Lennon learned that Vodden, who lived in\n    Surrey, England, suffered from the immune system disease lupus.\n    Lennon sent her flowers with a personally written card. After\n    learning that Vodden was taking solace from gardening and\n    looking at plants, Lennon also sent her gift vouchers for a\n    garden centre. Vodden, who saw Lennon only once during the\n    intervening years at a concert of his, responded, \"It was\n    lovely of Julian.\" Vodden developed an infection on the second\n    day of her first vacation with her husband in eight years. She\n    was rushed to a hospital in King's Lynn, Norfolk, where she\n    died on 22 September 2009, aged 46, with her husband, father,\n    sister and brother at her bedside. Julian Lennon and his\n    mother, Cynthia, released a statement saying they were \"shocked\n    and saddened\" by Vodden's death.", "On December 15, 2009, Julian Lennon released a single,\n    \"Lucy,\" dedicated to his late friend. Most of the proceeds are\n    earmarked for lupus foundations.", {"i": {"#tail": "magazine described the song as \"Lennon's\n    lavish daydream\" and music critic Richie Unterberger said\n    \"'Lucy in the Sky With Diamonds' was one of the best songs on\n    the Beatles' famous Sgt. Pepper album, and one of the classic\n    songs of psychedelia as a whole. There are few other songs that\n    so successfully evoke a dream world, in both the sonic textures\n    and words.\" In a review for the BBC, Chris Jones described the\n    song as \"nursery rhyme surrealism\" that contributed to Sgt.\n    Pepper's \"revolutionary ... sonic carpet that enveloped the\n    ears and sent the listener spinning into other realms.\"", "#text": "Rolling Stone"}}, "In later interviews, Lennon expressed disappointment with\n    the Beatles' arrangement of the recording, complaining that\n    adequate time was not taken to fully develop his initial idea\n    for the song. He also said that he felt he didn't think that he\n    sang it very well. \"I was so nervous I couldn't sing,\" he told\n    the journalist Ray Connolly, \"but I like the lyrics.\"", {"i": {"#tail": "specimen discovered in 1974\n    was named \"Lucy\" because The Beatles song was being played\n    loudly and repeatedly on a tape recorder in the camp.", "#text": "Australopithecus afarensis"}, "#text": "A 3.2 million year-old, 40% complete fossil skeleton of an"}, "The White dwarf star BPM 37093, which contains a core of\n    crystallized carbon roughly 4000 km in diameter, is informally\n    named \"Lucy\" as a tribute to The Beatles song.", {"i": {"#tail": ".", "#text": "All This and World War II"}, "#text": "In 1974, Elton John released a cover version as a single.\n    Recorded at the Caribou Ranch, it featured background vocals\n    and guitar by John Lennon under the pseudonym Dr. Winston\n    O'Boogie. The single topped the Billboard pop charts for two\n    weeks in January 1975 and also appeared on the 1976 musical\n    documentary,"}, {"i": {"#tail": ". As with the A-Side, Lennon appears on the\n    B-Side, playing guitar.", "#text": "Mind Games"}, "#text": "The B-Side of the single was also a John Lennon composition,\n    \"One Day (At a Time),\" a song from Lennon's 1973 album"}, {"i": [{"#tail": "box set. In 1996, they were also included on the\n    remastered edition of Elton John's", "#text": "Lennon"}, {"#tail": "album.", "#text": "Here and There"}], "#text": "During their collaboration, Elton John appeared on John\n    Lennon's song \"Whatever Gets You Thru the Night\". Lennon\n    promised to appear live with John at Madison Square Garden if\n    \"Whatever Gets You Thru the Night\" became a number 1 single. It\n    did, and on Thanksgiving Night, 28 November 1974, Lennon kept\n    his promise. They performed \"Lucy in the Sky with Diamonds\",\n    \"Whatever Gets You Thru the Night\", and \"I Saw Her Standing\n    There\". The Lennon-sung \"I Saw Her Standing There\" (credited to\n    The Elton John Band featuring John Lennon) was originally\n    released in 1975 on the B-Side of Elton John's \"Philadelphia\n    Freedom\" single. In 1981, all three live songs were issued on\n    \"28 November 1974,\" an Elton John EP. In 1990, the three songs\n    were made available on the"}, "Elton John once said, \"[Lucy in the Sky with Diamonds] is a\n    song that I never do in a set at a concert simply because it\n    reminds me too much of John Lennon. This is the same with Empty\n    Garden\".", "Today, Elton John does occasionally perform it. The single\n    was later released on the 1996 re-release of Elton John's album\n    Captain Fantastic and the Brown Dirt Cowboy.", "Discography"]}, "artist": "Elton John", "lengths": {"length": "3:28"}, "title": "Lucy in the Sky with Diamonds", "recorded": "Abbey Road Studios , 1 March 1967", "label": "Parlophone R6022", "producers": {"producer": "George Martin"}, "released": "1 June 1967", "writers": {"writer": "Lennon/McCartney"}, "weeks": {"week": ["1975-01-04", "1975-01-11"]}}}