{"top-song": {"album": "Rock of the Westies", "genres": {"genre": "Rock"}, "descr": {"p": [{"i": {"#tail": ". The lyrics are about a prostitute\n    and a man who wants to take her back to Jamaica.", "#text": "Rock of the Westies"}, "#text": "\"Island Girl\" is a song performed by Elton John that went to\n    number one on the Billboard Hot 100 in the US and number 14 in\n    the UK in 1975. It was the first single taken from the album"}, "The song is atmospheric, featuring gospel-ish piano behind\n    the famous scratchy, distorted repeated slide guitar intro. It\n    also features a high-strung Caribbean guitar sound,marimbas,\n    and a heavy bass guitar. Also notable is a shaky synthesizer\n    solo played by James Newton Howard.", "The single's B-Side was \"Sugar on the Floor\", which was\n    written by Kiki Dee, who would go on to duet with Elton on a\n    number of occasions, most notably on their chart-topping 1976\n    single, \"Don't Go Breaking My Heart\".", "Discography"]}, "artist": "Elton John", "lengths": {"length": "3:42 (single version)"}, "title": "Island Girl", "label": "MCA (US/Canada) , DJM Records", "producers": {"producer": "Gus Dudgeon"}, "released": "September 29, 1975", "writers": {"writer": ["Elton John", "Bernie Taupin"]}, "weeks": {"week": ["1975-11-01", "1975-11-08", "1975-11-15"]}}}