{"top-song": {"genres": {"genre": "Pop"}, "descr": {"p": ["\"Candle in the Wind 1997\" is a remake of his own 1973 hit\n    \"Candle in the Wind\" by Sir Elton John that was released as a\n    tribute single to Diana, Princess of Wales. With over 37\n    million copies sold, it is the best-selling single of all time\n    since records began. On release in September 1997, \"Candle in\n    the Wind 1997\" peaked at number one in the UK, becoming John's\n    fourth number one single, and in most other countries\n    worldwide, also becoming the first song in history to reach the\n    top in each of the four major countries in the music industry:\n    United States, Japan, United Kingdom, and Germany.", "The lyrics of the earlier version of \"Candle in the Wind,\"\n    written by Bernie Taupin, were a tribute to Marilyn Monroe. The\n    opening lines of the 1973 version, \"Goodbye Norma Jean, though\n    I never knew you at all,\" were adapted to \"Goodbye England's\n    rose, may you ever grow in our hearts.\" In fact, most of the\n    lyrics were adapted to suit the circumstances of Diana's life\n    and death, but a notable and poignantly ironic omission was the\n    line, \"Even when you died, the press still hounded you...\"", "On 31 August 1997, Diana, Princess of Wales was killed in a\n    car crash in Paris, France. The news immediately shocked Elton\n    John, as he and the Princess had been very good friends: he had\n    also lost another good friend, the fashion designer Gianni\n    Versace, earlier in the summer, and had attended his funeral\n    with Diana.", "As a result of these deaths, John sank into a deep\n    depression, and considered not going to the funeral due to the\n    emotional trauma. In the end, he decided to attend after\n    receiving support from other friends. Following the recovery,\n    John decided he wanted to pay a tribute to Diana: with that in\n    mind, he contacted his veteran writing partner, Bernie Taupin.\n    Due to the confusion created by a message John left on Taupin's\n    answering machine in which he asked Taupin to write a lyric\n    similar to \"Candle in the Wind\", Taupin rewrote that song.\n    George Martin was contacted to help produce the song, and added\n    a string quartet, (Peter Manning, Keith Pascoe, Levine Andrade\n    and Andrew Shulman), and woodwind (Pippa Davies, flute) to help\n    balance the recording.", {"i": {"#tail": "album (an official 2-CD\n    release sanctioned by Diana's family that included other\n    artists such as Celine Dion and Rod Stewart).", "#text": "Diana Princess of Wales: Tribute"}, "#text": "John publicly performed \"Candle in the Wind 1997\" only once,\n    at the funeral of Diana, Princess of Wales in Westminster Abbey\n    on 6 September 1997. Though he continues to sing the original\n    1973 version of the song at his concerts, John has repeatedly\n    turned down requests to perform the 1997 version. He refused\n    even when asked to do so for the memorial Concert for Diana in\n    July 2007, having vowed never to perform it again unless asked\n    by Diana's sons. The song has never been released (or\n    re-released) on any of his other albums or compilations, not\n    even on the 1997"}, "\"Candle in the Wind\" was expected to debut high on the\n    charts, partly due to its tribute to the death of Diana,\n    Princess of Wales; but its actual results were record breaking.\n    Released on 13 September 1997, it became the fastest-selling\n    single in the UK, selling 658,000 copies in its first day of\n    release, and over 1.5 million copies in its first week. The\n    single would remain at number one for 5 weeks, and it\n    eventually sold 4.86 million copies in the UK, overtaking the\n    13-year-old record held by Band Aid's \"Do They Know It's\n    Christmas?\". It has been certified as the best-selling single\n    of all time in the UK.", "The chart success in the United States was similar. Release\n    on 22 September 1997, \"Candle in the Wind\" debuted at number\n    one, with first week sales at a staggering 3.5 million copies.\n    As a result, the album/single stayed at the top of the charts\n    for 14 consecutive weeks, a record for a male solo artist. The\n    single sold over 11 million copies in the United States and\n    became the best-selling single worldwide, with estimated\n    worldwide sales totaling over 35 million copies.", "The single's success was also seen in most countries around\n    the world. In Canada, the single spent three years in the top\n    20, with 45 non-consecutive weeks at the top spot. However, the\n    song's unusual chart performance in Canada has also been\n    explained as a structural factor; due to the relative lack of\n    CD singles available for sale in Canadian stores, in some weeks\n    the song was able to chart on sales of less than 100 copies\n    across the entire country.", {"i": {"#tail": ". All artist and composer royalties and record\n    company profits were donated to the Diana, Princess of Wales\n    Memorial Fund.", "#text": "per second"}, "#text": "As a testament to the single's success, it is estimated that\n    at the peak of sales, almost six copies of the single were sold\n    across the world"}, "Discography"]}, "artist": "Elton John", "lengths": {"length": ["3:59 (\"Something About the Way You Look\n    Tonight\")", "4:11 (\"Candle in the Wind 1997\")"]}, "title": "Candle in the Wind 1997\" / \"Something About the Way You Look Tonight", "recorded": "September 1997", "label": "Rocket Records (UK) , A&M (US/Canada)", "producers": {"producer": "George Martin"}, "released": "13 September 1997 \u00a0(1997-09-13) ( UK ) , 23\n  September 1997 \u00a0(1997-09-23) ( U.S. )", "writers": {"writer": ["Elton John", "Bernie Taupin (re-written)"]}, "formats": {"format": ["CD", "7\""]}, "weeks": {"week": ["1997-10-11", "1997-10-18", "1997-10-25", "1997-11-01", "1997-11-08", "1997-11-15", "1997-11-22", "1997-11-29", "1997-12-06", "1997-12-13", "1997-12-20", "1997-12-27"]}}}