{"top-song": {"album": "Don't Shoot Me I'm\n  Only the Piano Player", "genres": {"genre": "Rock"}, "descr": {"p": [{"i": {"#tail": ", and became his\n    first U.S. number-one single, reaching the top spot on 3\n    February 1973, and stayed there for three weeks. It was the\n    first song released as a single on the MCA label (catalogue\n    #40000) after MCA dissolved its Uni, Decca, Kapp and Coral\n    labels. (John had previously been with the Uni label.)\n    \"Crocodile Rock\" is dominated by a Farfisa organ, played by\n    John. The Farfisa is instantly recognizable by its\n    carnival-like sound and honky-tonk rhythm, while the lyrics\n    take a nostalgic look at early rock 'n' roll, and a\n    relationship with a woman named Suzie, which the writer\n    instantly associates with the music of the era. Regular Elton\n    John band members, such as Davey Johnstone and Nigel Olsson,\n    are among the song's performers.", "#text": "Don't Shoot Me I'm Only the Piano Player"}, "#text": "\"Crocodile Rock\" is a song written by Elton John and Bernie\n    Taupin, and recorded in June 1972 at the Strawberry Studios,\n    Ch\u00e2teau d'H\u00e9rouville in France. It was released on 27 October\n    1972 in the UK and 20 November 1972 in the US, as a pre-release\n    single from his forthcoming 1973 album"}, {"i": {"#tail": "(the album on\n    which \"Crocodile Rock\" is included) features a photo of John's\n    lyricist Bernie Taupin wearing a \"Daddy Who?\" promotional\n    badge. The song also appears to have been strongly influenced\n    by the hit \"Little Darlin'\", most famously recorded in 1957 by\n    The Diamonds (although the original version was recorded by The\n    Gladiolas.) The chorus resembles \"Speedy Gonzales\" by Pat\n    Boone. While there was no actual \"Crocodile Rock\", there was a\n    dance called The Alligator.", "#text": "Don't Shoot Me I'm Only the Piano Player"}, "#text": "The song was inspired by John's discovery of leading\n    Australian band Daddy Cool and their hit single \"Eagle Rock\",\n    which was the most successful Australian single of the early\n    1970s remaining at #1 for a (then) record 10 weeks. John heard\n    the song and the group on his 1972 Australian tour and was\n    greatly impressed by it. The cover of John's 1973 album"}, {"i": {"#tail": "in 2001.", "#text": "The Album"}, "#text": "Bob The Builder included a cover of this on his debut album,"}, {"i": [{"#tail": "recorded in 1991 by a symposium of eminent performers\n    as the soundtrack of the documentary film", "#text": "Two Rooms: Celebrating the Songs of Elton John & Bernie\n    Taupin"}, {"#tail": ", the song \"Crocodile Rock\" is covered by The\n    Beach Boys. Their interpretation emphasises the vocal\n    reminiscence of the Rock and Roll era and tones down the honky\n    tonk and cha-cha-cha ambiance of the original.", "#text": "Two Rooms"}], "#text": "On the tribute album"}, {"i": {"#tail": ".", "#text": "The Crocodile Hunter: Collision Course"}, "#text": "The Baha Men covered the song for the 2002 movie"}, "There are also well-known nightclubs called the \"Crocodile\n    Rock\" in Allentown, Pennsylvania and Toronto, Ontario.", "Discography"]}, "artist": "Elton John", "lengths": {"length": ["4:58 (album version)", "3:54 (single version)"]}, "title": "Crocodile Rock", "label": "MCA (US) , DJM (UK)", "released": "UK 27 October 1972 , US 20 November 1972", "writers": {"writer": ["Elton John", "Bernie Taupin"]}, "weeks": {"week": ["1973-02-03", "1973-02-10", "1973-02-17"]}}}