{"top-song": {"genres": {"genre": "Soul"}, "descr": {"p": [{"i": [{"#tail": ". It was his eighteenth and last\n    number-one single in the United States.", "#text": "'68 Comeback Special"}, {"#tail": "later ranked it #91 on their list of the\n    500 Greatest Songs of All Time.", "#text": "Rolling Stone"}], "#text": "\"Suspicious Minds\" is a song about being trapped in a\n    mistrusting and dysfunctional relationship. Originally, and\n    most notably, a hit for Elvis Presley in 1969, \"Suspicious\n    Minds\" was widely regarded as the single that jump-started\n    Presley's career after his successful"}, "Written by Mark James aka Francis Zambon in 1968, who was\n    also co-writer of \"Always On My Mind\", which Elvis would later\n    record, the song first was recorded and released by James. Even\n    though James' recording initially was not commercially\n    successful, Elvis decided he could turn it into a hit on\n    reviewing the song as presented to him by Memphis Soul producer\n    Chips Moman, owner of American Sound Studio, in 1969.", {"i": {"#tail": "by B. J. Thomas.", "#text": "Raindrops Keep Fallin' On My Head"}, "#text": "Presley recorded \"Suspicious Minds\" along with at least\n    another two hit singles\u2014\"In the Ghetto\" and \"Kentucky Rain\"\u2014in\n    the so-called \"Memphis sessions\" of February 1969 at American\n    Sound Studio. He first performed the song at the Las Vegas\n    Hilton on July 31, 1969, and the 45 rpm single was released in\n    the fall. It reached number one in the United States in the\n    week of November 1 and stayed there for that week. It would be\n    Presley's final number-one single in the U.S. before his death\n    (\"The Wonder of You\" in 1970, \"Way Down\" in 1977 and a\n    posthumous remixed release of \"A Little Less Conversation\" in\n    2002 all hit number one on the British charts, followed by\n    re-issues of several previous chart toppers in 2005). Mark\n    James' version of the song appears as the last song on the 1970\n    record entitled"}, "Future Grateful Dead vocalist Donna Jean Godchaux sang\n    backing vocals on the track.", {"i": [{"#tail": ". It also plays over the opening credits\n    to the Coen Bros. film", "#text": "Black Hawk Down"}, {"#tail": ".", "#text": "Intolerable Cruelty"}], "#text": "This song is part of the soundtrack for 2001's"}, "Notable in this song is a fadeout at about 3:52 into the\n    song, which lasts for about 15 seconds before fading back in.\n    This fadeout was intentional, as it helped convey a message of\n    relationship in the song.", "It is also the sole Elvis Presley track that was released by\n    Time-Life in the 1997 6-CD boxed set, \"Gold And Platinum: The\n    Ultimate Rock Collection\".", "Dee Dee Warwick, Dionne's sister, covered \"Suspicious Minds\"\n    while Elvis Presley's version was still on the charts.\n    Warwick's version was a minor U.S. hit, peaking at #80 in\n    1970.", {"i": {"#tail": "that same year.", "#text": "Wanted! The Outlaws"}, "#text": "Waylon Jennings and Jessi Colter recorded the song for RCA\n    in 1970. Their version reached No. 25 on the Billboard country\n    chart in November of that year. The Jennings-Colter version was\n    re-released by RCA in 1976, topping out at No. 2, and was\n    included on the ground-breaking album"}, {"i": {"#tail": ".", "#text": "ELVIS"}, "#text": "Singer Ronnie McDowell sung the song for the 1979 film of\n    the soundtrack"}, "Candi Staton had a No. 31 UK hit with her revival in\n    1982.", {"i": [{"#tail": ", as well as a video. It was later\n    released on his compilation album", "#text": "Honeymoon in Vegas"}, {"#tail": ".", "#text": "The Very Best of Dwight Yoakam"}], "#text": "In 1986, the band Fine Young Cannibals' cover version of the\n    song, which featured backing vocals by Jimmy Somerville,\n    reached #8 on the UK Singles chart. Six years later, country\n    singer Dwight Yoakam recorded his own version of the song for\n    the soundtrack to the movie"}, {"i": {"#tail": ". This version, charted as a\n    double A-side with his duet with Will Young on \"The Long and\n    Winding Road,\" hit number one on the UK Singles Chart.", "#text": "What My Heart Wants to Say"}, "#text": "In 2002, Gareth Gates released his remake as a single from\n    his debut album"}, {"i": {"#tail": ".", "#text": "Live From New Jersey"}, "#text": "In 2004, Pete Yorn released a live recording of the song on\n    his 2 disc album"}, {"i": {"#tail": ".", "#text": "Stereo Rodeo"}, "#text": "In 2009, Rusted Root covered this on their studio album"}, "In October 2009, mashup artist Marco van Bastard released a\n    bootleg called \"Suspicious Creep\" using the Elvis Presley vocal\n    and the instrumental version of Radiohead's \"Creep\".", {"span": "\"Sitting Pretty\""}]}, "artist": "Elvis Presley", "lengths": {"length": "4:22 (3:28)"}, "title": "Suspicious Minds", "recorded": "January 1969", "label": "RCA", "producers": {"producer": "Chips Moman and Felton Jarvis"}, "released": "August 26, 1969", "writers": {"writer": "Mark James"}, "formats": {"format": "45 rpm record"}, "weeks": {"week": "1969-11-01"}}}