{"top-song": {"weeks": {"week": ["1960-11-28", "1960-12-05", "1960-12-12", "1960-12-19", "1960-12-26"]}, "artist": "Elvis Presley", "descr": {"p": ["\"Are You Lonesome To-night?,\" now often known as \"Are You\n    Lonesome Tonight?,\" is a popular song with music by Lou Handman\n    and lyrics by Roy Turk. It was first published in 1926, and\n    most notably revived by Elvis Presley in 1960.", "A number of artists recorded \"Are You Lonesome Tonight?\" in\n    1927. Composer Lou Handman himself played piano while his\n    sister Edith provided the vocals for a recording released on\n    the Gennett label. Vaughn DeLeath (also known as \"The Original\n    Radio Girl\") recorded the song twice, first on June 13, as solo\n    and later on September 21, as vocalist for The Colonial Club\n    Orchestra. Around August 1927, another version was released by\n    famed tenor Henry Burr.", "The first charting version of \"Are You Lonesome Tonight?\"\n    was recorded by Blue Barron for MGM Records as catalog number\n    10628. The record first reached the pop chart on April 7, 1950\n    and lasted eight weeks there, peaking at number nineteen. Only\n    a few weeks after Barron's recording, Al Jolson recorded a\n    version of the song on April 28, 1950; it was released by Decca\n    Records as catalog number 27043.", "In 1959 American songstress Jaye P. Morgan had a Billboard\n    #65 hit with it on the MGM label, backed by \"Miss You\". Elvis\n    Presley must have heard it while he was in the army in Europe,\n    as he also heard and was inspired by other songs like \"O Sole\n    Mio\" and \"Return To Sorrento\", which he made into hits on his\n    return in 1960.", {"i": {"#tail": "pop chart for six weeks and peaking at number\n    three on the R&B charts .", "#text": "Billboard"}, "#text": "This led to the best-known recording, by Elvis Presley,\n    recorded on April 4, 1960, and engineered by Nashville sound\n    pioneer Bill Porter. Colonel Parker (it was one of his wife's\n    favorite songs) persuaded Elvis to record his own rendition of\n    this song. Elvis' version was based on the Blue Barron\n    Orchestra in 1950 and the spoken part of the song (like Al\n    Jolson's) was loosely based on Shakespeare's using Jaques'\n    speech on Act II Scene VII: \"All the world's a stage, and all\n    men and women merely players: they have their exits and their\n    entrances; And one man in his time plays many parts.\" It went\n    on to be one of the biggest-selling singles of 1960, peaking at\n    number one on the"}, {"i": {"#tail": ".", "#text": "Elvis Aaron Presley"}, "#text": "Elvis, occasionally during live performances, would randomly\n    change lyrics to give them humorous connotations. One popular\n    instance was recorded at the International Hotel in Vegas on\n    August 26, 1969. During the performance, instead of singing:\n    \"Do you gaze at your doorstep and picture me there\", he sings\n    \"Do you gaze at your bald head and wish you had hair\". Moments\n    later, he saw a bald man in the audience (as legend has it),\n    and burst into laughter which continued into the next lines.\n    The audience was treated to additional laughter during the\n    spoken verse singing: \"You know someone said that the world's a\n    stage, and each must play a part.\" Seeing the irony of his own\n    lyrics, Elvis was again overtaken by laughter and barely\n    recovered. The audience enjoyed the sincerity of the moment\n    while Elvis regained his composure. Meanwhile the band and\n    backup singers continued to keep the song going. It is\n    speculated that much of Elvis' mirth derived from the solo\n    backing singer whose falsetto remained resolute throughout. To\n    this, Elvis comes back just in time for the line: \"And I had no\n    cause to doubt you\" followed by more laughter. So overtaken,\n    Elvis encourages the backup singer to \"sing it, baby\" drawing\n    even more laughter which nearly brings the house down. In the\n    end, the song is finished to a round of applause. The version\n    is considered to be a popular underground classic, and was a UK\n    Top 30 hit in 1982 after first being commercially released by\n    RCA in the 1980 box set"}, "According to Dr. Demento, who plays the version on his show,\n    there is nothing on the label of the recording to indicate that\n    it is anything other than an ordinary recording of the\n    song--\"People must have been surprised when they took it home\n    and played it.\"", "Elvis said at the end, \"That's it, man, fourteen years right\n    down the drain...boy, I'll tell ya.\"", {"i": [{"#tail": "TV special. Similarly to 1969, he also\n    appears to mess up the spoken interlude, ad-libbing jokes\n    throughout. Whether this was intentional or not is unknown; the\n    1981 documentary film", "#text": "Elvis in Concert"}, {"#tail": "uses footage of this performance to\n    illustrate Presley's physical deterioration near the end of his\n    life. Darrin Memmer's book \"Elvis Presley - The 1977 CBS\n    Television Special,\" published in 2001 by Morris Publishing,\n    suggests it was intentional.", "#text": "This is Elvis"}], "#text": "In 1977, Presley again performed the song for the"}, {"i": {"#tail": ".", "#text": "She Cried"}, "#text": "The Lettermen recorded the song as a track on their 1964\n    album"}, {"i": {"#tail": ".", "#text": "The Love Album"}, "#text": "Doris Day recorded the song on June 6, 1967, in a version\n    included on"}, {"i": {"#tail": "single in 1960 for noted producer Major Bill\n    Smith.", "#text": "instrumental"}, "#text": "Mr. Saks & The Blue Strings aka Tommy & The Tom Toms\n    recorded the song as an"}, {"i": {"#tail": "[1]", "#text": "Billboard's Greatest Songs of all time."}, "#text": "Elvis's version was listed at #81 on"}]}, "title": "Are You Lonesome Tonight?"}}