{"top-song": {"album": "50,000,000\n  Elvis Fans Can't Be Wrong", "genres": {"genre": "Rock and roll"}, "descr": {"p": ["\"A Big Hunk o' Love\", a song sung by Elvis Presley, was\n    recorded on June 10, 1958 in RCA's Nashville, Tennessee studio,\n    while Presley was on leave from the U.S. Army. It was released\n    as a single A-side on June 23, 1959. Its B-side was \"My Wish\n    Came True\". It was Presley's twelfth number-one hit (his last\n    of the 1950s), and it reached number four in the United\n    Kingdom. \"A Big Hunk o' Love\" peaked at number ten on the\n    R&B charts . The song was recorded in four takes, the\n    released version is actually spliced from takes three and\n    four.", {"i": [{"#tail": "and his 1973 show broadcast via satellite,", "#text": "Elvis On Tour"}, {"#tail": ". During this time period, it was\n    played by the Elvis' TCB Band, and featured Glen D. Hardin and\n    James Burton.", "#text": "Aloha from Hawaii"}], "#text": "The song was revived by Presley in 1972 during his\n    engagements at the Las Vegas Hilton in February 1972 and was\n    used in his live shows until mid 1973. It was performed live\n    for the last time on January 26, 1974. The song is included in\n    the 1972 documentary"}]}, "artist": "Elvis Presley", "lengths": {"length": "2:12"}, "title": "A Big Hunk o' Love", "recorded": "June 10, 1958, in Nashville, Tennessee", "label": "RCA 47-7600", "released": "June 23, 1959", "writers": {"writer": "Aaron Schroeder and Sidney Wyche"}, "weeks": {"week": ["1959-08-10", "1959-08-17"]}}}