{"top-song": {"genres": {"genre": "Pop"}, "descr": {"p": ["\"It's Now or Never\" is a popular song recorded by Elvis\n    Presley in 1960. The melody of the song is borrowed from the\n    Italian standard, \"'O Sole Mio\", but the inspiration for it\n    came from the song, \"There's No Tomorrow\", recorded by U.S.\n    singer, Tony Martin, in 1949.", "In the late 1950s, while stationed in Germany with the U.S.\n    Army, Presley heard Martin's recording and put to tape a\n    private version of the song. Upon his discharge, Presley\n    requested that new lyrics be written especially for him, a job\n    that was undertaken by the songwriting duo of Aaron Schroeder\n    and Wally Gold, with a demo by David Hill.", "In 1960, \"It's Now or Never\" was a number-one record in the\n    U.S. and the UK, where it spent nine weeks at the top, and\n    numerous other countries, selling in excess of 25 million\n    copies worldwide, his biggest international single ever. Its UK\n    release was delayed for some time because of rights issues,\n    allowing the song to build up massive advance orders and to\n    enter the UK Singles Chart at number one, a very rare\n    occurrence at the time. \"It's Now or Never\" peaked at number\n    seven on the R&B charts .", "Barry White heard this song in 1960 when he was in jail for\n    stealing tires. The song had such an impact on White, that it\n    convinced him to pursue a career in music.", {"i": {"#tail": ". \"O Sole Mio\" is sung by tenor Sherrill\n    Nielson.", "#text": "Elvis in Concert"}, "#text": "A live version featuring \"O Sole Mio\" is available on the\n    1977 live album"}, {"i": {"#tail": ".", "#text": "Elvis"}, "#text": "In early 2005, the song was re-released along with the other\n    Presley singles in the UK, and again reached number one on the\n    UK Singles Chart. The song also appears in the TV mini-series"}, {"i": [{"#tail": "Hot Country Singles chart and also peaked at\n    #14 on the", "#text": "Billboard"}, {"#tail": "Hot 100.", "#text": "Billboard"}], "#text": "American country music singer and actor John Schneider\n    released a cover of the song as his first single and the title\n    track of his debut album. Schneider's version was a Top 5 hit\n    on the"}]}, "artist": "Elvis Presley", "lengths": {"length": "3:15"}, "title": "It's Now or Never", "recorded": "April 3, 1960", "label": "RCA Records", "released": "July 5, 1960", "writers": {"writer": ["Wally Gold", "Aaron Schroeder"]}, "formats": {"format": "Vinyl single"}, "weeks": {"week": ["1960-08-15", "1960-08-22", "1960-08-29", "1960-09-05", "1960-09-12"]}}}