{"top-song": {"genres": {"genre": "Rock and roll"}, "descr": {"p": ["\"Stuck on You\" was Elvis Presley's first hit single after\n    ending his two-year stint in the US Army. He recorded the song\n    during March 1960, and the single was released within weeks and\n    went to number one on the Billboard Hot 100 chart in late-April\n    1960, becoming his first number-one single of the 1960s, and\n    thirteenth overall. \"Stuck on You\" also peaked at number six on\n    the R&B charts . The song knocked Percy Faith's \"Theme from\n    A Summer Place\" which had spent nine weeks at number one on the\n    chart.", "In New Zealand (and perhaps other countries), the single had\n    a special paper sleeve with the usual RCA logo top left and 45\n    R.P.M. bottom left and included, in large letters, \"ELVIS\" top\n    right and bottom left: \"Elvis' 1st new recording for his\n    50,000,000 fans all over the world.\""]}, "artist": "Elvis Presley", "title": "Stuck on You", "recorded": "March 20, 1960", "label": "RCA", "released": "April, 1960", "writers": {"writer": "J. Leslie McFarland and Aaron Schroeder"}, "formats": {"format": "Vinyl single"}, "weeks": {"week": ["1960-04-25", "1960-05-02", "1960-05-09", "1960-05-16"]}}}