{"top-song": {"descr": {"p": "\"Surrender\" is a rearrangement by Doc Pomus and Mort Shuman\n    of a 1902 Neapolitan ballad by Giambattista and Ernesto de\n    Curtis entitled \"Torna a Surriento\" (\"Come Back to Sorrento\").\n    It became a UK and US #1 hit for Elvis Presley in 1961 and has\n    also been recorded by many other artists. This was one of the\n    25 songs Doc Pomus and Mort Shuman wrote for Presley."}, "artist": "Elvis Presley", "lengths": {"length": "1:52"}, "title": "Surrender", "recorded": "30 October 1960", "released": "7 February 1961", "writers": {"writer": ["Doc Pomus", "Mort Shuman and\u00a0???"]}, "formats": {"format": ["7\"", "45rpm"]}, "weeks": {"week": ["1961-03-20", "1961-03-27"]}}}