{"top-song": {"genres": {"genre": "Pop"}, "descr": {"p": "\"Good Luck Charm\" is a song performed by Elvis Presley that\n    reached number 1 on the Billboard Hot 100 list in the week\n    ending April 21, 1962. It remained at the top of the list for\n    two weeks. The song was written by Aaron Schroeder and Wally\n    Gold and recorded by Elvis in 1961. Good Luck Charm was covered\n    by Travis & Shook on Cape Cod Covers, Vol. 1 \"The\n    King\"."}, "artist": "Elvis Presley", "title": "Good Luck Charm", "recorded": "March 23, 1961", "producers": {"producer": "Steve Sholes"}, "released": "February 27, 1962", "writers": {"writer": ["Aaron Schroeder", "Wally Gold"]}, "weeks": {"week": ["1962-04-21", "1962-04-28"]}}}