{"top-song": {"album": "Schubert Dip", "genres": {"genre": ["Alternative dance", "Rap rock", "Alternative rock", "Dance-rock"]}, "descr": {"p": ["\"Unbelievable\" is a song written and recorded by EMF. It was\n    released as a single in the UK in 1990, peaking in the UK\n    Singles Chart at number three on 25 November 1990. It was the\n    32nd best-selling single of 1990 in the UK. In the United\n    States, it hit number one on the Hot 100 on 20 July 1991.", "The song contains samples of US comedian Andrew Dice Clay\n    throughout the track, including the loud exclamation of \"oh!\"\n    at the start of each chorus along with the words \"you're\n    unbelievable\" spoken at the end of the first chorus.", "A lesser known version of the song was released in Victoria,\n    Australia. The version is largely identical to the mainstream\n    release, except the role of Clay is played by VFL icon Phil\n    Cleary, with some of Cleary's trademark 'grunts' adding value\n    to the song.", {"i": {"#tail": ".", "#text": "E! Ecstasy! M! Motherfucker, motherfucker! F! From us to\n    you..."}, "#text": "Furthermore, in the UK (where the band hailed from), the\n    B-side of the single was a track called \"EMF\" which included\n    the refrain:"}, {"i": [{"#tail": ", but with markedly different lyrics. American\n    grindcore band Anal Cunt covered \"Unbelievable\" on their", "#text": "Set It Off"}, {"#tail": "EP in 1993, and by Ashley Amphlett and the\n    Metroheads.", "#text": "Morbid Florist"}], "#text": "\"Unbelievable\" has been covered by many other musical acts,\n    including Tom Jones and \"Weird Al\" Yankovic (briefly in the\n    polka medley \"Polka Your Eyes Out\"). It was sampled by rapper\n    Esham, who took the chorus and riffs and made the song more\n    sinister with heavy rap lyrics. It was also covered by the\n    Christian rock band Thousand Foot Krutch on their debut album"}, "Spin Magazine recommended a cover version of this song by an\n    artist known Femme Fatality in its November 2006 issue.", "An altered version of the song, with the refrain \"They're\n    Crumbelievable\", was used in a 2005 US television advertisement\n    for Kraft Crumbles.", "Due to the amount of air time that \"Unbelievable\" has\n    received since its release, it may be responsible for the most\n    profanity ever heard over radio. The constant background vocal\n    during the chorus saying \"What the fuck was that?,\" which even\n    appears in the lyrics in the CD booklet, was never edited. This\n    is possibly due to the fact that the background vocal appears\n    incoherently, and most people dismiss it as undecipherable\n    lyrics.", {"i": [{"#tail": "and #98 on VH1's", "#text": "100 Greatest One-Hit Wonders"}, {"#tail": ".", "#text": "100 Greatest Songs of the 90s"}], "#text": "It was #31 on VH1's"}]}, "artist": "EMF", "lengths": {"length": "3:30"}, "title": "Unbelievable", "label": "Parlophone (UK) , EMI (US)", "released": "1990 (UK) , 1991 (US)", "writers": {"writer": "EMF"}, "formats": {"format": ["CD", "7\"", "12\"", "cassette"]}, "weeks": {"week": "1991-07-20"}}}