{"top-song": {"album": "Music from and Inspired by\n  the Motion Picture 8 Mile", "genres": {"genre": "Hardcore hip hop"}, "descr": {"p": [{"i": [{"#tail": ", also starring Eminem, later released as a single\n    in 2002, and re-released on Eminem's greatest hits compilation", "#text": "8 Mile"}, {"#tail": ". The song was written and\n    produced by Eminem and producer Louis Resto.", "#text": "Curtain Call: The Hits"}], "#text": "\"Lose Yourself\" is a hip hop song by American rapper Eminem.\n    It was released in 2002 as part of the soundtrack to the film"}, {"i": [{"#tail": "magazine's the 500 Greatest Songs of All\n    Time. It also ranked #93 on AFI's 100 Years...100 Songs. The\n    song was named the fourth best song of the decade by the", "#text": "Rolling Stone"}, {"#tail": ".", "#text": "Complex Magazine"}], "#text": "Reaching #1 on a record 24 charts worldwide, \"Lose Yourself\"\n    is the most successful rap song of all time. It spent a\n    record-breaking 12 weeks atop the U.S. Billboard Hot 100, the\n    longest-running #1 of 2002. It topped the UK and Eurocharts for\n    over a month, ranking in the top 10 in several year-end sales\n    charts. It won an Academy Award for Best Original Song, two\n    Grammy Awards, and two other Grammy nominations, the most\n    awards won by a single rap song in one year. The song is ranked\n    4th in the 100 greatest songs of the past 25 years by VH1.\n    \"Lose Yourself\" ranked #166 in"}, {"i": {"#tail": "Hot 100 Songs of the Decade and the seventh\n    most successful song of the decade in Australia.", "#text": "Billboard"}, "#text": "In March 2009, \"Lose Yourself\" topped the 2 million mark in\n    digital downloads in the United States, becoming the second\n    oldest song to hit that sales level. It also became Eminem's\n    first song to reach 2 million digital downloads as a lead\n    artist. In the same year the single was named the 28th most\n    successful song of the 2000s, on the"}, {"i": [{"#tail": ". He recorded it in a portable studio on the set,\n    recording all three verses in one take. The sheet on which he\n    wrote the song appears in", "#text": "8 Mile"}, {"#tail": "in a scene where his character is writing while\n    riding the bus. This sheet was sold on eBay for $10,000.", "#text": "8 Mile"}], "#text": "The song was written by Eminem during a break of the filming\n    of"}, {"i": {"#tail": ", B. Rabbit, with the first verse summing up much\n    of the plot of the movie.", "#text": "8 Mile"}, "#text": "The song's lyrics explicitly sum up the background info\n    about Eminem's character in"}, {"i": [{"#tail": "(released before", "#text": "The Eminem Show"}, {"#tail": "). Both tracks begin with an interlude punctuated\n    by a piano, followed by a gradual introduction of the beat,\n    accompanied by a spoken introduction by Eminem. Both tracks\n    also prominently feature a bass loop and some guitar\n    elements.", "#text": "8 Mile"}], "#text": "The song's general production style is similar in scope to\n    the track \"'Till I Collapse\" from"}, "\"Lose Yourself\" is the most successful single of Eminem's\n    mainstream career. It had a 12-week run at #1 in the United\n    States & Australia, and topped the charts in many other\n    countries as well, including the United Kingdom, Ireland, New\n    Zealand and Denmark among others. It debuted at number nine in\n    Canada and moved up to #1 the following week. According to the\n    Guinness Book Of World Records \"Lose Yourself\" became the\n    \"Longest Running Single at Number One for a Rap Song\" thus\n    making it the most successful rap song of all time.", {"#text": "In the United States, \"Lose Yourself\" debuted on the\n    Billboard Hot 100 singles chart the week of October 5, 2002, at\n    #43. A week later, the single jumped to #18, and hit #1 by", "span": {"#tail": ". The single spent 16 total weeks in the Top 10, and a total\nof 23 weeks in the Top 50. While in the #1 spot (from 11/09/02\nthrough 1/25/03), \"Lose Yourself\"'s impressive run kept several top\ncontenders for the #1 spot from ever reaching #1, including Jay-Z,\nNelly, Jennifer Lopez, Christina Aguilera, and especially Missy\nElliott, whose single \"Work It\" was at #2 for 10 weeks.", "#text": "November 9"}}, "The song went on to receive the Academy Award for Best\n    Original Song (the first time a rap song ever won this award),\n    upsetting the favored song \"The Hands That Built America\" by\n    U2. It is rumored that Eminem, who was not present at the award\n    ceremony believing he would not win for a rap song, was\n    sleeping at the time the award was announced. This was the\n    first time in 14 years the winner of the Best Original Song\n    category was not performed at the ceremony. Luis Resto, one of\n    the song's co-writers, had attended the ceremony and accepted\n    the award instead. \"He's creative, he has symphonies in his\n    head,\" Resto said at the lectern about Eminem. [1] The American\n    Film Institute later ranked it #93 on their list of the 100\n    Greatest Songs from American Films.", "At the Grammy Awards of 2004, \"Lose Yourself\" became\n    Eminem's second career nomination for Record of the Year\n    (following \"Without Me\"), and the first rap song ever to be\n    nominated for Song of the Year. It won Best Male Rap Solo\n    Performance and Best Rap Song, which was a brand new category\n    at the time.", "At #166, \"Lose Yourself\" is the highest ranked of the three\n    songs from the 21st century featured in the 2004 List of\n    Rolling Stone's 500 Greatest Songs of All Time (joining \"Stan\"\n    at #290). Outkast's \"Hey Ya!\" was the other, at #180. The\n    magazine later ranked the song the twelfth best of the decade\n    [2]. The song was the 51st best-selling single of the 2000\n    decade in UK.", {"i": {"#tail": ", in 2005.", "#text": "Curtain Call: The Hits"}, "#text": "\"Lose Yourself\" was later released on Eminem's compilation\n    album,"}, "The song was also covered by The Script for their debut\n    self-titled album, released in 2008.", {"i": {"#tail": ", and Eminem rapping next to the \"8 Mile Rd.\n    Mobile Court\" sign that appears on the cover of the movie's\n    soundtrack.", "#text": "8 Mile"}, "#text": "The music video for \"Lose Yourself\" was filmed in Detroit,\n    Michigan, and thus contains numerous shots of the city,\n    including the Ambassador Bridge. The video is a mixture of\n    multiple scenarios, including scenes from and reminiscent of\n    the movie"}, "It contains scenes focusing on Rabbit's and the real life\n    Eminem's character, for example, the difficulties he has to\n    face while rapping, the insult and booing of crowds as he is a\n    white rapper and the trouble he has to face due to his\n    alcoholic mother and people he hangs out with.", "He won a Much Music Video Awards in 2003 for Favourite\n    International Artist with the video for \"Lose Yourself\".", "At the 2003 MTV Video Music Awards it received the award for\n    Best Video from a Film in the final year this award was given\n    out. It also received nominations for Video of the Year, Best\n    Male Video, Best Rap Video, and Viewer's Choice.", "The video has been viewed over 46,414,517 times on Youtube\n    making it Eminem's most popular video on that site."]}, "artist": "Eminem", "lengths": {"length": "5:20"}, "title": "Lose Yourself", "label": "Shady , Interscope , UMG Soundtracks", "producers": {"producer": ["Eminem", "Jeff Bass", "Luis Resto"]}, "released": "October 22, 2002", "writers": {"writer": ["Eminem", "L. Resto", "J. Bass"]}, "formats": {"format": "CD"}, "weeks": {"week": ["2003-01-04", "2003-01-11", "2003-01-18", "2003-01-25"]}}}