{"top-song": {"album": null, "genres": {"genre": "Hip hop"}, "descr": {"p": [{"i": {"#tail": ". On February 12, 2009, the song broke the first\n    week digital sales record with 418,000 downloads, topping the\n    previous record held by \"Live Your Life\" by T.I. featuring\n    Rihanna. This record was broken again the following week by\n    \"Right Round\" by Flo Rida.The song won the Grammy award for\n    Grammy Award for Best Rap Performance by a Duo or Group at the\n    52nd Grammy Awards.", "#text": "Relapse"}, "#text": "\"Crack a Bottle\" is a hip hop song by Eminem, Dr. Dre and 50\n    Cent for Eminem's album"}, {"i": [{"#tail": ", while a final working\n    version was leaked on January 6, 2009. Various media outlets\n    had reported that the recording was to be the first single from\n    Eminem's 2009 album", "#text": "4th Quarter Pressure Part 2"}, {"#tail": ", however the Italian branch of Universal Music\n    Group, owner of Interscope Records, later denied this, stating\n    that \"Crack a Bottle\" was only a promotional recording. Despite\n    all this, the song was released on February 2, 2009, and made\n    available for paid digital download, with 50 Cent stating that\n    the song will be included on his upcoming album", "#text": "Relapse"}, {"#tail": ". According to Danielle Harling of", "#text": "Before I Self Destruct"}, {"#tail": "\u2014a website dedicated to hip hop music\n    coverage\u2014the song will ultimately be present on both", "#text": "HipHopDX"}, {"#tail": "and", "#text": "Relapse"}, {"#tail": ", while in contrast, Daniel Kreps\n    of", "#text": "Before I Self Destruct"}, {"#tail": "stated that it is still unsure which rapper\n    will feature this song on his upcoming album. Despite the\n    confusion, Universal eventually announced that \"Crack a Bottle\"\n    will be included in", "#text": "Rolling Stone"}, {"#tail": ", although it does not consider it the album's\n    first single.", "#text": "Relapse"}], "#text": "\"Crack a Bottle\" initially gained attention in December\n    2008, when an unfinished version of the song was initially\n    leaked under the name \"Number One\" on the mixtape"}, "The song samples \"Mais dans la lumi\u00e8re\" by Mike Brant,\n    written by Jean Lunard, who also received songwriting credits\n    for the song.", "The song is in the key of C-sharp minor.", {"i": [{"#tail": "gave a positive review of the song: \"Although\n    not quite as strong as the title track to Eminem's 2004 album", "#text": "Billboard"}, {"#tail": ", the return of Eminem, Dr. Dre and 50 Cent has\n    been anticipated for a long time, and it is sure to put Eminem\n    back atop the marquee. His skills remain some of the best in\n    hip-hop, and the accompanying contributions make the music that\n    little bit more stronger.\"", "#text": "Encore"}, {"#tail": "commented negatively on the song, saying\n    that it is one of the weakest tracks on the album, along the\n    other single \"We Made You\". . The song won at the 52nd Grammy\n    Awards in the Grammy Award for Best Rap Performance by a Duo or\n    Group category.", "#text": "Rolling Stone"}]}, "During an interview for MTV, 50 Cent originally told that\n    there were plans to make an animated music video for \"Crack a\n    Bottle\", which was to be shot along with a music video for his\n    song \"I Get It In\". On February 25, Eminem's manager Paul\n    Rosenberg posted on his blog a still frame from the music video\n    illustrating a homeless person holding a bottle wrapped in a\n    brown bag. According to Rosenberg, it is directed by Syndrome\n    and was planned to be released within a couple of weeks. The\n    music video was playing on TV in Eminem's music video \"3 a.m.\",\n    which has been directed by Syndrome too.", "On May 7, 2009, an unfinished version of the video was\n    released via TheRelapse.com, featuring Eminem's verse and\n    chorus. Later during the same day, 50 Cent's rapped verse of\n    the video was released via ThisIs50.com as well. This was added\n    to the unfinished video on therelapse.com.", "A month later, on June 7, 2009, Cashis posted a link on\n    Twitter to the full video in which he makes a cameo appearance.\n    The music video portrays each rappers' style. Eminem's -\n    chaotic, Dr. Dre - west coast style, 50 Cent's - more club\n    oriented. None of the performers are featured in the video.", {"i": {"#tail": "s edition of February 21, 2009, \"Crack a\n    Bottle\" reached the number one position on the Hot 100 through\n    sales of 418,000 downloads, thus causing the fourth-biggest\n    jump to the top of the Hot 100 in the chart's history. To date,\n    \"Crack a Bottle\" is Eminem's second number one song in the U.S.\n    and the first since 2002. With this song, Dr. Dre reached the\n    top of the Hot 100 for a third time, while this is 50 Cent's\n    fourth. The song has also entered in various European national\n    charts, including the Irish Singles Chart and UK Singles Chart,\n    and also debuted at number one on the Canadian Hot 100.", "#text": "Billboard'"}, "#text": "Since its release, \"Crack a Bottle\" has mainly charted in\n    the United States, entering in various charts including the Hot\n    100 and the Hot R&B/Hip-Hop Songs. The song peaked in top\n    ten on the Hot Rap Tracks, at the number four. After spending\n    three consecutive weeks at number seventy-eight on the Hot 100,\n    on"}]}, "artist": "Eminem, Dr. Dre and 50 Cent", "lengths": {"length": ["4:57 (Album Version)", "5:16 (Single Version)", "4:36 (Radio Edit)"]}, "title": "Crack a Bottle", "recorded": "2008", "label": "Aftermath , Interscope , Shady", "producers": {"producer": "Dr. Dre"}, "released": "May 18, 2009", "writers": {"writer": ["M. Mathers", "C. Jackson", "A. Young", "D. Parker", "M. Batson", "T. Lawrence", "J. Renard"]}, "formats": {"format": ["Promo CD", "Digital download"]}, "weeks": {"week": "2009-02-21"}}}