{"top-song": {"album": "Enrique", "genres": {"genre": ["Dance pop", "house"]}, "descr": {"p": [{"i": {"#tail": "in 2000. The song was successful, particularly in\n    the U.S.", "#text": "Enrique"}, "#text": "\"Be with You\" is a dance/pop song performed by singer\n    Enrique Iglesias. It was co-written by Iglesias and, produced\n    by Mark Taylor and Brian Rawling, the team responsible for\n    Cher's hit song \"Believe\". Iglesias once stated that he\n    initially came up with the lyrics of the song while taking a\n    break from recording in London's Hyde Park. The song was\n    released as the second single from Iglesias' debut English\n    album"}, "The official music video for this single was directed by\n    Dave Meyers and starts out with Enrique and a bunch of friends\n    (played by Enrique's real life friends including Gerardo Mejia)\n    stopping at a road side store. While messing around in the\n    store Enrique makes eye contact with the shy girl working the\n    counter, his love interest in the video (played by Shannon\n    Elizabeth). When the group leave the store, Enrique drives\n    their jeep while the others perform various stunts including\n    car surfing and interacting with girls in another jeep riding\n    beside them.", "The group stops at a foot of a some hills where Enrique\n    notices Shannon, now wearing more provocative clothes and with\n    a lot more confidence; he and the group follow her to a\n    Nightclub (the now closed Point Night Club in Los Angeles)\n    where Enrique searches the packed dance floor for his love\n    interest when the music stops and changes to that of the\n    popular Thunderpuss 2000 remix which builds up with shots of\n    break dancers until the music turns back to the album version\n    of the song. Enrique manage to find Shannon who gropes him and\n    leads him out of the club. Outside, the two kiss as Fireworks\n    go off. The entire video is intercut with shots of Enrique\n    singing in front of a tribal background.", {"i": {"#tail": "in February 2000. It was Enrique's\n    first video to make it to number one on the popular chart show.\n    Some airing of the video on MTV cut out the section of the\n    video featuring the Thunderpuss 2000 remix. Music stations such\n    as Much Music and various stations throughout Europe aired a\n    version which featured the full album version of the song.", "#text": "Total Request Live"}, "#text": "The video debuted on MTV's"}, "The Spanish version of the video is exactly the same as the\n    English version, with the exception of Enrique mouthing the\n    words in Spanish in front of the tribal background and when he\n    interacts with Shannon.", {"i": [{"#tail": "dance charts and also charted in the top ten in\n    Spain. The Spanish version of the song (\"S\u00f3lo Me Importas T\u00fa\")\n    reached peaked at number two on the", "#text": "Billboard"}, {"#tail": "Hot Latin Tracks.", "#text": "Billboard"}], "#text": "\"Be with You\" became Iglesias' second number-one single in\n    the U.S.. It also topped the"}]}, "artist": "Enrique Iglesias", "lengths": {"length": "3:40"}, "title": "Be with You", "recorded": "Fall 1999; , Hyde Park, London, UK", "label": "Interscope", "producers": {"producer": ["Mark Taylor", "Brian Rawling"]}, "released": "June 6, 2000", "writers": {"writer": ["Enrique Iglesias", "Paul Barry", "Mark Taylor"]}, "formats": {"format": ["CD single", "maxi single", "12\" single"]}, "weeks": {"week": ["2000-06-24", "2000-07-01", "2000-07-08"]}}}