{"top-song": {"album": "Wild Wild West\n  soundtrack and Enrique", "genres": {"genre": "Latin pop"}, "descr": {"p": ["\"Bailamos\" is a Latin pop song from singer Enrique Iglesias,\n    sung in English and Spanish. It was the debut single of\n    Iglesias in the English-language market, and attained immense\n    success, reaching the #1 spot in the Billboard Hot 100.", {"i": {"#tail": "and was released as a single in parts of\n    Latin America and Europe.", "#text": "Cosas del Amor"}, "#text": "The track first appeared on a limited edition of his Spanish\n    studio album"}, {"i": {"#tail": "and Bailamos was chosen to appear.", "#text": "Wild Wild West"}, "#text": "After attending one of Enrique's concerts, Will Smith asked\n    Enrique to contribute to the soundtrack of his upcoming movie"}, "The song quickly became most requested on pop radio in New\n    York, Los Angeles and Miami. Due to the song's popularity it\n    was released as a single throughout the world.", {"i": [{"#tail": "\" (", "#text": "We Dance"}, {"#tail": "), or in this case, \"", "#text": "We Are Dancing"}, {"#tail": "\". The Song was dedicated to two students:\n    Brandon Kimball and Marisa Bisaccia. The students rescued\n    Enrique during The Running of the Bulls several years ago.", "#text": "Let's Dance"}], "#text": "In English, Bailamos means \""}, {"i": {"#tail": "by Carlos Santana released at the end of the year\n    was one of the most successful song in chart history, and its\n    immense success could, to some extent, be credited to Bailamos'\n    and other Latin pop songs during the era.", "#text": "Smooth"}, "#text": "In the United States, the song was seen as part of a wave of\n    crossover music from Latin American singers and a general\n    increase in interest in Latin music, which was started by Ricky\n    Martin's release Livin' La Vida Loca. The single reached number\n    one on the US pop charts, making it Iglesias' first chart\n    topper on Billboard's Hot 100. The Latin song"}, {"i": {"#tail": ", though slightly altered to fit with the sound\n    of the album.", "#text": "Enrique"}, "#text": "The success of \"Bailamos\" was a breakthrough for Iglesias,\n    which enabled him to sign a multi-album deal with Interscope.\n    The song would go on to appear on his debut English album"}, {"i": {"#tail": ".", "#text": "Believe"}, "#text": "\"Bailamos\" was written and by Paul Barry and Mark Taylor and\n    produced by Barry and Brian Rawling, the same team which wrote\n    and produced Cher's hit"}, "The original music video for Bailamos was shot in Miami. It\n    has a montage of different scenes involving Iglesias, starting\n    off with a scene of Iglesias in an apartment talking on the\n    phone and later looking out of a window to the Miami skyline.\n    Subsequent scenes involve Iglesias walking the streets and\n    staring into a building as he watches two flamenco dancers.", {"i": [{"#tail": "soundtrack, a second video was made,\n    directed by Nigel Dick. A portion of this video was shot in\n    Mexico, while most of it shot in the backlot at Universal\n    Studios. In this video, Iglesias is depicted as a wanted man\n    with the opening shot being a poster calling for his capture\n    \"dead or alive\". Entering a sleepy Mexican town. He attracts\n    several women who dance around him. Picking one out, they kiss\n    until they are interrupted by people trying to claim the\n    reward. Both Iglesias and the love interest manage to escape.\n    The video also contains small snippets of scenes from", "#text": "Wild Wild West"}, {"#tail": "movie.", "#text": "Wild Wild West"}], "#text": "After the song was chosen to be part of the"}, "The third music video of Bailamos is directed by another\n    famous music video director, Paul Hunter. The video is\n    plotless, and simply features Iglesias as a barman in a night\n    club as he watches flamenco dancers on stage. It is also\n    intercut with shots of Iglesias interacting with the lead\n    dancer played by Staci Flood. The video ends with Iglesias and\n    Flood leaving the now empty club.", {"i": [{"#tail": "and", "#text": "Fernando's Latin Mix"}, {"#tail": ".", "#text": "Mijango's Club Mix"}], "#text": "There were also several remix videos of Bailamos, such as"}, {"i": {"#tail": "Hot Latin Tracks chart for 1 week. It did hit\n    the top spot also in Spain and Latvia. The single also peaked\n    inside the Top Ten in UK, Netherlands, France and Germany.", "#text": "Billboard"}, "#text": "The track peaked at number 1 for two weeks in the Billboard\n    Hot 100 chart in the United States, also became the 11th number\n    1 single for Iglesias in the"}]}, "artist": "Enrique Iglesias", "lengths": {"length": "3:38"}, "title": "Bailamos", "recorded": "1998\u2014Spring 1999", "label": "Fonovisa , Interscope Records , Overbrook ,\n  Universal", "producers": {"producer": "Mark Taylor & Brian Rawling"}, "released": "August 17, 1999", "writers": {"writer": "Paul Barry & Mark Taylor"}, "formats": {"format": "CD single"}, "weeks": {"week": ["1999-09-04", "1999-09-11"]}}}