{"top-song": {"album": "Burnin'", "genres": {"genre": "Reggae"}, "descr": {"p": [{"i": {"#tail": ".", "#text": "Burnin'"}, "#text": "\"I Shot the Sheriff\" is a song written by Bob Marley, told\n    from the point of view of a man who admits to having killed the\n    local sheriff, but claims to be falsely accused of having\n    killed the deputy sheriff. The song was first released on The\n    Wailers' album"}, {"i": {"#tail": ". It is the most successful version\n    of the song, peaking at #1 on the Billboard Hot 100, becoming\n    Clapton's only chart-topping hit in the U.S.", "#text": "461 Ocean Boulevard"}, "#text": "Eric Clapton recorded a cover version that was included on\n    his album,"}, "During the controversy over the Body Count song \"Cop\n    Killer\", it was frequently pointed out that there were no\n    similar complaints about Marley's song even though they had\n    similar themes.", "On EPMD's 1988 \"Strictly Business\" LP, the title track uses\n    a sample of \"I Shot the Sheriff\" (Clapton's Version).", {"i": {"#tail": "in the\n    title track.", "#text": "\"I shot the sheriff but I dint shoot no deputy\""}, "#text": "In Mary J. Blige's 1992 debut album (\"What's the 411?\"),\n    Grand Puba declared"}, {"i": {"#tail": "album. This\n    version peaked at #20 on the Hot 100. It hit #1 in New\n    Zealand.", "#text": "Take a Look over Your Shoulder (Reality)"}, "#text": "In 1997, rapper/producer Warren G covered the song for his"}, {"i": [{"#tail": ". It was also covered by former", "#text": "Symbolic"}, {"#tail": "contestant Jason Castro in 2008.", "#text": "American Idol"}], "#text": "In 2000, the song has been covered in a ska-punk version by\n    Voodoo Glow Skulls on their album"}, "In 2004, Tom Morello, under his persona, The Nightwatchman,\n    borrowed and changed lyrics from the song during his\n    performance of Until the End, as part of the Axis of Justice\n    Concert Series Volume 1. The lyrics he used were: \"...three\n    times I shot the sheriff; and did not spare the deputy\". A\n    studio version of the song was later released on his album One\n    Man Revolution."]}, "artist": "Eric Clapton", "lengths": {"length": "4:41"}, "title": "I Shot the Sheriff", "recorded": "Harry J. Studios , Kingston, Jamaica , April\n  1973", "label": "Tuff Gong Records / Island Records", "producers": {"producer": "Chris Blackwell and The Wailers"}, "released": "1973", "writers": {"writer": "Bob Marley"}, "formats": {"format": "12\""}, "weeks": {"week": "1974-09-14"}}}