{"top-song": {"weeks": {"week": "1961-05-22"}, "artist": "Ernie K-Doe", "descr": {"p": {"i": {"#tail": ".", "#text": "Four Chords & Several Years Ago"}, "#text": "\"Mother-in-Law\" is the name of a hit 1961 single by Ernie\n    K-Doe. The song peaked at number one on the U.S. Billboard Hot\n    100 and R&B chart.. The song was written and produced by\n    Allen Toussaint who also played the piano solo. It was issued\n    by Minit Records. Huey Lewis and the News recorded the song for\n    the 1994 covers album,"}}, "title": "Mother-in-Law"}}