{"top-song": {"album": "Sweet\n  Dreams (Are Made of This)", "genres": {"genre": ["New Wave", "Synthpop"]}, "descr": {"p": [{"i": [{"#tail": ". It is notable as the\n    song which provided the group with their breakthrough into\n    commercial success. Its striking music video helped to propel\n    the song to number two on the UK singles chart, and number one\n    on the U.S. Billboard Hot 100 in 1983. It was the fourth single\n    released from the", "#text": "Sweet Dreams (Are Made of This)"}, {"#tail": "album in the UK and the first single\n    released by Eurythmics in the United States.", "#text": "Sweet Dreams"}], "#text": "\"Sweet Dreams (Are Made of This)\" (or simply \"Sweet Dreams\")\n    is a song by pop music duo Eurythmics (David A. Stewart and\n    Annie Lennox). It was released as a single and was the title\n    track of their album"}, {"i": {"#tail": "The 500 Greatest Songs of All Time issue\n    in 2003, \"Sweet Dreams (Are Made of This)\" was ranked number\n    356: it was the group's only song on the list. The song is\n    about sadomasochistic sex. Eurythmics have regularly performed\n    the song live in all their live sets since 1982. This track is\n    regularly performed on solo Lennox performances also.", "#text": "Rolling Stone's"}, "#text": "\"Sweet Dreams (Are Made of This)\" is arguably Eurythmics'\n    signature song and it is their only chart-topper in the U.S.\n    Following its success, their previous single, \"Love Is a\n    Stranger\", was re-released and also became a worldwide hit. On"}, {"i": {"#tail": "package. It re-charted in the UK, reaching\n    number 48. It was also a moderate hit in dance clubs. Another\n    remix by Steve Angello was released in France in 2006, along\n    with the track \"I've Got a Life\" (peaking at number ten).", "#text": "Greatest Hits"}, "#text": "In 1991, the song was remixed and reissued to promote\n    Eurythmics'"}, "The original recording's main instrumentation featured a\n    sequenced analog synthesizer riff, which Stewart discovered\n    accidentally in the studio when he played a bass track in\n    reverse. Apart from the synthesizer, the arrangement also uses\n    Movement Systems Drum Computer, piano in the middle eight, and\n    Lennox's multitracked harmony vocals.", {"i": {"#tail": ".", "#text": "Sweet Dreams (Are Made of This)"}, "#text": "* This version is different from the one found on the album"}, "The music video for \"Sweet Dreams\" was directed by Chris\n    Ashbrook and filmed on January 11, 1983 shortly before the song\n    and the album was released. The video received heavy airplay on\n    the then-young MTV channel and is widely considered a classic\n    clip from the early-MTV era. Lennox's striking androgynous\n    visual image, with close-cropped, orange-colored hair, men's\n    suit and cane and detached yet soulful vocal delivery\n    immediately made her a household name. Her gender-bending image\n    would be further explored in other Eurythmics videos such as\n    \"Who's That Girl?\" and \"Love Is a Stranger\".", {"i": [{"#tail": ". This version became an MTV staple\n    and helped to establish the band in the mainstream. It also\n    appears on the band's greatest hits album,", "#text": "Smells Like Children"}, {"#tail": ". This version is featured on\n    the soundtracks to the 1999 film", "#text": "Lest We Forget: The Best Of"}, {"#tail": "and the 2009 film", "#text": "House on Haunted Hill"}, {"#tail": ". It is also featured in the film", "#text": "Gamer"}, {"#tail": ". In Manson's autobiography,", "#text": "Trick 'r Treat"}, {"#tail": ", he states that Nothing\n    did not want to release this as a single. They wanted to\n    release their cover of Screamin' Jay Hawkins' \"I Put a Spell on\n    You\", which, according to Manson, \"was far too dark, sprawling\n    and esoteric, even for some of our fans.\"", "#text": "The Long Hard Road out of Hell"}], "#text": "Marilyn Manson released a cover version of \"Sweet Dreams\n    (Are Made of This)\" as the first single from the remix album,"}, "Marilyn Manson added some extra lines to the lyrics that are\n    not present in the Eurythmics version: \"I wanna use you and\n    abuse you/I wanna know what's inside you.\" and \"I'm gonna use\n    you and abuse you/I'm gonna know what's inside you.\"", "The video for Manson's cover contains several clips of\n    Manson and bandmates in what appears to be an old cathedral. In\n    between the clips are a number are surreal shots of Manson\n    wearing eccentric outfits, Manson wandering around an abandoned\n    street in a tutu, and him riding a pig wearing a cowboy hat and\n    covered with grease.", null, "The original version of the song was used in Everybody Hates\n    Chris"]}, "artist": "Eurythmics", "lengths": {"length": ["3:35 (7\" Single)", "4:48 (12\" Single)"]}, "title": "Sweet Dreams (Are Made of This)", "recorded": "1982", "label": "RCA", "producers": {"producer": "David A. Stewart"}, "released": "May 1983", "formats": {"format": ["7\" single", "12\" single"]}, "weeks": {"week": "1983-09-03"}}}