{"top-song": {"weeks": {"week": ["1978-09-30", "1978-10-07", "1978-10-14", "1978-10-21"]}, "artist": "Exile", "descr": {"p": [{"i": {"#tail": ", and it featured primarily the late Jimmy\n    Stokley on lead vocals (although guitarist J.P. Pennington also\n    had some lead vocal parts). This song proved to be Exile's only\n    big hit in the pop rock market; Stokley left the band in 1979,\n    and the remaining members took a decidedly more country\n    direction with the dawning of the 1980s.", "#text": "Mixed Emotions"}, "#text": "\"Kiss You All Over\" is a number one single in the United\n    States during 1978 by the group Exile. It was included on the\n    band's album"}, {"i": [{"#tail": ". It was also used in 2007 on CBC's", "#text": "Happy Gilmore"}, {"#tail": "during a montage of Stanley Cup\n    celebrations at the conclusion of the final game of the Stanley\n    Cup Playoffs.", "#text": "Hockey Night In Canada"}], "#text": "The song appeared in the 1996 Adam Sandler film"}, {"i": [{"#tail": ", in the scene where Andy visits some\n    prostitutes, and in the 2006 comedy", "#text": "Man on the Moon"}, {"#tail": "in a scene which Dax Shepard and\n    Efren Ramirez are listening to the song and end up discussing\n    it.", "#text": "Employee of the Month"}], "#text": "The song was also featured in the Andy Kaufman biopic,"}]}, "title": "Kiss You All Over"}}