{"top-song": {"album": "Exposure", "genres": {"genre": ["Pop", "R&B"]}, "descr": {"p": [{"i": {"#tail": "(1987). Released in 1988 as the album's fourth\n    single, the ballad remains the group's biggest hit to date, as\n    it topped the U.S. Hot 100 for one week on February 20, 1988.\n    The single also reached number ninety-seven in the United\n    Kingdom. This song's lyrics describe relationships fading away\n    due to the changes brought about by time (on both people and\n    events). It is something of a sentimental break-up song, though\n    not about any person in particular. It's not typical of this\n    group's dance-pop-oriented sound, yet it remains their biggest\n    hit to date.", "#text": "Exposure"}, "#text": "\"Seasons Change\" is a pop\u2013R&B song written and produced\n    by Lewis Martine\u00e9 for the American girl group Expos\u00e9's debut\n    album,"}, "Angie Vollaro of fellow Lewis A. Martine\u00e9 group Sequal lent\n    background vocals to this song."]}, "artist": "Expos\u00e9", "lengths": {"length": "4:18"}, "title": "Seasons Change", "label": "Arista", "producers": {"producer": "Lewis Martine\u00e9"}, "released": "1988", "writers": {"writer": "Lewis Martine\u00e9"}, "formats": {"format": "12\" single"}, "weeks": {"week": "1988-02-20"}}}