{"top-song": {"album": "Extreme II:\n  Pornograffiti", "genres": {"genre": "Folk rock"}, "descr": {"p": [{"i": {"#tail": ". The song was a departure from\n    the funk metal that had permeated the band's style previous to\n    its release.", "#text": "Extreme II: Pornograffiti"}, "#text": "\"More Than Words\" is a ballad written by and originally\n    performed by the rock band Extreme. It is built around acoustic\n    guitar work by Nuno Bettencourt and the vocals of Gary Cherone\n    (with harmony vocals from Bettencourt), it was released in 1990\n    on the album"}, "The song itself asks the person to whom it is addressed to\n    show love through \"more than words.\"", {"i": {"#tail": "in an online tie-in music video for\n    the episode \"The Sexless Innkeeper\".", "#text": "How I Met Your Mother"}, "#text": "The video for \"More Than Words\" was parodied by \"Weird Al\"\n    Yankovic for his original song, \"You Don't Love Me Anymore.\"\n    Also Amateur Transplants wrote a comedic song to the same tune\n    as \"More Than Words\" entitled \"Northern Birds\" which may be\n    found on their 2006 album \"We Are So Bad\". The video was also\n    parodied by Jason Segel and the cast of"}, "On March 23, 1991, \"More Than Words\" entered the U.S. Hot\n    100 at number 81 and soon after reached number one. It also\n    reached number two in the UK Singles Chart, where the group had\n    had success before its American breakthrough. Though they had\n    made a few European charts before, this brought the band to\n    their first mainstream success in the United States. Extreme\n    followed \"More Than Words\" with another power ballad, \"Hole\n    Hearted,\" which was slightly faster paced than \"More Than\n    Words\", but nevertheless topped at number 4 in the United\n    States and number 3 in Canada.", "Cover versions include:"]}, "artist": "Extreme", "lengths": {"length": ["5:33 (More Than Words)", "12:53 (CD maxi single)", "6:59 (7\" single)"]}, "title": "More Than Words", "recorded": "1990", "label": "A&M Records", "producers": {"producer": "Michael Wagener"}, "released": "1991", "writers": {"writer": ["Nuno Bettencourt", "Gary Cherone"]}, "formats": {"format": ["CD maxi", "7\""]}, "weeks": {"week": "1991-06-08"}}}