{"top-song": {"album": "Falco 3", "genres": {"genre": ["Pop", "Hip hop", "Synth pop"]}, "descr": {"p": [{"i": {"#tail": ". It topped the singles charts on both sides of\n    the Atlantic. It was Falco's only major hit in the United\n    States and one of only two singles to make the Top Ten in the\n    United Kingdom, despite his popularity in Germany, his native\n    Austria, and much of Europe. The song was written by Dutch\n    music producers Bolland & Bolland.", "#text": "Falco 3"}, "#text": "\"Rock Me Amadeus\" is a 1986 song by the Austrian pop\n    musician Falco from his album"}, {"i": {"#tail": ", \"Vienna Calling\", reached #18 on the Hot\n    100.", "#text": "Falco 3"}, "#text": "With \"Rock Me Amadeus\", Falco became the first\n    German-speaking artist to be credited with a #1 single in all\n    mainstream U.S. pop singles charts: the Billboard Hot 100 and\n    Cashbox Top 100 Singles. The single hit number one on the\n    Billboard Hot 100 on 29 March 1986. Falco is erroneously often\n    considered a one-hit wonder for this song in the United States.\n    However, Falco had already had a minor U.S. hit in 1982 with\n    \"Der Kommissar\" (a hit the following year there for After the\n    Fire), and his follow-up single from"}, "In the United Kingdom, the song hit number one on 10 May\n    1986, becoming the first single by an Austrian act to achieve\n    this distinction. In the UK, where his \"Der Kommissar\" failed\n    to make the charts, Falco is also often regarded as a one-hit\n    wonder, despite the fact that \"Vienna Calling\" hit number ten\n    and three subsequent singles briefly charted.", "In Canada, the song reached #2 in March 1986. (There, \"Der\n    Kommissar\" had reached #11 in January 1983, and \"Vienna\n    Calling\" would hit #8 in April 1986.)", "\"Rock Me Amadeus\" would later be ranked #87 in VH1's 100\n    Greatest Songs of the 80s and #44 in VH1's 100 Greatest One-Hit\n    Wonders.", {"i": [{"#tail": ". The song was inspired by the movie", "#text": "Falco 3"}, {"#tail": ". For the U.S. release, the song was remixed with\n    an English background overlay by L.A. DJ Chris Modig. There was\n    never a full English version.", "#text": "Amadeus"}], "#text": "The song, recorded in German and about Wolfgang Amadeus\n    Mozart, talks about his popularity and his debts. A longer\n    version (eight minutes), named the \"Salieri Mix\", appeared on\n    the initial U.S. release of the album"}, "The song's music video mixed elements of Mozart's time with\n    modern times; early on, Falco is shown in a modern dinner\n    jacket walking past people in eighteenth-century formal wear.\n    Later, he is shown dressed as Mozart, with wild colored hair,\n    being held on the shoulders of men dressed in modern\n    motorcycle-riding gear. At the end, the two crowds mix\n    together.", "The song has been lampooned and paid tribute to by many:"]}, "artist": "Falco", "lengths": {"length": "3:21"}, "title": "Rock Me Amadeus", "recorded": "1985", "label": "A&M Records", "released": "March 28, 1986", "writers": {"writer": ["Rob Bolland", "Ferdi Bolland"]}, "formats": {"format": "7\""}, "weeks": {"week": ["1986-03-29", "1986-04-05", "1986-04-12"]}}}