{"top-song": {"album": "Free Yourself and\n  Dreams/Don't Cry Out Loud/I Believe", "genres": {"genre": ["Gospel", "soul"]}, "descr": {"p": [{"i": [{"#tail": "season 3 winner, Fantasia Barrino, as well\n    as the", "#text": "American Idol"}, {"#tail": "season 3 runner-up, Diana DeGarmo. The song\n    significantly helped Fantasia rise to fame. The song was\n    co-written by former", "#text": "American Idol"}, {"#tail": "contestant Tamyra Gray.", "#text": "American Idol"}], "#text": "\"I Believe\" is the debut single released by singer and"}, "Fantasia sang \"I Believe\" on the finale of American Idol\n    (season 3) as her last performance within the competition.\n    Diana sang the song first, also on the finale, for her first\n    performance of the night. Fantasia's final performance that\n    evening is regarded by some fans and critics as one of the most\n    outstanding performances in the show's history. Only her two\n    performances of Summertime (which are considered by some to be\n    among the best performances in the show's history) received\n    more praise. Fantasia received outstanding praise and was\n    declared the winner of American Idol by all three judges. The\n    judges predictions came true and Fantasia was crowned American\n    Idol the following evening. An ecstatic and tearful Fantasia\n    performed her new single \"I Believe\" minutes after the\n    announcement. Diana's performance was also well-received by the\n    judges.", {"i": {"#tail": "is noted for its inspirational lyrics.", "#text": "I Believe"}, "#text": "The song was an instant success for Fantasia when it was\n    released on June 22, 2004. It performed well on the radio and\n    sales charts of the United States and Canada debuting at number\n    one in both nations. This made Fantasia the first artist in the\n    history of the Hot 100 to debut at number one with a first\n    record. \"I Believe\" is also the winner of three Awards."}, "The runner up of American Idol Season 3, Diana Degarmo, also\n    sang this song during the final 2 showdown and in addition sang\n    it during the finale as an encore performance. Although she did\n    not win the competition, she did release the song on her single\n    but did not release it on her debut album.", "American Idol contestants, Lakisha Jones (season 6) and\n    Syesha Mercado (season 7) sang this song during the\n    inspirational song week.", {"i": {"#tail": "contestant. \"I Believe\" also spent six consecutive\n    weeks at number one on the U.S. R&B Single Sales chart. \"I\n    Believe\" hit number one on more music charts than any other\n    Idol contestant's debut single so far.", "#text": "Idol"}, "#text": "When the song was released it debuted on the Hot 100 at\n    number one. The CD was a substantial success in the U.S. and in\n    Canada. In its debut week the single shattered the first week\n    sales record for any single in 2004 in the U.S. \"I Believe\" was\n    certified double platinum by the CRIA in Canada selling more\n    than 80,000 units. It has sold 527,000 copies in the United\n    States , making it one of the most successful single of 2004.\n    \"I Believe\" was number one on the U.S single sales chart for\n    eleven consecutive weeks and ten weeks in Canada, giving it the\n    longest stay at number one on the chart by any"}]}, "artist": "Fantasia", "lengths": {"length": ["5:02 (Album Version)", "4:07 (Radio Edit)"]}, "title": "I Believe", "label": "J Records", "producers": {"producer": "Clive Davis"}, "released": "June 29, 2004 \u00a0(2004-06-29)", "writers": {"writer": ["Louis Biancaniello", "Tamyra Gray", "Sam Watters"]}, "formats": {"format": ["CD single", "DVD single", "Digital download"]}, "weeks": {"week": "2004-07-10"}}}