{"top-song": {"album": "The\n  Dutchess", "genres": {"genre": ["Pop", "R&B", "hip hop"]}, "descr": {"p": [{"i": [{"#tail": ". In March 2007, the song became Fergie's\n    second number-one single in the United States. The single was\n    released on March 19, 2007 in the UK and was the second single\n    taken from the album. The single was not as successful in Latin\n    America (where it wasn't officially released) as \"London\n    Bridge\" and \"Fergalicious\". \"Glamorous\" is the fourth single\n    from the album in Brazil, where \"Big Girls Don't Cry\" was\n    released as the third single. Fergie sang this song along with\n    \"Big Girls Don't Cry\" at the Concert for Diana. As of March\n    2008, the single has sold 2,300,000 copies. The song was used\n    in the promotional video for the CW television show", "#text": "The Dutchess"}, {"#tail": ". The song appears on the video game", "#text": "Gossip Girl"}, {"#tail": ".", "#text": "Karaoke Revolution Presents: American Idol Encore"}], "#text": "\"Glamorous\" is the third single taken from pop singer\n    Fergie's solo debut album,"}, {"i": {"#tail": "on February 7, 2007. The video is directed by Dave\n    Meyers, and was shot in an anamorphic 1.85:1 widescreen aspect\n    ratio. It starts in 1994 with Fergie and Polow da Don at a keg\n    party in East Los Angeles before she was famous. The camera\n    then rotates upward where it is present day and Fergie is\n    lounging in a Bombardier Global Express business jet, and as\n    the chorus suggests, \"flying first class, up in the sky\". The\n    flight attendant is played by Freddy Rodriguez. She is seen\n    watching the music video on her LG enV for the Black Eyed Peas\n    \"Pump It\". Fergie then lands and enters a limo waiting for her\n    where she goes with her friends to a drive thru at a fast food\n    restaurant. This restaurant is most likely Taco Bell as the\n    lyrics suggest, though the food package appears to bear Jack in\n    the Box logos. The video at this point does a transition to the\n    past (1990's) where it is suggested Fergie came to this same\n    restaurant with her friends before her glamorous life. The\n    transition occurs as Fergie sings of the days when she had a\n    Mustang. The limo transforms into a Mustang convertible. She\n    and her friends are wearing clothes and have hairstyles similar\n    to those of 1990s pop culture.", "#text": "TRL"}, "#text": "The video had a World Premiere on MTV's"}, {"i": [{"#tail": ", a throwback to", "#text": "Glamorous"}, {"#tail": ". The two are shown holding Thompson\n    submachine guns while being held up by police near a canyon,\n    apparently for stealing money. Ludacris raps his verse to\n    Fergie telling her all the expensive things he will buy for\n    her. Fergie and Ludacris are then shown shooting down the cops,\n    after which the movie shoot ends.", "#text": "Bonnie and Clyde"}], "#text": "The video then goes back to present day where Fergie and\n    Ludacris are shown shooting a movie called"}, "After the shoot Fergie proceeds to sit in a chair with her\n    name on it, as people rush over to do her make up. While this\n    is happening she thanks her fans for making her famous. Scenes\n    of this are intercut with Fergie getting back on the plane she\n    came on, while she flashes back to when she was a little girl,\n    where her father warned her about the coldness of the showbiz\n    industry. Fergie is then shown at the same kegger from earlier\n    in the video, with Alfonso Ribeiro, Polow da Don, apl.de.ap and\n    Cypress Hill with B-Real with whom she clinks plastic glasses,\n    followed with the plane she is on in the present day flying\n    into London as the sun sets.", {"i": [{"#tail": "Hot 100, rising from number 55, in the charting\n    week of March 17, 2007. On the March 24, 2007 edition of the", "#text": "Billboard"}, {"#tail": "Hot 100, \"Glamorous\" hit number-one, giving\n    Fergie her second #1 single; it remained at number one for a\n    second consecutive week, but then fell to number two in the\n    next week. \"Glamorous\" ended as the year's 10th highest seller\n    there, ranked at #10 on the Billboard Year-End chart for 2007.\n    \"Glamorous\" debuted at #10 on the Australian ARIA singles\n    chart, and was the week's second highest debut behind Christina\n    Aguilera's \"Candyman\" and Taylor Swift's \"Today Was a\n    Fairytale\" which debuted at #6. \"Glamorous\" made its initial\n    peak at #3 before rising to its peak at #2. \"Glamorous\" has\n    been certified Platinum by ARIA for sales of over 70,000.\n    \"Glamorous\" was also ranked at #13 on the Australian ARIA\n    Year-End singles chart for 2007, and is one of four entries on\n    this chart for Fergie, with the others being \"Fergalicious\",\n    \"Clumsy\" and \"Big Girls Don't Cry\". The song debuted at #56 in\n    the UK Singles Chart and peaked at #6, making it her second\n    solo Top 10 hit. In Latin America, the song thus far has\n    dubious honor of being the only single to not chart in the\n    Latin America Top 40; \"Big Girls Don't Cry\" has already\n    charted.", "#text": "Billboard"}], "#text": "\"Glamorous\" debuted on the U.S. Hot 100 at number 98 in\n    mid-January 2007, two weeks before its official release to\n    radio stations. The song reached its initial peak at number\n    nine, giving Fergie her third top 10 solo hit in six months,\n    equal to her group the Black Eyed Peas' tally over the past six\n    years. In the next week, the single plummeted from nine to\n    thirty-three, one of the biggest drops in a single week out of\n    the top 10, due to A&M Records blocking the digital\n    download of the single. \"Glamorous\" was released back in the\n    iTunes Store and other digital outlets on the week of February\n    28. Upon re-release of \"Glamorous\" as a digital single\n    download, it re-entered the top 10 at the number eight position\n    on the"}]}, "artist": "Fergie featuring Ludacris", "lengths": {"length": ["4:06 (Album Version)", "3:19 (Uk Radio Edit)"]}, "title": "Glamorous", "recorded": "2006", "label": "A&M", "producers": {"producer": "Polow da Don"}, "released": "February 1, 2007", "writers": {"writer": ["Stacy Ferguson", "Jamal Jones", "Will Adams", "Elvis Williams", "Christopher Bridges"]}, "formats": {"format": ["CD single", "digital download"]}, "weeks": {"week": ["2007-03-24", "2007-03-31"]}}}