{"top-song": {"album": "The Dutchess", "genres": {"genre": ["Pop", "Soft rock"]}, "descr": {"p": [{"i": [{"#tail": "(2006). The song was released as the album's\n    fourth single in 2007 (see 2007 in music) and topped the charts\n    in several countries, most notably in Australia (for nine\n    consecutive weeks\u2014also becoming the number-one single in the\n    ARIA's Year End Charts for 2007), and in the United States. It\n    was the most downloaded track in the U.S., with sales of more\n    than 3,080,000 copies sold. In July 2007, Fergie performed the\n    song at the Concert for Diana and Live Earth. By the end of\n    August 2007, the song became Fergie's third number one single\n    on the Billboard Hot 100 chart. It was nominated in the 'Best\n    Female Pop Vocal Performance' category at the 50th Annual\n    Grammy Awards, which was held February 10, 2008. The song\n    appears in", "#text": "The Dutchess"}, {"#tail": ",", "#text": "Dance Dance Revolution X"}, {"#tail": ", and", "#text": "Singstar Pop Vol 2"}, {"#tail": ".", "#text": "Karaoke Revolution Presents American Idol Encore 2"}], "#text": "\"Big Girls Don't Cry\" is a song written by Fergie and Toby\n    Gad for pop singer Fergie's debut solo album"}, {"i": {"#tail": "Hot 100 Songs of the Decade.", "#text": "Billboard"}, "#text": "The song was listed at #89 on Billboard: All-Time Hot 100\n    Top Songs and the 13th most successful song of the decade at\n    the end of 2009 on the"}, "After \"Big Girls Don't Cry\" was written, Fergie and her\n    management felt that the song did not fit the theme of her\n    album and decided not to record it. However, her management\n    felt that the song was too strong to let go, so they decided to\n    shop the song around to different record labels. Eventually,\n    the song was sold to Bad Boy Records, where it was handed to\n    Jordan McCoy. McCoy's team felt they had a huge hit on their\n    hands and quickly recorded the song, assuring Fergie and her\n    management that they were going to release it as a single.", "However, according to McCoy, after Fergie heard their\n    finished version, she had a change of heart and recorded the\n    song as well. Without the knowledge of Bad Boy Records, Fergie\n    went ahead and tagged it on to her album at the last minute.\n    Jordan and her team were upset by Fergie's decision, scrapped\n    the entire project and considered suing Fergie. However,\n    because Fergie co-wrote the song, she had partial ownership and\n    they could not sue her.", {"i": {"#tail": ".", "#text": "Wild Orchid"}, "#text": "\"Big Girls Don't Cry\" is a moderate pop song written in the\n    key of G major. The tempo is composed in common time and\n    follows the major chord G/B-Csus2-D5. The song was compared to\n    as an exact 2006 version of"}, "The song has achieved high success worldwide, topping the\n    charts in over ten countries, including Australia, Brazil,\n    Canada, Ireland, New Zealand, Mexico, Austria, Romania, Croatia\n    and the U.S. In Brazil the song was the most pleyed on the\n    radio in 2007. In the UK it surpassed \"London Bridge\" as her\n    highest charting solo single thus far, peaking at number two\n    (behind only Rihanna's 10 week chart topping \"Umbrella\"); the\n    single has spent 23 weeks on the UK Singles Chart Top 40 and 9\n    weeks in the Top 10.", {"i": [{"#tail": "Pop 100, Pop 100 Airplay, Hot 100 Airplay, and\n    Hot Digital Songs charts. It also became her first number one\n    on both the", "#text": "Billboard"}, {"#tail": "Hot Adult Contemporary Tracks chart and the\n    Adult Top 40, where on the later she became the first female\n    artist to top that chart after 52 weeks of number ones by male\n    artists. The song is one of the most successful singles of 2007\n    in the U.S., as it stayed in the top ten of The Hot 100 for 21\n    consecutive weeks, 18 of those in the top five.", "#text": "Billboard"}], "#text": "After spending several weeks in the number two and three\n    positions on the U.S. Hot 100, \"Big Girls Don't Cry\" finally\n    ascended to number one, becoming Fergie's third Hot 100\n    number-one single, and second consecutive after \"Glamorous\" in\n    early 2007. Thanks to this achievement Fergie has become only\n    the second American female solo artist in the '00s to have\n    three chart-toppers from one album after Christina Aguilera in\n    1999-2000. In addition to the Hot 100, the song topped the"}, "It is most played song of 2007 on U.S. Mainstream Top 40\n    radio (becoming the number-one single of 2007 on the and the\n    third most successful track of 2000s on the same tally), and\n    the most successful song of 2007 by peak position on American\n    Top 40 (eight weeks at number one). It is Fergie's most\n    downloaded song in the U.S. with over 2,367,000 downloads, more\n    than \"Fergalicious\" who has sold over 2,315,000 downloads till\n    the first week of December 2007. It's the 3rd most downloaded\n    song of 2007 in the U.S. behind \"Crank That (Soulja Boy)\"\n    (+2,510,000) and \"Hey There Delilah\" (+2,416,000), and the 6th\n    in the U.S. history. \"Big Girls Don't Cry\" was ranked at #4 on\n    Billboard's Year-End chart for 2007.", "\"Big Girls Don't Cry\" has become Fergie's most successful\n    single worldwide, surpassing \"London Bridge\". The song debuted\n    at number thirty-two and reached number one on its thirteenth\n    week, staying there for five consecutive weeks. The song stayed\n    in the chart for forty-nine weeks, twenty-six of which were in\n    the top ten. In Australia it was certified 2x Platinum by ARIA\n    for combined sales of over 140,000 copies, and ended as the\n    year's biggest hit, ranked at number-one on the ARIA Year-End\n    singles chart for 2007. It was also the longest running number\n    one single at the top spot with 9 consecutive weeks (10 in the\n    Download Chart) and the last to do so.", "Also, despite only spending a week at #1 on the New Zealand\n    RIANZ singles chart, \"Big Girls Don't Cry\" has become the\n    fourth most successful single in RIANZ music history and the\n    second best seller in the country for 2007. It spent a total of\n    38 weeks on the chart.", {"i": {"#tail": "on May 16, 2007 and has since peaked at #5 on May 24,\n    2007. The video topped Vh1's Top 40 Videos of 2007 list. Milo\n    Ventimiglia plays Fergie's love interest.", "#text": "TRL"}, "#text": "The music video was directed by Anthony Mandler and began\n    production on March 30, 2007. The video had a 'First Look' on\n    MTV's"}, "The video begins with Fergie getting out of her car (a red\n    1969 Mustang fastback) and going inside a warehouse where she\n    meets her band and practices. Meanwhile, she is seen singing\n    next to her boyfriend (Milo Ventimiglia), who is sleeping. She\n    starts walking through the house, and is then watching herself\n    and her boyfriend from a different point of view getting out of\n    her car. They go into the house, and her boyfriend gets out a\n    guitar and starts playing, while Fergie is singing. Later on,\n    she sees her boyfriend out the window with several guys, one of\n    whom passes him a small package, which is presumably drugs, and\n    it upsets her. Fergie then starts singing the chorus while she\n    is taking her clothes off a clothes line and putting them into\n    a suitcase. As the third verse begins, Fergie is walking around\n    a warehouse singing while wearing a tan-gray baby doll dress.\n    At the end of the song, she is seen getting into her car and\n    driving down the road.", "There are two music videos: the main version features the\n    garage scene mixed with the others; the extended, in which the\n    song is performed twice, the first time it was sang features\n    all the scenes, excluding the garage scenes, the second time it\n    only features unseen garage scenes and the normal garage\n    sensual scenes.", "The music video for \"Big Girls Don't Cry\" has been viewed\n    about 30 million times on popular video-sharing website\n    YouTube.", {"i": "The Dutchess (Japan re-issue edition) and Sean Kingston\n    (Deluxe Edition)", "#text": "from the album"}, "A remix was made of the song in late 2007, which retained\n    the vocals of the original, but with a new, 1980s-reminiscent\n    sound, with none of the acoustic guitars present in the\n    original. Titled the \"Big Girls Remix\", it featured reggae star\n    Sean Kingston, who records his vocals over the new beat and\n    after his verses, it goes into the chorus of the original and\n    basically maintains Fergie's vocals for the rest of the\n    song."]}, "artist": "Fergie", "lengths": {"length": ["4:28 (Album version)", "4:14 (Radio edit)"]}, "title": "Big Girls Don't Cry", "recorded": "2006", "label": "A&M", "producers": {"producer": "Toby Gad"}, "released": "May 15, 2007 (North America) , July, 2007 (worldwide) ,\n  July 9, 2007 (United Kingdom)", "writers": {"writer": ["Stacy Ferguson", "Toby Gad"]}, "formats": {"format": ["CD single", "digital download"]}, "weeks": {"week": "2007-09-08"}}}