{"top-song": {"album": "The Dutchess", "genres": {"genre": "Hip hop"}, "descr": {"p": [{"i": {"#tail": ". It contains a sample taken from \"Down To\n    The Night Club\" by Tower Of Power. It was released as the lead\n    single from the album on July 18, 2006, and was Fergie's first\n    single as a solo artist. As of April 2009, \"London Bridge\" has\n    sold over 2,000,000 copies in the United States.", "#text": "The Dutchess"}, "#text": "\"London Bridge\" is a song co-written and performed by pop\n    singer Fergie for her debut album,"}, "The song was produced by Polow da Don, with lyrics by Sean\n    Garrett and Fergie. Fergie describes the song as being \"kind of\n    like a punch in the face to let people know I'm coming out...\n    I've been getting way too into myself nowadays and I just wanna\n    have fun with as many men as I can possible.\" The song is a\n    club track that lightly touches on personal lyrics about fame\n    and celebrity. This song also begins with tornado or air raid\n    sirens blaring after \"Oh Shit!\" or \"Oh Snap!\"", "Fergie collaborated with her fellow member of the Black Eyed\n    Peas, will.i.am, on the clip's concept to make it more\n    distinctive. She describes the concept as follows: \"We're doing\n    this androgynous-type thing where my girls and I go into a\n    Gentlemen's club and pull them into a bathroom and come back\n    out in their clothes. They're going to be dressed up really\n    dapper and looking really handsome. (sic) \" Will.i.am, Taboo,\n    and Apl.de.ap all made cameos in the video.", "For the video, which was filmed at the Woolwich Barracks in\n    Woolwich, South London, she brought in backup dancers who\n    double as bodyguards, dressed like cholas \u2014 tough Mexican girls\n    known for wearing dark lipstick and big hair \u2014 to make the clip\n    \"have a bit more edge, be very distinct, be very mixed.\"", "Fergie is seen intermittently sailing down the River Thames\n    just in front of Tower Bridge, which isn't the same as London\n    Bridge, despite the song title.", "Fergie based one of her outfits for the video on her\n    family's crest and tartan, with some changes as she wanted it\n    to be modernized. She also wears a tiara cocked to the side of\n    her head to play off the royal name of her album, as well as\n    having the same surname (Ferguson) and nickname, as the Duchess\n    of York (Sarah Ferguson).", "As of November 7, 2009 the music video for \"London Bridge\"\n    has been viewed 2,217,623 times on the popular video-sharing\n    website YouTube.", {"i": {"#tail": "called the song a \"total ripoff of\n    Hollaback Girl\", Gwen Stefani's number one single of 2005.\n    Another reviewer described the song as being \"Hollaback Girl\"\n    \"slathered in puerile sexual raunch\".", "#text": "Rolling Stone"}}, "There is a remix featuring 50 Cent called \"London\n    London\"."]}, "artist": "Fergie", "lengths": {"length": ["4:01 (Album Version)", "3:27 (Clean Radio Edit)"]}, "title": "London Bridge", "recorded": "2006", "label": "A&M", "producers": {"producer": "Polow da Don"}, "released": "July 18, 2006 (U.S.) , September 11, 2006\n  (UK)", "writers": {"writer": ["Stacy Ferguson", "Sean Garrett", "Mike Hartnett", "Jamal Jones"]}, "formats": {"format": "CD"}, "weeks": {"week": ["2006-08-19", "2006-08-26", "2006-09-02"]}}}