{"top-song": {"album": "The Raw &\n  the Cooked", "genres": {"genre": "Pop music"}, "descr": {"p": [{"i": {"#tail": ". The song was their second U.S.\n    number one, topping the Billboard Hot 100 on July 8, 1989. It\n    also peaked at #7 on the UK singles chart.", "#text": "The Raw & the Cooked"}, "#text": "\"Good Thing\" is a song recorded by Fine Young Cannibals, the\n    second single pulled from their album"}, {"i": {"#tail": ". Fine Young Cannibals portrayed a nightclub band\n    in the movie, performing this song and three others (including\n    the single's b-side \"Social Security\"). The film is set in\n    Baltimore in 1963, and the song's retro-soul style is\n    consistent with that setting.", "#text": "Tin Men"}, "#text": "The song made its first appearance in the 1987 film"}, "The video features many scenes with motor scooters, both at\n    rest and in motion as well as scooter culture. The scooters\n    featured include stock scooters, as well as highly stylized\n    scooters and minimalist cutdown scooters.", {"i": {"#tail": ", starring Rhona Mitra, in a surreal scene\n    involving the film's main antagonist.", "#text": "Doomsday"}, "#text": "The song was used in an advert for the Chevrolet Captiva SUV\n    automobile in the United Kingdom. It was also used in the 2008\n    film"}]}, "artist": "Fine Young Cannibals", "lengths": {"length": "3:24"}, "title": "Good Thing", "recorded": "1989", "label": "London Records", "producers": {"producer": "Fine Young Cannibals"}, "released": "June 14, 1989", "writers": {"writer": "Fine Young Cannibals"}, "formats": {"format": ["7\" single", "12\" maxi", "CD maxi"]}, "weeks": {"week": "1989-07-08"}}}