{"top-song": {"album": "The\n  Raw and the Cooked", "genres": {"genre": "Pop rock"}, "descr": {"p": [{"i": {"#tail": ". The song peaked at #5 in the\n    band's native UK in January 1989 before hitting #1 on the\n    Billboard Hot 100 in the U.S. on April 15, 1989. It also made\n    number 3 on the Dutch Top 40. A remixed version was released in\n    1997.", "#text": "The Raw and the Cooked"}, "#text": "\"She Drives Me Crazy\" is a song recorded by the Fine Young\n    Cannibals, included on their 1989 album"}, "During a short time in 1999, the song was used temporarily\n    (because of legal issues with the theme song) as the theme for\n    Rush Limbaugh's radio show, and is currently used by WSB\n    Radio's Clark Howard.", "The unique snare drum \"pop\" sound was created by recording\n    the snare drum portion separately. A speaker was then placed on\n    top of the snare drum, and a microphone below. The original\n    recording of the snare drum part was played back through the\n    speaker and re-recorded.", "This song is one of five songs played on the main menu of\n    the arcade game compilation Namco Museum 50th Anniversary.", "Two music videos were produced for the video, one by\n    Philippe Decoufl\u00e9 and one by Pedro Romhanyi. Similar to\n    Decoufl\u00e9's only other music video, New Order's \"True Faith\",\n    his version includes extensive choreography and performers in\n    unusual costumes, including two identical dancers with\n    completely different colored-outfits, as well as a person with\n    a television on their head. This version received several\n    nominations at the 1989 MTV Video Music Awards, including Best\n    Video.", {"i": {"#tail": ", titled \"Drives Me Crazy.\" It was\n    released as a single to Adult Contemporary stations in January\n    2009.", "#text": "Backwoods Barbie"}, "#text": "Dolly Parton recorded a cover of the song for her 2008\n    album,"}, {"i": "The Brady Bunch.", "#text": "The song was parodied twice: In 1989, by \"Weird Al\" Yankovic\n    as \"She Drives Like Crazy\" on the soundtrack album \"UHF\"; and\n    in 1991 by Guns and Moses as \"They Drive me Brady\", which\n    featured audio snippets of"}, "The Muppets parodied the song with additional lyrics by Jim\n    Lewis for the 1994 album Kermit Unpigged.[1] A music video\n    (directed by Jim Yukich) featured cameo appearances by\n    celebrities such as Fran Drescher, John Landis, Ozzy Osbourne,\n    Phil Collins, Pam Tillis, David Hasselhoff and Helen Hunt. In\n    the UK version there were still some American stars, but it was\n    edited to include more of Ozzy Osbourne, along with some UK\n    stars like Gloria Hunniford and even a member of\n    Eastenders.", {"i": [{"#tail": "parodied the song", "#text": "Sesame Street"}, {"#tail": "the group performing it as \"C Drives Me Crazy\" by the\n    \"Fine Young Camels\".", "#text": "and"}]}, {"i": {"#tail": ".", "#text": "The Original Flying Pickets"}, "#text": "British a cappella group The Flying Pickets covered the song\n    on the album"}]}, "artist": "Fine Young Cannibals", "lengths": {"length": "3:38"}, "title": "She Drives Me Crazy", "recorded": "1988", "label": "London Records", "producers": {"producer": ["David Z", "Fine Young Cannibals"]}, "released": "January 1, 1989", "writers": {"writer": "Fine Young Cannibals"}, "formats": {"format": ["7\" single", "12\" maxi", "CD maxi"]}, "weeks": {"week": "1989-04-15"}}}