{"top-song": {"album": "Rumours", "genres": {"genre": ["Rock", "soft rock"]}, "descr": {"p": [{"i": {"#tail": ". The song was the only U.S. number one hit for\n    the group, and remains one of their best known songs.", "#text": "Rumours"}, "#text": "\"Dreams\" is a song written by singer Stevie Nicks, for the\n    group Fleetwood Mac's 1977 album,"}, {"i": {"#tail": ". Drummer Mick Fleetwood was going through a\n    divorce. Bass player John McVie was separating from his wife,\n    keyboard player Christine McVie. Guitarist Lindsey Buckingham\n    and Nicks were ending their eight-year relationship. \"We had to\n    go through this elaborate exercise of denial,\" explains\n    Buckingham to Blender Magazine, \"keeping our personal feelings\n    in one corner of the room while trying to be professional in\n    the other.\"", "#text": "Rumours"}, "#text": "The members of Fleetwood Mac were experiencing emotional\n    upheavals while recording"}, "Nicks wrote the song at the Record Plant studio in\n    Sausalito, California, in early 1976. \"One day when I wasn't\n    required in the main studio,\" remembers singer Stevie Nicks to\n    Blender, \"I took a Fender Rhodes piano and went into another\n    studio that was said to belong to Sly, of Sly & the Family\n    Stone. It was a black-and-red room, with a sunken pit in the\n    middle where there was a piano, and a big black-velvet bed with\n    Victorian drapes.\"", "\"I sat down on the bed with my keyboard in front of me,\"\n    continues Nicks. \"I found a drum pattern, switched my little\n    cassette player on and wrote 'Dreams' in about 10 minutes.\n    Right away I liked the fact that I was doing something with a\n    dance beat, because that made it a little unusual for me.\"", "When Nicks played the song to the rest of the group, they\n    decided to record it the following day. Only a basic track was\n    recorded at Sausalito. Recording assistant Cris Morris\n    remembers that \"all (they) kept was the drum track and live\n    vocal from Stevie \u2014 the guitars and bass were added later in\n    Los Angeles.\"", "Christine McVie described the song as having \"just three\n    chords and one note in the left hand\" and \"boring\" when Nicks\n    played a rough version on the piano. McVie changed her mind,\n    after Lindsey \"fashioned three sections out of identical\n    chords, making each section sound completely different. He\n    created the impression that there\u2019s a thread running through\n    the whole thing.\"", {"i": {"#tail": "album in the US, and it reached the number one\n    spot on June 18, 1977, and held it for one week. It went to #24\n    in the United Kingdom as the third single, following \"Go Your\n    Own Way\" (#38) and \"Don't Stop\" (#32). A performance of the\n    song on stage was used as the promotional video. Fleetwood Mac\n    would not begin to make concept music videos until 1979.", "#text": "Rumours"}, "#text": "\"Dreams\" was the second single from the"}, "\"Dreams\" is a cover of the Fleetwood Mac song by The Corrs.\n    \"Dreams\" was originally recorded for \"Legacy: A tribute to\n    Fleetwood Mac's Rumours\" which features cover versions like\n    \"Don't stop\" by Elton John, \"You make loving fun\" by Jewel and\n    others from the Goo Goo Dolls and the Cranberries. It turned\n    out to be the first big hit for the Corrs in the UK and the\n    video won the \"Best Adult Contemporary Video\" award from\n    Billboard magazine in 1998.", "The Corrs had the honor of performing \"Dreams\" with Mick\n    Fleetwood from Fleetwood Mac in their legendary concert at the\n    Royal Albert Hall, on St Patrick's Day, 1998 (incidentally,\n    that was also Caroline Corr's 25th birthday).", "Tee's remix made \"Dreams\" one of the most successful Corrs\n    singles ever: it reached #6 in the UK single charts and on the\n    whole stayed in the charts for 10 weeks.", "The \"Dreams\" video was urgently needed, similar to the video\n    for \"What Can I Do.\" The song had made the UK Radio One\n    playlist (BBC One), and needed a video to go along with it.\n    Director Dani Jacobs was originally unavailable because he had\n    a previously scheduled shot in Canada, but he dumped it on the\n    spot and flew to Singapore to shoot \"Dreams.\" When he arrived\n    there, he found that his ideas of a \"dreamy, oriental\" feel for\n    the video were trashed by Singapore's western looks.\n    Thankfully, the crew found the Thian Hock Keng Buddhist temple\n    in the Telok Ayer Street in Chinatown. The location was found,\n    yet the crew had picked one of the hottest, most humid days of\n    the year (April 10, 1998), so the Corrs were downing copious\n    amounts of \"Evian\", spending time in the air-conditioned\n    trailers and Andrea even filmed the entire video with her dress\n    unzipped at the back to keep perspiration at bay.", {"i": {"#tail": ", and was a top twenty UK Singles Chart hit\n    and climbed to number 26 on the U.S. Hot Dance Club Play\n    chart.", "#text": "George Is On"}, "#text": "In 2005, Nicks contributed new vocals to a remake of the\n    song by DJ and house music duo Deep Dish. The song appears on\n    their album"}]}, "artist": "Fleetwood Mac", "lengths": {"length": "4:17"}, "title": "Dreams", "recorded": "1976", "label": "Warner Bros.", "producers": {"producer": ["Fleetwood Mac", "Richard Dashut and Ken Caillat"]}, "released": "March 24, 1977 (USA) / June 1977 (UK)", "writers": {"writer": "Stevie Nicks"}, "formats": {"format": "7\""}, "weeks": {"week": "1977-06-18"}}}