{"top-song": {"album": "R.O.O.T.S.", "genres": {"genre": ["Hip house", "dance-pop"]}, "descr": {"p": [{"i": {"#tail": ", his second studio album. It was released as\n    the lead single from the album on February 10, 2009 by Poe Boy\n    Entertainment and Atlantic Records. The song lyrically speaks\n    of developing a crush on a woman at a strip club, while\n    musically incorporating a sample of the 1984 Dead or Alive song\n    \"You Spin Me Round (Like a Record)\" in its hook. Pop singer\n    Kesha contributed uncredited guest vocals to the song.", "#text": "R.O.O.T.S."}, "#text": "\"Right Round\" is a dance-pop song performed by American\n    rapper Flo Rida from"}, "The song received mostly negative reviews from critics, who\n    claimed it was cheesy and misogynistic. However, it was a\n    commercial success, reaching the top ten of the charts in\n    nineteen countries worldwide. In the United States, it became\n    Flo Rida's second number-one single and broke the record for\n    first-week sales when it was released to digital retailers. The\n    single's accompanying music video was directed by Malcolm Jones\n    and nominated for an MTV Video Music Award.", "\"Right Round\" was written by Flo Rida, Dr. Luke, Allan\n    Grigg, Justin Franks, Philip Lawrence, Bruno Mars, Aaron\n    Bay-Schuck, Pete Burns, Steve Coy, Mike Percy and Tim Lever. It\n    was produced by Luke and Koool Kojak and features uncredited\n    guest vocals from American pop singer Kesha. According to Flo\n    Rida, the song is about \"a young lady, she might be in the\n    strip club and she's got my head spinning round, [...] Or any\n    young lady that I might see walking past me that's getting my\n    attention. She got it going on! I'm going crazy over her.\"", {"i": {"#tail": "was Flo Rida's second studio album, he wanted\n    to show listeners musical growth by \"broaden[ing] my horizons,\"\n    which was why he decided to record the song. After Luke\n    produced the sample, the song was recorded. It was recorded\n    primarily at Conway Studios in Hollywood, California, with\n    additional recording at Atlantic Studios, also located in\n    Hollywood.", "#text": "R.O.O.T.S."}, "#text": "The song contains a sample of Dead or Alive's 1984 single\n    \"You Spin Me Round (Like a Record)\". Flo Rida explained that he\n    listened to that and similar records growing up as a result of\n    the varying music genres his seven sisters listened to.\n    However, Mike Caren, his A&R, was the one who brought the\n    sample to his attention. As"}, {"i": {"#tail": ". The lyrics discuss being in a\n    strip club with friends and tossing money at a woman performing\n    a striptease. Additionally, the chorus line \"You spin my head\n    right round, right round / When you go down, when you go down,\n    down\" can be interpreted as a reference to fellatio. The song's\n    sexual themes have been compared to those of \"If U Seek Amy\"\n    (2009) by Britney Spears.", "#text": "Entertainment Weekly"}, "#text": "Musically, \"Right Round\" uses the recurring pop rap themes\n    of Flo Rida's music; specifically, similarities were noted\n    between the song and \"Low\" (2007), with Allmusic reviewer David\n    Jeffries calling \"Right Round\" its \"heir apparent\". The song is\n    \"swaggering\" and \"bass-heavy\", according to Leah Greenblatt of"}, {"i": [{"#tail": "called the song \"[b]ionic and empty\".\n    In a review of", "#text": "The New York Times"}, {"#tail": ", Ken Capobianco of", "#text": "R.O.O.T.S."}, {"#tail": "stated, \"His music is pure ear candy\n    that must make Britney [Spears] envious, yet he wants to come\n    off as a thug.\" He continued that it is unlikely that \"Right\n    Round\" would be heard on Brooklyn's streets 15 years prior to\n    its release, calling it \"as hard as Jell-O.\" Alex Fletcher of\n    Digital Spy stated in his review of the song, \"It's pretty\n    difficult to ruin a pop classic, but Flo Rida gives it a pretty\n    good stab here.\" He added that \"Right Round\" is \"[f]illed with\n    more misogyny than a 1970s working mens' club\", and called it\n    \"an unpleasant affair that's only saved from the trashcan by\n    its sample.\" Fletcher concluded, \"The fuzzy synths, electro\n    beats and infectious chorus hook sung by Ke$ha are almost\n    enough to fool the casual listener into enjoying themselves.\n    But sadly it's never too long before Flo Rida turns up again to\n    spoil things.\" Simon Vozick-Levinson of", "#text": "The Boston Globe"}, {"#tail": "called the song \"a horrendous rap\n    remake of Dead or Alive's 'You Spin Me Round (Like a Record).'\"\n    Noting that the song was, at the time, the number-one single on\n    the Hot 100, he added, \"What does all this say about us as a\n    society? Mainly that we really, really enjoy cheesetastic '80s\n    hair-pop hits in whatever form we can get 'em, I guess.\"", "#text": "Entertainment Weekly"}], "#text": "Reviews for \"Right Round\" were mostly negative. A reviewer\n    for"}, "There were some positive reviews, however. One such review\n    came from Fraser McAlpine of BBC, who opened, \"It's one of the\n    fundamental laws of pop, anything which tips a nod to 'You Spin\n    Me Round (Like A Record)' by Dead Or Alive is going to be worth\n    a listen.\" He continued, \"Even though this is just a song\n    written from the perspective of a randy man watching a\n    pole-dancer and bragging about how much money he has [...] in a\n    manner which would make Akon blush, there's just something kind\n    of cute about the whole thing.\" McAlpine attributed this to the\n    song's \"Tigger-beat\", explaining, \"How can anything too sordid\n    be going on when everyone is bouncing around like they're on\n    spacehoppers?\" Bill Lamb of About.com commented, \"You will hear\n    echoes of another pop classic, but the new song stands on its\n    own feet.\" However, he noted that while pop music fans would\n    appreciate it, hip hop listeners would likely dismiss it, and\n    he added that \"[i]t's not groundbreaking by any means\".", {"i": {"#tail": "Hot 100 based solely on airplay. The next week,\n    it rose sixteen positions to chart at number fifty-eight. In\n    its third chart week, issue dated February 19, 2009, it jumped\n    fifty-seven positions to the top spot, becoming Flo Rida's\n    second number-one hit after 2007's \"Low\". That week, it also\n    debuted at the top of the Hot Digital Songs chart with sales of\n    636,000, breaking the record of first-week sales established\n    only the week before by Eminem, Dr. Dre and 50 Cent's \"Crack a\n    Bottle\" (418,000). It remained atop the Hot 100 for six\n    consecutive weeks. \"Right Round\" also topped the Pop 100 in the\n    United States, and peaked at the third position on the Hot Rap\n    Tracks chart, and appeared on the Hot 100's year-end and\n    decade-end charts at positions six and eighty, respectively. By\n    March 12, 2009, the song was certified gold and platinum by the\n    Recording Industry Association of America, and by March 31,\n    achieved double-platinum status. To date, it has been certified\n    triple-platinum by the RIAA. \"Right Round\" made its Canadian\n    debut at the seventy-fifth position, moved to the forty-seventh\n    position in its second week, and peaked at the top of the\n    charts\u2014where it spent nine non-consecutive weeks\u2014its third\n    week. At the end of 2009, it was ranked the number-three song\n    on the Canadian Hot 100.", "#text": "Billboard"}, "#text": "In the United States, \"Right Round\" debuted at number\n    seventy-four on the"}, "The song debuted at the top of the Australian ARIA Singles\n    Chart and maintained its position for seven non-consecutive\n    weeks. It has been certified twice-platinum by the Australian\n    Recording Industry Association. It was the number-five song of\n    the year and appeared on the decade-end chart at number\n    eighteen. In New Zealand, \"Right Round\" debuted at number nine\n    and moved to number five in its second week. It remained in the\n    top five for four weeks before reaching a peak of number two,\n    where it remained for four consecutive weeks. The Recording\n    Industry Association of New Zealand has certified the song\n    platinum, and it was ranked as the seventh most popular song of\n    2009.", "\"Right Round\" also performed well in Europe, peaking at the\n    second position on the European Hot 100 Singles chart and at\n    number sixteen on the chart's year-end list. It debuted on the\n    UK Singles Chart at number one, then dropped to number two in\n    its second charting week. It remained in the top ten for six\n    weeks. In Ireland, it debuted at number four and remained in\n    the top five for four weeks. In its fifth week, it topped the\n    chart and remained at the top position for three consecutive\n    weeks. Elsewhere in Europe, the song reached the top ten in\n    Austria (where it was certified gold by the International\n    Federation of the Phonographic Industry), Belgium (number one\n    in Wallonia, number two in Flanders), Denmark, the Netherlands,\n    Finland, France, Norway, Spain, Sweden, Switzerland and\n    Germany.", {"i": {"#tail": "magazine, she said, \"They [Flo Rida's team]\n    wanted me in the video, and I said, 'Nah, I want to make my own\n    name for myself.'\" The video begins with Flo Rida standing on a\n    revolving circular platform, while his name appears in gold on\n    a screen behind him. A young woman then joins him on the\n    platform, with shots alternating between the two together and\n    each individually. During the first verse, the screen behind\n    him alternates between images of a rotating globe and locations\n    such as Tokyo, Paris and New York City. Shortly after, the\n    silhouettes of three women appear behind Flo Rida while the\n    clip is intercut with shots of a rotating disco ball and\n    several women on a circular bed. Several women are then seen\n    dancing on or around cars while Flo Rida stands in front of\n    them. A waitress comes in to serve them an unidentified\n    beverage. As the video ends, Flo Rida is seen once again on the\n    circular platform while the screen behind him shows a red\n    background with a gold Poe Boy Entertainment sticker. The video\n    was nominated for Best Hip-Hop Video at the 2009 MTV Video\n    Music Awards, but lost to Eminem's \"We Made You\" (2009).", "#text": "Esquire"}, "#text": "The song's accompanying music video was shot in Miami,\n    Florida and directed by Malcolm Jones. Kesha was asked to\n    appear in the video, but declined; in an interview with"}]}, "artist": "Flo Rida", "lengths": {"length": "3:23"}, "title": "Right Round", "recorded": "Conway and Atlantic Studios , Hollywood ,\n  California", "label": "Poe Boy , Atlantic", "producers": {"producer": ["Dr. Luke", "Koool Kojak"]}, "released": "February 10, 2009 \u00a0(2009-02-10)", "writers": {"writer": ["Tramar Dillard", "Lukasz Gottwald", "Allan Grigg", "Justin Franks", "Philip Lawrence", "Bruno Mars", "Aaron Bay-Schuck", "Peter Burns", "Stephen Coy", "Michael Percy", "Timothy Lever"]}, "formats": {"format": ["CD single", "12\"", "digital download"]}, "weeks": {"week": ["2009-02-28", "2009-03-07", "2009-03-14", "2009-03-21", "2009-03-28", "2009-04-04"]}}}