{"top-song": {"album": "Mail on\n  SundayStep Up 2: The Streets (soundtrack)Tropic Thunder\n  (soundtrack)", "genres": {"genre": ["Electrohop", "hip pop southern hip hop", "R&B"]}, "descr": {"p": [{"i": {"#tail": "and also featured on the soundtrack to the\n    2008 film . The song features T-Pain and was co-written with\n    T-Pain. There is also a remix in which the hook is sung by Flo\n    Rida rather than T-Pain. An official remix was made which\n    features rapper Pitbull and T-Pain.", "#text": "Mail On Sunday"}, "#text": "\"Low\" is the debut single by American rapper Flo Rida,\n    featured on his debut album"}, {"i": {"#tail": "Hot 100 Songs of the Decade.", "#text": "Billboard"}, "#text": "The single was a hit worldwide and the longest running\n    number one single of 2008. With five million paid digital\n    downloads, it was certified 5x Platinum by the RIAA, and was\n    the most downloaded single of 2000s decade, measured by paid\n    digital downloads. The song was named 3rd on the"}, {"i": {"#tail": ", a multiplayer online casual rhythm\n    game.", "#text": "DANCE! Online"}, "#text": "It was also performed live with the band Simple Plan at the\n    2008 MuchMusic Video Awards. There is also a clean version\n    remix of the song by Radio Disney. This song is also featured\n    on"}, "The song debuted at number 91 on the U.S. Billboard Hot 100\n    on November 6, 2007, and reached #1 during the week of December\n    30, 2007 - January 5, 2008. The song also generated the second\n    (Behind Flo Rida's Right Round) greatest one-week digital sales\n    in the history of Magazine's Digital Songs chart, with 467,000\n    digital copies in one week. The previous song that had held the\n    record, \"Fergalicious\" by Fergie featuring Will.I.Am, had sold\n    295,000 digital copies in the beginning of 2007. \"Low\" was #1\n    on the Billboard Hot 100 for 10 weeks and in the top ten of the\n    chart for 23 weeks overall, making it both T-Pain and Flo\n    Rida's most successful single to date.", {"i": {"#tail": "Hot Digital Songs chart, topping the chart for\n    13 weeks, and also on the Pop 100 chart, where it ruled for 12\n    weeks and where it's now spending its record 58th week on the\n    tally. \"Low\" has gone on to become the best-selling\n    digitally-downloaded song of all time, with current U.S.\n    digital sales of over 5,000,000. The song stayed on the Hot 100\n    for 37 weeks, before dropping out in June 2008.", "#text": "Billboard"}, "#text": "The song was dethroned on the Hot 100 by Usher's \"Love in\n    This Club\" featuring Young Jeezy. As the first #1 on the Hot\n    100 of 2008, \"Low\" held the #1 position longer than any song\n    did in 2008 (see 2008 in music), and is the longest running Hot\n    100 #1 since Beyonc\u00e9's \"Irreplaceable.\" The song is also the\n    longest-running #1 in the history of the"}, "The physical release of the single occurred in the UK - week\n    beginning 24 March 2008. On July 13, 2008, the song moved up 6\n    places from #28 to #22 on the UK Singles Chart, and then up\n    another 3 places to #19 the following week, several months\n    after its official release. To date \"Low\" has spent 39 weeks on\n    the Hot 100 chart, and although it failed to reach #1 in the UK\n    it has now amassed 53 weeks inside the UK Top 75 (making it the\n    joint 15th longest runner of all time), and 75 weeks inside the\n    Top 100 (even longer than Rihanna's huge smash \"Umbrella\",\n    which was number 1 for 10 weeks and spent 71 weeks inside the\n    top 100). It has recently resurfaced due to the popularity of\n    Flo Rida's #1 hit \"Right Round\" and single \"Sugar\").", {"i": {"#tail": "Top Hot 100 Hits of 2008. On December 28, 2008,\n    It was listed at #11 for UK Singles Chart year-end countdown\n    and was named highest-selling single in Australia in 2008.", "#text": "Billboard"}, "#text": "It stayed on the Billboard 200 for 39 weeks. The song was\n    ranked at #23 on Billboard's All Time Top 100. The song was\n    also was ranked #1 on the"}, "The video of \"Low\" was directed by Bernard Gourley and\n    contains certain clips from Step Up 2 The Streets. It also\n    contains cameos from Rick Ross, DJ Khaled, Cool & Dre,\n    Briana Evigan, & Torch & Gunplay of Triple C's. Also,\n    T-Pain and Flo Rida are in a nightclub in a few scenes. The\n    music video reached the #1 spot on 106 & Park for 5 days\n    and 22 days on TRL. The music video was also nominated at the\n    2008 MTV Video Music Awards for Best Male Video and Best\n    Hip-Hop Video, but lost to Chris Brown's \"With You\" (Best Male\n    Video) and Lil Wayne's Lollipop (Best Hip-Hop Video) videos.\n    The video has also been viewed over 52 million times on the\n    video sharing site, YouTube.", "Flo Rida received the highest Gold & Platinum\n    certification of any artist in March, according to the\n    Recording Industry Association of America's (RIAA) monthly\n    G&P count. His EP \"Low\" sold more than 3 million singles\n    and 1 million ringtones, to earn the Atlantic artist Gold,\n    Platinum, and 3x multi-Platinum prestige for his chart-topping\n    hit. The song was also certified 2x Platinum in New Zealand on\n    September 28, 2008, selling over 30,000 copies. In Canada it\n    was certified 3x Platinum in digital downloads and 4x Platinum\n    in Ringtones"]}, "artist": "Flo Rida featuring T-Pain", "lengths": {"length": "3:50"}, "title": "Low", "recorded": "2007", "label": "Atlantic", "producers": {"producer": "DJ Montay"}, "released": "September 16, 2007 (North America) , March 3, 2008 (UK,\n  Ireland) , December 20, 2007 (Australia, New Zealand) , April 6,\n  2008 (World)", "writers": {"writer": ["Tramar Dillard", "Faheem Najm"]}, "formats": {"format": ["Digital download", "CD single"]}, "weeks": {"week": ["2008-01-05", "2008-01-12", "2008-01-19", "2008-01-26", "2008-02-02", "2008-02-09", "2008-02-16", "2008-02-23", "2008-03-01", "2008-03-08"]}}}