{"top-song": {"album": "Agent\n  Provocateur", "genres": {"genre": "Rock"}, "descr": {"p": [{"i": {"#tail": "Hot Adult Contemporary Recurrents chart.", "#text": "Billboard"}, "#text": "\"I Want to Know What Love Is\" is a 1984 power ballad\n    recorded by the British-American rock band Foreigner. The song\n    hit #1 in both the UK and the U.S. and is the band's most\n    successful single. It remains one of the band's best known\n    songs and most enduring radio hits, charting in the top 25 in\n    2000, 2001 and 2002 on the"}, {"i": [{"#tail": "(1984). The song features backing\n    vocals from the New Jersey Mass Choir (of the GMWA),", "#text": "Agent Provocateur"}, {"#tail": "star Jennifer Holliday, and the Thompson\n    Twins. The choir appears in the song's music video.", "#text": "Dreamgirls"}], "#text": "Written by Mick Jones, with some degree of uncredited\n    contribution by Lou Gramm, and produced by Jones and Alex\n    Sadkin, it was the first single released from the album"}, {"i": [{"#tail": "on January 15, 1985, and stayed there\n    for three weeks. It reached the top of the U.S.", "#text": "UK Singles Chart"}, {"#tail": "Hot 100 on February 2, 1985, where it stayed\n    for two weeks. It was Foreigner's first and only Pop\n    chart-topper in either country, although the band had four #1\n    Mainstream Rock and one #1 Adult Contemporary radio hits in the\n    U.S. This was the band's third of four #1 singles on the\n    Mainstream Rock chart. The song spent five weeks at #1 in\n    Australia, and also hit the top of the charts in Canada, Norway\n    and Sweden, peaking at #2 in Switzerland and South Africa.", "#text": "Billboard"}], "#text": "\"I Want to Know What Love Is\" reached number one in the"}, "The song was also issued as a 12\" single with a slightly\n    longer time length of 6:23. This version contains a slightly\n    longer intro and an extended vocal chorus/ad-lib-to-fade\n    ending.", {"i": [{"#tail": ", and later on the band's 2-CD compilation,", "#text": "The Official Music of the XXIIIrd Olympiad\u2014Los Angeles\n    1984"}, {"#tail": ", in 2000.", "#text": "Jukebox Heroes: The Foreigner Anthology"}], "#text": "The single's B-Side, \"Street Thunder (Marathon Theme)\", is\n    an instrumental track originally appearing on"}, {"i": {"#tail": ". Their single peaked at #37\n    on the Hot Black Singles chart and #12 on the Hot Dance\n    Music/Maxi-Singles Sales chart.", "#text": "I Want to Know What Love Is"}, "#text": "Soon after Foreigner's single topped the charts, the New\n    Jersey Mass Choir released its own, similar-sounding version of\n    the song, on an album also titled"}, {"i": {"#tail": "as the number four Hot 100 single of the year\n    1985. It was the band's fourth Gold single in the U.S. and\n    their first and only Gold single in the UK.", "#text": "Billboard"}, "#text": "The Foreigner song was ranked by"}, {"i": {"#tail": "s list of the 500 greatest songs of all\n    time. In 2006 this song was included on VH1's program \"Top 100\n    Songs of the 80's\" at #65.", "#text": "Rolling Stone'"}, "#text": "In 2004 \"I Want to Know What Love Is\" was voted #476 on"}, {"i": [{"#tail": "in the first season, entitled", "#text": "Miami Vice"}, {"#tail": "on 8 February 1985. The song was made\n    part of the videogame", "#text": "Rites of Passage"}, {"#tail": "soundtrack in 2006,\n    and was the background music for the game's first trailer and\n    intro cutscene. In 2007, the game", "#text": "Grand Theft Auto: Vice City Stories"}, {"#tail": "included the song. The song was played in a\n    scene in", "#text": "SingStar '80s"}, {"#tail": "and in the\n    \"Valentine's Day\" episode of the TV show", "#text": "Larry The Cable Guy: Health Inspector"}, {"#tail": ". The song also features in the 1998 Swedish film", "#text": "Ed"}, {"#tail": ". The song was sung twice on", "#text": "Show Me Love"}, {"#tail": "in 2009; first by the character Spinelli\n    to his girlfriend Maxie at Jake's karaoke night, and second by\n    guests at a reception, to Spinelli and Maxie. The song appears\n    in", "#text": "General Hospital"}, {"#tail": ".", "#text": "Alvin and the Chipmunks: The Squeakquel"}], "#text": "The song was used on the 16th episode of"}, {"i": {"#tail": ". Arena's version of the song was produced by\n    Foreigner band member Mick Jones, who was the song's\n    writer.", "#text": "In Deep"}, "#text": "\"I Want to Know What Love Is\" was covered by Australian\n    singer Tina Arena and her recording was released as a single in\n    1998 from her album"}, "The song peaked at #13 in France and finished 60th on the\n    End Of Year Chart (1999).", {"i": {"#tail": "(2009). The single,\n    produced by Carey, C. \"Tricky\" Stewart and James \"Big Jim\"\n    Wright, was sent to European radio stations on August 28 and\n    official impacted U.S. radio on September 14, 2009. Mick Jones\n    said of her version: \"I think she's actually retained the\n    integrity of the song. You know, the arrangement is very\n    similar to the original. They haven't tampered with the song\n    too much. She's captured a certain emotional thing, a\n    feeling.\"", "#text": "Memoirs of an Imperfect Angel"}, "#text": "\"I Want to Know What Love Is\" was covered by American singer\n    Mariah Carey and released as the second single from her twelfth\n    studio album,"}, {"i": [{"#tail": "gave it a 5 out of 5 rating: \"[The song is]\n    given the Carey treatment and [is] complete with choir and\n    karaoke climax. It's a great rework.\" Bill Lamb from About.com\n    said that \"Mariah Carey's new version could leave you\n    speechless. The diversity of vocal coloring expressed in this\n    recording is stunning. While the single Obsessed remains\n    disappointing, this single is a reminder of just how formidable\n    Carey's talents are given a strong production and arrangement\".", "#text": "Daily Star"}, {"#tail": "said \"[T]ackling a well-known power\n    ballad seems like a safe choice. It's a comfortable fall-back\n    plan after \"Obsessed\" performed well, but did far from\n    blockbuster numbers. It will undoubtedly be a hit, but it's\n    giving me more reason to fear", "#text": "Los Angeles Times"}, {"#tail": "The sort-of-real/sort-of-not feud with\n    Eminem seemed largely a ploy to keep Carey in the headlines,\n    and covering Foreigner seems just as calculated to steer Carey\n    back onto familiar ground\".", "#text": "Imperfect Angel."}, {"#tail": "said \"Mariah + Gospel Choir + \"I\n    Want to Know What Love Is\" = Ecstasy\".", "#text": "Entertainment Weekly"}], "#text": "The single has garnered generally positive reviews;\n    Australian magazine \"Rhyme & Reason\" stated that \"[While\n    Carey stayed] [...] true to the original, this piano-led remake\n    is less an overhaul of the classic '80s hit than it is a modest\n    but impressive update.\" The UK"}, "The single received a negative review from Alex Fletcher of\n    UK-based entertainment site Digital Spy: \"With its corny\n    lyrics, choir backing vocals and sweeping, jumbo jet-size\n    chorus, [\"I Want to Know What Love Is\"] may as well have been\n    written for Mimi. However it's more than a little\n    disappointing, that her take on the Foreigner classic is so\n    timid. The singer gives an understated performance with only a\n    few piano flourishes and robotic beats as backing. When she\n    does finally unleash her trademark whistle for the crescendo,\n    it feels too calculated and sounds like a recording studio clip\n    chucked on the end. She has stripped away the much-loved\n    ridiculousness and pomposity of the original, leaving a rather\n    limp, lifeless number in its place.", "Carey filmed a music video for \"I Want to Know What Love Is\"\n    in September 2009 in New York City. The director for the video\n    is Hype Williams. The video premiered on Mariah's official\n    website on November 13, 2009. The video shows Carey singing in\n    a stadium whilst shots are intercut with people accompanied by\n    their loved ones, or who have had tough times in their past\n    (i.e. terminal illness etc) who get quite emotional watching\n    her perform. A gospel choir appears at the end of the video\n    singing along with Carey at the centre of the stadium. In the\n    video, Mariah adopts her signature curly hairstyle that was\n    present in the initial stages of her career from 1990\u20131993,\n    maintaining the 'Memoirs' theme of the new album.", {"i": {"#tail": "Adult Contemporary Tracks chart at #10,\n    bringing Carey's total number of top ten hits on that chart to\n    20, one behind Celine Dion's current record. On the UK Singles\n    Chart, the song debuted at #19 on the week ending November 29,\n    becoming her highest debuting and peaking song since 2008's\n    \"Touch My Body\", which peaked at #5. The song has debuted at #6\n    in France selling 1,910 copies in its first week.", "#text": "Billboard"}, "#text": "\"I Want to Know What Love Is\" debuted on the Hot 100 at #66\n    for the week ending October 3, 2009, eventually peaking at #60.\n    In Brazil, it reached number one on the five-month-old\n    Brazilian Airplay Chart in December and remained at the top\n    spot for the next two charts, spanning all of January and\n    February. The song also reached #1 on the Japanese airplay\n    chart as well as #19 on the UK Official Top 40, as well as #3\n    on the Japan Hot 100. The song reached the Top 10 on the U.S."}, "Laura Branigan and John Farnham performed a duet to the song\n    on live television for the 1986 Logie Awards, an Australian\n    awards show.", "In 1997 this song was also covered by slain South African\n    reggae star Lucky Dube on his Taxman album. It featured strong\n    South African reggae drum beats by ace drummer Mnca\n    Mtshali.", {"i": {"#tail": "Latin Tropical/Salsa Airplay chart on April\n    7, 2001.", "#text": "Billboard's"}, "#text": "A Spanish-language version by The Barrio Boyzz, entitled\n    \"Quiero Saber Que Es Amor/I Want to Know What Love Is\", hit #40\n    on"}, "In 2001, singer Rhona covered it on her debut self-titled\n    album.", {"i": {"#tail": ".", "#text": "Tina Turner & Gloria Gaynor, Back To Back"}, "#text": "A cover by Gloria Gaynor appears on the 2002 K-Tel\n    compilation"}, "In 2002 the victims of fires in a disco in Sweden and a bar\n    in The Netherlands recorded this song as a way for these young\n    people to learn to cope with their memories and their injuries.\n    Their single, released under the artist name Volendam meets\n    G\u00f6teborg, reached #39 in the Dutch charts.", {"i": [{"#tail": ", peaking at #14 on the\n    Billboard Hot Adult Contemporary chart. Later that year, the\n    track was remixed for dance clubs, peaking at #12 on", "#text": "What the World Needs Now Is Love"}, {"#tail": "Hot Dance Airplay chart in 2005.", "#text": "Billboard's"}], "#text": "In 2003 Wynonna Judd's cover of \"I Want to Know What Love\n    Is\" was released as a single from her album"}, {"i": {"#tail": "was a hit in her native Philippines.", "#text": "Sweet Sixteen"}, "#text": "In 2004, a cover by Sarah Geronimo from her album"}, {"i": {"#tail": ".", "#text": "A Thousand Different Ways"}, "#text": "The song was one of several covers chosen by Clay Aiken to\n    appear on his 2006 album"}, {"i": {"#tail": ".", "#text": "The Voice"}, "#text": "In 2008 this song was covered by David Phelps on his album"}, {"i": {"#tail": ".", "#text": "Act Two"}, "#text": "The song was also performed by Celtic Thunder's Keith Harkin\n    in concert, and it appears on that band's 2008 album"}, {"i": {"#tail": "and its\n    soundtrack.", "#text": "Alvin and the Chipmunks: The Squeakquel"}, "#text": "Alvin and the Chipmunks covered the song for the 2009 movie"}, "Leela James covered the song on her 2009 sophomore release\n    \"Let's Do It Again\".", "Other covers of this song have been recorded by familiar\n    artists as diverse as Progressive rock keyboardist Geoffrey\n    Downes, pop chanteuses Rita Coolidge and Shirley Bassey, Latin\n    crooner Julio Iglesias, Memphis soul singer Ann Peebles and\n    Christian pop artist Kathy Troccoli."]}, "artist": "Foreigner", "lengths": {"length": ["4:58 (7\" single)", "6:23 (12\" single)"]}, "title": "I Want to Know What Love Is", "recorded": "1984", "label": "Atlantic Records", "producers": {"producer": ["Mick Jones", "Alex Sadkin"]}, "released": "November, 1984", "writers": {"writer": ["Mick Jones", "Lou Gramm"]}, "formats": {"format": "CD single"}, "weeks": {"week": ["1985-02-02", "1985-02-09"]}}}