{"top-song": {"weeks": {"week": "1949-11-26"}, "artist": "Frankie Laine", "descr": {"p": ["\"Mule Train\" is a popular song written by Johnny Lange, Hy\n    Heath, and Fred Glickman. It is a novelty cowboy song,\n    supposedly sung by an Old-West wagon driver spurring on his\n    mules as he recites the goods he is delivering to far-flung\n    mail-order customers.", "Charting versions were recorded by Frankie Laine, Bing\n    Crosby, Tennessee Ernie Ford, and Vaughn Monroe.", "The Frankie Laine recording was recorded on October 2, 1949,\n    and released by Mercury Records as catalog number 5345.The\n    record first reached the Billboard magazine charts on November\n    4, 1949 and lasted 13 weeks on the chart, peaking at #1.\n    Laine's recording of the song was produced by Mitch Miller. It\n    featured a bellowed vocal delivery (like that of a real driver\n    shouting to be heard) and studio-created gimmicks such as\n    whipcracking sound effects. It is often cited as an outstanding\n    early example of studio production techniques.", {"i": {"#tail": "entitled Mule Train, which aired on\n    12/17/1949.", "#text": "Lassie Show"}, "#text": "The Bing Crosby recording was recorded on October 26, 1949,\n    and released by Decca Records as catalog number 24798. The flip\n    side was \"Dear Hearts and Gentle People.\" The record first\n    reached the Billboard magazine charts on November 25, 1949 and\n    lasted 16 weeks on the chart, peaking at #2. This recording was\n    featured in an episode of the NBC radio network radio program"}, {"i": {"#tail": "country charts, reaching No. 1 in December.", "#text": "Billboard"}, "#text": "The Tennessee Ernie Ford recording was recorded on October\n    18, 1949, and released by Capitol Records as catalog number\n    40258. The record first reached the Billboard magazine charts\n    on November 25, 1949 and lasted 9 weeks on the chart, peaking\n    at #10. Ford's version also charted on the"}, "The Vaughn Monroe recording was released by RCA Victor\n    Records as a 78rpm single (catalog number 20-3600) and a 45rpm\n    single (catalog number 47-3106). The record first reached the\n    Billboard magazine charts on November 18, 1949 and lasted 9\n    weeks on the chart, peaking at #10. Monroe also sang the song\n    in the 1950 Republic Western \"Singing Guns.\" He played an\n    outlaw who became town marshal with the intent of stealing a\n    shipment of gold, and sang the song while at the reins of what\n    appeared to be a stagecoach.", "Woody Herman and The King Cole Trio, along with Irving\n    Ashby, Joe Comfort and Gene Orloff, made a recording of \"Mule\n    Train\" on November 7, 1949 in New York City, as well as the\n    track \"My Baby Just Cares For Me\", which were both released by\n    Capitol Records as a single, catalog number 787, which gave\n    label credit to Herman for \"Mule Train\" and to the trio for \"My\n    Baby Just Cares For Me\".", "Gordon MacRae made a recording on October 1, 1949, which was\n    released by Capitol Records in the United States as the flip\n    side of the single \"Dear Hearts and Gentle People\" (which he\n    recorded on October 21, 1949) as catalog number 777, and in\n    England as catalog number CL 13226.", "Les Welch and his Orchestra made a recording in Australia in\n    February, 1950, which was released by Pacific Records (in\n    Australia) as catalog number 10-0019.", "The song was subsequently recorded in England by Frank\n    Ifield in the 1960s.", "In 1950, a satirical version of the song, \"Chinese Mule\n    Train,\" was recorded by Spike Jones with Fladdy Morgan singing\n    (RCA Victor 20-3741).", "A reggae version was recorded by Count Prince Miller in 1971\n    and then again with Sly and Robbie in the 1980s."]}, "title": "Mule Train"}}