{"top-song": {"weeks": {"week": "1959-12-28"}, "artist": "Frankie Avalon", "descr": {"p": ["\"Why\" is a hit song recorded by Frankie Avalon in 1959 and\n    went to number one on the U.S. Billboard Hot 100 pop singles\n    chart for the week of December 28, 1959, making it the last\n    number one single of the 1950s. The song was written by\n    Avalon's manager and record producer Robert \"Bob\" Marcucci and\n    Peter De Angelis. This was Avalon's second and final number-one\n    hit.", "Anthony Newley covered the song in 1960, and his version\n    went to #1 on the UK charts. Donny Osmond recorded the song in\n    1972. It was released as a single and peaked at #13 on the\n    Billboard Hot 100."]}, "title": "Why"}}