{"top-song": {"weeks": {"week": "1975-03-22"}, "artist": "Frankie Valli", "descr": {"p": [{"i": {"#tail": "Hot 100 in March 1975.", "#text": "Billboard"}, "#text": "\"My Eyes Adored You\" (original working title, \"Blue Eyes in\n    Georgia\") is a popular song written by Bob Crewe and Kenny\n    Nolan. It was originally recorded by The Four Seasons in early\n    1974. After the MoWest label balked at the idea of releasing\n    it, the recording was sold to lead singer Frankie Valli for\n    $4000. After rejections by Capitol, Atlantic, and other labels,\n    Valli succeeded in getting the recording released on Private\n    Stock Records, but the owner/founder of the label wanted only\n    Valli's name on the label. The single was released in the U.S.\n    in November 1974 and topped the"}, "The single was Valli's first number one hit as a solo\n    artist, and remained at number one for one week. Although it\n    was released as a Valli solo effort, the song is sometimes\n    included on Four Seasons compilation albums. It is from the\n    album Closeup.", "The success of \"My Eyes Adored You\" triggered a revival of\n    interest in recordings by Frankie Valli and The Four Seasons.\n    The group was subsequently signed to Warner Bros. Records as\n    Valli's followup single, \"Swearin' to God\" was climbing to the\n    #6 position on the Hot 100. Three months later, The Four\n    Seasons visited the Top Ten for the first time since 1967 with\n    \"Who Loves You\".", {"i": {"#tail": "which pays tribute to Frankie Valli and\n    14 other popular Italian-American singers.", "#text": "Classic Rewinds"}, "#text": "The song was recorded in 1976 by Fred Astaire with the Pete\n    Moore Orchestra (United Artists Records UA-LA580-G) and in 2008\n    by Australian singer Alfio for his album"}, "John Barrowman covered the song in 2010 on his third studio\n    album, self-titled as John Barrowman."]}, "title": "My Eyes Adored You"}}