{"top-song": {"descr": {"p": ["\"Venus\" is the name of a song written by Ed Marshall and\n    Peter DeAngelis. The most successful and well-known recording\n    of it was done by Frankie Avalon and released in 1959 (see 1959\n    in music). It became Avalon's first number-one hit on the\n    Billboard Hot 100 chart, where it spent five weeks atop the\n    survey; the song also reached #10 on the R&B chart. The\n    song's lyrics detail a man's plea to Venus, the Roman goddess\n    of love and beauty, to send him a girl to love and one who will\n    love him as well.", "The song was covered in the United Kingdom by Dickie\n    Valentine who spent seven days at No 20 in the Singles Chart in\n    May 1959 the week before Frankie Avalon reached the Top 20 with\n    his original version.", "In 1976, Avalon released a new disco version of \"Venus\".\n    This helped revive the singer's career, as his success had been\n    waning prior to its release. The re-recording of \"Venus\" was\n    Avalon's last Hot 100 hit, peaking at #46. It did, however,\n    reach #1 on the adult contemporary chart. Avalon was quoted\n    describing the remake: \"It was all right, but I still prefer\n    the original.\"", {"i": {"#tail": ". Johnny Mathis also\n    released a cover version of the song and, although it failed to\n    reach the Hot 100, it \"bubbled under\" the chart at #111 in\n    1968. On April 8, 2009, Avalon sang \"Venus\" live on American\n    Idol's top 8 show in a tribute to Simon Cowell's 1959 birth\n    year.", "#text": "The Greatest Songs of the Fifties"}, "#text": "Barry Manilow covered the song in 2006 on his album"}]}, "artist": "Frankie Avalon", "lengths": {"length": "2:20"}, "title": "Venus", "label": "Chancellor", "released": "1959", "writers": {"writer": "Ed Marshall"}, "formats": {"format": "7\" (45 rpm)"}, "weeks": {"week": ["1959-03-09", "1959-03-16", "1959-03-23", "1959-03-30", "1959-04-06"]}}}