{"top-song": {"weeks": {"week": "1949-10-01"}, "artist": "Frankie Laine", "descr": {"p": ["\"That Lucky Old Sun\" is a 1949 popular song with music by\n    Beasley Smith and words by Haven Gillespie. Like \"Old Man\n    River\", its lyrics contrast the toil and intense hardship of\n    the singer's life with the obliviousness of the natural\n    world.", "The biggest hit version of the song was by Frankie Laine.\n    This recording was released by Mercury Records as catalog\n    number 5316. It first reached the Billboard magazine Best\n    Seller chart on August 19, 1949 and lasted 22 weeks on the\n    chart, peaking at #1.", "The recording by Vaughn Monroe was released by RCA Victor\n    Records as catalog number 20-3531 (78 rpm) and 47-3018 (45\n    rpm). It first reached the Billboard magazine Best Seller chart\n    on September 16, 1949 and lasted 14 weeks on the chart, peaking\n    at #9.", "The recording by Louis Armstrong was released by Decca\n    Records as catalog number 24752. It first reached the Billboard\n    magazine Best Seller chart on October 14, 1949 and lasted 3\n    weeks on the chart, peaking at #24.", "Frank Sinatra released his competing version of the song on\n    the Columbia label catalog number 38608. It reached the best\n    sellers chart on October 29, 1949 and peaked at #16.", "This song was translated into Russian, and was presented to\n    Soviet audiences as describing how a Western man suffers the\n    hardships of capitalism. It was recorded in Russian by singer\n    Mark Bernes in early 1960s.", {"i": [{"#tail": ". (This recording is\n    also included as a bonus track on post-1988 CD reissues of\n    Charles' landmark 1962 album", "#text": "Ingredients in a Recipe for Soul"}, {"#tail": ".)", "#text": "Modern Sounds in Country and Western Music"}], "#text": "A version by Ray Charles appeared on his 1963 album"}, "Jerry Lee Lewis recorded an unreleased solo version at Sun\n    Studios in 1956 or 1957. (A recorded version by Lewis can be\n    found on the Great Balls of Fire album, the soundtrack for the\n    movie \"Great Balls of Fire\" with Dennis Quaid playing the part\n    of Jerry Lee Lewis.)", "Paul Williams recorded a version on the 1972 Album Life Goes\n    On (Paul Williams album)", {"i": [{"#tail": "which was also released as an\n    extra track on the reissued", "#text": "The Sound in Your Mind"}, {"#tail": ".", "#text": "Stardust: 30th Anniversary Legacy Edition"}], "#text": "Willie Nelson recorded a version on the 1976 Album"}, "The Jerry Garcia Band performed a version on the Jerry\n    Garcia Band live album in 1991.", "Johnny Cash covered it on the album American III: Solitary\n    Man in 2000.", {"i": {"#tail": "at the Royal Festival\n    Hall, London, England on 10 September 2007.", "#text": "That Lucky Old Sun (A Narrative)"}, "#text": "Brian Wilson premiered a song cycle inspired by the song\n    entitled"}, {"i": {"#tail": ".", "#text": "Lucky Old Sun"}, "#text": "A duet with Kenny Chesney and Willie Nelson is included on\n    Chesney's 2008 album"}]}, "title": "That Lucky Old Sun"}}