{"top-song": {"album": "Strangers in the Night", "genres": {"genre": "Traditional pop"}, "descr": {"p": [{"i": "Strangers in the Night", "#text": "from the album"}, "\"Strangers in the Night\" is a popular song written by\n    Charles Singleton, Eddie Snyder and Bert Kaempfert, made famous\n    in 1966 by Frank Sinatra.", {"i": {"#tail": ", which would become his most\n    commercially successful album. The song also reached number one\n    on the UK Singles Chart.", "#text": "Strangers in the Night"}, "#text": "Reaching number one on both the Billboard Hot 100 chart and\n    the Easy Listening chart, it was the title song for Sinatra's\n    1966 album"}, "Sinatra's recording won him the Grammy Award for Best Male\n    Pop Vocal Performance and the Grammy Award for Record of the\n    Year, as well as a Grammy Award for Best Arrangement\n    Accompanying a Vocalist or Instrumentalist for Ernie Freeman at\n    the Grammy Awards of 1967.", {"i": {"#tail": ", the song was remastered and the\n    running time clocks in at 2:44, instead of the usual 2:35. The\n    extra nine seconds is just a continuation of Sinatra's scat\n    noises.", "#text": "Nothing But The Best"}, "#text": "One of the most memorable and recognizable features of the\n    record is Sinatra's scat improvisation of the melody with the\n    syllables \"doo-be-doo-be-doo\" as the song fades to the end.\n    This inspired the name for the cartoon canine Scooby Doo. Also\n    the fading of the song was made too early, and many fans lament\n    the fact that Sinatra's improvisation is cut off too soon. For\n    the recently released CD"}, "The track was recorded on April 11, 1966, one month before\n    the rest of the album.", {"i": {"#tail": "); however, this adaptation was\n    taken to court in 1966 by composer Ralph Chicorel, who claimed\n    that 24 of \"Strangers\"' 32 bars had been copied from his song,\n    \"You Are My Love.\" Chicorel's song, \"You Are My Love\", was the\n    title tune of a 12-song 1965 LP demo, submitted to both Sinatra\n    and Jack Jones' record companies through the Detroit, Michigan\n    distributor of their labels in 1966. (Jones would record his\n    own rendition of \"Strangers\" that year.) Also claiming\n    composing rights was Kaempfert's colleague at the time, Herbert\n    Rehbein. The case was settled out of court after years of\n    Kaempfert not showing up to court dates. Chicorel still claims\n    that \"true justice\" has not been served as the song's success\n    and \"wrongful attribution\" were not made up for in the\n    settlement.", "#text": "A Man Could Get Killed"}, "#text": "The English lyrics were written by Charles Singleton and\n    Eddie Snyder. The music was originally recorded by Ivo Robi\u0107\n    for the music festival in St. Petersburg, Russia. Robi\u0107 later\n    sang the song in German (\"", "span": [{"#tail": "\",\n    lyrics by Kurt Felitz) and Croatian (\"", "#text": "Fremde in der Nacht"}, {"#tail": "\", lyrics by\n    Marija Renota). A thorough adaptation and an arrangement of the\n    piece was done for Sinatra's version by Bert Kaempfert (who had\n    included an instrumental version in his score for the film", "#text": "Stranci u No\u0107i"}]}, "Sinatra despised the song and called it \"a piece of shit,\"\n    and \"the worst fucking song I ever heard.\"", {"span": ["\"Nel blu dipinto di blu\n      (Volare)\"\u00a0\u00b7", "\"Mack the\n      Knife\"\u00a0\u00b7", "\"Theme from A Summer\n      Place\"\u00a0\u00b7", "\"Moon River\"\u00a0\u00b7", "\"I Left My Heart in San\n      Francisco\"\u00a0\u00b7", "\"Days of Wine and\n      Roses\"\u00a0\u00b7", "\"The Girl from\n      Ipanema\"\u00a0\u00b7", "\"A Taste of\n      Honey\"\u00a0\u00b7", {"#text": "\"", "strong": {"#tail": "\"\u00a0\u00b7", "#text": "Strangers in the Night"}}, "\"Up, Up and\n      Away\"\u00a0\u00b7", "\"Mrs. Robinson\""]}, {"span": ["\"Aquarius/Let the Sunshine\n      In\"\u00a0\u00b7", "\"Bridge over Troubled\n      Water\"\u00a0\u00b7", "\"It's Too\n      Late\"\u00a0\u00b7", "\"The First Time Ever I Saw\n      Your Face\"\u00a0\u00b7", "\"Killing Me Softly with His\n      Song\"\u00a0\u00b7", "\"I Honestly Love\n      You\"\u00a0\u00b7", "\"Love Will Keep Us\n      Together\"\u00a0\u00b7", "\"This\n      Masquerade\"\u00a0\u00b7", "\"Hotel\n      California\"\u00a0\u00b7", "\"Just the Way You\n      Are\""]}, {"span": ["\"What a Fool\n      Believes\"\u00a0\u00b7", "\"Sailing\"\u00a0\u00b7", "\"Bette Davis\n      Eyes\"\u00a0\u00b7", "\"Rosanna\"\u00a0\u00b7", "\"Beat It\"\u00a0\u00b7", "\"What's Love Got to Do with\n      It\"\u00a0\u00b7", "\"We Are the\n      World\"\u00a0\u00b7", "\"Higher Love\"\u00a0\u00b7", "\"Graceland\"\u00a0\u00b7", "\"Don't Worry, Be\n      Happy\""]}, {"span": ["\"Wind Beneath My\n      Wings\"\u00a0\u00b7", "\"Another Day in\n      Paradise\"\u00a0\u00b7", "\"Unforgettable\"\u00a0\u00b7", "\"Tears in\n      Heaven\"\u00a0\u00b7", "\"I Will Always Love\n      You\"\u00a0\u00b7", "\"All I Wanna\n      Do\"\u00a0\u00b7", "\"Kiss from a\n      Rose\"\u00a0\u00b7", "\"Change the\n      World\"\u00a0\u00b7", "\"Sunny Came\n      Home\"\u00a0\u00b7", "\"My Heart Will Go On\""]}, {"span": ["\"Smooth\"\u00a0\u00b7", "\"Beautiful\n      Day\"\u00a0\u00b7", "\"Walk On\"\u00a0\u00b7", "\"Don't Know\n      Why\"\u00a0\u00b7", "\"Clocks\"\u00a0\u00b7", "\"Here We Go\n      Again\"\u00a0\u00b7", "\"Boulevard of Broken\n      Dreams\"\u00a0\u00b7", "\"Not Ready to Make\n      Nice\"\u00a0\u00b7", "\"Rehab\"\u00a0\u00b7", "\"Please Read the\n      Letter\""]}, {"span": "\"Use Somebody\""}]}, "artist": "Frank Sinatra", "lengths": {"length": ["2:35 (original album/single version", "incorrectly listed as 2:25 in the original back\n    cover)", "2:44 (extended version from \"Nothing But the\n    Best\")"]}, "title": "Strangers in the Night", "recorded": "April 11, 1966", "label": "Reprise Records", "producers": {"producer": "Jimmy Bowen"}, "released": "1966", "writers": {"writer": ["Charles Singleton", "Eddie Snyder"]}, "weeks": {"week": "1966-07-02"}}}