{"top-song": {"album": "Grease: The Original\n  Soundtrack from the Motion Picture", "genres": {"genre": "Disco"}, "descr": {"p": [{"i": [{"#tail": ", which was based on the stage play of the same\n    name. The song was sung by Frankie Valli and was featured twice\n    on the film's soundtrack; as the first track, and reprised as\n    the final track. It became a number one single in the United\n    States during 1978 and it also became a Top 30 R&B hit in\n    the same year. The song was written by Barry Gibb of the Bee\n    Gees; that group would later perform the song in concert, as\n    captured on their live offering", "#text": "Grease"}, {"#tail": ". After \"Grease\" hit #1 on the Billboard\n    Hot 100, Barry broke the record for '#1 Songs Written in a\n    Calendar Year.' He was responsible for writing or co-writing 7\n    #1 songs in 1978, breaking the record of 6 set by\n    Lennon/McCartney in 1964. The other songs were \"If I Can't Have\n    You\" (an Yvonne Elliman hit), \"Stayin' Alive\", \"Night Fever\",\n    \"How Deep is Your Love\" (Bee Gees hits), \"(Love Is) Thicker\n    Than Water\", and \"Shadow Dancing\" (Andy Gibb hits.)", "#text": "One Night Only"}], "#text": "\"Grease\" is the title song for the musical motion picture"}, {"i": {"#tail": "and sampled in the track \"I\n    Want You\" by Paris Hilton on her first studio album as well as\n    \"Rock The Party\", a 2001 single by UK boy band Five. Part of\n    the song was also interpolated in \"Joints & Jam\", a 1998\n    single by Black Eyed Peas as well as being heard in the song\n    Blue Angels by Pras released in the same year. The song was\n    also covered by UK girl group Girls Aloud. The song was also\n    sampled by De La Soul on their 1991 song \"A Roller Skating Jam\n    Named 'Saturdays'\".", "#text": "Committed to a Bright Future"}, "#text": "\"Grease\" was covered by experimental rock band Dog Fashion\n    Disco and included as a hidden track on their album"}]}, "artist": "Frankie Valli", "lengths": {"length": "3:24"}, "title": "Grease", "label": "RSO", "producers": {"producer": ["Albhy Galuten", "Barry Gibb", "Karl Richardson"]}, "released": "May 1978", "writers": {"writer": "Barry Gibb"}, "formats": {"format": "7\""}, "weeks": {"week": ["1978-08-26", "1978-09-02"]}}}