{"top-song": {"album": "Golden Ring", "genres": {"genre": "Country"}, "descr": {"p": ["\"Near You\" is a popular song written by Francis Craig with\n    lyrics by Kermit Goell. The song was published in 1947.", "The recording by Francis Craig (the song's composer) was\n    released by Bullet Records as catalog number 1001. It first\n    reached the Best Sellers chart on August 30, 1947, and lasted\n    21 weeks on the chart, peaking at number one. On the \"Most\n    Played By Jockeys\" chart, the song spent 17 consecutive weeks\n    at number one, setting a record for both the song and the\n    artist with most consecutive weeks in the number-one position\n    on a music chart. In 2009, hip-hop group Black Eyed Peas\n    surpassed Craig's record for artist with most consecutive weeks\n    in the number-one position with the songs \"Boom Boom Pow\" and\n    \"I Gotta Feeling\".", {"i": {"#tail": "best seller in 1947 include:", "#text": "Billboard"}, "#text": "Other recordings of the song that charted on the"}, "Roger Williams recorded the song in 1958, and it charted on\n    the Billboard Hot 100 singles chart, peaking at number ten.\n    Jerry Lee Lewis recorded an instrumental version of the song in\n    1959. It has also been recorded by Marlene Dietrich.", "In 1977, it was a numbber-one country hit for the duo of\n    George Jones and Tammy Wynette. The Jones-Wynette version, was\n    recorded on December 12, 1974 \u2014 one day before Jones walked out\n    on Wynette."]}, "artist": "Francis Craig", "lengths": {"length": "2:21"}, "title": "Near You", "recorded": "December 12, 1974", "label": "Epic Records 50314", "producers": {"producer": "Billy Sherrill"}, "released": "November 1976 (US)", "writers": {"writer": ["Francis Craig", "Kermit Goell"]}, "formats": {"format": "7\""}, "weeks": {"week": "1947-09-20"}}}