{"top-song": {"genres": {"genre": "Beat"}, "descr": {"p": "\"I'm Telling You Now\" is a song by Freddie Garrity and Mitch\n    Murray, originally performed by Freddie and the Dreamers that\n    hit number one on the Billboard Hot 100."}, "artist": "Freddie and the Dreamers", "lengths": {"length": "2:05"}, "title": "I'm Telling You Now", "label": "Columbia (EMI) DB 7086 (UK) , Tower 125 (USA)", "released": "1963", "writers": {"writer": "Freddie Garrity and Mitch Murray"}, "formats": {"format": "7\" 45rpm"}, "weeks": {"week": ["1965-04-10", "1965-04-17"]}}}