{"top-song": {"album": "Before the Next Teardrop Falls", "genres": {"genre": ["country", "pop"]}, "descr": {"p": ["\"Before the Next Teardrop Falls\" is an American country and\n    pop song written by Vivian Keith and Ben Peters, and most\n    famously recorded by Freddy Fender.", "The song was written in the late 1960s and had been recorded\n    more than two dozen times. At best, the song had achieved\n    modest success by other performers. Duane Dee took a version to\n    the top 10 of the Billboard Hot 100 in 1965, and Linda Martell\n    sent her version to No. 33 on the country charts.", "In 1974, record producer Huey P Meaux approached Fender\n    about overdubbing vocals for an instrumental track. Fender\n    agreed, performing the song bi-lingual style \u2014 singing the\n    first verse in English, then repeating the verse in\n    Spanish.", "\"The recording only took a few minutes,\" Fender once told an\n    interviewer. \"I was glad to get it over with and I thought that\n    would be the last of it.\"", {"i": {"#tail": "Hot Country Singles chart in March,\n    spending two weeks atop the chart. Thereafter, the song caught\n    on just as strongly at Top 40 radio stations, and it wasn't\n    long before Fender had a No. 1 Billboard Hot 100 hit as\n    well.", "#text": "Billboard magazine"}, "#text": "However, \"Before the Next Teardrop Falls\" immediately took\n    off in popularity when released to country radio in January\n    1975. The song ascended to No. 1 on the"}, "The song is about a man's undaunted determination to save\n    his heart for the just-departed object of his deep (but\n    unrequited) love, and sincere hope that should the woman's new\n    relationship not work out, she will remember his love and\n    return to him.", "A showcase of Fender's fluttering tenor and Meaux's Tex-Mex\n    musical styling, \"Before the Next Teardrop Falls\" jump-started\n    his career. (Fender's career had stalled in 1960 after his\n    arrest on drug charges.) In the months and years that followed,\n    Fender recorded several bi-lingual standards which became major\n    hits, most notably \"Secret Love.\"", "BMI Songwriter Sterling Blythe claimed that he had sold the\n    rights to a portfolio of songs, among them \"Before the Next\n    Teardrop Falls,\" for $4,500 to settle debts when he left\n    Nashville for the West Coast prior to Fender's recording. Until\n    his death in Sacramento in 2001, Blythe carried a newspaper\n    clipping about Fender's bankruptcy filing in his wallet.", "\"Before The Next Teardrop Falls\" was certified gold for\n    sales of 1 million units by the Recording Industry Association\n    of America. [3] The song also won the Single of the Year award\n    from the Country Music Association in 1975, and was\n    instrumental in Fender also winning that year's Album of the\n    Year and Male Vocalist of the Year awards.", {"i": {"#tail": "Hot Country Singles charts. The other songs\n    were \"(Hey Won't You Play) Another Somebody Done Somebody Wrong\n    Song\" by B.J. Thomas, \"Rhinestone Cowboy\" by Glen Campbell;\n    \"Thank God I'm a Country Boy\" and the two-sided hit \"I'm\n    Sorry\"/\"Calypso,\" both by John Denver; and \"Convoy\" by C.W.\n    McCall.", "#text": "Billboard"}, "#text": "\"Before the Next Teardrop Falls\" was one of six songs\n    released in 1975 that topped both the Billboard Hot 100 and"}]}, "artist": "Freddy Fender", "lengths": {"length": "2:33"}, "title": "Before the Next Teardrop Falls", "recorded": "1974", "label": "ABC-Dot Records 17540", "producers": {"producer": "Huey Meaux"}, "released": "January 1975", "writers": {"writer": ["Vivian Keith", "Ben Peters"]}, "formats": {"format": "7\""}, "weeks": {"week": "1975-05-31"}}}