{"top-song": {"weeks": {"week": "1947-03-01"}, "artist": "Freddy Martin", "descr": {"p": ["\"Managua, Nicaragua\" is a popular American jazz song from\n    the 1940s.", "The music was written by Irving Fields, the lyrics by Albert\n    Gamse. The song was published in 1946.", "The recording by Freddy Martin's orchestra was released by\n    RCA Victor Records as catalog number 20-2026. It first reached\n    the Billboard magazine Best Seller chart on January 31, 1947\n    and lasted 11 weeks on the chart, peaking at #1.", "The recording by Guy Lombardo's orchestra was recorded on\n    November 15, 1946, and released by Decca Records as catalog\n    number 23782. It first reached the Billboard magazine Best\n    Seller chart on February 14, 1947 and lasted 9 weeks on the\n    chart, peaking at #4.", "The recording by Kay Kyser's orchestra was released by\n    Columbia Records as catalog number 37214. It first reached the\n    Billboard magazine Best Seller chart on March 7, 1947 and\n    lasted 2 weeks on the chart, peaking at #9.", "Other recordings were made by the Campus Kids and by Edmundo\n    Ros.", "Managua, Nicaragua was featured in the classic film The\n    Third Man."]}, "title": "Managua, Nicaragua"}}