{"top-song": {"weeks": {"week": ["1941-10-04", "1941-10-11", "1941-10-18", "1941-10-25", "1941-11-01", "1941-11-08", "1941-11-15", "1941-11-22"]}, "artist": "Freddy Martin", "descr": {"p": ["The Piano Concerto No. 1 in , Op. 23 was composed by Pyotr\n    Ilyich Tchaikovsky between November 1874 and February 1875. It\n    was revised in the summer of 1879 and again in December 1888.\n    It is considered one of the most popular of Tchaikovsky's works\n    and among the best known of all piano concerti.", "The work is scored for 2 flutes, 2 oboes, 2 clarinets in\n    B-flat, 2 bassoons, 4 horns in F, 2 trumpets in F, 3 trombones\n    (2 tenor, 1 bass), timpani, solo piano, and strings.", "The concerto follows the traditional form of three\n    movements:", "The well-known theme of the introductory section to the\n    first movement is based on a melody that Tchaikovsky heard\n    performed by blind beggar-musicians at a market in Kamenka,\n    near Kiev in Ukraine. This well known passage in the concerto,\n    was notable for a considerable time after its composition on\n    its apparent formal independence from the movement and the\n    concerto as a whole. This sense of independence seemed to be\n    highlighted by being not in the work's nominal key of B flat\n    minor but in the relative major key of D-flat. Despite its very\n    substantial nature, the theme is only heard twice, and never\n    subsequently reappears in the concerto. Musicologist Francis\n    Maes writes that because of its independence from the rest of\n    the work,", "For a long time, the introduction posed an enigma to\n    analysts and critics alike.... The key to the link between the\n    introduction and what follows is ... Tchaikovsky's gift of\n    hiding motivic connections behind what appears to be a flash of\n    melodic inspiration. The opening melody comprises the most\n    important motivic core elements for the entire work, something\n    that is not immediately obvious, owing to its lyric quality.\n    However, a closer analysis shows that the themes of the three\n    movements are subtly linked. Tchaikovsky presents his\n    structural material in a spontaneous, lyrical manner, yet with\n    a high degree of planning and calculation.", {"i": [{"#tail": ", \"Il faut s'amuser, danser et rire.\"\n    (Translated as: One must have fun, dance and laugh) in the\n    middle section of the second movement and a Ukrainian", "#text": "chansonette"}, {"#tail": "or greeting to spring which appears as the first\n    theme of the finale; the second theme of the finale is\n    motivically derived from the Russian folk song \"Podoydi,\n    podoydy vo Tsar-Gorod\" and also shares this motivic bond. The\n    relationship between them has often been ascribed to chance\n    because they were all well known songs at the time Tchaikovsky\n    composed the concerto. It seems likely, though, that he used\n    these songs precisely because of their motivic connection and\n    used them where he felt necessary. \"Selecting folkloristic\n    material,\" Maes writes, \"went hand in hand with planning the\n    large-scale structure of the work.\"", "#text": "vsnyanka"}], "#text": "Maes continues by mentioning that all the themes are tied\n    together by a strong motivic link. These themes include the\n    Ukrainian folk song \"Oy, kryatshe, kryatche ...\" as the first\n    theme of the first movement proper, the French"}, "Tchaikovsky authority Professor David Brown essentially\n    agrees with Maes, further suggesting that Alexander Borodin's\n    First Symphony may have given him both the idea to write such\n    an introduction and to link the work motivically as he does,\n    though he also mentions a four-note musical phrase ciphered\n    from Tchaikovsky's own name and a three-note phrase likewise\n    taken from the name of soprano D\u00e9sir\u00e9e Art\u00f4t, with whom the\n    composer had been engaged some years before.", "There is some confusion as to whom the concerto was\n    originally dedicated. It was long thought that Tchaikovsky\n    initially dedicated the work to Nikolai Rubinstein, and Michael\n    Steinberg writes that Rubinstein's name is crossed off the\n    autograph score. However, Brown writes that there is actually\n    no truth in the assertion that the work was written to be\n    dedicated to Rubinstein. Tchaikovsky did hope that Rubinstein\n    would perform the work at one of the 1875 concerts of the\n    Russian Musical Society in Moscow. For this reason he showed\n    the work to him and another musical friend, Nikolai Hubert, at\n    the Moscow Conservatory on December 24, 1874/January 5, 1875,\n    just three days after finishing its composition. Brown writes,\n    \"This occasion has become one of the most notorious incidents\n    in the composer's biography.\" Three years later Tchaikovsky\n    shared what happened with his patroness, Nadezhda von Meck:", {"i": {"#tail": "in which all this was uttered. In a word, a\n    disinterested person in the room might have thought I was a\n    maniac, a talented, senseless hack who had come to submit his\n    rubbish to an eminent musician. Having noted my obstinate\n    silence, Hubert was astonished and shocked that such a ticking\n    off was being given to a man who had already written a great\n    deal and given a course in free composition at the\n    Conservatory, that such a contemptuous judgment without appeal\n    was pronounced over him, such a judgment without appeal was\n    pronounced over him, such a judgment as you would not pronounce\n    over a pupil with the slightest talent who had neglected some\n    of his tasks\u2014then he began to explain N.G.'s judgment, not\n    disputing it in the least but just softening that which His\n    Excellency had expressed with too little ceremony.", "#text": "tone"}, "#text": "I played the first movement. Not a single word, not a single\n    remark! If you knew how stupid and intolerable is the situation\n    of a man who cooks and sets before a friend a meal, which he\n    proceeds to eat in silence! Oh, for one word, for friendly\n    attack, but for God's sake one word of sympathy, even if not of\n    praise. Rubinstein was amassing his storm, and Hubert was\n    waiting to see what would happen, and that there would be a\n    reason for joining one side or the other. Above all I did not\n    want sentence on the artistic aspect. My need was for remarks\n    about the virtuoso piano techinque. R's eloquent silence was of\n    the greatest significance. He seemed to be saying: \"My friend,\n    how can I speak of detail when the whole thing is antipathetic?\n    I fortified myself with patience and played through to the end.\n    Still silence. I stood up and asked, \"Well?\" Then a torrent\n    poured from Nikolay Grigoryevich's mouth, gentle at first, then\n    more and more growing into the sound of a Jupiter Tonana. It\n    turned out that my concerto was worthless and unplayable;\n    passages were so fragmented, so clumsy, so badly written that\n    they were beyond rescue; the work itself was bad, vulgar; in\n    places I had stolen from other composers; only two or three\n    pages were worth preserving; the rest must be thrown away or\n    completely rewritten. \"Here, for instance, this\u2014now what's all\n    that? (he caricatured my music on the piano) \"And this? How can\n    anyone ...\" etc., etc. The chief thing I can't reproduce is the"}, {"i": [{"#tail": "I answered,", "#text": "\"I shall not alter a single note,\""}, {"#tail": "This I\n    did.", "#text": "\"I shall publish the work exactly as it is!\""}], "#text": "I was not only astounded but outraged by the whole scene. I\n    am no longer a boy trying his hand at composition, and I no\n    longer need lessons from anyone, especially when they are\n    delivered so harshly and unfriendlily. I need and shall always\n    need friendly criticism, but there was nothing resembling\n    friendly criticism. It was indiscriminate, determined censure,\n    delivered in such a way as to wound me to the quick. I left the\n    room without a word and went upstairs. In my agitation and rage\n    I could not say a thing. Presently R. enjoined me, and seeing\n    how upset I was he asked me into one of the distant rooms.\n    There he repeated that my concerto was impossible, pointed out\n    many places where it would have to be completely revised, and\n    said that if within a limited time I reworked the concerto\n    according to his demands, then he would do me the honor of\n    playing my thing at his concert."}, "Tchaikovsky biographer John Warrack mentions that, even if\n    Tchaikovsky were restating the facts in his favor, \"it was, at\n    the very least, tactless of Rubinstein not to see how much he\n    would upset the notoriously touchy Tchaikovsky.... It has,\n    moreover, been a long-enduring habit for Russians, concerned\n    about the role of their creative work, to introduce the concept\n    of 'correctness' as a major aesthetic consideration, hence to\n    submit to direction and criticism in a way unfamiliar in the\n    West, from Balakirev and Stasov organizing Tchaikovsky's works\n    according to plans of their own, to, in our own day, official\n    intervention and the willingness of even major composers to pay\n    attention to it.\"", "Warrack adds that Rubinstein's criticisms fell into three\n    categories. First, he thought the writing of the solo part was\n    bad, \"and certainly there are passages which even the greatest\n    virtuoso is glad to survive unscathed, and others in which\n    elaborate difficulties are almost inaudible beneath the\n    orchestra.\" Second, he mentioned \"outside influences and\n    unevenness of invention ... but it must be conceded that the\n    music is uneven and that [it] would, like all works, seem the\n    more uneven on a first hearing before its style had been\n    properly understood.\" Third, the work probably sounded awkward\n    to a conservative musician such as Rubinstein. While the\n    introduction in the \"wrong\" key of D flat (for a composition\n    supposed to be written in B flat minor) may have taken\n    Rubinstein aback, Warrrack explains, he may have been\n    \"precipitate in condemning the work on this account or for the\n    formal structure of all that follows.\"", "Brown writes that it is not known why Tchaikovsky next\n    approached German pianist Hans von B\u00fclow to premiere the work,\n    although the composer had heard B\u00fclow play in Moscow earlier in\n    1874 and had been taken with the pianist's combination of\n    intellect and passion, and the pianist was likewise an admirer\n    of Tchaikovsky's music. B\u00fclow was preparing to go on a tour of\n    America. This meant that the concerto would be premiered half a\n    world away from Moscow. Brown suggests that Rubinstein's\n    comments may have deeply shaken him about the concerto, though\n    he did not change the work and finished orchestrating it the\n    following month, and that his confidence in the piece may have\n    been so shaken that he wanted the public to hear it in a place\n    where he would not have to personally endure any humiliation if\n    it did not fare well. Tchaikovsky dedicated the work to B\u00fclow,\n    who described the work as \"so original and noble\" (although he\n    later dropped the concerto from his repertoire).", {"i": {"#tail": "\". Interestingly, Benjamin\n    Johnson Lang himself appeared as soloist in a performance of\n    the concerto with the Boston Symphony Orchestra on February 20,\n    1885, under Leopold Damrosch.", "#text": "The brass may go to hell"}, "#text": "The first performance of the original version took place on\n    October 25, 1875 in Boston, Massachusetts, conducted by\n    Benjamin Johnson Lang and with B\u00fclow as soloist. B\u00fclow had\n    initially engaged a different conductor, but they quarrelled,\n    and Lang was brought in at short notice. Although the premiere\n    was a resounding success, George Whitefield Chadwick, who was\n    in the audience, recalled in a memoir years later: \"They had\n    not rehearsed much and the trombones got in wrong in the\n    \u2018tutti\u2019 in the middle of the first movement, whereupon B\u00fclow\n    sang out in a perfectly audible voice,"}, "The Russian premiere took place on November 13, 1875 in\n    Saint Petersburg, with the Russian pianist Gustav Kross and\n    Czech conductor Eduard N\u00e1pravn\u00edk. In Tchaikovsky's estimation,\n    Kross reduced the work to \"an atrocious cacophony\". The Moscow\n    premiere took place on December 3, 1875, with Sergei Taneyev as\n    soloist. The conductor was none other than Nikolai Rubinstein,\n    the same man who had comprehensively criticised the work less\n    than a year earlier. Rubinstein had come to see its merits, and\n    he played the solo part many times throughout Europe. He even\n    insisted that Tchaikovsky entrust the premiere of his Second\n    Piano Concerto to him, and would have done so had he had not\n    died. At that time, Tchaikovsky considered rededicating the\n    work to Taneyev, who had performed it splendidly, but\n    ultimately the dedication went to von B\u00fclow.", "Despite his declaring to Rubinstein that he would \"publish\n    the concerto exactly as it stands\" (something that the composer\n    actually did), in 1876 Tchaikovsky happily accepted advice on\n    improving the piano writing from German pianist Edward\n    Dannreuther, who had given the London premiere of the work, and\n    from Russian pianist Alexander Siloti several years later. The\n    full chords played by the soloist at the opening of the\n    concerto may in fact have been Siloti's idea, as they do not\n    appear in the first two editions of the concerto. In the two\n    earlier editions, the piano plays arpeggios over a limited\n    range of the keyboard while the strings play the opening\n    theme.", {"span": [{"strong": {"#tail": "\u00b7", "#text": "Piano Concerto No. 1 in B flat minor, Op. 23"}}, "Piano Concerto No. 2 in G\n      major, Op. 44\u00a0\u00b7", "Piano Concerto No. 3 in E\n      flat major, Op. 75\u00a0\u00b7", "Violin Concerto in D major,\n      Op. 35"]}, "List of compositions by Pyotr Ilyich Tchaikovsky"]}, "title": "Piano Concerto in B Flat"}}