{"top-song": {"weeks": {"week": ["1965-02-20", "1965-02-27"]}, "artist": "Gary Lewis & the Playboys", "descr": {"p": ["\"This Diamond Ring\" is a 1965 pop song written by Al Kooper,\n    Bob Brass and Irwin Levine. The song's first appearance on the\n    Billboard Hot 100 chart was a bubbling-under single by Sammy\n    Ambrose that reached #117 on January 9, 1965. The hit record,\n    which went to number one on the Billboard chart, is attributed\n    to Gary Lewis & the Playboys though none of the Playboys\n    played their instruments on the recording and Lewis' vocals\n    were heavily supported by Ron Hicklin's overdubs. The session\n    drummer was Hal Blaine, Carol Kaye played bass and Leon Russell\n    both played keyboards and assisted with production. The song\n    was carried through Snuff Garrett Records.", "Stylistically, the song's recording features the then common\n    \"basic 'combo' instrumentation...(electric guitar, organ, bass,\n    drums), modal (dorian) inflections in the harmony and melody of\n    the verse and a basic rock beat pattern.\" Unusually the chorus\n    features timpani and the transition between verse and chorus\n    creates a daring modulation from C minor (dorian) to G-flat\n    major.", {"i": [{"#tail": "\" resembles those in \"Please Please Me\" (\"Last night\n    I said these words to", "#text": "true"}, {"#tail": "girl\") and \"Do You Want to Know a Secret\" (\"nobody\n    knows, just we", "#text": "my"}, {"#tail": "\").", "#text": "two"}], "#text": "\"The musical style\", writes Brackett, \"skims aspects from\n    contemporary rock songs, and is then produced and arranged from\n    the vantage point of 'easy-listening' music.\" The song's\n    harmonic progression resembles those of Beatles songs such as\n    the G-flat/F/E-flat/D-flat descending bass line (\"Bad to Me\")\n    and the vi-iii movement (\"Please Please me\", \"I Want to Hold\n    Your Hand\", \"She Loves You\", \"And I Love Her\" and others). The\n    melodic turn on \"true\" of \"if you find someone whose heart is"}, "Al Kooper has reportedly stated many times that he was\n    unhappy with the record and had originally hoped the song would\n    be recorded by a group like The Drifters based upon the\n    original demo of the song as recorded by Jimmy Radcliffe,\n    although it has been his biggest commercial success as a\n    songwriter. Kooper would later re-visit the song, recording a\n    funky version for his 1976 album \"Act Like Nothing's\n    Wrong\"."]}, "title": "This Diamond Ring"}}