{"top-song": {"genres": {"genre": "Doo-Wop"}, "descr": {"p": ["\"Quarter to Three\" is a popular song adapted and expanded\n    from \"A Night With Daddy 'G' - Part 2\" (Legrand LEG 1004)), an\n    instrumental by The Church Street Five which was written by\n    Gene Barge, Frank Guida and Joseph Royster, and sung by Gary\n    U.S. Bonds. The song became a Billboard number-one hit in the\n    United States on June 26, 1961 and remained there for two\n    weeks.", "The 45 single of \"A Night With Daddy 'G'\" identifies the\n    composers by their last names only -- Barge, Guida, Royster --\n    and identifies the music publisher as Pepe Music (BMI).", {"i": [{"#tail": "concert document and, as\n    performed in 1979, the", "#text": "Hammersmith Odeon London '75"}, {"#tail": "film.", "#text": "No Nukes"}], "#text": "The song was sung regularly by Bruce Springsteen as an\n    encore before he was famous and remained in his repertoire\n    afterward, appearing on the"}, "\"Quarter to Three\" appears on The Rock and Roll Hall of\n    Fame's 500 Songs that Shaped Rock and Roll list."]}, "artist": "Gary U.S. Bonds", "lengths": {"length": "2:31"}, "title": "Quarter to Three", "released": "June 1961", "weeks": {"week": ["1961-06-26", "1961-07-03"]}}}