{"top-song": {"weeks": {"week": "1950-01-07"}, "artist": "Gene Autry", "descr": {"p": ["Rudolph the Red-nosed Reindeer is a character created in a\n    story and song by the same name. The story was created by\n    Robert L. May in 1939 as part of his employment with Montgomery\n    Ward.", "The story is owned by The Rudolph Company, L.P. and has been\n    sold in numerous forms including a popular song, a television\n    special (done in stop-motion animation), and a feature film.\n    Character Arts, LLC [1] manages the licensing for the Rudolph\n    Company, L.P. Although the story and song are not public\n    domain, Rudolph has become a figure of Christmas folklore.", "The song tells the tale of Santa Claus's ninth and lead\n    reindeer who possesses an unusually red-colored nose that gives\n    off its own light (bioluminescence), powerful enough to\n    illuminate the team's path through inclement winter\n    weather.", "Robert L. May created Rudolph in 1939 as an assignment for\n    Montgomery Ward. The retailer had been buying and giving away\n    coloring books for Christmas every year and it was decided that\n    creating their own book would save money. In its first year of\n    publication, 2.4 million copies of Rudolph's story were\n    distributed by Montgomery Ward. The story is written as a poem\n    in the meter of \"'Twas the Night Before Christmas.\"", "Johnny Marks decided to adapt May's story into a song, which\n    through the years has been recorded by many artists. It was\n    first sung commercially by crooner Harry Brannon on New York\n    city radio in the latter part of 1948 before Gene Autry\n    recorded it formally in 1949, and has since filtered into the\n    popular consciousness.", {"i": {"#tail": ".", "#text": "Olive, the Other Reindeer"}, "#text": "The lyric \"All of the other reindeer\" can be misheard in\n    dialects with the cot-caught merger as the mondegreen \"Olive,\n    the other reindeer\", and has given rise to another character\n    featured in her own Christmas television special,"}, {"i": {"#tail": ", has led to Rudolph's general\n    acceptance in the mythology as Joulupukki, the Finnish Santa's\n    lead reindeer. However, in Finland, Santa's reindeer do not\n    fly.", "#text": "Petteri Punakuono"}, "#text": "The song in its Finnish translation,"}, "Autry's version of the song also holds the distinction of\n    being the only number one hit to fall completely off the chart\n    after hitting #1 the week of Christmas 1949.. Nonetheless, it\n    sold 2.5 million copies the first year, eventually selling a\n    total of 25 million, and it remained the second best-selling\n    record of all time until the 1980s.", "In 1953, Billy May recorded \"Rudolph the Red-Nosed Reindeer\n    Mambo\" with vocals by Alvin Stoller.", "Rudolph's first screen appearance came in 1944, in the form\n    of a cartoon short produced by Max Fleischer for the Jam Handy\n    Corporation, that was more faithful to May's original story\n    than Marks's song (which had not yet been written). It was\n    reissued in 1948 with the song added.", "On December 16, 2009, Mike Nelson featured this version in a\n    live Rifftrax Christmas show in San Diego which was broadcast\n    to select theaters in the United States.", "In 1958, Golden Books published an illustrated storybook,\n    adapted by Barbara Shook Hazen and illustrated by Richard\n    Scarry. The book is similar in story to the Max Fleischer\n    cartoon short. Although it is one of the more memorable\n    versions of the story in book form, it is apparently no longer\n    in print. However, a revised Golden Books version of the\n    storybook has since been issued.", "The reindeer made his television debut on NBC in 1964, when\n    Rankin/Bass produced a stop-motion animated TV special.", {"i": [{"#tail": "and then a third in 1979 titled", "#text": "Rudolph's Shiny New Year,"}, {"#tail": ". The 2001 film", "#text": "Rudolph and Frosty's Christmas in July"}, {"#tail": ", while it used the same characters, was produced by a\n    different company, and it's unclear whether or not it should be\n    considered as part of this particular canon (see the next\n    section).", "#text": "Rudolph the Red-Nosed Reindeer and the Island of Misfit\n    Toys"}], "#text": "In 1975, a sequel to the Rankin-Bass original special was\n    produced, titled"}, {"i": {"#tail": ". It received\n    only a limited theatrical release before debuting on home\n    video. Despite this it has garnered a base of dedicated fans as\n    well as criticisms of many of the songs. Its inclusion of a\n    villain character, Stormella, and a love interest, Zoey, for\n    Rudolph as well as a small sidekick, Slyly, and a strong\n    protector character are very derivative of the Rankin-Bass\n    adaptation of the story as opposed to the original tale and\n    song (the characters of Stormella, Zoey, Arrow, Slyly and\n    Leonard closely parallel the Rankin-Bass characters of The\n    Bumble, Clarice, Fireball, Hermey the Dentist, and Yukon\n    Cornelius respectively). The movie amplifies the early\n    back-story of Rudolph's harassment by his schoolmates\n    (primarily an older fawn named Arrow) during his formative\n    years.", "#text": "Rudolph the Red-Nosed Reindeer: The Movie"}, "#text": "An animated feature film remake of the story was produced in\n    1998, titled"}, {"i": {"#tail": "in 2001. Unlike the film, the sequel licensed the\n    original characters from the Rankin-Bass special.", "#text": "Rudolph the Red-Nosed Reindeer and the Island of Misfit\n    Toys"}, "#text": "GoodTimes Entertainment, the producers of this film, brought\n    back most of the same production team for a CGI-animated\n    sequel,"}, {"i": {"#tail": "from 1950 to 1962. In\n    1972, DC published a 14th edition in an extra-large format.\n    Subsequently, they published six more in that format: Limited\n    Collectors' Edition C-24, C-33, C-42, C-50 and All-New\n    Collectors' Edition C-53, C-60. Additionally, one digest format\n    edition was published as The Best of DC #4 (Mar/Apr 1980).", "#text": "Rudolph the Red-Nosed Reindeer"}, "#text": "National Periodical Publications, also known as DC Comics,\n    published a series of 13 annuals titled"}, "Two BBC animations carry on the legend by introducing\n    Rudolph's son, Robbie the Reindeer. However, Rudolph is never\n    directly mentioned by name (references are replaced by a\n    character interrupting with the phrase \"Don't say that name!\"\n    or something similar, presumably for copyright reasons.)", "Rudolph is also given a brother, Rusty Reindeer, in the 2006\n    American special Holidaze: The Christmas That Almost Didn't\n    Happen. Unlike with Robbie, Rudolph's name is mentioned freely\n    in the film.", {"i": {"#tail": "comic strips; an overweight,\n    emotionally-damaged reindeer named \"Ralph, the Infra-Red nosed\n    Reindeer\", who has a red nose just like Rudolph's, but his is\n    good for defrosting Santa's sleigh and warming up toast (\"and\n    WAFFLES!!\", adds Hammy). He appeared before R.J., Verne, and\n    Hammy, enviously complaining about his brother's publicity and\n    his anonymity.", "#text": "Over the Hedge"}, "#text": "Michael Fry and T. Lewis have recently given Rudolph another\n    brother in a series of"}, "Rudolph has a cousin, Leroy, in Joe Diffie's 1995 song\n    \"Leroy the Redneck Reindeer\".", "Also, in the animated specials produced by both Rankin-Bass\n    and GoodTimes Entertainment, Rudolph has been given different\n    sets of parents. In Rankin-Bass's holiday special, he was\n    Donner's son and his mother was a tan unnamed doe with long\n    eyelashes who was simply called \"Mrs. Donner.\" In GoodTimes's\n    retelling, Rudolph's father was Blitzen, moving the reindeer up\n    just a notch to probably avoid plagiarism, and Blitzen seemed\n    to be somewhat younger than Donner telling by the sound of his\n    voice. Also, Blitzen was married to a doe named Mitzi played by\n    Debbie Reynolds. In this film, Rudolph's three uncles were the\n    three reindeer Dasher, Comet, and Cupid. Arrow, Rudolph's\n    rival, is Cupid's son, making the two cousins. Robert L. May's\n    original book does not name Rudolph's parents."]}, "title": "Rudolph the Red-Nosed Reindeer"}}