{"top-song": {"genres": {"genre": ["Soul", "doo-wop"]}, "descr": {"p": ["\"Duke of Earl\" is a 1962 number-one song, originally by Gene\n    Chandler. It is the best known of Chandler's songs, and he\n    subsequently dubbed himself 'The Duke of Earl'.", "\"Duke of Earl\" debuted on the Billboard Hot 100 chart on\n    January 13, 1962, and held the number-one spot for three weeks.\n    It was on the Hot 100 for a total of 15 weeks.", {"i": "Sound & Fury\"", "#text": "In 1983, Youth Brigade also covered \"Duke of Earl\" on their\n    critically acclaimed debut album"}, "Wayne Fontana and the Mindbenders released a cover version\n    in 1964. Another cover was recorded by the UK based doo-wop\n    outfit Darts in 1979. It reached #6 in the UK Singles\n    Chart.", "Cornell Campbell did a reggae version on the Trojan Records\n    label.", {"i": {"#tail": "live at the Woodstock Festival of 1969.", "#text": "Duke of Earl"}, "#text": "Sha Na Na, a rock and roll revival band, performed"}, "The Beach Boys and Red Hot Chili Peppers have also played\n    their version of the song whilst on tour. Cypress Hill sampled\n    \"Duke of Earl\" into one of their own hit songs, \"Hand on the\n    Pump\", on their 1991 self-titled album.", "The song has also been sung by The Nylons, The Four Tops,\n    New Edition, and the Van-Dells.", {"i": {"#tail": ".", "#text": "\"I thought I was the Duke of Earl / When I made it with a\n    red-haired girl in a Chevrolet\""}, "#text": "In his song \"Keeping The Faith\", Billy Joel sings"}, "Reference is made to the Duke of Earl as being a friend of\n    Wolfman Jack in The Guess Who's song, \"Clap for the\n    Wolfman\".", {"i": [{"#tail": "Daryl Hall sings,", "#text": "Voices,"}, {"#tail": "/", "#text": "\"Charlie liked the Beatles"}, {"#tail": "/", "#text": "Sam, he liked \"Rich Girl\""}, {"#tail": ".", "#text": "I'm still hung up on the Duke of Earl\""}], "#text": "In the Hall & Oates' song \"Diddy Doo Wopp (I Hear the\n    Voices)\" from the album"}, {"i": {"#tail": ", Ernie (played by Jack Douglas) can be\n    seen wearing a Duke of Earl T-shirt.", "#text": "Carry on Behind"}, "#text": "In the film,"}, {"i": {"#tail": ", a prostitute (Randi Brooks)\n    sings the song (described it as her \"favorite\") revealing her\n    unexpectedly unpleasant and squeaky voice (she pronounces it\n    \"Dook, Dook, Dook, Dook of Oil...\"). This is also possibly\n    contributed to the name of the modern-age Green Arrow villain,\n    the Duke of Oil.", "#text": "The Man with Two Brains"}, "#text": "In the film"}, {"i": {"#tail": "the titular character played by John Goodman\n    sings the song as the end credits roll.", "#text": "King Ralph"}, "#text": "In the film"}, {"i": {"#tail": ", John Goodman plays the character Duke,\n    leader of the Earl Gang, who are wanted by the FBI.", "#text": "The Wrong Guys"}, "#text": "In the film"}, "The song was performed by the rock and roll comedy group Sha\n    Na Na as part of their set at Woodstock Festival in 1969.", {"i": {"#tail": "episode \"Going Home\", Magnum and a friend are\n    seen singing a drunken a cappella of the song.", "#text": "Magnum P.I."}, "#text": "In the"}, "The 'Duke of Earl' is mentioned in the Men Without Hats song\n    \"Pop Goes The World\".", "Datamation humor columnist Chris Miksanek titled his \"Over\n    the Edge\" online weblinks companion \"The Duke of URL\" which ran\n    from 1998 until 2001.", {"i": [{"#tail": "/", "#text": "\"No place for sentiment, no room for romance\""}, {"#tail": ".", "#text": "\"Bring back the Duke of Earl\""}], "#text": "In the Don Henley song \"They're Not Here, They're Not\n    Coming\", he sings"}, {"i": {"#tail": ", Al Bundy attempts to get on\n    Kelly's show by performing a dramatic reading of the song.", "#text": "Married... With Children"}, "#text": "In the episode \"Kelly Does Hollywood\" of the show"}, {"i": {"#tail": "entitled \"Burn Victim\".", "#text": "My Name is Earl"}, "#text": "A reference to this song is mentioned in an episode of"}, {"i": {"#tail": ".", "#text": "\"The Queen of Sheba meets the Duke of Earl\""}, "#text": "In his song \"Window On The World\", John Hiatt sings"}, "In The Dead Milkmen song \"Punk Rock Girl\", her father is\n    referred to as the Duke of Earl (as well as the Vice\n    President).", "The song is parodied in the show The Critic referring to\n    Duke Phillips and sung by parodies of U.S. Presidents Ronald\n    Reagan, George H.W. Bush, Gerald Ford, Jimmy Carter, and Bill\n    Clinton.", "The song was parodied in a 1990s commercial for Hellmann's\n    Dijonnaise (\"Di-di-di-Dijonnaise\").", "At New York Ranger hockey games at Madison Square Garden,\n    the song is usually played on the arena organ after the\n    opposing team scores a goal.", "The song was also parodied from the late 1980s through to\n    the early 2000s for a commercial in Australia for a hair care\n    company called Decore.", "Steely Dan use the lyric \"If you grew up in Amsterdam, then\n    I'm the Duke of Earl\" in the song \"Slang of Ages\" on their 2003\n    album \"Everything Must Go\"", {"i": {"#tail": "Duke's Son is named Earl.", "#text": "Doonesbury"}, "#text": "In"}, "{{succession box", "}}"]}, "artist": "Gene Chandler", "title": "Duke of Earl", "recorded": "1961", "label": "Vee-Jay Records", "released": "January 13, 1962", "writers": {"writer": ["Gene Chandler", "Earl Edwards", "Bernice Williams"]}, "weeks": {"week": ["1962-02-17", "1962-02-24", "1962-03-03"]}}}