{"top-song": {"album": "Invisible Touch", "genres": {"genre": ["Pop rock", "New Wave"]}, "descr": {"p": ["\"Invisible Touch\" is the title track of the 1986 Genesis\n    album of the same name. It is their most successful single of\n    all time and was the band's first (and, to date, only)\n    number-one single in the United States. It marked the first\n    instance of a group following an individual band member to the\n    top of the chart. Prior to this song, Phil Collins had notched\n    the first four of his seven U.S. number-one solo singles. It\n    went to number four in Canada, but only reached number 15 in\n    the United Kingdom. It is a meditation on intangibility,\n    speaking of a woman whose qualities go beyond what only meets\n    the eye.", "Its B-side is the second part of \"Domino\", titled \"The Last\n    Domino\".", "The song came about during a jam for the second parts of\n    another album tracks \"Domino/The Last Domino,\" Mike apparently\n    playing a riff while Phil improvises the line \"She seems to\n    have an invisible touch\". It was recorded at the band's studio\n    Fisher Lane Farm during 1985 and 1986.", "\"Invisible Touch\" was bumped out of the number one position\n    on the Billboard Hot 100 by \"Sledgehammer\", performed by the\n    former lead singer of Genesis, Peter Gabriel.", {"i": [{"#tail": ", and", "#text": "The Way We Walk, Volume One: The Shorts"}, {"#tail": ". As well as on their DVD's Genesis\n    Live at Wembley Stadium, The Way We Walk - Live in Concert and\n    When in Rome 2007.", "#text": "Live over Europe 2007"}], "#text": "A live version appears on their albums"}, {"i": [{"#tail": ",", "#text": "Invisible Touch"}, {"#tail": ",", "#text": "We Can't Dance"}, {"#tail": "(with Ray Wilson on vocals) and", "#text": "Calling All Stations"}, {"#tail": "tours. On later tours the song segued\n    from \"Tonight, Tonight, Tonight\" albeit transposed down a key\n    to account for the deepening of Phil Collins's voice over the\n    years. During the latest tour, the song was the finale\n    featuring fireworks going off as the song ended.", "#text": "Turn It On Again"}], "#text": "\"Invisible Touch\" was performed during the"}, {"i": [{"#tail": "was a single by Genesis,\n    released on limited edition 7\" and CD near the end of their\n    1991-1992 world tour in support of", "#text": "Genesis Live - Invisible Touch"}, {"#tail": ". Both formats were numbered and came with\n    a booklet; the CD was housed in a box and the vinyl edition in\n    a gatefold sleeve.", "#text": "We Can't Dance"}]}, {"i": [{"#tail": "but for some minor edits. The B-sides \"Abacab\"\n    and \"The Brazilian\" come from the", "#text": "The Shorts"}, {"#tail": "video.", "#text": "Invisible Touch Tour"}], "#text": "The A-side was recorded during this tour, and is the same\n    version found on the accompanying live album"}, "The 7\" featured an edited version of \"Abacab\" (it faded out)\n    while the CD included whole versions of both songs.", {"i": [{"#tail": "and", "#text": "The Shorts"}, {"#tail": ", and the home video", "#text": "The Longs"}, {"#tail": ", the title of the record\n    was prefixed by \"Genesis Live\", with \"(Live)\" appearing as a\n    suffix on the back sleeve and on the disc itself.", "#text": "The Way We Walk - In Concert"}], "#text": "Like the albums"}, {"i": [{"#tail": "with", "#text": "\"And though she will mess up your life\""}, {"#tail": ". Consequently\n    the swear word was bleeped out on the single.", "#text": "\"And though she will fuck up your life\""}], "#text": "During live performances of \"Invisible Touch\" Phil Collins\n    substituted the line"}, {"i": {"#tail": "DVD, Phil Collins jokes\n    about re-releasing the song until it finally becomes a hit.", "#text": "Way We Walk - Live in Concert"}, "#text": "Unlike the original recording of the song, this live version\n    was a Top 10 hit in the UK, reaching number seven. In one of\n    the interview sections on the"}]}, "artist": "Genesis", "lengths": {"length": "3:27"}, "title": "Invisible Touch", "recorded": "1985", "label": "Atlantic Records , Vertigo Records", "producers": {"producer": ["Genesis", "Hugh Padgham"]}, "released": "May 19, 1986", "formats": {"format": "Compact Disc"}, "weeks": {"week": "1986-07-19"}}}