{"top-song": {"album": "Faith", "genres": {"genre": ["Pop", "Dance-pop"]}, "descr": {"p": ["\"Monkey\" is a U.S. number-one hit song by George Michael. It\n    was released as a single in 1988 and reached #1 on the U.S. Hot\n    100 and #13 on the UK Singles Chart. \"Monkey\" debuted at #42 on\n    July 9, 1988, reaching #1 for two weeks, beginning August 27,\n    1988.", {"i": {"#tail": "album. George Michael joined Michael Jackson and\n    Whitney Houston as three artists who all had four or more\n    consecutive number one singles during the 1987-1988 era, from\n    one album (Michael Jackson boasted an impressive five while\n    Whitney Houston boasted seven consecutive).", "#text": "Faith"}, "#text": "\"Monkey\" became George Michael's eighth #1 U.S. single, and\n    the fourth consecutive #1 from the"}, "\"Monkey\" also reached number one in the U.S. Hot Dance Club\n    Play chart for two weeks and became his first dance number\n    one.", "When \"Monkey\" was released as a single, the single version\n    was remixed by Jimmy Jam and Terry Lewis.", {"i": {"#tail": ".", "#text": "Ladies & Gentlemen: The Best of George Michael"}, "#text": "Surprisingly for a song that was such a hit, it has been\n    omitted from most of George's greatest hits compilations,\n    appearing only on the US/Canada version of"}, {"span": ["\"Careless\n      Whisper\"\u00a0\u00b7", "\"A Different\n      Corner\"\u00a0\u00b7", "\"I Want Your\n      Sex\"\u00a0\u00b7", "\"Hard Day\"\u00a0\u00b7", "\"Faith\"\u00a0\u00b7", "\"Father\n      Figure\"\u00a0\u00b7", "\"One More Try\"\u00a0\u00b7", {"#text": "\"", "strong": {"#tail": "\"\u00a0\u00b7", "#text": "Monkey"}}, "\"Kissing a\n      Fool\"\u00a0\u00b7", "\"Praying for\n      Time\"\u00a0\u00b7", "\"Waiting for That\n      Day\"\u00a0\u00b7", "\"Mother's\n      Pride\"\u00a0\u00b7", "\"Freedom! '90\"\u00a0\u00b7", "\"Heal the\n      Pain\"\u00a0\u00b7", "\"Cowboys and\n      Angels\"\u00a0\u00b7", "\"Too Funky\"\u00a0\u00b7", "\"Killer\" / \"Papa Was a\n      Rollin' Stone\"\u00a0\u00b7", "\"Jesus to a\n      Child\"\u00a0\u00b7", "\"Fastlove\"\u00a0\u00b7", "\"Spinning the\n      Wheel\"\u00a0\u00b7", "\"Older / I Can't Make You\n      Love Me\"\u00a0\u00b7", "\"Star People\n      '97\"\u00a0\u00b7", "\"You Have Been Loved / The\n      Strangest Thing '97\"\u00a0\u00b7", "\"Outside\"\u00a0\u00b7", "\"Freeek!\"\u00a0\u00b7", "\"Shoot the\n      Dog\"\u00a0\u00b7", "\"Amazing\"\u00a0\u00b7", "\"Flawless (Go to the\n      City)\"\u00a0\u00b7", "\"Round Here\"\u00a0\u00b7", "\"John and Elvis Are\n      Dead\"\u00a0\u00b7", "\"An Easier\n      Affair\"\u00a0\u00b7", "\"December Song (I Dreamed of\n      Christmas)\""]}]}, "artist": "George Michael", "lengths": {"length": "5:37"}, "title": "Monkey", "recorded": "1987", "label": "Epic", "producers": {"producer": ["George Michael", "Jimmy Jam and Terry Lewis"]}, "released": "1988", "writers": {"writer": "George Michael"}, "formats": {"format": "CD single"}, "weeks": {"week": ["1988-08-27", "1988-09-03"]}}}