{"top-song": {"album": "Faith", "genres": {"genre": "Ballad"}, "descr": {"p": [{"i": {"#tail": ".", "#text": "Faith"}, "#text": "\"One More Try\" is a U.S. number-one hit song written and\n    performed by George Michael and released by Epic Records in\n    1988 as the fourth single from"}, {"i": {"#tail": ". A ballad at six minutes in length, the song\n    lyrically explored Michael's unwillingness to return to a new\n    relationship because he had been emotionally hurt so many times\n    previously. The song concludes with temptation taking over, and\n    Michael ends by singing the title for the only time.", "#text": "Faith"}, "#text": "The song was the fourth of six singles to be released from\n    George's debut solo album"}, "\"One More Try\" remained a live favourite at Michael's\n    concerts in the years which followed, although its radio\n    airplay tends to be restricted to specific \"Love Songs\"-esque\n    features because of both the tempo and the length.", {"i": {"#tail": "went to number one in America, while by comparison,\n    none managed to do so in the UK.", "#text": "Faith"}, "#text": "It reached #8 in the UK Singles Chart but became his seventh\n    #1 on the Hot 100 in the USA. Four of the six singles issued\n    from"}, {"i": {"#tail": "album. \"One More Try\" debuted at an impressive #40\n    the week of April 16, 1988, and matching the speed of \"Father\n    Figure\", reached #1 by its seventh week, May 28, 1988, this\n    time staying there for three consecutive weeks. \"One More Try\"\n    was the second-longest running #1 of 1988, tied with \"Every\n    Rose Has Its Thorn\" by Poison, and behind the four-week run of\n    Steve Winwood's \"Roll With It\". In total, \"One More Try\" spent\n    7 weeks in the Top 10 and 14 weeks in the Top 40 of the\n    Billboard Hot 100. \"One More Try\" was the last number-one\n    single on the Hot R&B/Hip-Hop Songs chart by a white male\n    artist until Robin Thicke's \"Lost Without U\" (2007).", "#text": "Faith"}, "#text": "\"One More Try\" was the third consecutive #1 single from the"}, "In total, \"One More Try\" hit number one on:", {"i": {"#tail": "to reach #1 on three different charts in the\n    United States.", "#text": "Billboard"}, "#text": "which made it the first single in the history of"}, "\"One More Try\" Maxi CD", {"i": {"#tail": ".", "#text": "Fairy Tales"}, "#text": "In 1999, R&B teen trio Divine recorded the song as their\n    second single off their debut album"}, {"span": ["\"Careless\n      Whisper\"\u00a0\u00b7", "\"A Different\n      Corner\"\u00a0\u00b7", "\"I Want Your\n      Sex\"\u00a0\u00b7", "\"Hard Day\"\u00a0\u00b7", "\"Faith\"\u00a0\u00b7", "\"Father\n      Figure\"\u00a0\u00b7", {"#text": "\"", "strong": {"#tail": "\"\u00a0\u00b7", "#text": "One More Try"}}, "\"Monkey\"\u00a0\u00b7", "\"Kissing a\n      Fool\"\u00a0\u00b7", "\"Praying for\n      Time\"\u00a0\u00b7", "\"Waiting for That\n      Day\"\u00a0\u00b7", "\"Mother's\n      Pride\"\u00a0\u00b7", "\"Freedom! '90\"\u00a0\u00b7", "\"Heal the\n      Pain\"\u00a0\u00b7", "\"Cowboys and\n      Angels\"\u00a0\u00b7", "\"Too Funky\"\u00a0\u00b7", "\"Killer\" / \"Papa Was a\n      Rollin' Stone\"\u00a0\u00b7", "\"Jesus to a\n      Child\"\u00a0\u00b7", "\"Fastlove\"\u00a0\u00b7", "\"Spinning the\n      Wheel\"\u00a0\u00b7", "\"Older / I Can't Make You\n      Love Me\"\u00a0\u00b7", "\"Star People\n      '97\"\u00a0\u00b7", "\"You Have Been Loved / The\n      Strangest Thing '97\"\u00a0\u00b7", "\"Outside\"\u00a0\u00b7", "\"Freeek!\"\u00a0\u00b7", "\"Shoot the\n      Dog\"\u00a0\u00b7", "\"Amazing\"\u00a0\u00b7", "\"Flawless (Go to the\n      City)\"\u00a0\u00b7", "\"Round Here\"\u00a0\u00b7", "\"John and Elvis Are\n      Dead\"\u00a0\u00b7", "\"An Easier\n      Affair\"\u00a0\u00b7", "\"December Song (I Dreamed of\n      Christmas)\""]}]}, "artist": "George Michael", "lengths": {"length": "5:52"}, "title": "One More Try", "recorded": "1987", "label": "Epic Records", "producers": {"producer": "George Michael"}, "released": "1988", "writers": {"writer": "George Michael"}, "formats": {"format": ["CD", "cassette"]}, "weeks": {"week": ["1988-05-28", "1988-06-04", "1988-06-11"]}}}