{"top-song": {"album": "Caribou", "genres": {"genre": "Rock"}, "descr": {"p": [{"i": {"#tail": "; it was released that year during the latter\n    half of May in the United Kingdom, and on 10 June in the United\n    States.", "#text": "Caribou"}, "#text": "\"Don't Let the Sun Go Down on Me\" is the first single from\n    British musician Elton John's 1974 album"}, "In the song, Elton sings to someone he has helped and from\n    whom he is now experiencing rejection:", "I took a chance and changed your way of life, but you\n    misread my meaning when I met you, closed the door and left me\n    blinded by the light, don't let the sun go down on me, although\n    I search myself, it's always someone else I see.", "It was written with the other songs on the album during a\n    ten day period in January 1974.", "The chorus of the song is supported with a horn arrangement\n    by Del Newman, and features backing vocals of the Beach Boys'\n    Carl Wilson and Bruce Johnston, and Toni Tennille. Also on the\n    song are percussion accents provided by Ray Cooper and a\n    mellotron played by Dave Hentschel.", "As successful as the 1974 record had been, it was as a duet\n    with George Michael that \"Don't Let The Sun Go Down on Me\" had\n    its greatest success. The pair had performed the song at the\n    Live Aid concert in 1985. Recorded live at a concert at Wembley\n    Arena, London on 25 March 1991 when Elton John was a surprise\n    guest of George Michael, the duet became a massive hit on both\n    sides of the Atlantic. It was released later that year and\n    reached number one on the UK singles chart for two weeks in\n    December 1991 and a single week on the Billboard Hot 100 in\n    February 1992.", {"i": [{"#tail": "tour, and when Elton came out from the\n    wings, that place went crazy.\" It appears on John's", "#text": "Cover to Cover"}, {"#tail": "compilation. The proceeds from the single were\n    divided among 10 different charities for children, AIDS and\n    education.", "#text": "Love Songs"}], "#text": "The footage used for the music video of the song was taken\n    from a \"live\" concert in Chicago with 70,000 fans. \"The video\n    was actually shot over several days,\" confirms Michael\n    Pagnotta, George's publicist. \"It was shot in an airline hangar\n    in Burbank where George had been rehearsing; Elton came in for\n    a night and they ran through the song a couple of times. Then\n    the song was filmed in its entirety live in Chicago in the\n    middle of October as part of that"}, "Both John and Michael performed at the Freddie Mercury\n    Tribute Concert a year after the single's release.", "\"Don't Let the Sun Go Down on Me\" charted on 1 June 1974 in\n    Great Britain, making it to number 16. In the United States, it\n    was released while \"Bennie and the Jets\" was still in the Top\n    40, and reached the Top 10 after four weeks. On 10 August, the\n    song's two week stay at number 2 ended. It could not oust John\n    Denver's \"Annie's Song,\" Roberta Flack's \"Feel Like Makin'\n    Love\" nor Paper Lace's \"The Night Chicago Died\" from the top\n    spot. But a number 2 pinnacle guaranteed it further airplay. By\n    September it became Elton's fourth gold single.", "\"Don't Let the Sun Go Down on Me\" has been a popular song\n    for other artists to perform or record as well. Jay Chattaway\n    arranged this song into a jazz version, which Maynard Ferguson\n    first performed in the 1970s show \"The Mark of Jazz\" with host\n    Sid Mark. This live version stems from around 1975; it was\n    never recorded onto an album.", "Joe Cocker recorded his version of the song on \"The Best of\n    Joe Cocker\".", {"i": {"#tail": ".", "#text": "The Lost Boys"}, "#text": "Roger Daltrey (who also appeared at the Freddie Mercury\n    Tribute Concert) sang it for the 1987 soundtrack"}, "African-American Gospel group The Winans released a version\n    of the song on their album Decisions in 1987", "Gloria Estefan recorded it in 1989.", {"i": {"#tail": ". Late 1990s punk cover specialty act Me First and\n    the Gimme Gimmes also took it on. In December 2002 David\n    Sneddon won the BBC's first Fame Academy show singing his\n    version of \"Don't Let The Sun Go Down On Me\" and his own song\n    \"Stop Living The Lie\". Sneddon also put his version of Elton's\n    song on the B side, which was number one in the UK Singles\n    Chart in January 2003.", "#text": "Two Rooms: Celebrating the Songs of Elton John & Bernie\n    Taupin"}, "#text": "Jazz singer Oleta Adams recorded it on the 1991 tribute\n    album"}, {"i": [{"#tail": "propelled him into the finals and later a\n    very successful recording career. \"Don't Let\" became one of\n    Aiken's signature performances, and was reprised in the fifth\n    season in a surprise appearance involving Michael Sandecki.\n    David Archuleta's performance of it during the American Idol\n    Season 7 Final received a lot of praise from all the Judges and\n    even prompted Simon to proclaim it to be Archuleta's best\n    performance on the show. Other such contestants who have\n    performed it include", "#text": "American Idol"}, {"#tail": "'s Justin Guarini, Jasmine Trias, Bo Bice,\n    Jorge Nu\u00f1ez,", "#text": "American Idol"}, {"#tail": "'s Tyler Hamilton,", "#text": "Canadian Idol"}, {"#tail": "'s Nathan Brake,", "#text": "Australian Idol"}, {"#tail": "'s Clinton Randell, and", "#text": "New Zealand Idol"}, {"#tail": "'s Journey South and Joe McElderry, who\n    received a standing ovation from all the judges, which was the\n    first time in the series. Lately, it has become popular on\n    Spanish show \"Operaci\u00f3n Triunfo\", sung by Moritz. Forest\n    Whitaker sang \"Don't Let\" in a comedy skit when he hosted the\n    television show", "#text": "The X Factor"}, {"#tail": "on 10 February 2007.", "#text": "Saturday Night Live"}], "#text": "In 2003, Vanessa Carlton performed the song during the Elton\n    John Tribute Concert. Also in the 2000s, \"Don't Let the Sun Go\n    Down on Me\" has become a frequent selection of reality\n    television singing contestants. Most notably, Clay Aiken's\n    performance of it in the semi-final wild-card round of the\n    second season of"}, "The song is covered by the company Wavegroup for the music\n    video game Karaoke Revolution Presents:American Idol.", "Duet version", {"span": ["\"Careless\n      Whisper\"\u00a0\u00b7", "\"A Different\n      Corner\"\u00a0\u00b7", "\"I Want Your\n      Sex\"\u00a0\u00b7", "\"Hard Day\"\u00a0\u00b7", "\"Faith\"\u00a0\u00b7", "\"Father\n      Figure\"\u00a0\u00b7", "\"One More Try\"\u00a0\u00b7", "\"Monkey\"\u00a0\u00b7", "\"Kissing a\n      Fool\"\u00a0\u00b7", "\"Praying for\n      Time\"\u00a0\u00b7", "\"Waiting for That\n      Day\"\u00a0\u00b7", "\"Mother's\n      Pride\"\u00a0\u00b7", "\"Freedom! '90\"\u00a0\u00b7", "\"Heal the\n      Pain\"\u00a0\u00b7", "\"Cowboys and\n      Angels\"\u00a0\u00b7", "\"Too Funky\"\u00a0\u00b7", "\"Killer\" / \"Papa Was a\n      Rollin' Stone\"\u00a0\u00b7", "\"Jesus to a\n      Child\"\u00a0\u00b7", "\"Fastlove\"\u00a0\u00b7", "\"Spinning the\n      Wheel\"\u00a0\u00b7", "\"Older / I Can't Make You\n      Love Me\"\u00a0\u00b7", "\"Star People\n      '97\"\u00a0\u00b7", "\"You Have Been Loved / The\n      Strangest Thing '97\"\u00a0\u00b7", "\"Outside\"\u00a0\u00b7", "\"Freeek!\"\u00a0\u00b7", "\"Shoot the\n      Dog\"\u00a0\u00b7", "\"Amazing\"\u00a0\u00b7", "\"Flawless (Go to the\n      City)\"\u00a0\u00b7", "\"Round Here\"\u00a0\u00b7", "\"John and Elvis Are\n      Dead\"\u00a0\u00b7", "\"An Easier\n      Affair\"\u00a0\u00b7", "\"December Song (I Dreamed of\n      Christmas)\""]}, "Discography"]}, "artist": "George Michael and Elton John", "lengths": {"length": "5:35"}, "title": "Don't Let the Sun Go Down on Me", "recorded": "Caribou Ranch", "label": "MCA , DJM , Rocket/Phonogram", "producers": {"producer": "Gus Dudgeon"}, "released": "20 May 1974", "writers": {"writer": ["Elton John", "Bernie Taupin"]}, "formats": {"format": ["7-inch", "audio cassette", "compact disc"]}, "weeks": {"week": "1992-02-01"}}}