{"top-song": {"album": "All Things Must Pass", "genres": {"genre": ["Rock", "folk rock", "gospel"]}, "descr": {"p": [{"i": [{"#tail": ". The song is primarily about Hindu\n    God Krishna. It is ranked #454 on", "#text": "All Things Must Pass"}, {"#tail": "magazine's list of \"the 500 Greatest Songs\n    of All Time.\"", "#text": "Rolling Stone"}], "#text": "\"My Sweet Lord\" is a song by former Beatles lead guitarist\n    George Harrison from his UK number one hit triple album"}, {"i": {"#tail": ". It was written in December 1969, when\n    Harrison and Billy Preston were in Copenhagen, Denmark.", "#text": "Encouraging Words"}, "#text": "The song was originally intended for Billy Preston, who had\n    a minor hit with it in early 1970, in his album"}, "The recording of the song took place in London. Preston was\n    the principal musician while Harrison was engineering the\n    sessions.", "When released as a single, \"My Sweet Lord\" topped the charts\n    on both sides of the Atlantic. In October, 1970, Harrison told\n    the British press that it was going to be his first solo\n    single, but a few days later he changed his mind and said it\n    would not be made available thus, as he did not want sales in\n    that format to detract from those of the album. (The other\n    three former Beatles had also released solo albums earlier that\n    year, without releasing a single in Britain from any of them).\n    It was released as a single in the US (Apple 2995) on 23\n    November 1970. Within a few weeks, EMI and Apple Records bowed\n    to media and public demand, and the UK release (Apple R 5884)\n    followed on 15 January 1971.", "Entering the British charts in the first week at number\n    seven and then hitting the summit for five weeks, it was the\n    first single by an ex-Beatle to reach number one. It did so\n    again in the UK when reissued in January 2002 after Harrison's\n    death from cancer. It reached number one on the US Hot 100 on\n    26 December 1970, remaining on top for four weeks.", "In Britain, the original single was officially a double-A\n    Side with \"What Is Life\". In the US it was a double-A-side with\n    \"Isn't It A Pity\"- with both sides featuring a full Apple\n    label.", "Following the song's release, musical similarities between\n    \"My Sweet Lord\" and The Chiffons' hit \"He's So Fine\" led to a\n    lengthy legal battle over the rights to the composition.\n    magazine, in an article dated 6 March 1971, stated that\n    Harrison's royalty payments from the recording had been halted\n    worldwide. Harrison stated that he was inspired to write \"My\n    Sweet Lord\" after hearing the Edwin Hawkins Singers' \"Oh Happy\n    Day\".", {"i": [{"#tail": ", Harrison was\n    found to have \"subconsciously\" copied the earlier song. He was\n    ordered to surrender the majority of royalties from \"My Sweet\n    Lord\" and partial royalties from", "#text": "Bright Tunes Music v. Harrisongs Music"}, {"#tail": ". Former manager Allen Klein, who\n    earlier had supported Harrison's case, became the owner of\n    Bright Tunes, after they parted ways. In the long run this\n    worked against Klein, but it resulted in the case continuing\n    for years in court. Interestingly Harrison claimed in a BBC\n    interview with Annie Nightingale that the Judge in the case\n    said that he liked Harrison's version of \"My Sweet Lord\"\n    more.", "#text": "All Things Must Pass"}], "#text": "In the U.S. federal court decision in the case, known as"}, "The Chiffons would later record \"My Sweet Lord\" to\n    capitalize on the publicity generated by the lawsuit. Country\n    singer Jody Miller recorded a country chart top-five cover of\n    \"He's So Fine\", which plays on the two songs' similarities by\n    featuring the same guitar breaks played on the Harrison\n    recording.", "Shortly thereafter, Harrison (who would eventually buy the\n    rights to \"He's So Fine\") wrote and recorded a song about the\n    court case named \"This Song\", which includes \"This tune has\n    nothing 'Bright' about it.\" \"I Can't Help Myself (Sugar Pie,\n    Honey Bunch)\" and \"Rescue Me\" are also mentioned in the\n    record.", "Early in the song, the background singers repeat the\n    Christian and Jewish word of praise, \"Hallelujah\". Later, the\n    background singers chant two Vaisnava Hindu prayers:", "This prayer consists of part of the principal mantra of\n    devotees of the Gaudiya Vaisnavite faith, popularised in the\n    Western world by the International Society for Krishna\n    Consciousness (ISKCON), colloquially known as the 'Hare\n    Krishnas'. Harrison was a devotee of this religious path.", "The mantra in full is \"Hare Krishna, Hare Krishna, Krishna,\n    Krishna, Hare, Hare, Hare Rama, Hare Rama, Rama, Rama, Hare,\n    Hare.\"", "This prayer is chanted by Hindu devotees prior to beginning\n    any action, after hymns to Ganesha and Sarasvati. The prayer is\n    dedicated to the spiritual teacher of the devotee which is\n    equated with the Hindu Trinity Brahma, Vishnu, and Shiva\n    (Maheshvara) and with the Supreme Cosmic Spirit or Absolute\n    Reality (Brahman). The prayer translates as:", {"i": ["The teacher is Brahm\u0101, the teacher is Vi\u1e63\u1e47u, the teacher\n      is the Lord Mahe\u015bvara,", "Verily the teacher is the supreme Brahman, to that\n      respected teacher I bow down."]}, "The prayer is the first verse of the Guru stotram, a\n    fourteen verse hymn dedicated to the spiritual teacher.", "Various Christian fundamentalist anti-rock activists have\n    objected to the chanting of 'Hare Krishna' in the song as\n    anti-Christian or satanic while some born-again Christians\n    appear to have mistakenly adopted the song as an anthem.", "During his live performances of \"My Sweet Lord\", Harrison\n    has tried to engage his audience into the practice of \"chanting\n    the holy names of the Lord\" (kirtan):", "Breaking into the thundering rhythm guitar intro to \u201cMy\n    Sweet Lord,\u201d Harrison would soon begin to invite the cheering,\n    largely stoned crowd to \u201cchant the holy name of the Lord.\u201d Few\n    responded. Switching messiahs midstream, he would then rocket\n    into the famous Krishna Hallelujah chorus and begin singing,\n    \u201cOm Christ, Om Christ, Om Christ\u201d over and over, adding, \u201cI\n    know a lot of you out there think that\u2019s swearing, but it\u2019s\n    not! If we all chant together purely for one minute, we\u2019ll blow\n    the roof off this place.", {"i": {"#tail": "Christmas special, broadcast\n    26 December 1975 on BBC2. Harrison closed the show performing\n    lip-sync'ed to a previously recorded track which started with\n    the song, and changed to a pirate shanty once Harrison started\n    'singing'. A clearly befuddled \"Fatso\" (Innes' band on the show\n    backing Harrison) stop and eventually follow along and a group\n    of dancers come out to join in the fun as the closing credits\n    roll, while \"host\" Idle frequently walks onscreen, bewildered\n    at Harrison's performance. This version is known as a \"Pirate\n    Song\".", "#text": "Rutland Weekend Television"}, "#text": "Harrison himself performed the song in a self-parody for\n    Eric Idle and Neil Innes'"}, {"i": {"#tail": "for its thirtieth anniversary in\n    2000, surfaced a new version of the song, added as a bonus\n    track, with Harrison sharing vocals with Sam Brown.", "#text": "All Things Must Pass"}, "#text": "With re-issued"}, {"i": ["All Things Must Pass", "Living in the Material World", "Dark Horse", "Extra Texture (Read All About It)", "Thirty Three & 1/3", "George Harrison", "Somewhere in England", "Gone Troppo", "Cloud Nine", "Brainwashed"], "span": ["\u00b7", "\u00b7", "\u00b7", "\u00b7", "\u00b7", "\u00b7", "\u00b7", "\u00b7", "\u00b7"]}, {"i": ["The Concert for Bangladesh", "Live in Japan"], "span": "\u00b7"}, {"i": "Wonderwall Music"}, {"i": "Electronic Sound"}, {"i": ["The Best of George Harrison", "Best of Dark Horse 1976\u20131989", "Let It Roll: Songs by George Harrison"], "span": ["\u00b7", "\u00b7"]}, {"i": "The Dark Horse Years 1976\u20131992"}, {"#text": "Discography\u00a0(list of songs)", "span": [{"#tail": "The Beatles", "#text": "\u00b7"}, {"#tail": "Traveling\n    Wilburys", "#text": "\u00b7"}, {"#tail": "Harrisongs", "#text": "\u00b7"}, {"#tail": "Dark Horse\n    Records", "#text": "\u00b7"}, {"#tail": "The Concert for\n    Bangladesh", "#text": "\u00b7"}, {"#tail": "Pattie Boyd", "#text": "\u00b7"}, {"#tail": "Olivia Harrison", "#text": "\u00b7"}, {"#tail": "Dhani Harrison", "#text": "\u00b7"}, {"#tail": "Eric Clapton", "#text": "\u00b7"}, {"#tail": "Jeff Lynne", "#text": "\u00b7"}, {"#tail": "Kinfauns", "#text": "\u00b7"}, {"#tail": "Friar Park", "#text": "\u00b7"}, {"#tail": "Concert for\n    George\u00a0(album)", "#text": "\u00b7"}, {"#tail": "HandMade Films", "#text": "\u00b7"}, {"#tail": "Homer's\n    Barbershop Quartet", "#text": "\u00b7"}]}, {"#text": "1970: \"", "strong": {"#tail": "\"\u00a0\u00b7", "#text": "My Sweet Lord"}, "span": ["\"Isn't It a\n    Pity\"\u00a0\u00b7", "1971: \"What Is\n    Life\"\u00a0\u00b7", "\"Bangla Desh\"\u00a0\u00b7", "1973: \"Give Me Love (Give Me\n    Peace on Earth)\"\u00a0\u00b7", "1974: \"Ding Dong, Ding\n    Dong\"\u00a0\u00b7", "1975: \"Dark\n    Horse\"\u00a0\u00b7", "\"You\"\u00a0\u00b7", "\"This Guitar (Can't Keep from\n    Crying)\"\u00a0\u00b7", "1976: \"This\n    Song\"\u00a0\u00b7", "1977: \"Crackerbox\n    Palace\"\u00a0\u00b7", "\"True Love\"\u00a0\u00b7", "\"It's What You\n    Value\"\u00a0\u00b7", "1979: \"Blow\n    Away\"\u00a0\u00b7", "\"Love Comes to\n    Everyone\"\u00a0\u00b7", "\"Faster\" 1981: \"All Those\n    Years Ago\"\u00a0\u00b7", "\"Teardrops\"\u00a0\u00b7", "1982: \"Wake Up My\n    Love\"\u00a0\u00b7", "\"I Really Love\n    You\"\u00a0\u00b7", "1985: \"I Don't Want To Do\n    It\"\u00a0\u00b7", "1987: \"Got My Mind Set on\n    You\"\u00a0\u00b7", "1988: \"When We Was\n    Fab\"\u00a0\u00b7", "\"This Is Love\"\u00a0\u00b7", {"#text": "1989: \"Cheer Down\" 2002: \"", "strong": {"#tail": "\"\u00a0\u00b7", "#text": "My Sweet Lord"}}, "\"Stuck Inside a\n    Cloud\"\u00a0\u00b7", "2003: \"Any Road\""]}]}, "artist": "George Harrison", "lengths": {"length": "4:39"}, "title": "My Sweet Lord\" / \"Isn't It a Pity", "label": "Apple Records", "producers": {"producer": ["George Harrison", null, "Phil Spector"]}, "released": "23 November 1970 (US) , 15 January 1971 (UK)", "writers": {"writer": "George Harrison"}, "formats": {"format": "7\""}, "weeks": {"week": ["1971-01-02", "1971-01-09", "1971-01-16"]}}}