{"top-song": {"album": "Living in the Material World", "genres": {"genre": "Rock"}, "descr": {"p": [{"i": [{"#tail": ". The song was released as a\n    single in May 1973, hitting number one in the US Hot 100 at the\n    end of June and number eight on the UK Singles Chart.\n    Harrison's single replaced \"My Love\" by his former bandmate\n    from The Beatles, Paul McCartney, at the top of Hot 100 chart,\n    and in turn was replaced at number one by \"Will It Go Round in\n    Circles\" by Billy Preston, who played with Harrison and\n    McCartney during the sessions for", "#text": "Living in the Material World"}, {"#tail": "in 1969.", "#text": "Let It Be"}], "#text": "\"Give Me Love (Give Me Peace on Earth)\" is a song by George\n    Harrison and is the lead track on his 1973 album"}, {"#text": "1970: \"My Sweet Lord\"\u00a0\u00b7", "span": ["\"Isn't It a\n    Pity\"\u00a0\u00b7", "1971: \"What Is\n    Life\"\u00a0\u00b7", "\"Bangla Desh\"\u00a0\u00b7", {"#text": "1973: \"", "strong": {"#tail": "\"\u00a0\u00b7", "#text": "Give Me Love (Give Me Peace on Earth)"}}, "1974: \"Ding Dong, Ding\n    Dong\"\u00a0\u00b7", "1975: \"Dark\n    Horse\"\u00a0\u00b7", "\"You\"\u00a0\u00b7", "\"This Guitar (Can't Keep from\n    Crying)\"\u00a0\u00b7", "1976: \"This\n    Song\"\u00a0\u00b7", "1977: \"Crackerbox\n    Palace\"\u00a0\u00b7", "\"True Love\"\u00a0\u00b7", "\"It's What You\n    Value\"\u00a0\u00b7", "1979: \"Blow\n    Away\"\u00a0\u00b7", "\"Love Comes to\n    Everyone\"\u00a0\u00b7", "\"Faster\" 1981: \"All Those\n    Years Ago\"\u00a0\u00b7", "\"Teardrops\"\u00a0\u00b7", "1982: \"Wake Up My\n    Love\"\u00a0\u00b7", "\"I Really Love\n    You\"\u00a0\u00b7", "1985: \"I Don't Want To Do\n    It\"\u00a0\u00b7", "1987: \"Got My Mind Set on\n    You\"\u00a0\u00b7", "1988: \"When We Was\n    Fab\"\u00a0\u00b7", "\"This Is Love\"\u00a0\u00b7", "1989: \"Cheer Down\" 2002: \"My\n    Sweet Lord\"\u00a0\u00b7", "\"Stuck Inside a\n    Cloud\"\u00a0\u00b7", "2003: \"Any Road\""]}]}, "artist": "George Harrison", "lengths": {"length": "3:38"}, "title": "Give Me Love (Give Me Peace on Earth)", "label": "Apple Records R5988 (UK)", "producers": {"producer": "George Harrison"}, "released": "May 7, 1973 ( US ) , May 25, 1973 ( UK )", "formats": {"format": "7\""}, "weeks": {"week": "1973-06-30"}}}