{"top-song": {"album": "Cloud\n  Nine", "genres": {"genre": ["Pop rock", "Rock"]}, "descr": {"p": ["\"Got My Mind Set on You\" is a song written by Rudy Clark and\n    originally recorded by James Ray in 1962.", "It is best known for the cover version released by George\n    Harrison.", {"i": {"#tail": "reached number one on the Hot 100 in January\n    1988. Produced by Harrison and former ELO member Jeff Lynne,\n    the song was his third and last solo US number one, after \"My\n    Sweet Lord\" in 1970 and \"Give Me Love (Give Me Peace on Earth)\"\n    in 1973. It was also the last number one single, to date, by\n    any of the solo Beatles in the United States. As Harrison's\n    third post-Beatles #1 hit in the U.S., he broke a three-way tie\n    among himself, John Lennon and Ringo Starr as ex-Beatles with\n    two #1 solo singles, and moved Harrison into second place\n    behind Paul McCartney's nine #1 songs. Of Harrison's three\n    number one singles in the U.S., it was the only song not\n    written by Harrison and the only one without religious\n    overtones. The single's B-side is \"Lay His Head\", written by\n    Harrison. The 12\" version of the single also adds an extended\n    version of \"Got My Mind Set On You\".", "#text": "Cloud Nine"}, "#text": "A cover version by former Beatle George Harrison from his\n    album"}, "Two music videos were released for the cover version. The\n    first (directed by Gary Weis) starred a young Alexis Denisof\n    vying for the heart of a girl in an arcade. The second (also\n    directed by Weis), is Harrison sitting and playing in a study.\n    As the song progresses, furniture and knick-knacks (like a\n    stuffed squirrel and mounted warthog) begin to dance along with\n    the song. In the middle of the video, Harrison's stunt double\n    performs a stunning backflip from his chair and follows with a\n    dance routine before jumping back to his seat. The second\n    received significant airplay, and was nominated for three MTV\n    VMAs.", "In the UK the single spent four weeks at number two.", {"i": [{"#tail": ", as \"(This Song's Just) Six Words Long\".\n    Shakin' Stevens recorded the song for his 2006 album", "#text": "Even Worse"}, {"#tail": ".", "#text": "Now Listen"}], "#text": "Harrison's version of the song was parodied by \"Weird Al\"\n    Yankovic on his 1988 album"}, {"#text": "1970: \"My Sweet Lord\"\u00a0\u00b7", "span": ["\"Isn't It a\n    Pity\"\u00a0\u00b7", "1971: \"What Is\n    Life\"\u00a0\u00b7", "\"Bangla Desh\"\u00a0\u00b7", "1973: \"Give Me Love (Give Me\n    Peace on Earth)\"\u00a0\u00b7", "1974: \"Ding Dong, Ding\n    Dong\"\u00a0\u00b7", "1975: \"Dark\n    Horse\"\u00a0\u00b7", "\"You\"\u00a0\u00b7", "\"This Guitar (Can't Keep from\n    Crying)\"\u00a0\u00b7", "1976: \"This\n    Song\"\u00a0\u00b7", "1977: \"Crackerbox\n    Palace\"\u00a0\u00b7", "\"True Love\"\u00a0\u00b7", "\"It's What You\n    Value\"\u00a0\u00b7", "1979: \"Blow\n    Away\"\u00a0\u00b7", "\"Love Comes to\n    Everyone\"\u00a0\u00b7", "\"Faster\" 1981: \"All Those\n    Years Ago\"\u00a0\u00b7", "\"Teardrops\"\u00a0\u00b7", "1982: \"Wake Up My\n    Love\"\u00a0\u00b7", "\"I Really Love\n    You\"\u00a0\u00b7", "1985: \"I Don't Want To Do\n    It\"\u00a0\u00b7", {"#text": "1987: \"", "strong": {"#tail": "\"\u00a0\u00b7", "#text": "Got My Mind Set on You"}}, "1988: \"When We Was\n    Fab\"\u00a0\u00b7", "\"This Is Love\"\u00a0\u00b7", "1989: \"Cheer Down\" 2002: \"My\n    Sweet Lord\"\u00a0\u00b7", "\"Stuck Inside a\n    Cloud\"\u00a0\u00b7", "2003: \"Any Road\""]}]}, "artist": "George Harrison", "lengths": {"length": ["3:51 (album version)", "5:17 (extended version)"]}, "title": "Got My Mind Set on You", "recorded": "Friar Park Studios Oxford 1987", "label": "Dark Horse Records", "producers": {"producer": ["Jeff Lynne", "George Harrison"]}, "released": "October 1987", "formats": {"format": "Vinyl"}, "weeks": {"week": "1988-01-16"}}}