{"top-song": {"album": "Listen Without\n  Prejudice Vol. 1", "genres": {"genre": ["Pop", "gospel"]}, "descr": {"p": ["\"Praying for Time\" is a U.S. number-one song written and\n    performed by George Michael, released on Epic Records in\n    1990.", "The song was Michael's first single in almost two years,\n    entering the UK Singles Chart in August 1990.", {"i": {"#tail": "Top 40 for ten weeks. George used an echoey\n    vocal effect and put the melody in a low enough key to take\n    away the sunny nature of his regular singing voice. It was the\n    first song of political motivation he had released as a single\n    since his earliest days with Wham!.", "#text": "Billboard"}, "#text": "A dark and sombre reflection on social ills and injustice,\n    the song was hailed by critics as it peaked at number six in\n    the UK, but it was his ninth number one on the Hot 100 in the\n    USA. The song remained in the"}, {"i": {"#tail": ", although it was the\n    only one of the quintet to make the UK Top 10.", "#text": "Listen Without Prejudice Vol. 1"}, "#text": "The song was the first of five released in the UK from the\n    album"}, "While George Michael refused to appear in videos to support\n    the album, but an experimental video clip for \"Praying for\n    Time\" was released, directed by Michael Borofsky featuring only\n    the lyrics of the song with a blue and black background that,\n    at the end of the clip, reveals itself to be the image on the\n    cover of the album. The completely Un-George Michael style\n    video quickly became a buzz clip on MTV, and stayed in rotation\n    on most video networks for weeks. Similarly, the commercial had\n    no cover photo, only words.", {"i": {"#tail": "mini-marathon on April 9, 2008. In a\n    matter of 24 hours, Underwood's rendition of \"Praying for Time\"\n    reached #10 on the Hot Digital Songs chart, with all proceeds\n    being donated to charity. It also peaked at #27 on the U.S.\n    Billboard Hot 100 on the week of April 26, 2008.", "#text": "Idol Gives Back"}, "#text": "The song was performed by Carrie Underwood for the 2008"}, {"i": {"#tail": "Finale on May 21, 2008. At the conclusion\n    of his performance, host Ryan Seacrest greeted Michael,Michael\n    said he was sick and also, confirmed that his North American\n    leg of 25 Live tour would kick off in San Diego on June 17,\n    2008.", "#text": "American Idol"}, "#text": "The song was performed by George Michael himself during the\n    2008"}, {"span": ["\"Careless\n      Whisper\"\u00a0\u00b7", "\"A Different\n      Corner\"\u00a0\u00b7", "\"I Want Your\n      Sex\"\u00a0\u00b7", "\"Hard Day\"\u00a0\u00b7", "\"Faith\"\u00a0\u00b7", "\"Father\n      Figure\"\u00a0\u00b7", "\"One More Try\"\u00a0\u00b7", "\"Monkey\"\u00a0\u00b7", "\"Kissing a\n      Fool\"\u00a0\u00b7", {"#text": "\"", "strong": {"#tail": "\"\u00a0\u00b7", "#text": "Praying for Time"}}, "\"Waiting for That\n      Day\"\u00a0\u00b7", "\"Mother's\n      Pride\"\u00a0\u00b7", "\"Freedom! '90\"\u00a0\u00b7", "\"Heal the\n      Pain\"\u00a0\u00b7", "\"Cowboys and\n      Angels\"\u00a0\u00b7", "\"Too Funky\"\u00a0\u00b7", "\"Killer\" / \"Papa Was a\n      Rollin' Stone\"\u00a0\u00b7", "\"Jesus to a\n      Child\"\u00a0\u00b7", "\"Fastlove\"\u00a0\u00b7", "\"Spinning the\n      Wheel\"\u00a0\u00b7", "\"Older / I Can't Make You\n      Love Me\"\u00a0\u00b7", "\"Star People\n      '97\"\u00a0\u00b7", "\"You Have Been Loved / The\n      Strangest Thing '97\"\u00a0\u00b7", "\"Outside\"\u00a0\u00b7", "\"Freeek!\"\u00a0\u00b7", "\"Shoot the\n      Dog\"\u00a0\u00b7", "\"Amazing\"\u00a0\u00b7", "\"Flawless (Go to the\n      City)\"\u00a0\u00b7", "\"Round Here\"\u00a0\u00b7", "\"John and Elvis Are\n      Dead\"\u00a0\u00b7", "\"An Easier\n      Affair\"\u00a0\u00b7", "\"December Song (I Dreamed of\n      Christmas)\""]}]}, "artist": "George Michael", "lengths": {"length": "4:41"}, "title": "Praying for Time", "label": "Epic Records", "released": "August 13, 1990", "writers": {"writer": "George Michael"}, "formats": {"format": ["7\"", "CD single"]}, "weeks": {"week": "1990-10-13"}}}