{"top-song": {"album": "Faith", "genres": {"genre": "Pop rock"}, "descr": {"p": ["\"Faith\" was a #1 song, written and performed by George\n    Michael, released as a single on Columbia Records, from his\n    1987 album. According to magazine, it was the top-selling\n    single of the year in the United States in 1988.", "7\": UK / Epic EMU 2", "12\": UK / Epic EMU T2", "U.S. CD single", "Having disbanded Wham! the previous year, there was a keen\n    expectation for Michael's solo career and \"Faith\" would go on\n    to become one of his most popular and enduring songs, as well\n    as being the most simplistic in its production. It was the\n    second of six singles released from the well-received\n    album.", "A famous video was made, which provided some definitive\n    images of the 1980s music industry in the process - Michael in\n    shades, designer stubble, a leather jacket & a particularly\n    memorable pair of tight Levi's blue jeans & cowboy boots,\n    playing a guitar near a classic-design jukebox.", "The video for \"Freedom! '90\", released three years later,\n    used some of the elements used in the \"Faith\" video, from the\n    guitar, jeans, jacket all the way to the jukebox.", "The song reached number one on the U.S. Billboard Hot 100\n    singles chart and number two on the UK Singles Chart.", "On the Hot 100 chart, \"Faith\" rocketed from #54 to #37, the\n    week of October 31, 1987, reaching #1 on December 12, 1987 and\n    remaining there for 4consecutive weeks, easily becoming the\n    longest running chart topper of 1987. Altogether, \"Faith\"\n    lingered in the Top 10 for 9 weeks, the Top 20 for 11 weeks\n    & the Top 40 for 15 weeks.", {"i": {"#tail": ". The video (released November\n    20, 1998) shows scenes of Limp Bizkit by their tour bus at the\n    Family Values Tour 1998. It features Fred Durst and Wes Borland\n    dressed up as their alter egos 'The Weapon' and 'The\n    Liquidator' at the beginning, with Borland explaining that he\n    \"...hates Limp Bizkit.\". Jonathan Davis Fieldy and Brian \"Head\"\n    Welch from Korn also make an appearance.", "#text": "Three Dollar Bill, Yall$"}, "#text": "\"Faith\" was covered by the Nu metal/Rapcore band Limp Bizkit\n    on their 1997 album"}, "The song is followed by a hidden track, \"Blind\", which is\n    1:25 long (not to be confused by Korn's song, also named\n    \"Blind\").", {"i": {"#tail": ".", "#text": "Religulous"}, "#text": "This version of \"Faith\" is featured in the promo of the 2008\n    film"}, {"span": ["\"Careless\n      Whisper\"\u00a0\u00b7", "\"A Different\n      Corner\"\u00a0\u00b7", "\"I Want Your\n      Sex\"\u00a0\u00b7", "\"Hard Day\"\u00a0\u00b7", {"#text": "\"", "strong": {"#tail": "\"\u00a0\u00b7", "#text": "Faith"}}, "\"Father\n      Figure\"\u00a0\u00b7", "\"One More Try\"\u00a0\u00b7", "\"Monkey\"\u00a0\u00b7", "\"Kissing a\n      Fool\"\u00a0\u00b7", "\"Praying for\n      Time\"\u00a0\u00b7", "\"Waiting for That\n      Day\"\u00a0\u00b7", "\"Mother's\n      Pride\"\u00a0\u00b7", "\"Freedom! '90\"\u00a0\u00b7", "\"Heal the\n      Pain\"\u00a0\u00b7", "\"Cowboys and\n      Angels\"\u00a0\u00b7", "\"Too Funky\"\u00a0\u00b7", "\"Killer\" / \"Papa Was a\n      Rollin' Stone\"\u00a0\u00b7", "\"Jesus to a\n      Child\"\u00a0\u00b7", "\"Fastlove\"\u00a0\u00b7", "\"Spinning the\n      Wheel\"\u00a0\u00b7", "\"Older / I Can't Make You\n      Love Me\"\u00a0\u00b7", "\"Star People\n      '97\"\u00a0\u00b7", "\"You Have Been Loved / The\n      Strangest Thing '97\"\u00a0\u00b7", "\"Outside\"\u00a0\u00b7", "\"Freeek!\"\u00a0\u00b7", "\"Shoot the\n      Dog\"\u00a0\u00b7", "\"Amazing\"\u00a0\u00b7", "\"Flawless (Go to the\n      City)\"\u00a0\u00b7", "\"Round Here\"\u00a0\u00b7", "\"John and Elvis Are\n      Dead\"\u00a0\u00b7", "\"An Easier\n      Affair\"\u00a0\u00b7", "\"December Song (I Dreamed of\n      Christmas)\""]}]}, "artist": "George Michael", "lengths": {"length": "3:16"}, "title": "Faith", "recorded": "1987", "label": "Columbia Records", "producers": {"producer": "George Michael"}, "released": "October 12, 1987", "writers": {"writer": "George Michael"}, "formats": {"format": ["CD single", "7\" single"]}, "weeks": {"week": ["1987-12-12", "1987-12-19", "1987-12-26"]}}}