{"top-song": {"album": "Faith", "genres": {"genre": ["Pop", "R&B"]}, "descr": {"p": [{"i": {"#tail": ".", "#text": "Faith"}, "#text": "\"Father Figure\" is the U.S. number-one song written and\n    performed by George Michael and released on Epic Records in\n    1987 as the third single from the album"}, "\"Father Figure\" is a sharp and sensual tale of seduction\n    which is more than five minutes long and epitomized the sexual\n    nature of Michael's writing which he had adopted since the\n    latter years of Wham!.", "The song was actually supposed to be an uptempo dance track,\n    but whilst checking his mix of the song, Michael turned off the\n    snare track and realized he liked the song better without\n    it.", "The video starred Vogue model Tania Coleridge.", "Released in 1987, \"Father Figure\" reached number eleven in\n    the UK singles chart - the first time Michael had failed to\n    reach the top ten in his home country. The song remained a live\n    favourite at Michael's concerts for many years and is also one\n    of his most frequently aired songs on the radio in the UK.", "In the U.S., \"Father Figure\" became George Michael's sixth\n    number one single (counting #1 singles garnered as half of\n    Wham!). \"Father Figure\" debuted at #49 on January 16, 1988,\n    while \"Faith\" was still prominent (at #9) in the top tier of\n    the chart. In the subsequent weeks, \"Father Figure\" was a\n    surefire hit, reaching #1 by its seventh week, February 27,\n    1988, staying at the top for two weeks. Altogether, the single\n    spent 6 weeks in the Top 10, 9 weeks in the Top 20, and 14\n    weeks in the Top 40.", "The music video depicts a relationship between a cab driver\n    (George Michael) and a high fashion model (Tania Coleridge).\n    Various intercut flashbacks tell a backstory that, like the\n    song, can be interpreted in various ways.", "One possible interpretation is that it depicts the breakdown\n    of a relationship. At some point in the past a cab driver and\n    model began an unlikely but passionate relationship. The model,\n    however, had an affair with her photographer, which she quickly\n    regretted. The cab driver suspected the affair, followed her,\n    and discovered the truth. At some point in the future\u2014perhaps\n    the next day, perhaps months later\u2014he appears at a runway show\n    in which she is performing, either to forgive her or to let her\n    know he is aware of the affair.", "Another interpretation is similar to the first, except that\n    the cab driver is the one with whom she is cheating, but he is\n    unaware of it and his discovery of it ends the\n    relationship.", "A completely different interpretation is that the cab driver\n    is a stalker. In this interpretation, there was never a\n    relationship between the cab driver and model in the first\n    place, except in the cab driver's imagination. The cab driver\n    was obsessed with the model (cutting out pictures of her in\n    magazines and putting them on his wall, following her, etc.)\n    and discovered that she was in a relationship with her\n    photographer. In his mind, the cab driver substituted himself\n    in place of her real lover, and convinced himself that they\n    were in love. The stress of this obsession took its toll on the\n    model. The final scene with the cab driver in the audience thus\n    takes on a far more disturbing connotation.", "George Michael and Andy Morahan won \"Best Direction of a\n    Video\" at the 1988 MTV Video Music Awards for \"Father\n    Figure\".", {"span": ["\"Careless\n      Whisper\"\u00a0\u00b7", "\"A Different\n      Corner\"\u00a0\u00b7", "\"I Want Your\n      Sex\"\u00a0\u00b7", "\"Hard Day\"\u00a0\u00b7", "\"Faith\"\u00a0\u00b7", "\"Father\n      Figure\"\u00a0\u00b7", "\"One More Try\"\u00a0\u00b7", "\"Monkey\"\u00a0\u00b7", "\"Kissing a\n      Fool\"\u00a0\u00b7", "\"Praying for\n      Time\"\u00a0\u00b7", "\"Waiting for That\n      Day\"\u00a0\u00b7", "\"Mother's\n      Pride\"\u00a0\u00b7", "\"Freedom! '90\"\u00a0\u00b7", "\"Heal the\n      Pain\"\u00a0\u00b7", "\"Cowboys and\n      Angels\"\u00a0\u00b7", "\"Too Funky\"\u00a0\u00b7", "\"Killer\" / \"Papa Was a\n      Rollin' Stone\"\u00a0\u00b7", "\"Jesus to a\n      Child\"\u00a0\u00b7", "\"Fastlove\"\u00a0\u00b7", "\"Spinning the\n      Wheel\"\u00a0\u00b7", "\"Older / I Can't Make You\n      Love Me\"\u00a0\u00b7", "\"Star People\n      '97\"\u00a0\u00b7", "\"You Have Been Loved / The\n      Strangest Thing '97\"\u00a0\u00b7", "\"Outside\"\u00a0\u00b7", "\"Freeek!\"\u00a0\u00b7", "\"Shoot the\n      Dog\"\u00a0\u00b7", "\"Amazing\"\u00a0\u00b7", "\"Flawless (Go to the\n      City)\"\u00a0\u00b7", "\"Round Here\"\u00a0\u00b7", "\"John and Elvis Are\n      Dead\"\u00a0\u00b7", "\"An Easier\n      Affair\"\u00a0\u00b7", "\"December Song (I Dreamed of\n      Christmas)\""]}]}, "artist": "George Michael", "lengths": {"length": "5:40"}, "title": "Father Figure", "recorded": "1987", "label": "Columbia", "producers": {"producer": "George Michael"}, "released": "January 2, 1988", "writers": {"writer": "George Michael"}, "formats": {"format": "CD single"}, "weeks": {"week": ["1988-02-27", "1988-03-05"]}}}