{"top-song": {"album": "Rock Your Baby", "genres": {"genre": "Disco"}, "descr": {"p": ["\"Rock Your Baby\" is a popular song by George McCrae. Written\n    and produced by Harry Wayne Casey and Richard Finch of KC and\n    the Sunshine Band, \"Rock Your Baby\" was one of the landmark\n    recordings of early disco music. A massive international hit,\n    the song reached number one on the Billboard Hot 100 singles\n    chart in the USA, spending two weeks at the top in July 1974,\n    number one on the R&B singles chart, . and repeating the\n    feat on the UK singles chart, spending three weeks at the top\n    of the chart in July 1974. In total it sold over 11 million\n    copies internationally.", "The backing track for the record had been recorded in 45\n    minutes as a demo, and featured guitarist Jerome Smith (June\n    18, 1953 - July 28, 2000) of KC and the Sunshine Band. The\n    track was not originally intended for McCrae, but he happened\n    to be in the studio, added a vocal, and the resultant\n    combination of infectious rhythm and falsetto vocals made it a\n    hit.", "The hit song later inspired a reply hit \"Rockin' Chair\" sung\n    by Gwen McCrae then-wife of George McCrae released one year\n    later on TK's Cat subsidiary label with the music and\n    arrangements sounding almost near-similar.", {"i": {"#tail": ".", "#text": "L'arte di arrangiarsi"}, "#text": "The song has been covered by Italian singer Spagna in her\n    2004 album"}]}, "artist": "George McCrae", "lengths": {"length": "3:14 (radio edit) 6:24 (album version)"}, "title": "Rock Your Baby", "label": "TK Records", "producers": {"producer": ["Harry Wayne Casey", "Richard Finch"]}, "released": "May 1974", "writers": {"writer": ["Harry Wayne Casey", "Richard Finch"]}, "formats": {"format": "7 inch single"}, "weeks": {"week": ["1974-07-13", "1974-07-20"]}}}