{"top-song": {"album": "Himself", "genres": {"genre": "Pop"}, "descr": {"p": ["\"Alone Again (Naturally)\" is a song by Irish\n    singer\u2013songwriter Gilbert O'Sullivan. It was released in 1972,\n    and in total spent six weeks, non-consecutively, at #1 on the\n    United States Billboard Hot 100 singles chart. In Casey Kasem's\n    American 'Top 40 of the 1970s', \"Alone Again (Naturally)\" was\n    #5 (Debby Boone's \"You Light Up My Life\" was #1). The track\n    reached #3 in the UK Singles Chart.", {"i": {"#tail": "album (2004) on the\n    EMI record label. Big Jim Sullivan plays the guitar break in\n    the original recorded version of the song.", "#text": "The Berry Vest of Gilbert O'Sullivan"}, "#text": "It is an introspective ballad, starting with the singer\n    telling of his plans to commit suicide after being left at the\n    altar, and then telling about the death of his parents.\n    O'Sullivan has said that the song is not autobiographical, as\n    he did not know his father (who died when O'Sullivan was 11)\n    very well, and that his father had mistreated his mother.\n    \"Alone Again (Naturally)\" is included on O'Sullivan's"}, {"i": {"#tail": "centered on the unauthorized use of a sample from\n    \"Alone Again (Naturally)\" by rapper Biz Markie.", "#text": "Grand Upright Music, Ltd. v. Warner Bros. Records\n    Inc."}, "#text": "The landmark 1991 copyright case"}, {"i": [{"#tail": ",", "#text": "Summer Time Machine Blues"}, {"#tail": ",", "#text": "Stuart Little 2"}, {"#tail": "and", "#text": "The Virgin Suicides"}, {"#tail": ". It was also the opening theme song of\n    episode 24 of the Japanese anime", "#text": "Stuck on You"}, {"#tail": "(Sullivan's later hit \"Get Down\" was the\n    closing theme of that same episode, but the producers were\n    unable to use the songs for more than one episode due to\n    copyright problems).", "#text": "Maison Ikkoku"}], "#text": "The song has been featured in a handful of movies and TV\n    shows, including"}, {"i": {"#tail": ". It deals about nostalgic feelings of a sober, but\n    happy childhood in the year 1948, just three years after World\n    War II.", "#text": "1948"}, "#text": "In 1972, the Dutch comedy duo Van Kooten en De Bie wrote a\n    Dutch version of the song, called"}, {"i": {"#tail": ".", "#text": "Love, Life, and Feelings"}, "#text": "Dame Shirley Bassey covered the song on her 1976 album"}, {"i": {"#tail": ", in 2007.", "#text": "Matay Nitnashek"}, "#text": "In 2004, Ehud Manor wrote a Hebrew version of the song. This\n    version is called \"VeShuv Levad\" (Hebrew:", "span": {"#tail": "\u200e,\n    \"Alone Again\"), and sung by Tiki Dayan, an Israeli actress. The\n    Hebrew version was used as the theme song for the Israeli drama\n    series", "#text": "\"\u05d5\u05e9\u05d5\u05d1 \u05dc\u05d1\u05d3\""}}, {"i": [{"#tail": ", \"The Wettest Stories Ever Told\", Comic\n    Book Guy uses it as inspirational music. During the second\n    series of the British television drama", "#text": "The Simpsons"}, {"#tail": ", it is used as an end theme of one episode\n    to signify the despair of the lead character, Sam Tyler.", "#text": "Life on Mars"}], "#text": "In the season 17 episode of"}, {"i": {"#tail": "by 58 - a side project by Motley\n    Crue's Nikki Sixx. The song was covered in 2005 by Elton John\n    and the Pet Shop Boys for a rare 2005 promo of Gilbert\n    O'Sullivan. This cover version was never released\n    commercially.", "#text": "Diet for a New America"}, "#text": "In May 2000, a cover of the song appeared on"}, "Cass Elliot also covered song live.", {"i": {"#tail": ", the lyrics were changed\n    to be more humorous and romantic.", "#text": "Ice Age: Dawn of the Dinosaurs"}, "#text": "The song was also used in"}]}, "artist": "Gilbert O'Sullivan", "title": "Alone Again (Naturally)", "recorded": "1971", "label": "MAM", "producers": {"producer": "Gilbert O'Sullivan"}, "released": "1972", "writers": {"writer": "Gilbert O'Sullivan"}, "formats": {"format": "7\""}, "weeks": {"week": ["1972-07-29", "1972-08-05", "1972-08-12", "1972-08-19", "1972-09-02", "1972-09-09"]}}}