{"top-song": {"album": "Imagination", "genres": {"genre": "Soul"}, "descr": {"p": [{"i": {"#tail": ", \"Midnight Train to Georgia\" won the 1974\n    Grammy Award for Best R&B Vocal Performance By A Duo, Group\n    Or Chorus and has become Knight's signature song.", "#text": "Imagination"}, "#text": "\"Midnight Train to Georgia\" is a 1973 number-one hit single\n    by Gladys Knight & the Pips, their second release after\n    departing Motown Records for Buddah Records. Written by Jim\n    Weatherly, and included on the Pips' 1973 LP"}, "The theme of the song is how romantic love can conquer\n    differences in background. The boyfriend of the song's narrator\n    is a failed musician who left his native Georgia to move to Los\n    Angeles to become a \"superstar, but he didn't get far\". He\n    decides to give up, and \"go back to the life he once knew.\"\n    Despite the fact that she's settled and secure in herself, the\n    narrator decides to move to Georgia with him:", {"i": {"#tail": ". Also,\n    Weatherly's version began with \"Nashville (not L.A.) proved too\n    much for the man.\"", "#text": "Midnight Train to Georgia: The Janus Years"}, "#text": "The song was originally recorded by singer Cissy Houston,\n    and released as a single a year earlier. Jim Weatherly had\n    recorded one of his own songs, \"Midnight Plane to Houston,\" on\n    Jimmy Bowen's Amos Records. \"It was based on a conversation I\n    had with somebody... about taking a midnight plane to Houston,\"\n    Weatherly recalls. \"I wrote it as a kind of a country song.\n    Then we sent the song to a guy named Sonny Limbo in Atlanta and\n    he wanted to cut it on Cissy Houston... he asked if I minded if\n    he changed the title to 'Midnight Train to Georgia.' And I\n    said, I don't mind. Just don't change the rest of the song.'\"\n    Weatherly told Songfacts that the phone coversation was with\n    Farrah Fawcett and he used Fawcett and his friend Lee Majors\n    who she'd just started dating, \"as kind of like characters.\"\n    Cissy Houston took Weatherly's song into the R&B chart. Her\n    version can be found on the CD"}, "Weatherly's publisher forwarded the song to Gladys Knight\n    and the Pips, who followed Houston's lead and kept the title\n    \"Midnight Train to Georgia.\" Their second single for Buddah, it\n    debuted on the Hot 100 at number seventy-one and became the\n    group's first number-one hit eight weeks later, as well as\n    reaching number one on the soul singles chart, their fifth on\n    that chart. On the UK Singles Chart, it peaked at number\n    ten.", {"i": {"#tail": "ranked it #432 on their list of the 500\n    Greatest Songs of All Time.", "#text": "Rolling Stone"}, "#text": "\"Midnight Train to Georgia\" was inducted into the Grammy\n    Hall of Fame in 1999."}, {"i": {"#tail": "Gladys Knight wrote\n    that she hoped the song was a comfort to the many thousands who\n    come each year from elsewhere to Los Angeles to realize the\n    dream of being in motion pictures or music, but then fail to\n    realize that dream and plunge into despair.", "#text": "Between Each Line of Pain and Glory,"}, "#text": "In her autobiography,"}, {"i": [{"#tail": "by director Michael Cimino, in which the\n    character Michael (Robert DeNiro) searches for his friend Nick\n    (Christopher Walken) in a strip club in Saigon as the girls\n    gyrate to \"Midnight Train To Georgia\". The song was also\n    featured in the episode \"Episode 210\" of the NBC sitcom", "#text": "The Deer Hunter"}, {"#tail": ".", "#text": "30 Rock"}], "#text": "The song was featured during a scene in the 1978 film"}, "Initial track recorded at Venture Sound Studios,\n    Hillsborough, New Jersey, 1973:", "Overdubs recorded at Venture Sound Studios:"]}, "artist": "Gladys Knight & the Pips", "lengths": {"length": "4:38"}, "title": "Midnight Train to Georgia", "recorded": "1973", "label": "Buddah", "producers": {"producer": "Tony Camillo & Gladys Knight & the\n    Pips"}, "released": "August 1973", "writers": {"writer": "Jim Weatherly"}, "formats": {"format": "7\" vinyl single"}, "weeks": {"week": ["1973-10-27", "1973-11-03"]}}}