{"top-song": {"genres": {"genre": "Pop/R&B"}, "descr": {"p": "\"She Ain't Worth It\" is a song recorded by Glenn Medeiros\n    with a rap verse from singer Bobby Brown. It hit number one for\n    two weeks on the Billboard Hot 100 on July 21, 1990, becoming\n    Medeiros' only number one and Brown's second and last number\n    one hit after \"My Prerogative\"."}, "artist": "Glenn Medeiros featuring Bobby Brown", "title": "She Ain't Worth It", "released": "1990", "writers": {"writer": ["Antonina Armato", "Bobby Brown", "Ian Prince"]}, "weeks": {"week": ["1990-07-21", "1990-07-28"]}}}