{"top-song": {"album": "Southern Nights", "genres": {"genre": "Country"}, "descr": {"p": ["\"Southern Nights\" is a song written by Allen Toussaint and\n    most famously recorded by country-pop singer Glen Campbell. The\n    song enjoyed immense popularity with both country and pop\n    audiences when Campbell covered it in 1977.", "Campbell had been a leader in crossover music during the\n    1960s and 1970s, and continued that trend when he recorded\n    Toussaint's \"Southern Nights.\" Toussaint recalled his memories\n    of visiting relatives in the Louisiana backwoods when writing\n    the song; often, while listening to stories from his elderly\n    relatives, the young Toussaint would look up in the clear\n    nighttime, star-filled sky.", "Campbell listened to Toussaint's recording of the song and\n    identified with its lyrics, as it reminded him of his days as\n    an Arkansas farm youth. \"My dad told me when I was a kid,\n    'You're having the best time of your life, and you don't even\n    known it.' Sure enough, he was right.\"", "After some modifications to the lyrics, Campbell recorded\n    the song.", {"i": {"#tail": "Hot Country Singles and Billboard Hot\n    100 charts.", "#text": "Billboard magazine"}, "#text": "Released in January 1977, \"Southern Nights\" immediately\n    caught on with both country and pop audiences. The song spent\n    the late winter and early spring climbling both the"}, "Toward the end of March, the song spent two weeks at No. 1\n    on the country chart, and at the end of April, one week at No.\n    1 on the Hot 100. On both charts, it was Campbell's final #1\n    song, his fifth on the country chart, and second on the pop\n    chart. In addition, the song rose to #1 on the adult\n    contemporary chart, where it remained for four weeks; this was\n    Campbell's seventh #1 on this chart.", {"i": {"#tail": "Hot 100. However, he would continue to enjoy\n    success on the country chart, scoring Top 10 hits through the\n    end of 1989.", "#text": "Billboard"}, "#text": "\"Southern Nights\" was Campbell's final Top 10 hit on the"}, "\"Southern Nights\" was certified gold for sales of 1 million\n    units by the Recording Industry Association of America. [3]", "The song was nominated for Song of the Year in 1977 by the\n    Country Music Association, but did not win."]}, "artist": "Glen Campbell", "lengths": {"length": "3:00"}, "title": "Southern Nights", "recorded": "1976", "label": "Capitol Records 4376", "producers": {"producer": "Gary Klein"}, "released": "January 1977 ( U.S. )", "writers": {"writer": "Allen Toussaint"}, "formats": {"format": "7\""}, "weeks": {"week": "1977-04-30"}}}