{"top-song": {"weeks": {"week": ["1942-09-12", "1942-09-19", "1942-09-26", "1942-10-03", "1942-10-10", "1942-10-17", "1942-10-24"]}, "artist": "Glenn Miller", "descr": {"p": ["\"(I've Got a Gal In) Kalamazoo\" is a popular song written by\n    Mack Gordon and Harry Warren published in 1942.", {"i": {"#tail": "and was recorded by Glenn Miller &\n    His Orchestra, featuring Tex Beneke and The Modernaires.", "#text": "Orchestra Wives"}, "#text": "It was featured in the musical film"}, "Academy Awards,"]}, "title": "(I've Got a Gal In) Kalamazoo"}}