{"top-song": {"weeks": {"week": ["1942-01-03", "1942-01-10", "1942-01-17", "1942-01-24", "1942-01-31"]}, "artist": "Glenn Miller", "descr": {"p": [{"i": {"#tail": ", which starred Sonja Henie, John\n    Payne, Glenn Miller and his orchestra, The Modernaires, Milton\n    Berle and Joan Davis. It was performed in the film as an\n    extended production number, featuring vocals by Tex Beneke,\n    Paula Kelly, and the Modernaires followed by a production\n    number showcasing Dorothy Dandridge and an acrobatic dance\n    sequence by The Nicholas Brothers. This was the #1 song across\n    the United States on December 7, 1941. The Glenn Miller\n    recording, RCA Bluebird B-11230-B, was no.1 for nine weeks on\n    the Billboard Best Sellers chart.", "#text": "Sun Valley Serenade"}, "#text": "\"Chattanooga Choo Choo\" is a big-band/swing song which was\n    featured in the 1941 movie"}, {"i": {"#tail": "soundtrack was discovered, allowing\n    reconstruction of a true-stereo version of the film\n    performance.", "#text": "Sun Valley Serenade"}, "#text": "The 78-rpm commercial version of the song was recorded on\n    May 7, 1941 for RCA Victor's Bluebird label and became the\n    first to be certified a gold disc on February 10, 1942, for\n    sales of 1,200,000. The transcription of this award ceremony\n    can be heard on the first of three volumes of RCA's \"Legendary\n    Performer\" compilations on Glenn released by RCA in the 1970s.\n    In the early 1990s a two-channel recording of a portion of the"}, "In 1996, the 1941 recording of \"Chattanooga Choo Choo\" by\n    Glenn Miller and His Orchestra was inducted into the Grammy\n    Hall of Fame.", "The song was written by the team of Mack Gordon and Harry\n    Warren while traveling on the Southern Railway's \"Birmingham\n    Special\" train. The song tells the story of traveling from New\n    York City to Chattanooga. However, the inspiration for the song\n    was a small, wood-burning steam locomotive of the 2-6-0 type\n    which belonged to the Cincinnati Southern Railway, which is now\n    part of the Norfolk Southern Railway system. That train is now\n    a museum artifact (see below). From 1880, most trains bound for\n    America's South passed through the southeastern Tennessee city\n    of Chattanooga, often on to the super-hub of Atlanta. The\n    Chattanooga Choo Choo did not refer to any particular train,\n    though some have incorrectly asserted that it referred to\n    Louisville and Nashville's Dixie Flyer or the Southern\n    Railway's Crescent Limited.", "Today, trains have pride of place in Chattanooga's former\n    Terminal Station. Once owned and operated by the Southern\n    Railway, the station was saved from demolition after the\n    withdrawal of passenger rail service in the early 1970s, and it\n    is now part of a 30-acre (12-hectare) resort complex, including\n    the Chattanooga Choo-Choo Hotel, but in 2009 joining the\n    Historic Hotels of America, and numerous historical railway\n    exhibits. Hotel guests can stay in half of a restored passenger\n    railway car. Dining at the complex includes the Gardens\n    restaurant in the Terminal Station itself, The Station House\n    (which is housed in a former baggage storage room) and the\n    \"Dinner in the Diner\" which is the complex's fine dining venue,\n    housed in a restored 1941 Class A dining car. The city's other\n    historic station, Union Station, parts of which predated the\n    Civil War, was demolished in 1973; its site is now an office\n    building housing the corporate offices of the Krystal\n    restaurant chain. In addition to the railroad exhibits at \"the\n    Choo Choo\", there are further exhibits at Tennessee Valley\n    Railroad Museum, which is in the suburb of East\n    Chattanooga.", "The reputation given to the city by the song also lent\n    itself to making Chattanooga the home of the National Model\n    Railroad Association. In addition, the athletic mascot of the\n    University of Tennessee at Chattanooga is a rather\n    menacing-looking anthropomorphized mockingbird named Scrappy,\n    who is dressed as a railroad engineer and is sometimes depicted\n    at the throttle of a steam locomotive.", {"i": {"#tail": "originally was a named train that did pass\n    through and stop in Chattanooga on its run from Chicago to\n    Miami. That railroad, until 1957 was the Nashville, Chattanooga\n    and St. Louis Railway (NC&StL). The NC&StL was merged\n    into L&N in 1957. Now it is part of CSX.", "#text": "Dixie Flyer"}, "#text": "The"}, {"i": {"#tail": "did not go through Chattanooga, but\n    there were at least three other Southern Railway trains that\n    ran through Chattanooga direct to Washington and on to New York\n    without changing trains.", "#text": "Southern Crescent"}, "#text": "The"}, "The train would not have gone through North Carolina,\n    although the lyrics say \"dinner in the diner, nothing could be\n    finer than to have your ham 'n' eggs in Carolina.\" This longer\n    route via Salisbury and Asheville was all on Southern rails\n    from Washington, DC on southwest.", "Cab Calloway and His Orchestra recorded a cover version of\n    \"Chattanooga Choo Choo\" on the Conqueror record label in 1941\n    as Conqueror 9914.", "Bill Haley & His Comets released a cover of \"Chattanooga\n    Choo Choo\" as an Essex 45 single in 1954 as Essex 348.", "In 1967, the American musical group Harpers Bizarre released\n    a cover version of the song \"Chattanooga Choo Choo\", which\n    reached #45 on the U.S. pop chart while spending two weeks at\n    #1 on the Easy Listening chart (which would later be renamed\n    the Adult Contemporary chart).", "In the 1970s the tune was used in the UK on an advert for\n    Toffee Crisp candy bars, starting with \"Pardon me, boy, is that\n    a Toffee Crisp you chew chew,\" and ending with the final punch\n    line \"Chew chew Toffee crisp, the big value bar.\"", "A cover by Steve Lucky & The Rhumba Bums featured in the\n    film \"Be Cool\" (2005).", {"i": [{"#tail": "). The second, created by the\n    German rock musician Udo Lindenberg in 1983 became very popular\n    because of its political implications. The ironic text of this\n    song", "#text": "Zug nach K\u00f6tzschenbroda"}, {"#tail": "(\"Special Train To Pankow\")\n    appealed personally to GDR's Chairman of the Council of State\n    Erich Honecker. Therefore, the song was widely propagated\n    (though forbidden) in East Germany, it is now considered an\n    early contribution towards the fall of the Berlin Wall.", "#text": "Sonderzug nach Pankow"}], "#text": "The tune was adopted twice for German songs. Both songs deal\n    with trains, and both songs start with (different) translations\n    of \"pardon me\". The first was created and performed in 1947 by\n    the German pop singer Bully Buhlan ("}]}, "title": "Chattanooga Choo Choo"}}