{"top-song": {"descr": {"p": ["\"That Old Black Magic\" is a popular song. The music was\n    written by Harold Arlen, with the lyrics by Johnny Mercer. The\n    song was published in 1942 and has become an often-recorded\n    standard with versions by Glenn Miller, the singers Margaret\n    Whiting, Frank Sinatra, Sammy Davis, Jr., Mercer himself, and\n    others. Mercer wrote the lyrics with Judy Garland in mind, who\n    was, on occasion, an intimate partner. Garland recorded the\n    song for Decca Records in 1942.", "The Glenn Miller recording was released by RCA Victor\n    Records as catalog number 1523. It charted in 1943, spending 14\n    weeks on the Billboard magazine charts, peaking at position\n    #1.", "The Margaret Whiting recording (with the Freddie Slack\n    Orchestra, which got top billing on the label) was released by\n    Capitol Records as catalog number 126. It charted in 1943,\n    spending 1 week at #10 on the Billboard chart.", "Ella Fitzgerald recorded this on her 1961 Verve double-album\n    \"Ella Fitzgerald Sings the Harold Arlen Songbook\".", {"i": {"#tail": ".) Sinatra also sang a slightly\n    altered version of the song titled, \"That Old Jack Magic\" at\n    the inaugural gala he held for John F. Kennedy the night before\n    Kennedy was inaugurated as the thirty-fifth President of the\n    United States.", "#text": "Come Swing With Me"}, "#text": "The Frank Sinatra recorded the song twice: once as a ballad\n    for Columbia, and again in 1961 in a lightly swinging\n    arrangement for Capitol (featured on"}, "A 1950 recording on Mercury Records by Billy Daniels gave\n    him the moniker \"The Old Black Magic Man\" for the rest of his\n    career.", {"i": [{"#tail": "charts, peaking at position #16. Sammy Davis,\n    Jr. performs \"That Old Black Magic\" during a guest appearance\n    on the television series", "#text": "Billboard"}, {"#tail": ".", "#text": "I Dream of Jeannie"}], "#text": "The Sammy Davis, Jr. recording was released by Decca Records\n    as catalog number 29541. It charted in 1955 and spent 6 weeks\n    on the"}, {"i": {"#tail": ", in 1956. Her character Cheree is singing the\n    song (somewhat out of key) to an audience who is not listening\n    and talking loudly, until Don Murray quiets them all down.", "#text": "Bus Stop"}, "#text": "Marilyn Monroe famously sang the song in her film"}, "The duet recorded by Louis Prima and Keely Smith was\n    released as a single in 1958 on the Capitol label. It reached a\n    peak of eighteen on the Billboard Hot 100.", "Bobby Rydell had his version released as a single on Cameo\n    in 1961. It reached number twenty-one on the Hot 100.", {"i": {"#tail": ".", "#text": "My Huckleberry Friend"}, "#text": "Johnny Mercer recorded his version in 1974 for his album"}, {"i": "Star Trek III: The Search for Spock.", "#text": "The tune was featured as background music in the movie,"}, {"i": {"#tail": ". It was sung by Seven of Nine during\n    a simulation of World War II on the first part of the episode\n    \"The Killing Game\". The second time it was performed by The\n    Doctor and Harry Kim and his jazz band called 'Harry Kim and\n    the Kimtones' in the episode \"Virtuoso\".", "#text": "Star Trek: Voyager"}, "#text": "It was featured twice on"}]}, "artist": "Glenn Miller", "lengths": {"length": "mm:ss"}, "title": "That Old Black Magic", "writers": {"writer": ["Harold Arlen (music)", "Johnny Mercer (lyrics)"]}, "weeks": {"week": "1943-05-29"}}}