{"top-song": {"weeks": {"week": "1941-03-15"}, "artist": "Glenn Miller", "descr": {"p": [{"i": {"#tail": ", which depicts the suffering\n    of the burlaks in the depth of misery in Tsarist Russia.", "#text": "Barge Haulers on the Volga"}, "#text": "The \"Song of the Volga Boatmen\" (Russian:", "span": {"#tail": ") is a\n    well-known traditional Russian song collected by Mily\n    Balakirev, and published in his book of folk songs. It is a\n    genuine shanty sung by burlaks, or barge-haulers, on the Volga\n    River. Balakirev published it with only one verse (the first).\n    The other two verses were added at a later date. The song was\n    inspired by Ilya Repin's famous painting,", "#text": "\u042d\u0439, \u0443\u0445\u043d\u0435\u043c!"}}, {"i": {"#tail": "in 1922. He did so at the behest of diplomat Ricardo\n    Baeza, who was working with the League of Nations to provide\n    financial relief for the more than two million Russian refugees\n    who had been displaced and imprisoned during World War I. All\n    proceeds from the song's publication were donated to this\n    effort.", "#text": "Canto de los remeros del Volga (del cancionero musical\n    ruso)"}, "#text": "The song was popularised by Feodor Chaliapin, and has been a\n    favourite concert piece of bass singers ever since. Glenn\n    Miller's jazz arrangement took the song to #1 in the US charts\n    in 1941. Spanish composer Manuel De Falla wrote an arrangement\n    of the song, which was published under the name"}, "ISO:1995 System of Russian Romanization)", {"i": {"#tail": "has led to its being used\n    in many musical situations, particularly as background music,\n    often with the theme of unremitting toil (or, alternatively,\n    devotion to duty) forgotten. Some uses, particularly those\n    portending doom or despair, employ only the iconic four-note\n    beginning; others go so far as to add new, often wryly\n    humorous, lyrics, such as the \"Birthday Dirge\". Some of the\n    uses acknowledge the tune's Russian heritage; very few use the\n    original lyrics.", "#text": "The Song of the Volga Boatmen"}, "#text": "The catchy tune of"}, "The song, or at least the tune, was popularized in the\n    mid-20th Century through a jazz version played by the Glenn\n    Miller Band. A translated vocal version was sung by the leftist\n    figure and singer Paul Robeson.", "The tune is used as the theme song for the Fremantle Dockers\n    AFL teams, albeit with different lyrics.", "It is often used in various classic cartoons (including Tom\n    and Jerry and Bugs Bunny) whenever a character is hauling\n    something from one place to another. The music normally goes\n    from the main (usually the chase) theme which slows down as the\n    character drags the weight, and then transforms into the Song\n    of the Volga Boatmen, which stops as soon as the character gets\n    rid of the weight, and then the music goes back to normal."]}, "title": "Song of the Volga Boatmen"}}