{"top-song": {"album": "Rhinestone\n  Cowboy", "genres": {"genre": "Country"}, "descr": {"p": ["\"Rhinestone Cowboy\" is a song written by Larry Weiss and\n    most famously recorded by country-pop singer Glen Campbell. The\n    song enjoyed immense popularity with both country and pop\n    audiences when it was released in 1975.", {"i": {"#tail": ". Neither that version, nor a cover\n    by Neil Diamond made much of an impression on audiences\n    (although Diamond's version did garner adult contemporary\n    airplay). In late 1974, Campbell heard the song on the radio\n    and, during a tour of Australia decided to learn the song. Soon\n    after his return to the United States, Campbell went to Al\n    Coury's office at Capitol Records, where he was approached\n    about \"a great new song\" \u2014 \"Rhinestone Cowboy.\"", "#text": "Black and Blue Suite"}, "#text": "Weiss wrote and recorded \"Rhinestone Cowboy\" in 1974, and it\n    appeared on his 20th Century Records album"}, "Several music writers noted that Campbell identified with\n    the subject matter of \"Rhinestone Cowboy\" \u2014 survival and making\n    it, particularly when the chips are down \u2014 very strongly. As\n    Steven Thomas Erlewine of Allmusic put it, the song is about a\n    veteran artist \"who's aware that he's more than paid his dues\n    during his career ... but is still surviving, and someday,\n    he'll shine just like a rhinestone cowboy.\"", {"i": {"#tail": "Hot Country Singles and Billboard Hot\n    100 charts before peaking at No. 1 by season's end - three\n    non-consecutive weeks on the country chart, two weeks on the\n    Hot 100.", "#text": "Billboard magazine"}, "#text": "Released in May 1975, \"Rhinestone Cowboy\" immediately caught\n    on with both country and pop audiences. The song spent that\n    summer climbing both the"}, {"i": {"#tail": "country chart, after having been nudged out for\n    a week by \"Feelins'\" by Conway Twitty and Loretta Lynn \u2014\n    \"Rhinestone Cowboy\" topped both the country and Hot 100 charts\n    simultaneously. This was the first time a song had accomplished\n    the feat since November 1961, when \"Big Bad John\" by Jimmy Dean\n    turned the trick.", "#text": "Billboard"}, "#text": "During the week of September 13 \u2014 that was the week the song\n    returned to No. 1 on the"}, {"i": {"#tail": "Hot Country Singles charts. The other songs\n    were \"Before the Next Teardrop Falls\" by Freddy Fender; \"(Hey\n    Won't You Play) Another Somebody Done Somebody Wrong Song\" by\n    B.J. Thomas, \"Thank God I'm a Country Boy\" and \"I'm\n    Sorry\"/\"Calypso,\" both by John Denver; and \"Convoy\" by C.W.\n    McCall.", "#text": "Billboard"}, "#text": "\"Rhinestone Cowboy\" was one of six songs released in 1975\n    that topped both the Billboard Hot 100 and"}, "The song was also the sole Glen Campbell track in a\n    promotional-only compilation album issued by Capitol records\n    entitled \"The Greatest Music Ever Sold\" (Capitol\n    SPRO-8511/8512), that was distributed to record stores during\n    the 1976 Holiday season as part of Capitol's \"Greatest Music\n    Ever Sold\" campaign, which promoted 15 \"Best Of\" albums\n    released by the record label.", "\"Rhinestone Cowboy\" was certified gold for sales of 1\n    million units by the Recording Industry Association of America.\n    [2]", "The song became Glen Campbell's signature song and won\n    numerous awards from the Country Music Association, Academy of\n    Country Music and American Music Awards. The song also obtained\n    nominations for a Grammy Award for Best Country Song as well as\n    for Record of the Year, but could not win.", {"i": {"#tail": ", starring Sylvester Stallone and Dolly\n    Parton.", "#text": "Rhinestone"}, "#text": "\"Rhinestone Cowboy\" served as the basis for the 1984 movie"}, {"i": [{"#tail": "and", "#text": "High School High"}, {"#tail": ", as well as being used in an episode of\n    \"Desperate Housewives\" and \"The Jamie Foxx Show.\"", "#text": "Daddy Day Care"}], "#text": "The song also continues to be heard in movies and\n    television, making the soundtracks of"}, "\"Rhinestone Cowboy\" has been covered by Soul Asylum, Belle\n    and Sebastian, Charley Pride, White Town, David Hasselhoff, DJ\n    Z-Trip & DJ P, Daz Sampson, Radiohead and in an episode of\n    Family Guy, There's Something About Paulie, Peter Griffin\n    (voiced by Seth MacFarlane) sang a brief version of the song.\n    John Barrowman has made a cover version that he has sung during\n    his UK concert tour. He cites it as being a favorite of his\n    partner Scott.", "Guns N' Roses performed \"Rhinestone Cowboy\" live at the\n    Tokyo Dome in Japan on December, 19th, 2009."]}, "artist": "Glen Campbell", "lengths": {"length": "3:08"}, "title": "Rhinestone Cowboy", "recorded": "February-March 1975", "label": "Capitol", "released": "May 1975 ( U.S. )", "writers": {"writer": "Larry Weiss"}, "formats": {"format": "7\""}, "weeks": {"week": ["1975-09-06", "1975-09-13"]}}}