{"top-song": {"album": "Love\n  Tracks", "genres": {"genre": ["Soul", "Disco"]}, "descr": {"p": ["\"I Will Survive\" is a song first performed by Gloria Gaynor,\n    released in October 1978. It was written by Freddie Perren and\n    Dino Fekaris.", "The song's lyrics describe a narrator who finds personal\n    strength while recovering from a breakup; it has often been\n    used as an anthem of female empowerment,, gay empowerment and\n    HIV/AIDS awareness - and is a firm favorite on the karaoke\n    circuit. It is one of the most famous disco songs of all time\n    and Gaynor's biggest hit. It received massive airplay in 1979,\n    reaching number one on the Billboard Hot 100, also reaching\n    number one in the UK the next day.", "The song was originally released as the B-side to a song\n    first recorded by The Righteous Brothers called \"Substitute\", a\n    track thought to have more potential for mainstream success by\n    her record label. It became a worldwide hit for Clout in 1978,\n    instead. Disc jockeys began flipping the single over and\n    eventually copies of the record were pressed with \"I Will\n    Survive\" as the A-side (\"Substitute\" managed to peak at number\n    107 on Billboard's Bubbling Under Hot 100 Singles chart).", "The song was rated number nine on George Carlin's 10 Most\n    Embarrassing Songs of All Time.", {"i": [{"#tail": "magazine's list of \"The 500 Greatest Songs\n    of All Time\". The Song was also listed at #97 on", "#text": "Rolling Stone"}, {"#tail": "[1] In 2000 the\n    song was ranked #1 in VH1's list of the 100 greatest dance\n    songs.", "#text": "Billboard's Greatest Songs of all time."}], "#text": "It received the Grammy Award for Best Disco Recording in\n    1980, the only year that the award was given. It is ranked #489\n    on the"}, "After the success of fellow '70s stars Sister Sledge's\n    remixed singles in the UK in 1993, this song was also released\n    in a remixed form there in about June/July 1993. Also meriting\n    success, this remix reached number five on the UK Singles Chart\n    (while the original version had topped the chart in 1979), but\n    was her only successful remix single in the UK.", "Sheila Reid of Harlem, NY is the featured skater in the\n    video from the skating group, The Village Wizards. They formed\n    at The Village Skating Rink located in Greenwich Village which\n    was the first rollerskating rink to open in Manhattan and was\n    owned by the late Richard \"Dick\" Clammer. The video remains\n    popular and can be seen on VH-1 and You Tube.", {"i": {"#tail": ". This is Gloria Gaynor's least favorite\n    version of the song, due to its use of profanity: lead singer\n    John McCrea altered the line \"I should have changed that stupid\n    lock\" to \"I should have changed my fucking lock.\"", "#text": "Fashion Nugget"}, "#text": "Cake covered the song in a rock style in 1996 on the album"}, "The Cake Version song is also the goalmusic of the Turkish\n    football club Galatasaray SK.", "The music video for Cake's version features John McCrea as a\n    parking control officer who is writing tickets in San\n    Francisco, often at the expense of normally happy people (such\n    as a newly wed couple). This is combined with footage of Todd\n    Roper playing in the streets, Victor Damiani playing on top of\n    a car, and Greg Brown playing in a crowded courtyard.", "R&B singer Chantay Savage scored a Gold selling single\n    with her cover of the song. It is the only cover version of the\n    song to be certifed Gold by the RIAA", "Second Run: April 14, 1979"]}, "artist": "Gloria Gaynor", "lengths": {"length": ["3:18 (45)", "4:20.6 (CD)", "8:01 (12\"/LP)"]}, "title": "I Will Survive", "released": "October 27, 1978", "writers": {"writer": ["Freddie Perren", "Dino Fekaris"]}, "weeks": {"week": ["1979-03-10", "1979-03-17", "1979-04-07"]}}}