{"top-song": {"album": "Into the\n  Light", "genres": {"genre": "Pop"}, "descr": {"p": [{"i": {"#tail": ", becoming the singer\u2019s third number one\n    in the U.S.", "#text": "Into the Light"}, "#text": "\"Coming Out of the Dark\" is a single by American singer and\n    songwriter Gloria Estefan. It was released in 1991 worldwide as\n    the leading and first single of the album"}, "This is the first single released after Estefan's tragic\n    accident\u2014an 18-wheeler rammed her tour bus, nearly causing the\n    singer's death\u2014when her \"Get on Your Feet Tour\" was in\n    progress. It is also the first song that Estefan performed\n    publicly after recovering. The song is inspired by the\n    near-fatal accident and also is dedicated to Emilio Estefan,\n    Jr., Gloria\u2019s husband, who was with her until this dark time\n    ended for the Estefans and their fans.", {"i": [{"#tail": "as well as", "#text": "Cuts Both Ways"}, {"#tail": ".)", "#text": "Into the Light"}], "#text": "The song is a soft-pop song which includes the use of a\n    choir. Among the voices in the choir are Gloria\u2019s colleague,\n    the Cuban singer Jon Secada, and the R&B singer Betty\n    Wright (both had participated in backing vocals on Gloria\u2019s\n    album,"}, "Estefan also recorded the Spanish version of the song,\n    called \"Desde la Oscuridad\". The song was released to\n    Latin-American radio stations and the considerable airplay it\n    received took the song to the Top Five of the Hot Latin Songs\n    chart.", "These are the formats and track listings of major single\n    releases of \"Coming Out of the Dark\".", "Europe CD maxi single ()", "Even though the song was a number one hit in the U.S. (and\n    her last to date), the song didn\u2019t have as much impact in the\n    rest of the world. In Ireland, where Estefan had some high\n    position songs, this single only reached the Top 20; and in UK\n    reached the Top 40, a very low position in comparison to other\n    singles.", "Original versions"]}, "artist": "Gloria Estefan", "title": "Coming Out of the Dark", "recorded": "1990", "label": "Epic Records", "released": "January 10, 1991 \u00a0(1991-01-10) , (see Release\n  history )", "writers": {"writer": ["Gloria Estefan", "Emilio Estefan Jr.", "Jon Secada"]}, "formats": {"format": ["CD single", "CD maxi single", "Cassette Single", "3\" Vinyl Single", "7\" Vinyl Single", "12\" Vinyl Single"]}, "weeks": {"week": ["1991-03-30", "1991-04-06"]}}}