{"top-song": {"album": "Let It Loose", "genres": {"genre": ["Pop", "Adult Contemporary"]}, "descr": {"p": [{"i": {"#tail": ". \"Anything for You\" became a number-one\n    song in the United States during the year 1988, the band's (and\n    Gloria's) first. It topped the magazine Hot 100 chart on\n    May\u00a014, 1988, and remained there for two weeks. The song\n    also spent three weeks at #1 on the Adult Contemporary chart\n    that same year. It also peaked at #3 on the Hot Latin Tracks on\n    June 25, 1988. The B-side of the single was a Spanglish version\n    of the song, with Estefan alternating the verses and chorus\n    between English and Spanish.", "#text": "Let It Loose"}, "#text": "\"Anything for You\" is a popular song and ballad written by\n    Gloria Estefan and sung by Estefan and Miami Sound Machine. The\n    song appeared on their 1987 album,"}, {"i": {"#tail": ", sung completely in Spanish and\n    retitled \"No Te Olvidare (I Won't Forget You).\"", "#text": "Exitos de Gloria Estefan"}, "#text": "The song also appeared on the compilation album"}]}, "artist": "Gloria Estefan and Miami Sound Machine", "lengths": {"length": "4:02 (Album Version) 3:43 (7\" edit)"}, "title": "Anything for You", "recorded": "1987", "label": "Epic Records", "producers": {"producer": "Emilio Estefan"}, "released": "1988", "writers": {"writer": "Gloria Estefan"}, "formats": {"format": "Cassette single"}, "weeks": {"week": ["1988-05-14", "1988-05-21"]}}}