{"top-song": {"album": "Cuts Both Ways", "genres": {"genre": "Pop / Ballad"}, "descr": {"p": [{"i": {"#tail": "and reached number one in the U.S., where\n    it became her second number-one single on the U.S. Billboard\n    Hot 100. The single was certified Gold.", "#text": "Cuts Both Ways"}, "#text": "\"Don't Wanna Lose You\" is a song written and recorded by\n    Gloria Estefan. It was released in 1989 as the first single\n    from the album"}, "The song earned a Grammy Award nomination for Best Female\n    Pop Vocal Performance but lost against Bonnie Raitt's \"Nick of\n    Time\". It also received an American Music Award for Favorite\n    Pop/Rock Single but lost to Milli Vanilli's \"Girl I'm Gonna\n    Miss You\".", "Estefan also recorded \"Si Voy a Perderte\"; which is the\n    Spanish version of this song. \"Si Voy a Perderte\" hit number\n    one on Billboard's Hot Latin Tracks chart. \"Se Tenho que\n    Perder\" is the Portuguese version of this song, and was\n    released as a single in Brazil.", "UK Maxi-CD single ()", "U.S. cassette single () and 7\" single ()"]}, "artist": "Gloria Estefan", "lengths": {"length": "04:12"}, "title": "Don't Wanna Lose You", "label": "Epic Records", "released": "June 21, 1989 \u00a0(1989-06-21) , (see Release history\n  )", "writers": {"writer": "Gloria Estefan"}, "formats": {"format": ["CD Single", "CD maxi single", "Cassette Single", "7-inch single", "12-inch single"]}, "weeks": {"week": "1989-09-16"}}}