{"top-song": {"weeks": {"week": "1950-08-19"}, "artist": "Gordon Jenkins and The Weavers", "descr": {"p": ["\"Goodnight, Irene\" or \"Irene, Goodnight,\" is a 20th century\n    American folk standard, written in 3/4 time, first recorded by\n    American blues musician Huddie 'Lead Belly' Ledbetter in\n    1932.", "The lyrics tell of the singer's troubled past with his love,\n    Irene, and express his sadness and frustration. Several verses\n    make explicit reference to suicidal fantasies, most famously in\n    the line \"sometimes I take a great notion to jump in the river\n    and drown,\" which was the inspiration for the 1964 Ken Kesey\n    novel Sometimes a Great Notion.", "In 1950, US folk group The Weavers recorded a version which\n    became a US #1. Although generally faithful, the Weavers chose\n    to omit some of Lead Belly's more controversial lyrics, leading\n    Time magazine to label it a \"dehydrated\" and \"prettied up\"\n    version of the original.", "Due to the recording's popularity, however, The Weavers'\n    lyrics are the ones generally used today.", "Subsequent to 1950, the song was recorded by numerous\n    artists across several genres. In 2002, Lead Belly's 1936\n    Library of Congress recording received a Grammy Hall of Fame\n    Award.", "The song has also come to fame as being the terrace song for\n    Bristol Rovers FC who play in the English Football League\n    1.", "In 1950, one year after Lead Belly's death, the American\n    folk band The Weavers recorded a version of \"Goodnight, Irene\".\n    The single first reached the Billboard Best Seller chart on\n    June 30, 1950 and lasted 25 weeks on the chart, peaking at\n    #1.", "The Weavers' enormous success inspired many other artists to\n    release their own versions of the song, many of which were\n    themselves commercially successful.", "Frank Sinatra's cover, released only a month after The\n    Weavers', lasted nine weeks on the Billboard magazine Best\n    Seller chart on July 10, peaking at #12. Later that same year,\n    Ernest Tubb & Red Foley had a #1 country music record with\n    the song , and both Dennis Day and Jo Stafford released\n    versions which made the Best Seller chart, peaking at #22 and\n    #26 respectively.", "On the Cash Box chart, where all available versions were\n    combined in the standings, the song reached a peak position of\n    #1 on September 2, 1950, and lasted at #1 for 10 weeks.", "The song was basis for the 1950 parody called \"Please Say\n    Goodnight to the Guy, Irene\" by Ziggy Talent. It also inspired\n    the 1954 \"answer\" record \"Wake Up, Irene\" by Hank Thompson, a\n    top ten hit on Billboard's country chart.", "Band From TV did a cover of the song, with Hugh Laurie doing\n    piano and vocals.", "The Dixie Chicken in College Station plays this song at\n    closing time, 2 a.m. every night of the week."]}, "title": "Goodnight, Irene"}}