{"top-song": {"album": "Sundown", "genres": {"genre": "Folk"}, "descr": {"p": ["\"Sundown\" is one of the most popular songs by Canadian folk\n    artist Gordon Lightfoot. Released in 1974, \"Sundown\" allowed\n    Lightfoot to regain the momentum that his career had taken\n    three years earlier with \"If You Could Read My Mind\" and other\n    songs.", "It reached number one on the U.S. Billboard Hot 100 and\n    adult contemporary charts, as well as number thirteen on the\n    country chart.", "\"Sundown\" was inspired by his then girlfriend, Cathy Smith,\n    later more infamously known for her involvement in the death of\n    John Belushi. Lightfoot has commented in interviews that she\n    was \"the one woman in my life who most hurt me.\"", "Engineered by Lee Herschberg, Recorded at Eastern Sound\n    Studios, Toronto, Ontario, Canada."]}, "artist": "Gordon Lightfoot", "lengths": {"length": "3:37"}, "title": "Sundown", "label": "Reprise", "producers": {"producer": "Lenny Waronker"}, "released": "1974", "writers": {"writer": "Gordon Lightfoot"}, "formats": {"format": "7\" 45 RPM"}, "weeks": {"week": "1974-06-29"}}}