{"top-song": {"album": "We're an American Band", "genres": {"genre": "Hard rock"}, "descr": {"p": ["\"We're an American Band\" (from the album of the same name)\n    is a 1973 song by the band Grand Funk Railroad. It was the\n    group's first number one single. Written by Don Brewer and\n    produced by Todd Rundgren, the huge chart success of this\n    single broadened Grand Funk's appeal to a much wider\n    audience.", "It is the 99 song on VH1's 100 Greatest Hard Rock Songs.", "Brewer's lyrics are somewhat autobiographical, detailing the\n    band's recent tour and their energetic live performances. In\n    the song, the band mentions traveling through Little Rock,\n    Arkansas, as well as stopping to party with four groupies that\n    sneak into their hotel in Omaha, Nebraska. The lyrics also\n    mention \"sweet sweet Connie\", which is the first name of\n    legendary groupie Connie Hamzy.", {"i": {"#tail": ", Grand Funk was touring with\n    the British group Humble Pie in early 1973. After one\n    performance, the two groups were drinking in a bar when the two\n    groups began arguing over the merits of British versus American\n    rock. Grand Funk drummer Don Brewer stood up and after bragging\n    about American rock heroes such as Jerry Lee Lewis, Fats\n    Domino, Little Richard and Elvis Presley, proudly announced,\n    \"We're an American band!\" Thus inspired, Brewer wrote the song\n    the next morning, and it was the top selling song in the world\n    by September of 1973. A video was also made, showing the band\n    playing the song as well as engaging in activities such as\n    basketball, dirtbike riding and watersports.", "#text": "The Heart of Rock and Soul"}, "#text": "According to rock critic/writer Dave Marsh in his book,"}, "The original single was released on gold transparent\n    vinyl.", {"i": {"#tail": ".", "#text": "Radio"}, "#text": "The song is played as backdrop music during a high school\n    football game in the film"}, {"i": {"#tail": "with Sam Tyler (Jason O'Mara) impersonating\n    Michael Jackson while dancing to it.", "#text": "Life on Mars"}, "#text": "This song was used on ABC's"}, {"i": {"#tail": "and the corresponding video won \"Best New\n    Video\" (one of six nominated summer rock videos) on MTV July\n    3rd/4th, 1983 announced by Lindsay Buckingham and VJ Alan\n    Hunter.", "#text": "American Metal"}, "#text": "The band Americade covered the song for their 1982 album\n    release"}, {"i": {"#tail": "in early 1986, replacing the original\n    track #6, which was released in October, 1985. The \"Up all\n    night with Freddie King, I got to tell you poker's his thing\"\n    portion early in the song is replaced by \"Up all night, sleep\n    all day, I got to tell you that's how we play\" for unknown\n    reasons, possibly because of King's death ten years\n    earlier.", "#text": "That\u2019s the Stuff"}, "#text": "Autograph covered the song in November, 1985 and had it\n    added to their second album"}, {"i": [{"#tail": "compilation which\n    peaked at number 17 on the Billboard 200 The song was slightly\n    changed replacing the line \"And we proceeded to tear that hotel\n    down\" with the line \"And Poison tore that hotel down.\" It was\n    also on the Poison cover album", "#text": "The Best of Poison: 20 Years of Rock"}, {"#tail": ".", "#text": "Poison'd"}], "#text": "Poison covered the song and released it as a single for\n    their"}, "Kid Rock covered the song during one year's MTV Video Music\n    Awards, substituting \"We'll help you party down\" with \"We'll\n    take your panties down\".", "All-accordion rock band Those Darn Accordions parodied this\n    song as \"We're An Accordion Band\", substituting many of the\n    lyrics with references to famous accordion players such as\n    Myron Florin and Flaco \"The King\" Jimenez\". They replace \"We'll\n    help you party down\" with \"We'll help you polka down\".", {"i": {"#tail": "utilizing Jesse Dupree's unique vocal\n    style.", "#text": "Choice Cuts"}, "#text": "Jackyl covered the song for their 1998 compilation release"}, "The Village People, as well as Phish, cover the song as part\n    of their live repertoire.", {"i": {"#tail": "LP in 1983.", "#text": "Just An American Band"}, "#text": "The Hardcore Punk Band Verbal Abuse covered the song on\n    their"}, {"i": "Randy Jackson\u2019s Music Club: Volume One.", "#text": "Singers Aly & AJ have covered this song for"}]}, "artist": "Grand Funk", "title": "We're an American Band", "recorded": "1973", "label": "Capitol Records", "producers": {"producer": "Todd Rundgren"}, "released": "1973", "writers": {"writer": "Don Brewer"}, "weeks": {"week": "1973-09-29"}}}