{"top-song": {"album": "Locomotion", "genres": {"genre": ["Pop", "rhythm and blues"]}, "descr": {"p": ["\"The Loco-Motion\" is a 1962 popular music song written by\n    American songwriters Gerry Goffin and Carole King. The song is\n    notable for appearing the American Top 5 three times \u2013 each\n    time in a different decade: for Little Eva during 1962 (U.S.\n    #1); for Grand Funk Railroad in 1974 (U.S. #1); and for Kylie\n    Minogue in 1988 (U.S. #3).", "The song is a popular and enduring example of the dance-song\n    genre: much of the lyrics are devoted to a description of the\n    dance itself, usually done as a type of line dance. However,\n    the song came before the dance.", {"i": {"#tail": "magazine's list of \"the 500 Greatest Songs\n    of All Time\".", "#text": "Rolling Stone"}, "#text": "\"The Loco-Motion\" is ranked #350 on the"}, "\"The Loco-Motion\" is also one of only nine songs to reach US\n    #1 by two different artists.", "The original recording of the song was sung by Eva Boyd,\n    under the stage name Little Eva. Boyd was actually Carole\n    King's babysitter, having been introduced to King and husband\n    Gerry Goffin by The Cookies, a local girl group who would also\n    record for the songwriters. \"The Loco-Motion\" was the first\n    release by the new Dimension Records company, whose releases\n    were mostly penned and produced by Goffin and King, and reached\n    #1 in China during 2001.", "A cover version of the song was recorded quickly by British\n    girl group The Vernons Girls and scored the chart the same week\n    as the Little Eva version. The Vernons Girls' version stalled\n    at #47 in the UK, while the Little Eva version reached #2 on\n    the UK charts. It re-entered the chart some ten years later and\n    almost became a top ten again, peaking at #11.", "In the United States, \"The Loco-Motion\" was the sixth most\n    successful single of 1962 according to Billboard. It was also\n    the third most successful single of 1962 in South Africa.", {"i": {"#tail": ".", "#text": "Inland Empire"}, "#text": "The Little Eva version of the song was featured by the 2006\n    David Lynch film"}, "The widely-believed story of how the song \"The Loco-Motion\"\n    came to be is that Carole King was playing music at home and\n    Eva Boyd was doing some chores and started dancing to it; the\n    dance The Loco-Motion was born. However, this is not true. Eva\n    Boyd was introduced to Goffin and King and they realized she\n    had a good singing voice, so they had her record \"The\n    Loco-Motion.\" Carole King stated this during an interview on\n    National Public Radio (NPR) shortly after Little Eva died.", "As the song came before the dance, there was no dance when\n    the song was originally written. When the song became a smash\n    hit, Eva Boyd ended up having to create a dance to go along\n    with the song. Carole King stated this in her \"One to One\"\n    concert video.", "In live performances of the song, Little Eva can be seen\n    doing her version of the dance.", {"i": {"#tail": "album and, released as a single, scored #1 on\n    the U.S. charts. The Grand Funk version of the song featured\n    guitars, several layers of harmony, and heavy drums.", "#text": "Shinin' On"}, "#text": "American hard rock group Grand Funk Railroad recorded a\n    version of the song during 1974, produced by Todd Rundgren. The\n    song appeared on their album"}, "A cover version of \"The Loco-Motion\" was the debut single by\n    Australian popular music singer Kylie Minogue.", {"i": {"#tail": ", Minogue was signed a record deal by Mushroom\n    Records to release the song as a single. The single was\n    released on July 28, 1987 in Australia, Sweden and Italy under\n    the title \"Locomotion\". The song was a success in Australia,\n    reaching number one and remaining there for seven weeks. The\n    success of the song in her home country resulted in her signing\n    a record deal with PWL Records in London and to working with\n    the successful team Stock Aitken & Waterman.", "#text": "Neighbours"}, "#text": "After an impromptu performance of the song at an Australian\n    rules football charity event with the cast of the Australian\n    soap opera"}, "In 1988, a re-recorded version produced by Stock Aitken\n    & Waterman was released worldwide with the title \"The\n    Loco-Motion\". This release again was a major success, reaching\n    the top five in the United Kingdom, the United States, and\n    Canada. Minogue's version of the track appeared in the 1988\n    film Arthur 2: On The Rocks, starring Dudley Moore and Liza\n    Minnelli.", "The music video for \"Locomotion\" was filmed at Essendon\n    Airport and the ABC studios in Melbourne, Australia. The video\n    for \"The Loco-Motion\" was created out of footage from the\n    Australian music video.", {"i": {"#tail": "at the Canadian Music Industry\n    Awards.", "#text": "Best International Single"}, "#text": "Near the end of 1988, the song was nominated for"}, "The 1987 \"Locomotion\" release was a huge hit in Minogue's\n    native Australia, reaching number one on the AMR singles chart\n    and remaining there for seven weeks. The song set the record as\n    the biggest Australian single of the decade. Throughout Europe\n    and Asia the song also performed well on the music charts,\n    reaching number one in Belgium, Finland, Ireland, Israel,\n    Japan, and South Africa.", "The 1988 release of the song in the United Kingdom debuted\n    at number two on the singles chart \u2014 the highest entry on the\n    UK singles charts by a female artist \u2014 due to strong 7\" single\n    sales and radio airplay. It remained in the number two position\n    for four weeks before falling to number three. With sales of\n    440,000 it was the 11th best selling single of the year. The\n    song became Minogue's third top five rated single in the UK and\n    remains one of her most successful single releases to date.", "During late 1988, Minogue traveled to the United States to\n    promote \"The Loco-Motion\", where she did many interviews and\n    performances on American television.", "\"The Loco-Motion\" debuted at number eighty on the U.S.\n    Billboard Hot 100 and later climbed to number three for two\n    weeks. The song was Minogue's second single to chart in the\n    U.S., but her first to reach the top ten. It remains her best\n    success in the United States. She would not even reach the top\n    ten again until 2002 with the release of \"Can't Get You Out Of\n    My Head\", which reached number seven on the chart.", "In Canada, the song also reached the top spot in the pop\n    sales charts.", "Kylie performed the song on the following concert tours:", "The song was also performed on:", "Peru top.100 No.1 for 3 weeks in Nov 1988, ask peru top.100\n    for info!!", "In 1962, French singer Sylvie Vartan recorded a version of\n    the song in French called \"Le Locomotion.\" It went to #1 in\n    France on October 13, 1962 and remained there for one week.", {"i": {"#tail": "released July 12, 2005. The album\n    peaked at number 17 on the US album chart on July 30, 2005.", "#text": "The Living Room Tour"}, "#text": "Carole King herself sings the song on her live album"}, {"i": {"#tail": ". The album peaked at\n    number 44 and spawned King's last top 40 hit to-date, One Fine\n    Day, which would reach number 12 on the charts.", "#text": "Pearls: Songs of Goffin and King"}, "#text": "She also recorded a version for her 1980 album"}, "The song has inspired dozens of cover versions over the\n    years. Besides those already mentioned:", {"i": {"#tail": "album released during the same year.", "#text": "musiQ"}, "#text": "Orange Range used the melody line of \"The Loco-Motion\" on\n    their 2004 song \"Locolotion\" which became the number-one\n    success on the Japanese singles chart. The commercially\n    successful song brought about controversy because Goffin and\n    King were not indicated on its songwriting credit, therefore\n    their name were later added as co-writers to avoid lawsuits,\n    when the song was featured on the band's"}]}, "artist": "Grand Funk", "lengths": {"length": "2:27"}, "title": "The Loco-Motion", "label": "Dimension Records", "producers": {"producer": "Gerry Goffin"}, "released": "June 1962", "writers": {"writer": ["Gerry Goffin", "Carole King"]}, "formats": {"format": ["7\"", "45rpm"]}, "weeks": {"week": ["1974-05-04", "1974-05-11"]}}}