{"top-song": {"album": "Shake You Down", "genres": {"genre": ["Soul", "R&B"]}, "descr": {"p": ["\"Shake You Down\" is the title track from Gregory Abbott's\n    debut album, released in 1986. As a single, it became Abbott's\n    biggest hit and was certified platinum by the RIAA.", "Gregory Abbott wrote the song along with over thirty others\n    before striking a record deal with CBS. He recorded a demo tape\n    and chose the best three. Prior to achieving success on the\n    charts he worked with Freda Payne.", {"i": {"#tail": ". It went to number one on the black\n    singles chart in October 1986, and on January 17, 1987, it\n    reached the top spot on the Billboard Hot 100 singles chart. It\n    was a hit across the Atlantic Ocean, as well, peaking at number\n    six in the UK Singles Chart (spending a total of 13 weeks on\n    that chart from 22 November 1986). It was not intended as the\n    original single to promote the album, as \"I Got the Feeling\"\n    was scheduled to be the first single. It was postponed as the\n    follow-up, peaking at #56.", "#text": "Gregory Abbott"}, "#text": "\"Shake You Down\" was released as the first single from"}]}, "artist": "Gregory Abbott", "lengths": {"length": "4:04"}, "title": "Shake You Down", "recorded": "CBS 06191(1986)", "label": "Columbia", "producers": {"producer": "Gregory Abbott"}, "released": "September 1986", "writers": {"writer": "Gregory Abbott"}, "formats": {"format": "Vinyl record (7\")"}, "weeks": {"week": "1987-01-17"}}}