{"top-song": {"album": "Appetite for\n  Destruction", "genres": {"genre": ["Hard rock", "heavy metal"]}, "descr": {"p": [{"i": {"#tail": ". Released on August 18, 1988,\n    the song topped the Hot 100 chart, becoming the band's first\n    and only number-one single, and reached number six on the UK\n    Singles Chart.", "#text": "Appetite for Destruction"}, "#text": "\"Sweet Child o' Mine\" is the third single by American hard\n    rock band Guns N' Roses, and the third from their 1987 debut\n    studio album,"}, {"i": {"#tail": "magazine in 1988, bassist Duff McKagan\n    noted:", "#text": "Hit Parader"}, "#text": "Slash has been quoted as having a disdain for the song due\n    to its roots as simply a 'string skipping' exercise and a joke\n    at the time. In a VH1 special, it was stated that Slash played\n    the riff in a jam session as a joke. Drummer Steven Adler and\n    Slash were warming up and Slash began to play a \"circus\" melody\n    while making faces at Steven. Izzy asked Slash to play it\n    again, meanwhile Axl was upstairs to in his room and heard the\n    'jam session' going on downstairs and couldnt help but write\n    lyrics. He based it on his girlfriend Erin Everly. With Steven\n    Adler's added drum part, the harmony became the core of the\n    song. Originally, there was a third verse to the song. However,\n    this verse was later cut from recording as the band's producer,\n    Spencer Proffer, felt the song would carry on for too long. The\n    final dramatic breakdown was not added until Proffer suggested\n    the band add one. They agreed, but weren't sure what to do. Axl\n    started saying to himself, \"Where do we go? Where do we go\n    now?\" Spencer suggested that he sing that, and \"Sweet Child o'\n    Mine\" was born. In an interview with"}, "The \"Sweet Child o' Mine\" video depicts the band rehearsing\n    in an abandoned theater, surrounded by crew members. All of the\n    band members' girlfriends at the time were shown in the clip.\n    Izzy Stradlin's dog was also featured. The video was extremely\n    successful on MTV, and helped launch the song to success on\n    mainstream radio.", {"i": {"#tail": ": \"I hate the edit of 'Sweet Child o'\n    Mine.' Radio stations said, \"Well, your vocals aren't cut.\" \"My\n    favorite part of the song is Slash's slow solo; it's the\n    heaviest part for me. There's no reason for it to be missing\n    except to create more space for commercials, so the\n    radio-station owners can get more advertising dollars. When you\n    get the chopped version of 'Paradise City' or half of 'Sweet\n    Child' and 'Patience' cut, you're getting screwed.\"", "#text": "Rolling Stone"}, "#text": "In an effort to make \"Sweet Child o' Mine\" more marketable\n    to MTV and radio stations, the song was cut from 5:56 minutes\n    to 4:12, with much of Slash's guitar solo removed. This move\n    drew the ire of the band members, including Axl Rose, who\n    commented on it in a 1989 interview with"}, "On an interview on Eddie Trunk's New York radio show in May\n    2006, Axl Rose stated that his original concept for the video\n    focused on the theme of drug trafficking. According to Rose,\n    the video was to depict an Asian woman carrying a baby into a\n    foreign land, only to discover at the end that the child was\n    dead and filled with heroin. This concept was rejected by\n    Geffen Records.", "There is also an alternative video for \"Sweet Child o' Mine\"\n    with different shots, all in black and white. It can be watched\n    in Guns N' Roses/VEVO official channel on YouTube.", {"i": [{"#tail": "'s list of the \"100 Greatest Guitar Solos.\"\n    It also came in at number three on", "#text": "Guitar World"}, {"#tail": "'s 500 Greatest Songs Since You Were Born, and at\n    number 196 on", "#text": "Blender"}, {"#tail": "'s The 500 Greatest Songs of All Time. In\n    March 2005, magazine placed it at number 6 in its list of the\n    100 Greatest Guitar Tracks. The introduction's famous riff was\n    also voted number-one riff of all-time by the readers of", "#text": "Rolling Stone"}, {"#tail": "magazine. It was also in", "#text": "Total Guitar"}, {"#tail": "s 40 Greatest Songs that Changed the\n    World. It places number 7 in VH1's \"100 Best Songs of the 80s\",\n    and placed #210 on the RIAA Songs of the Century list. On a\n    recent BBC poll, the song was voted to have the \"greatest\n    guitar riff ever\".", "#text": "Rolling Stone'"}], "#text": "\"Sweet Child o' Mine\" placed #37 on"}, {"i": [{"#tail": "'s Slash's top 30 guitar anthems. The song is\n    currently ranked as the 91st greatest song of all time, as well\n    as the best song of 1987, by Acclaimed Music. Recently, it was\n    again popularized by its appearance in", "#text": "Kerrang!"}, {"#tail": ", spreading the song to a younger\n    generation of listeners. The famous intro makes the song one of\n    the most easily recognizable tunes of all time. In October 2009\n    it came first in", "#text": "Guitar Hero II"}, {"#tail": "'s 100 greatest riffs.", "#text": "Kerrang!"}], "#text": "The song came 1st in"}, "The first time this song appeared in a movie was in 1988, it\n    played as the credits were rolling for the movie Bad\n    Dreams.", {"i": {"#tail": ". The song is played when Randy \"The Ram\"\n    Robinson (played by Mickey Rourke) makes his entrance to the\n    ring at the end of the film. Rourke, who is friends with Axl\n    Rose, convinced him to allow the song to be played in the film\n    for a fraction of what would have been normally charged. Rourke\n    himself used the song as his entrance music during his boxing\n    career.", "#text": "The Wrestler"}, "#text": "\"Sweet Child o' Mine\" is featured in the 2008 film"}, {"i": {"#tail": ".", "#text": "Step Brothers"}, "#text": "It is also sung a capella by Derek's family in the 2008 film"}, {"i": {"#tail": ".", "#text": "State of Grace"}, "#text": "The song is also in the Sean Penn, Gary Oldman film"}, {"i": {"#tail": ".", "#text": "Big Daddy"}, "#text": "An extract of this song was also featured in the Adam\n    Sandler film,"}, {"i": {"#tail": "in 2005.", "#text": "Rock for Asia"}, "#text": "The song has been covered by many artists including Texas,\n    Most Precious Blood, Akasha featuring Neneh Cherry, DJ Dougall,\n    Schmoof, Flat Pack, Luna, Chester the Pup, Bumblefoot, Dead\n    Tongues, DJ Dex & A, The Aluminium Group and DZK. The song\n    was also performed in many live concerts by country singer\n    Carrie Underwood, opening with her alone on acoustic guitar and\n    using her voice to reference Slash's intro guitar tones before\n    launching into a full band rock-out. Bonnie Tyler performed it\n    on the for Charity DVD"}, {"i": {"#tail": "mixtape, titled \"S.C.O.M.\"(Sweet Child o'\n    Mine). Avenged Sevenfold frequently use the opening riff as a\n    segue between songs during live concerts.", "#text": "Fort Minor"}, "#text": "Occasionally, as a joke, Linkin Park performs parts of the\n    song during some concerts. The Manic Street Preachers also\n    frequently play it as an introduction to their song \"Motown\n    Junk\" in live concerts. The main riff is replayed by Red Hot\n    Chili Peppers at the end of the song \"Punk Rock Classic\". The\n    intro is also sampled in a song on the"}, {"i": [{"#tail": ". Crow's version earned her a Grammy Award for\n    Best Female Rock Vocal Performance. The new Guns N' Roses\n    version which morphed into a live version half way through was\n    not featured on the original soundtrack album of the movie, but\n    can be heard during the movie's ending credits. The song was\n    also featured in the 1990 film", "#text": "Big Daddy"}, {"#tail": ", in a bar during a brawl.", "#text": "State of Grace"}], "#text": "In 1999, the song was covered by Sheryl Crow and re-recorded\n    by the then-new Guns N' Roses members for the film"}, "It was performed on December 2, 2006 at the Nokia Theatre\n    Times Square in New York City by jam band Umphrey's McGee.", "Black Eyed Peas usually performs the first verses of this\n    song as well during their live shows. Turbonegro uses the intro\n    as Introlick for the Song Bad Mongo played live.", {"i": {"#tail": ".", "#text": "Guitar Hero II"}, "#text": "A cover of the song is featured as a special encore in the\n    music video game"}, {"i": {"#tail": ". Part of the song is used in scenes of a little\n    girl. The song ends when a sound of a gunshot is heard\n    indicating that the girl in the scenes is the deceased daughter\n    of the show's main character Leroy Jethro Gibbs.", "#text": "NCIS"}, "#text": "Part of the song is featured at the beginning of the episode\n    \"Witch Hunt\" of the hit CBS show"}, "\"Sweet Child o' Mine\" was also covered in 2005 by\n    Flatpack/Mylo.", "The song \"Homecoming Queen\" by Hinder bears a strong\n    resemblance to \"Sweet Child o Mine.\"", "Slash performed \"Sweet Child o' Mine\" with Fergie at his\n    recent 43rd birthday party in Las Vegas at the Mirage Hotel\n    & casino on July 23, 2008.", "During the 2008 Reading Festival, band Tenacious D announced\n    they were going to perform a cover of one of Metallica's most\n    well known songs as a tribute. They then proceeded to play the\n    opening riff to \"Sweet Child o' Mine\".", "Swedish music artist Johan Darius released a version of the\n    song through his website in December 2008.", {"i": [{"#tail": "and", "#text": "Big Tunes"}, {"#tail": ".", "#text": "The Annual 2005"}], "#text": "Irish dance act The Lazy Boyz recorded a trance version in\n    2004. It went on to appear on two Ministry of Sound\n    compilations,"}, {"i": "Andrew Denton's Musical Challenge", "#text": "Australian vocal group Human Nature performed a cappella\n    version on"}, "SR-71's song, \"Axl Rose\", contains part of the opening\n    riff.", {"i": {"#tail": ", and in a 2009 UK advert for\n    department store John Lewis and announced would be released as\n    their next UK single. This cover peaked at #23 on the UK\n    Singles Chart.", "#text": "The Last House on the Left"}, "#text": "Indie pop artist Victoria Bergsman, under the name Taken by\n    Trees, also covered the song. Her version was used in the\n    trailer for the remake of the Wes Craven film"}, "A version of this song was performed by Lucie Jones on the\n    sixth series of (UK) in 2009.", "During the Use Your Illusion Tour, Axl Rose would sometimes\n    sing a few lines from songs by other artists as an\n    'introduction' to the song. The songs used were:"]}, "artist": "Guns N' Roses", "lengths": {"length": "4:12 (Radio Edit) 5:56 (Album Version)"}, "title": "Sweet Child o' Mine", "recorded": "1987", "released": "August 18, 1988", "formats": {"format": ["7\" vinyl", "10\" vinyl", "12\" vinyl", "CS", "CD"]}, "weeks": {"week": ["1988-09-10", "1988-09-17"]}}}