{"top-song": {"weeks": {"week": ["1959-12-14", "1959-12-21"]}, "artist": "Guy Mitchell", "descr": {"p": ["\"Heartaches by the Number\" is a popular and country song\n    written by Harlan Howard and published in 1959.", "The biggest hit version was recorded by Guy Mitchell on\n    August 24, 1959. It reached the number-one spot on the\n    Billboard Hot 100 for the weeks of December 14 and December 21,\n    1959. The recording was released by Columbia Records as catalog\n    number 41476.", {"i": {"#tail": "Hot C&W Sides chart.", "#text": "Billboard"}, "#text": "Earlier in the year, the song also made the country music\n    charts in a version by Ray Price. Price's version reached\n    number two and spent 40 weeks on the"}, "Bing Crosby recorded the song for his 1965 album \"Bing\n    Crosby Sings The Great Country Hits\"", "In 1979, it was one of the last songs to be recorded by Bill\n    Haley."]}, "title": "Heartaches by the Number"}}