{"top-song": {"weeks": {"week": "1944-04-22"}, "artist": "Guy Lombardo", "descr": {"p": ["\"It's Love, Love, Love\" is a popular song.", "The music was written by Joan Whitney and Alex Kramer, with\n    lyrics by Mack David, and published in 1943.", "The best-known recording was by Guy Lombardo and his Royal\n    Canadians. It was recorded on January 7, 1944, and released by\n    Decca Records as catalog number 18589. It first reached the\n    Billboard magazine Best Seller chart on April 6, 1944 and\n    lasted 10 weeks on the chart, peaking at #1."]}, "title": "It's Love-Love-Love"}}