{"top-song": {"album": "Love. Angel. Music.\n  Baby.", "genres": {"genre": ["Pop", "Dance", "Hip hop"]}, "descr": {"p": [{"i": [{"#tail": "As part of Stefani's vision of\n    creating \"a silly dance record\", the song is influenced by\n    1980s dance and pop music. They wrote the song as a response to\n    Courtney Love's statement that Stefani was a \"cheerleader\" in\n    an interview with", "#text": "Love. Angel. Music. Baby."}, {"#tail": "magazine.", "#text": "Seventeen"}], "#text": "\"Hollaback Girl\" is a song written by singer Gwen Stefani\n    and Pharrell for Stefani's debut solo album"}, {"i": {"#tail": ", does not.", "#text": "Love. Angel. Music. Baby."}, "#text": "The song was released as the album's third single in early\n    2005 (see 2005 in music) and was one of the year's most popular\n    songs, peaking inside the top ten on the majority of the charts\n    it entered. It reached number one in Australia and the United\n    States, where it became the first digital download to sell one\n    million copies. \"Hollaback Girl\" received many award\n    nominations, including Best Female Pop Vocal Performance and\n    Record of the Year at the 48th Grammy Awards, yet it divided\n    pop music critics. The CD single has a \"Parental Advisory:\n    Explicit Content\" label, while the album,"}, "The song was listed at #180 on Pitchfork Media's top 500\n    songs of the 2000s. Hollaback Girl is 41st most popular song of\n    the decade according to Billboard Magazine.", {"i": {"#tail": "; however, a case of writer's\n    block resulted in reportedly uninspired collaborations. As the\n    album neared completion, Stefani regained her confidence and\n    booked another session with The Neptunes. Stefani flew to New\n    York City to meet up with Williams, and after finishing two\n    songs within a week, Stefani ended the session early and\n    prepared to return home. A few minutes later, Williams called\n    her back into the studio to write another song. Stefani said,\n    \"I was tired. I wanted to go home, but he was like, 'Don't\n    leave yet.", "#text": "Love. Angel. Music. Baby."}, "#text": "Stefani had worked with The Neptunes (Pharrell Williams and\n    Chad Hugo) during the early stages of writing", "span": {"#tail": "'", "#text": "\""}}, "When she returned to the studio, Williams began to play\n    Stefani his first solo album, and she became envious. Excited\n    by his material, she decided to write another song with\n    Williams, despite her opinion that the album already contained\n    far too many tracks.", {"i": {"#tail": ".", "#text": "Seventeen"}, "#text": "To search for inspiration, Stefani and Williams had a\n    lengthy discussion in which Stefani said that she had yet to\n    write a song about her intentions for pursuing a solo career.\n    She remarked how the album was missing an \"attitude song\", and\n    she recalled a derogatory comment that grunge musician Courtney\n    Love had made about her in an interview with teen magazine"}, {"i": {"#tail": ":", "#text": "NME"}, "#text": "Stefani responded in the March 2005 issue of"}, "Stefani believed that some of the fans of No Doubt would be\n    upset with her solo effort, commenting, \"[They] were probably\n    like, 'Why is she doing this record? She's going to ruin\n    everything'.\" She revealed that she too did not know why she\n    was recording a solo album. For the remainder of the evening,\n    Stefani and Williams incorporated this inspiration into the\n    lyrics that eventually became \"Hollaback Girl\". The two decided\n    that Stefani did not have to have an answer for her intentions\n    and that the choices she made were based on what she felt was\n    wrong or right. On its creation, Stefani said, \"to me, it is\n    the freshest attitude song I've heard in so long.\" Williams was\n    pleased with the song, commenting, \"Gwen is like the girl in\n    high school who just had her own style.\"", {"i": {"#tail": "critic Greg Stacy humorously speculated that\n    \"Gwen is apparently the captain of the cheerleader squad; she\n    is the girl who 'hollas' the chants, not one of the girls who\n    simply 'hollas' them back\". The most commonly accepted meaning\n    is that a hollaback girl responds to a confrontation with words\n    but that Stefani would rather take initiative and \"step it\n    up\".", "#text": "OC Weekly"}, "#text": "Because Stefani never disclosed the song title's meaning,\n    reviewers came up with various interpretations. In a satirical,\n    line-by-line analysis of the song's lyrics,"}, "\"Hollaback Girl\" is a moderately fast song, being 110bpm, in\n    the key of B major. It combines old school hip hop with dance\n    music, and\u2014like the majority of pop music\u2014is set in common\n    time. The main chord pattern of the song alternates between B\n    major and D sharp minor triads. Most of the harmonic content of\n    the song revolves around a two-chord alternation which music\n    theorists may regard as an L (leading tone) transformation, in\n    which the root of the major chord is lowered by a half-step to\n    form a second inversion minor chord on the third scale degree\n    (see image to right). This stepwise motion between B and\n    A-sharp highlights this chord change. It is in verse-chorus\n    form with a bridge before the fourth and final chorus. The song\n    features sparse instrumentation, primarily a minimal beat\n    produced by drum machine. A guitar plays the song's riff, a\n    six-note pattern as Stefani repeats \"this my shit\" during the\n    chorus, and a brass section joins during the second chorus. In\n    part because of its cheerleading motif, it drew comparisons to\n    Toni Basil's \"Mickey\" (1982).", {"i": [{"#tail": ",", "#text": "Love. Angel. Music. Baby."}, {"#tail": "gave the song a positive review, writing\n    that \"Stefani's gum-snapping sass brings out the beast in her\n    beatmasters, especially the Neptunes in 'Hollaback Girl'.\"", "#text": "Rolling Stone"}, {"#tail": "listed it as the eleventh best song of 2005, and\n    the song tied with Damian Marley's \"Welcome to Jamrock\" for\n    number five on the 2005 Pazz & Jop, a survey of several\n    hundred music critics conducted by Robert Christgau.", "#text": "Blender"}], "#text": "\"Hollaback Girl\" had a polarizing effect on music critics.\n    LAUNCHcast's Jennifer Nine described it as a \"stomping,\n    stripped-back track\", and Allmusic said that it had the\n    \"thumping, minimal beats of The Neptunes.\" Richard Smirke\n    called it \"a trademark Neptunes hip-hop stomp.\" In its review\n    of"}, {"i": [{"#tail": ", described the song as sounding \"almost\n    exactly like Dizzee Rascal\", and added, \"lyrically, this is\n    where Gwen sinks the lowest here, especially on a breakdown\n    where she repeats, 'This shit is bananas / B-A-N-A-N-A-S!'\n    several times\". Eric Greenwood of", "#text": "PopMatters"}, {"#tail": "called the song \"moronic and\n    embarrassingly tuneless. I'd quote the lyrics, but they're so\n    bad, I almost feel sorry for her. A 35-year-old woman singing\n    about pom-poms and 'talking shit' in high school betrays such a\n    delusional self-image that it's hard not to be taken aback. And\n    on top of that, The Neptunes' beats are clunky and the\n    production is senselessly bombastic.\" Nick Sylvester of", "#text": "Drawer B Media"}, {"#tail": "also criticized the track, referring to\n    it as a \"Queen pastiche...which has about as much club\n    potential as a 13-year old with a milk moustache and his dad's\n    ID\". However, despite this initial review Pitchfork Media would\n    later list the track #35 on their top singles of 2005, and #180\n    on the top 500 songs of the 2000s.", "#text": "Pitchfork Media"}, {"#tail": "was unimpressed with the song, and in its October\n    2005 issue, published a list of the \"20 Most Annoying Songs\n    Ever\" with \"Hollaback Girl\" in first place.", "#text": "Maxim"}], "#text": "On the other hand, Jason Damas, in a review for"}, {"i": [{"#tail": "titled \"Deep Throats\"; after watching a VH1\n    special about Gwen Stefani, Brian Griffin states, \"I don't know\n    what a Hollaback Girl is\u2014all I know is that I want her dead.\"\n    In another episode of", "#text": "Family Guy"}, {"#tail": "the song was mocked again, this time in the\n    guise of a parody of the feature film", "#text": "Family Guy"}, {"#tail": "In the film, Red (played by\n    Morgan Freeman), upon hearing \"Canzonetta sull'aria\" (from\n    Mozart's", "#text": "The Shawshank Redemption."}, {"#tail": ") for the first time, states that\n    he has no idea what the women are singing about, but imagines\n    it must be something beautiful. In the parody, Cleveland\n    (playing the role of Red) hears \"Hollaback Girl\" and likewise\n    claims to have no idea what Stefani is singing about\u2014even\n    though the lyrics are not in a foreign language (as is the\n    issue in the film). Cleveland imagines it is \"a foul,\n    disease-ridden thing, that wears too much makeup to cover up\n    the fact that it's a 47 year-old fish-dog\".", "#text": "The Marriage of Figaro"}], "#text": "\"Hollaback Girl\" was mocked on an episode of the animated\n    television series"}, {"i": [{"#tail": ", was later parodied in an episode of the\n    claymation television show", "#text": "bananas"}, {"#tail": ", in which Stefani spells out", "#text": "Celebrity Deathmatch"}, {"#tail": ",", "#text": "bananas"}, {"#tail": ", and", "#text": "broccoli"}, {"#tail": "during an interview with Tally Wong.", "#text": "kumquat"}], "#text": "The song's bridge, in which Stefani exclaims \"This shit is\n    bananas\" and then proceeds to spell"}, {"i": [{"#tail": "Hot 100, the main U.S. chart, at number\n    eighty-two, and within six weeks of its release, it had reached\n    the top of the chart, making it the fastest-rising single to\n    reach the top in 2005; it also became Stefani's first U.S.\n    number one. It maintained the number one position for four\n    weeks. The single spent thirty-one weeks on the", "#text": "Billboard"}, {"#tail": "Hot 100, twenty-nine of which were in the top\n    fifty. It was removed from the Hot 100 for the week ending 29\n    October 2005. On the year-end chart, the song was the second\n    most successful, beaten by Mariah Carey's \"We Belong\n    Together\".", "#text": "Billboard"}], "#text": "The single was officially solicited to radio in North\n    America on 5 April 2005, although the music video had been\n    released two weeks earlier, on 21 March. \"Hollaback Girl\"\n    entered the"}, {"i": {"#tail": "Pop 100 for eight weeks, and was a small\n    success in the dance clubs, peaking at number fifteen on the\n    Hot Dance Music/Club Play chart. The song was a crossover\n    success, and reached number four on the Rhythmic Top 40, and\n    number eight on the Hot R&B/Hip-Hop Singles & Tracks\n    chart.", "#text": "Billboard"}, "#text": "\"Hollaback Girl\" held the record for most U.S. radio\n    airplays in one week, with 9,582 plays, and maintained this\n    feat for over a year before Shakira and Wyclef Jean's \"Hips\n    Don't Lie\" overtook the position. It peaked at number one on\n    the"}, "The song was noted for having a large number of digital\n    downloads, becoming the first single to sell more digital\n    downloads than CDs. In October 2005, \"Hollaback Girl\" was the\n    first single to ever sell one million digital downloads and\n    later went on to sell a total of 1.2 million downloads; it was\n    certified quintuple platinum. Due to its downloads, it reached\n    number one on both digital sales charts concurrently, and it\n    topped the year-end Hot Digital Songs chart.", "\"Hollaback Girl\" was a successful single in Canada, where\n    the song debuted at number twelve on the Canadian Singles\n    Chart; however, it fell from there and was unable to reach a\n    higher position. It remained in the top fifty for six months.\n    However, the Canadian Recording Industry Association later\n    argued that based on Canada's population relative to the U.S.,\n    the single should have sold around 120,000 copies and that the\n    comparatively lower sales of 25,000 were a sign that Canadian\n    copyright law should be tightened to discourage non-commercial\n    peer-to-peer filesharing. Columnist Michael Geist disputed the\n    comparison, arguing that the Canadian online music market was\n    still developing.", "In the rest of the world, reaction to \"Hollaback Girl\" was\n    generally positive, though not as overwhelming as in North\n    America. It was released in Australia on 23 May 2005, debuting\n    at number one, and in Europe on 6 June 2005, debuting at number\n    twenty-two and eventually reaching number five. In the United\n    Kingdom, however, \"Hollaback Girl\" did not perform as well as\n    Stefani's previous releases. The song's predecessors, \"What You\n    Waiting For?\" and \"Rich Girl\", had both reached number four,\n    while \"Hollaback Girl\" debuted at number eight, and stalled at\n    the same position the following week. Although its UK success\n    was limited, it remained in the top forty for an additional\n    eleven weeks and sold more than Rich Girl. The single largely\n    was successful across Europe and Asia, and reached the top five\n    in Austria, Germany, Ireland, and China, and the top ten in\n    Finland, Italy, the Netherlands, Norway, Sweden, and\n    Switzerland.", "The single had moderate success in Latin America. The single\n    debuted 19 June 2005 at number thirty-three on the Latin\n    America Top 40, a weaker debut than Stefani's previous singles.\n    After eight weeks on the chart, it peaked at number nine.", "The music video was directed by Paul Hunter and filmed in\n    Van Nuys and Reseda, California, United States. The video opens\n    with a scene of Stefani spending time with her Harajuku Girls,\n    when a crowd of students appears. Stefani and the Harajuku\n    Girls then drive down Sherman Way past Magnolia Science Academy\n    to Birmingham High School in a 1961 Chevrolet Impala,\n    accompanied by the crowd. Stefani and the group cause a\n    commotion when they disrupt a football game by walking onto the\n    field and when they go to a 99 Cents Only Store and throw\n    cereal and other food products down an aisle. Throughout the\n    video, there are intercut sequences of choreographed dancing\n    filmed in a sound stage, intended to represent Stefani's\n    imagination. Stefani and the Harajuku Girls are outfitted in\n    cheerleading uniforms, accompanied by several Californian\n    spirit groups: the Orange Crush All Stars, a cheerleading squad\n    from Orange County; a marching band from Fountain Valley High\n    School in Fountain Valley; a pep flag team named the Carson\n    High School Flaggies from Carson; and a drill team from Stephen\n    M. White Middle School in Carson. To visualize the song's\n    bridge, the Harajuku Girls spell the word \"bananas\" with cue\n    cards. The video ends with a close-up frame of Stefani with her\n    arms in the air.", {"i": {"#tail": "with the words \"Hollaback Girl\"\n    in calligraphy. Eventually, the car was sold on eBay. Pharrell,\n    one of the song's co-producers, makes a cameo appearance. The\n    complete version of \"Hollaback Girl\" featured in the music\n    video has been released commercially through CD singles and\n    digital downloads, and some include remixes by Diplo and Tony\n    Kanal.", "#text": "Love. Angel. Music. Baby."}, "#text": "The Chevy Impala convertible from the video includes a\n    painting by artist J. Martin. The design includes Gwen Stefani\n    as seen on the album cover of"}, {"i": [{"#tail": "on 31 March at number ten and remained\n    on the program for a total of fifty days, becoming what", "#text": "Total Request Live"}, {"#tail": "called \"a staple of MTV's TRL\". The video\n    reached the top of the chart and was retired at number four on\n    23 June, becoming Stefani's first video to retire. It also\n    reached the top of MuchMusic's", "#text": "Rolling Stone"}, {"#tail": "three months after its debut, and remained\n    there for two weeks. VH1 listed the song at number five on its\n    Top 40 Videos of 2005, and at the 2005 MTV Video Music Awards,\n    the music video received four nominations but only won the\n    award for Best Choreography. Stefani did not attend the 2006\n    MTV Video Music Awards, prompting rumors that she was\n    protesting her lack of nominations the previous year, her\n    multiple losses to Kelly Clarkson, and her not having been\n    asked to perform. Stefani denied the rumors, responding, \"the\n    only reason I am not attending the MTV Video Music Awards is\n    because I will be recording and spending time with my\n    family.\"", "#text": "Countdown"}], "#text": "The video debuted on 21 March 2005 and proved successful on\n    video-chart programs. It debuted on MTV's"}, {"i": [{"#tail": "Stefani later requested to\n    contribute vocals on \"I Wanna Yell\" from Atias's debut album", "#text": "Love. Angel. Music. Baby."}, {"#tail": ", and was featured on his song\n    \"Allnighter\". The female rapper Ak'sent released a mixtape with\n    the song as well. The band Cobra Starship also recorded a\n    parody of this song titled \"Hollaback Boy\".", "#text": "Together as One"}], "#text": "Diplo made a remix for the track after M.I.A. turned down an\n    offer to produce one. Tony Kanal, Stefani's ex-boyfriend and\n    fellow No Doubt member, produced a remix titled the\n    \"Dancehollaback Remix\". The track features reggae singer Elan\n    Atias, whose debut album Kanal produced, and appears as a\n    single on iTunes, on the CD single for \"Cool\", and on a remix\n    CD of"}, "The single was first released in Australia and New Zealand\n    on March 15, 2005. Releases followed in Canada and the United\n    States on April 5, 2005, Ireland and the United Kingdom on June\n    21, 2005, and July 2, 2005 in continental Europe.", {"#text": "Discography", "span": [{"#tail": "Awards and\n    nominations\u00a0\u00b7", "#text": "\u00b7"}, "No Doubt\u00a0\u00b7", "L.A.M.B.\u00a0\u00b7", "Harajuku Lovers\u00a0\u00b7", "Harajuku Girls\u00a0\u00b7", "Gavin Rossdale"]}, {"span": null}]}, "artist": "Gwen Stefani", "lengths": {"length": "3:20"}, "title": "Hollaback Girl", "recorded": "New York City , New York , United States", "label": "Interscope", "producers": {"producer": "The Neptunes"}, "released": "March 15, 2005 \u00a0(2005-03-15)", "writers": {"writer": ["Gwen Stefani", "Chad Hugo", "Pharrell Williams"]}, "formats": {"format": ["Digital download (U.S.)", "CD single (worldwide)"]}, "weeks": {"week": ["2005-05-07", "2005-05-14", "2005-05-21", "2005-05-28"]}}}