{"top-song": {"album": "Fallin' in Love", "genres": {"genre": ["Pop", "Soul"]}, "descr": {"p": ["\"Fallin' In Love\" is an American pop music song recorded and\n    released by the trio of Hamilton, Joe Frank & Reynolds. The\n    song was written by band member Dan Hamilton. Released in the\n    summer of 1975, the song became the group's second Top 10 hit\n    on the Billboard Hot 100 chart in the U.S. (following 1971's\n    \"Don't Pull Your Love\", which peaked at #4), and it was their\n    only song to reach the #1 position on this chart. It was also\n    the only pop #1 hit for the Playboy Records label.", {"i": {"#tail": "s Hot Soul Singles chart. In addition,\n    \"Fallin' in Love\" was a #1 hit on the adult contemporary chart\n    in the U.S. for one week in 1975.", "#text": "Billboard'"}, "#text": "The song reached #24 on"}, {"i": {"#tail": ", and sampled by Drake for his single \"Best\n    I Ever Had\".", "#text": "Sweet Dreams"}, "#text": "The song was covered by La Bouche in 1995 on their debut\n    album"}]}, "artist": "Hamilton, Joe Frank & Reynolds", "lengths": {"length": "3:02"}, "title": "Fallin' in Love", "label": "Playboy Records", "producers": {"producer": "Jim Price"}, "released": "May 1975", "writers": {"writer": ["Dan Hamilton", "Ann Hamilton"]}, "formats": {"format": "7\""}, "weeks": {"week": "1975-08-23"}}}