{"top-song": {"album": "Middle of Nowhere", "genres": {"genre": ["Alternative rock", "Funk rock"]}, "descr": {"p": [{"i": [{"#tail": ". \"MMMBop\" was one of the biggest debut\n    singles of all time; it reached number one in 27 countries,\n    including the United States, the UK, Germany and Australia; in\n    the UK, the song sold 710,000 copies and stayed at number one\n    for 3 weeks. It was voted the best single of the year in", "#text": "Middle of Nowhere"}, {"#tail": "Pazz & Jop critics poll, while also\n    topping critics' polls from such media as", "#text": "The Village Voice"}, {"#tail": ",", "#text": "Rolling Stone"}, {"#tail": ", and VH1. \"MMMBop\" was nominated for two Grammys at\n    the 40th Annual Grammy Awards in February 1998. It was the\n    band's most successful single to date; \"MMMBop\" also ranks #20\n    on VH1's \"100 Greatest Songs of the 90s\".", "#text": "Spin"}], "#text": "\"MMMBop\" is a song written and performed by the American pop\n    rock band Hanson from their 1997 album"}, "A music video was released to promote the single. It was\n    directed by Tamra Davis, who also directed Hanson's second\n    music video, \"Where's the Love\".", "All songs written by Isaac Hanson, Taylor Hanson, and Zac\n    Hanson.", {"i": ["3 Car Garage", "MMMBop: The Collection", {"span": {"#tail": "Middle of Nowhere\n    Acoustic'", "#text": "\u00b7"}}], "span": ["\u00b7", {"#tail": "20th Century\n    Masters - The Millennium Collection: The Best of Hanson", "#text": "\u00b7"}, "\u00b7"]}]}, "artist": "Hanson", "lengths": {"length": ["4:28 (album version)", "4:01 (single version)"]}, "title": "MMMBop", "recorded": "1995, 1996", "label": "Mercury / Universal", "producers": {"producer": "The Dust Brothers"}, "released": "April 15, 1997 \u00a0(1997-04-15)", "writers": {"writer": ["Isaac Hanson", "Taylor Hanson", "Zachary Hanson"]}, "formats": {"format": "CD"}, "weeks": {"week": ["1997-05-24", "1997-05-31", "1997-06-07"]}}}