{"top-song": {"album": "Verities & Balderdash", "genres": {"genre": "Folk rock"}, "descr": {"p": [{"i": {"#tail": ". The single topped the\n    Billboard Hot 100 in December 1974. As Chapin's only #1 hit\n    song, it became the best known of his work and a staple for\n    folk rock music.", "#text": "Verities & Balderdash"}, "#text": "\"Cat's in the Cradle\" is a 1974 folk rock song by Harry\n    Chapin from the album"}, "The lyrics to the verses of the song were originally written\n    as a poem by Chapin's wife, Sandy Chapin, who is credited as\n    the song's co-writer. The poem itself was inspired by the\n    awkward relationship between Sandy Chapin's first husband,\n    James Cashmore, and his father, a New York City politician. She\n    was also inspired by a country song she heard on the radio.\n    More than a year later, after the birth of his own son, Harry\n    added the music and the chorus. Label executive David Geffen\n    selected the song as a single, over Chapin's objections.", {"i": [{"#tail": ". The Ugly Kid Joe\n    cover version does not make this lyrical change but rather\n    alters the grammatical structure of the chorus from", "#text": "\"But we'll get together then dad\""}, {"#tail": "to\n    the final", "#text": "\"When you coming home?\" / \"Son, I don't know when ...\""}, {"#tail": "The final verse is a reverse of the roles; where the\n    father asks his now grown-up son to visit, but the son responds\n    with his father's line. The father then reflects that they are\n    both alike.", "#text": "\"When you coming home, son?\" / \"I don't know when\n    ...\""}], "#text": "The song is told in first-person by a father who is too busy\n    to spend time with his son. Though the son repeatedly asks him\n    to join in childhood activities, the father always responds\n    with little more than vague promises of spending time together\n    in the future, peppered with images from nursery rhymes. While\n    the son longs to spend time with his father, he continues to\n    admire his father. This shapes the son's future behavior, as\n    shown in the slightly-altered line"}, "The chorus refers to the following nursery rhymes:", {"i": [{"#tail": ". Jack Black contributed to this confusion,\n    playing part of the song in a", "#text": "Cat's Cradle"}, {"#tail": "sketch where Black's character\n    claimed the song was by Yusuf Islam, a.k.a. Cat Stevens. There\n    are no known verifiable recordings of Cat Stevens performing\n    the song, however, and a Cat Stevens fan web site assures\n    readers that Stevens has never performed the song, \"not live,\n    not in the studio, and not even privately\".", "#text": "Saturday Night Live"}], "#text": "\"Cat's in the Cradle\" is widely mistakenly credited to\n    artist Cat Stevens, in part due to a mistitled MP3 version of\n    the song widely circulated on the internet. As well the style\n    and vocals sound akin to a Cat Stevens song, and the song and\n    the singer both contain the word, 'Cat'. In 1977, Stevens'\n    former label, Deram Records released a compilation album,"}, "The cover of the song by Ugly Kid Joe is furthermore often\n    confused for a cover by Guns n' Roses, a band which never\n    recorded the song. This is due to an incorrect MP3 circulating\n    on P2P networks; which contains the Ugly Kid Joe version even\n    though the file credits it to Guns n' Roses."]}, "artist": "Harry Chapin", "lengths": {"length": "4:02"}, "title": "Cat's in the Cradle", "label": "Elektra Records", "producers": {"producer": "Paul Leka"}, "released": "1974", "writers": {"writer": ["Harry Chapin", "Sandra Chapin"]}, "weeks": {"week": "1974-12-21"}}}