{"top-song": {"weeks": {"week": "1945-11-24"}, "artist": "Harry James", "descr": {"p": ["\"It's Been A Long, Long Time\" is a 1945 popular song that\n    became a major hit at the end of World War II. The lyrics are\n    written from the perspective of a person welcoming home his or\n    her spouse or lover at the end of the war.", "The music was written by Jule Styne, the lyrics by Sammy\n    Cahn. A recording by Harry James with vocal by Kitty Kallen\n    reached #1 on the Billboard Hot 100 chart on November 24, 1945.\n    An alternate version by Bing Crosby accompanied by The Les Paul\n    Trio was also working its way up the charts. It replaced the\n    James' version at #1 on December 8, 1945. Crosby's lasted a\n    week at #1, ousted by Sammy Kaye's \"Chickery Chick.\" The Harry\n    James recording then returned to the top spot on December 22\n    for another week.", "In 1945 it was standard practice in the record industry for\n    labels to release \"competing\" versions of hit songs. Other\n    recordings of \"It's Been A Long, Long Time\" that charted in\n    1945 were recorded by Charlie Spivak & His Orchestra (with\n    vocal by Irene Daye) and Stan Kenton & His Orchestra (vocal\n    by June Christy).", {"i": {"#tail": "magazine: \"Bing was a sucker for guitar and that\n    particular song was a case of you don't have to play a lot of\n    notes, you just have to play the right notes.\"", "#text": "Mojo"}, "#text": "Crosby's version features some memorable guitar by Les Paul,\n    who recalled in an interview printed in"}, "The song quickly became a pop standard, with well received\n    versions recorded by June Haver & Dan Dailey (1950), Perry\n    Como (1956), Al Hibbler (1956), Peggy Lee(1959), Keely Smith\n    (1959), Louis Armstrong (1964), and Tom Jones (1966). Frank\n    Sinatra did not make a studio recording of the song, but sang a\n    version on his radio show that has appeared on many Sinatra\n    compilation albums.", {"i": {"#tail": ".", "#text": "Ol' Yellow Eyes Is Back"}, "#text": "Other artists who have recorded it include Guy Mitchell,\n    Sammy Cahn, Shelley Fabares, Sammy Kaye, The Ink Spots, Tina\n    Louise, Jimmy Roselli, Brook Benton, Rosemary Clooney, Chet\n    Atkins (with Les Paul on their album Chester and Lester) and\n    Star Trek: The Next Generation's Brent Spiner on his 1991\n    album,"}]}, "title": "It's Been a Long, Long Time"}}