{"top-song": {"weeks": {"week": "1943-02-13"}, "artist": "Harry James", "descr": {"p": ["\"I Had the Craziest Dream\" is a popular song.", "The music was written by Harry Warren, the lyrics by Mack\n    Gordon. The song was published in 1942.", {"i": "Springtime in the Rockies.", "#text": "The song was introduced by Harry James and his orchestra,\n    with vocals by Helen Forrest, in the film"}, "The song was covered in 1953 by the Skylarks, where it was a\n    #28 hit, and again in 1960 on a single by Adam Wade. Astrud\n    Gilberto reached #31 on Billboard's Easy listening survey with\n    her 1967 remake."]}, "title": "I Had the Craziest Dream"}}