{"top-song": {"weeks": {"week": ["1942-06-20", "1942-06-27", "1942-07-04", "1942-07-11"]}, "artist": "Harry James", "descr": {"p": ["\"Sleepy Lagoon\" is a popular song, based on an orchestral\n    'valse serenade' originally written by British composer Eric\n    Coates, with lyrics by Jack Lawrence.", "Lawrence heard the music and wrote a song lyric, then took\n    the lyric to Chappell, the publisher of Coates' original\n    melody. The head of Chappell's New York office, Max Dreyfuss,\n    was concerned that this lyric had been added without consulting\n    the composer, who was a famous British classical composer and\n    \"may resent your tampering with his melody.\" Dreyfuss also\n    didn't think the melody belonged in the popular genre, and was\n    better suited to treatment as a light classical piece.", "After some time during which Lawrence attempted to contact\n    Coates (this was 1940, and Britain was in the middle of World\n    War II, making communication difficult) communication was\n    established, and contrary to Dreyfuss' fears, Coates thought\n    the lyric fitted so well that one could hardly believe it had\n    been written to a pre-existing melody. The resulting song was\n    published as a collaboration of Lawrence and Coates, and when\n    Lawrence showed the song to bandleader Harry James, it was\n    recorded for a major hit (again counter to Dreyfuss' thoughts).\n    Other hit versions were recorded by Dinah Shore, David Rose,\n    Fred Waring, Glenn Miller and others.", "The recording by James was released by Columbia Records as\n    catalog number 36549. It first reached the Billboard magazine\n    Best Seller chart on April 17, 1942 and lasted 18 weeks on the\n    chart, peaking at #1.", {"i": {"#tail": ", and the theme is still in use\n    today.", "#text": "Desert Island Discs"}, "#text": "In 1942, the original version was recorded (with added\n    seagulls) for introducing the BBC radio series"}, "The song made the Billboard Hot 100 in 1960, in a version by\n    the Platters, found originally on the flipside of the 1960 top\n    ten \"Harbor Lights\".", "The song is used at one of the rides (The Magic Clock) in De\n    Efteling in The Netherlands, one of Europe's largest theme\n    parks."]}, "title": "Sleepy Lagoon"}}