{"top-song": {"weeks": {"week": "1943-03-06"}, "artist": "Harry James", "descr": {"p": [{"i": {"#tail": ".", "#text": "Youth on Parade"}, "#text": "\"I've Heard That Song Before\" is a 1942 popular song with\n    music by Jule Styne and lyrics by Sammy Cahn. It was introduced\n    by Martha O'Driscoll (dubbed by Margaret Whiting) in the 1942\n    film"}, "It was recorded by Harry James and his Orchestra with Helen\n    Forrest on vocal on July 31, 1942. This was the last day of\n    recording before the Musician Union's ban. The recording was\n    issued on Columbia 36668 and became a number one hit on both\n    the pop and R&B charts in the USA in early 1943 . This\n    version of the song can be heard in Woody Allen's movie Hannah\n    and Her Sisters."]}, "title": "I've Heard That Song Before"}}