{"top-song": {"weeks": {"week": "1944-06-10"}, "artist": "Harry James", "descr": {"p": ["\"I'll Get By (As Long as I Have You)\" is a popular song with\n    music by Fred E. Ahlert and lyrics by Roy Turk. It was\n    published in 1928. The song was revived to even greater success\n    in 1944, when the 1940 recording by Harry James (Dick Haymes\n    vocal) was re-released (Billboard #1). The Ink Spots version\n    was also popular in 1944, reaching the retail top ten.", {"i": {"#tail": "and Sun Ra in 1973 and 1977 in his posthumous\n    album \"Some Blues But Not The Kind Thats Blue\".", "#text": "Dear Heart"}, "#text": "Later covers include: UK singer, Maureen Evans in 1958; Jack\n    Jones for his 1965 album"}, "This song was interpreted by Marilyn Monroe during one of\n    her lessons in the Actors'studio. She made the audience cry. A\n    proof that she really was a good actress.", "This song is not to be confused with \"I'll Get By,\" the 1992\n    hit ballad by Eddie Money."]}, "title": "I'll Get By (As Long as I Have You)"}}