{"top-song": {"album": "Heart", "genres": {"genre": ["Rock", "pop", "powerpop"]}, "descr": {"p": ["\"These Dreams\" is a popular song released in 1986 by the\n    rock band Heart from their 1985 self-titled album. It was the\n    first song by the band to become a number one hit on the\n    Billboard Hot 100.", "In 1985, Martin Page (who co-wrote several other pop hits,\n    including \"We Built This City\" and \"King of Wishful Thinking\")\n    and Bernie Taupin (longtime collaborator of Elton John) wrote\n    the music and lyrics to the song now known as \"These Dreams.\"\n    At the time, Page and Taupin were under contract to Columbia\n    Records and the record company offered the song to Stevie\n    Nicks, who expressed no interest in recording it. Heart had\n    just recently signed with Capitol Records. While the band had\n    previously recorded their own material, they were impressed by\n    \"These Dreams\" and agreed to use it on their upcoming\n    album.", {"i": {"#tail": "by Fred Bronson,\n    when it came time for Nancy Wilson to record her vocal, she was\n    suffering from a cold and her voice sounded somewhat raspy and\n    gravelly. After the song reached its peak of success, producers\n    reportedly wanted Nancy to recreate the gravelly sound on\n    future recordings, asking her, \"Can't you just get sick\n    again?\"", "#text": "The Billboard Book of Number One Hits"}, "#text": "\"These Dreams\" differed from past Heart hits in that it was\n    a polished, pop power ballad. The song also marked the first\n    Heart single on which lead vocals were performed by Nancy\n    Wilson instead of Ann Wilson. According to"}, {"i": {"#tail": ". Following two consecutive US top-ten singles, the\n    song elevated the band's success even further, becoming Heart's\n    first single to hit number one on the Billboard Hot 100 on\n    March 22, 1986. It also became Heart's first (and, to date,\n    only) number one song in the US Adult Contemporary chart and\n    peaked at number sixty-two in the UK Singles Chart; however, a\n    re-issue released in 1988 reached number eight.", "#text": "Heart"}, "#text": "\"These Dreams\" was released as the third single from Heart's\n    1985 album"}, {"i": {"#tail": "album. The single's B-side, \"Shell Shock\", was also\n    the B-side of Heart's previous single \"Never\".", "#text": "Heart"}, "#text": "The music video for \"These Dreams\" received heavy airplay\n    from MTV and was the third of four US top-ten singles from the"}, "The petite sail-shaped electric guitar Nancy played in the\n    music video was the creation of Nashville luthier David\n    Petschulat, which had been purchased years earlier.", "This song was dedicated (on the album) to Nancy Wilson's\n    good friend Sharon Hess, who died of leukemia shortly before\n    the song was made. The lyrics of the song describe the fantasy\n    world a person enters when faced with a difficult situation in\n    real life. The final verse seemingly suggests that, moments\n    before awakening, what one desires the most is exactly that\n    which is out of reach in a dream: \"In a wood full of princes,\n    freedom is a kiss. But the prince hides his face from dreams in\n    the mist.\""]}, "artist": "Heart", "lengths": {"length": "4:15"}, "title": "These Dreams", "recorded": "The Record Plant, Sausalito, CA (January-April\n  1985)", "label": "Capitol Records", "producers": {"producer": "Ron Nevison"}, "released": "January 18, 1986", "writers": {"writer": ["Martin Page", "Bernie Taupin"]}, "formats": {"format": ["12\"", "7'\" (picture sleeve)"]}, "weeks": {"week": "1986-03-22"}}}