{"top-song": {"album": "Bad Animals", "genres": {"genre": "Rock"}, "descr": {"p": [{"i": [{"#tail": ". It was later recorded by John Stamos\n    in his role as Gino Minelli, on the original soundtrack of the\n    CBS sitcom", "#text": "Taking a Cold Look"}, {"#tail": "in 1984. American rock band Heart made it a hit in\n    1987. Twenty years later, C\u00e9line Dion recorded it for her album", "#text": "Dreams"}, {"#tail": ".", "#text": "Taking Chances"}], "#text": "\"Alone\" is a song composed by Billy Steinberg and Tom Kelly.\n    It first appeared on via Steinberg and Kelly's pet project,\n    1983's I-Ten,"}, {"i": [{"#tail": ". Heart's version is a power ballad that\n    begins with a piano line and a subdued vocal from Ann Wilson,\n    only to build to a dramatic love song. According to a Songfacts\n    interview with Steinberg, Kelly, who was an experienced session\n    singer, sung high harmony parts on the record. \"Alone\" is\n    Heart's biggest hit, spending three weeks at number 1 on the\n    U.S. Billboard Hot 100 and ranking number 2 on the", "#text": "Bad Animals"}, {"#tail": "Year-End Top Pop Singles of 1987. It is also\n    their most successful single in the United Kingdom, where it\n    peaked at number 3 on the UK Singles Chart.The song's vieo\n    featured the band live.", "#text": "Billboard"}], "#text": "The song was given to Heart and released as the first single\n    from their ninth studio album"}, {"i": {"#tail": ". It was released as the second single in\n    Europe and North America, and third in the United Kingdom.\n    \"Eyes on Me\" was released as the second single in the United\n    Kingdom instead.", "#text": "Taking Chances"}, "#text": "C\u00e9line Dion covered \"Alone\" for her 2007 album"}, "\"Alone\" was produced by Ben Moody, ex-member of\n    Evanescence.", {"i": {"#tail": "album, in November and December 2007.\n    Because of that and due to music download sales, the song\n    debuted in November 2007 at number 85 on the UK Singles Chart.\n    For the same reason, after selling 12,535 copies, it entered\n    the U.S. Bubbling Under Hot 100 Singles at number 24 and\n    Canadian Hot 100 at number 57.", "#text": "Taking Chances"}, "#text": "Dion performed it in various TV shows, during her\n    promotional tour for the"}, "Officially \"Alone\" debuted on radio in Sweden in December\n    2007. The next month it entered the Swedish Singles Chart, due\n    to strong digital sales, and peaked at number 52.", {"i": [{"#tail": ". In France, the song was released\n    simultaneously with \"A cause,\" featured on", "#text": "Star Academy"}, {"#tail": ". \"Alone\" was also serviced to radio at the end\n    of March in Canada and in mid-April in the United States.", "#text": "D'elles"}], "#text": "The song premiered on other European radio sations in\n    January 2008. C\u00e9line Dion promoted \"Alone\" at that time in\n    France, performing it on"}, "The digital single release in the UK on May 5, 2008 was\n    coincided with the British leg of the Taking Chances Tour.", {"i": {"#tail": "and released in early March\n    2008.", "#text": "That's Just the Woman in Me"}, "#text": "The music video was taken from Dion's CBS TV special"}, {"i": {"#tail": ".", "#text": "My Love: Essential Collection"}, "#text": "In October 2008, \"Alone\" was included on the European\n    version of"}, "UK digital single"]}, "artist": "Heart", "lengths": {"length": "3:39"}, "title": "Alone", "label": "Capitol", "producers": {"producer": "Ron Nevison"}, "released": "May 16, 1987", "writers": {"writer": ["Billy Steinberg", "Tom Kelly"]}, "weeks": {"week": ["1987-07-11", "1987-07-18", "1987-07-25"]}}}