{"top-song": {"album": "Delta Dawn", "genres": {"genre": "Country"}, "descr": {"p": ["\"Delta Dawn\" is a song written by former child rockabilly\n    star Larry Collins and songwriter Alex Harvey (who more often\n    goes by the name Alexander Harvey today, and is not to be\n    confused with the late Glaswegian rocker Alex Harvey), best\n    known as a 1972 Top Ten C&W hit for Tanya Tucker and a #1\n    hit for Helen Reddy in 1973.", "The title character of \"Delta Dawn\" is a faded southern\n    belle from Brownsville, Tennessee who at forty-one is obsessed\n    to unreason by the long ago memory of an errant suitor. The\n    song's lyrics describe how the woman regularly \"walks downtown\n    with a suitcase in her hand/ Looking for a mysterious dark\n    haired man\" who she says is \"meeting her\u2026today/ To take [her]\n    to his mansion in the sky\".", "The song is said to have been inspired by a woman named Dawn\n    Parsworth who waited aimlessly for days for a man who had stood\n    her up after promising to marry her. She would walk up to the\n    bus-stop every day slowly becoming more and more mentally-ill.\n    She was later admitted to a Brownsville asylum where she died\n    in a ward cell.", {"i": {"#tail": "and wanted to sign her to Epic Records\n    and have her record the song. Finding out that Midler was\n    already signed to Atlantic Records, Sherrill cut the song with\n    Tanya Tucker who was newly signed to Epic and Tucker's version\n    reached #6 C&W in the spring of 1972. Record producer Tom\n    Catalano prepped an instrumental track of \"Delta Dawn\",\n    virtually replicating that of Tucker's single, and - despite\n    Catalano having worked with Helen Reddy - the track was first\n    offered to Barbra Streisand, upon whose refusal Catalano had\n    Reddy add her vocals to the track.", "#text": "The Tonight Show"}, "#text": "The song's composer Alex Harvey made the first recording of\n    \"Delta Dawn\". Tracy Nelson, who sang backup on Harvey's\n    recording, performed \"Delta Dawn\" in her live act and after\n    hearing Nelson sing \"Delta Dawn\" at the Bottom Line in New York\n    City Bette Midler added the song to her repertoire.\n    Nashville-based producer Billy Sherrill heard Midler sing\n    \"Delta Dawn\" on"}, {"i": [{"#tail": "debut album from which her bluesy\n    version was planned as the lead single. The June 1973 single\n    release of Reddy's version was two days prior to Midler's\n    necessitating the amendment of the latter's single so that the\n    original B-side \"Boogie Woogie Bugle Boy\" was shopped to radio,\n    becoming a Top Ten hit. Reddy's version of \"Delta Dawn\" entered\n    the Top Ten in August 1973 to spend two weeks at #1 that\n    September, becoming Reddy's second #1 hit after \"I Am Woman\";\n    Reddy would subsequently reach #1 with \"Angie Baby\". \"Delta\n    Dawn\" also became the first of Reddy's six consecutive - and\n    eight overall - #1 hits on the Easy Listening chart in", "#text": "The Divine Miss M"}, {"#tail": ".", "#text": "Billboard"}], "#text": "In the meantime Bette Midler had recorded \"Delta Dawn\" for\n    her"}, "In Reddy's native Australia, where she'd reached #2 with\n    both \"I Don't Know How to Love Him\" and \"I Am Woman\", \"Delta\n    Dawn\" became Reddy's first #1 hit, spending five weeks atop the\n    chart in August and September 1973. The follow-up single \"Leave\n    Me Alone (Ruby Red Dress)\" gave Reddy a second consecutive -\n    and final - Australian #1.", "\"Delta Dawn\" also marked Reddy's only chart appearance in\n    South Africa, reaching #13 in the autumn of 1973.", "\"Delta Dawn\" has been recorded by a number of C&W\n    artists: Bob Luman, Loretta Lynn, the Statler Brothers, Waylon\n    Jennings, Kitty Wells and Dottie West. The song was also\n    recorded by Teresa Brewer and Scott Walker.", {"i": [{"#tail": ". Punk rock band Me First and the Gimme\n    Gimmes recorded \"Delta Dawn\" for their 2004 live album", "#text": "Boiled Alive"}, {"#tail": ".", "#text": "Ruin Jonny's Bar Mitzvah"}], "#text": "\"Delta Dawn\" has been popular across college campuses in the\n    southeastern United States since the late 1980s, as New Orleans\n    based cowpunk band Dash Rip Rock has made it one of their\n    signature live tunes. The song has also been released on the\n    Dash Rip Rock album"}]}, "artist": "Helen Reddy", "lengths": {"length": "3:09"}, "title": "Delta Dawn", "recorded": "1972", "label": "Columbia", "released": "1972", "writers": {"writer": ["Larry Collins", "Alex Harvey"]}, "weeks": {"week": "1973-09-15"}}}