{"top-song": {"album": "I Am Woman", "genres": {"genre": "Pop"}, "descr": {"p": ["\"I Am Woman\" is a song cowritten by Helen Reddy and\n    singer/songwriter/guitarist Ray Burton and performed by Reddy.\n    Released in its most well-known version in 1972, the song\n    became an enduring anthem for the women\u2019s liberation\n    movement.", {"i": {"#tail": "makes everything possible\"). It sold more than a\n    million copies, and has been played more than a million times\n    on US radio, and helped propel Reddy to a successful pop career\n    which made her more than $40 million in America. As an example\n    of the endurance of the song, it was played at the 2010 Academy\n    Awards as the exit music for Kathryn Bigelow after she won the\n    Best Director Oscar for \"The Hurt Locker,\" the first time a\n    woman won the award.", "#text": "She"}, "#text": "The song reached #1 on the Billboard charts in December\n    1972. It was the first #1 on the Billboard chart by an\n    Australian artist and the first Australian-penned song to win a\n    Grammy Award (in her acceptance speech for Best Female\n    Performance, Reddy famously thanked \"God, because"}, {"i": [{"#tail": "(published with the", "#text": "Sunday Magazine"}, {"#tail": "and", "#text": "Sunday Herald Sun"}, {"#tail": "), she explained:", "#text": "Sunday Telegraph"}], "#text": "After securing a recording contract in 1971 with Capitol\n    Records that yielded the hit \"I Don't Know How to Love Him\",\n    Reddy \u2013 then living in Los Angeles -- was asked for an album.\n    She gave the label a set of 10 jazz-tinged pop songs. Nestled\n    among the Leon Russell, Graham Nash and Van Morrison songs were\n    two Reddy originals. \"I Am Woman\" was one of them. The\n    composition was the result of Reddy\u2019s search for a song that\n    would express her growing passion for female empowerment. In a\n    2003 interview in Australia\u2019s"}, "The only songs were 'I Feel Pretty' or that dreadful song\n    'Born A Woman'.\" (The 1966 hit by Sandy Posey had observed that\n    if you're born a woman \"you're born to be stepped on, lied to,\n    cheated on and treated like dirt. I'm glad it happened that\n    way\".) These are not exactly empowering lyrics. I certainly\n    never thought of myself as a songwriter, but it came down to\n    having to do it.", "Reddy\u2019s own long years on stage had also fuelled her\n    contempt for men who belittled women, she said. \"Women have\n    always been objectified in showbiz. I'd be the opening act for\n    a comic and as I was leaving the stage he'd say, 'Yeah, take\n    your clothes off and wait for me in the dressing room, I'll be\n    right there'. It was demeaning and humiliating for any woman to\n    have that happen publicly.\"", "Reddy credits the song as having supernatural inspiration.\n    She said: \"I remember lying in bed one night and the words, 'I\n    am strong, I am invincible, I am woman', kept going over and\n    over in my head. That part I consider to be divinely inspired.\n    I had been chosen to get a message across.\" Pressed on who had\n    chosen her, she replied: \"The universe.\" The next day she wrote\n    the lyric and handed it to Australian guitarist Ray Burton to\n    put it to music.", {"i": {"#tail": "he spoke to Reddy after she attended a\n    series of regular women's meetings at which he says they would\n    \"sit around and whinge about their boyfriends\".", "#text": "Sunday Magazine"}, "#text": "Burton, 26 at the time and playing in Los Angeles with\n    Australian rock band The Executives (and later a member of\n    Ayer's Rock), was a friend who had often worked with Reddy in\n    live venues across Australia. He has a different recollection\n    of the song's beginning. He told"}, {"i": [{"#tail": ", a lightweight Hollywood women's\n    lib comedy starring Jacqueline Bisset, Loretta Swit and Steve\n    Lawrence. On the strength of this, Capitol decided to release\n    the song as a single. Because in its initial form", "#text": "Stand Up And Be Counted"}, {"#tail": "ran to little more than two minutes, Reddy was\n    asked to write an additional verse and chorus. The extra verse\n    inserted the song's only reference to men (\"Until I make my\n    brother understand\"). More importantly, the new version would\n    add significant punch to a song that, in its initial form, was\n    simple, bouncy and unconfronting.", "#text": "I Am Woman"}], "#text": "Reddy insists Burton didn't change a word of the lyrics. Yet\n    she admits she had no expectations for the track. More than a\n    year later, however, the song was picked to run behind the\n    opening credits of"}, {"i": {"#tail": "she remembered nothing of the second\n    recording session and did not know which musicians played on\n    the song. In fact, she had one of the best line-ups in LA\n    backing her:", "#text": "Sunday Magazine"}, "#text": "Reddy told"}, {"i": {"#tail": ":", "#text": "Sunday Magazine"}, "#text": "According to Mike Deasy, the session, at Sun West Studio on\n    Hollywood Boulevard, was neither typical nor cheerful. Producer\n    Jay Senter quit as soon as the track was complete, allegedly\n    because he could not tolerate the attitude of Reddy\u2019s famously\n    hot-tempered husband, Jeff Wald. Deasy told"}, "As the single was released, Wald \u2013 who had worked the phones\n    for 18 hours a day when her first single was released, urging\n    radio stations to play it \u2013 once more put his formidable\n    promotional skills to use. He won gigs for Reddy - by now\n    heavily pregnant with son Jordan - to sing on 19 TV talk and\n    variety shows, which in turn triggered phone calls from female\n    viewers to radio stations begging them to play it. \"It was\n    through television that we forced them to play it,\" said Reddy.\n    And as radio played it, women bought it, driving the song\n    higher in the charts until it hit No.1 on December 9, 1972, the\n    week Reddy gave birth. \"It was my first No.1,\" said Reddy, \"and\n    it was the first No.1 Capitol Records had in five years. They\n    were chuffed.\"", "In the year that Gloria Steinem's Ms. magazine was launched\n    in the US and Cleo in Australia, the song quickly captured the\n    imagination of the burgeoning women's movement. National\n    Organization for Women founder Betty Friedan was later to write\n    that in 1973, a gala entertainment night in Washington DC at\n    the NOW annual convention closed with the playing of \"I Am\n    Woman\". \"Suddenly,\" she said, \"women got out of their seats and\n    started dancing around the hotel ballroom and joining hands in\n    a circle that got larger and larger until maybe a thousand of\n    us were dancing and singing, 'I am strong, I am invincible, I\n    am woman.' It was a spontaneous, beautiful expression of the\n    exhilaration we all felt in those years, women really moving as\n    women.\"", "To Reddy, the song's message reaches beyond feminism. \"It's\n    not just for women,\" she said. \"It's a general empowerment song\n    about feeling good about yourself, believing in yourself. When\n    my former brother-in-law, a doctor, was going to medical school\n    he played it every morning just to get him going.\"", {"i": {"#tail": ", Julia\n    Phillips claimed that by the time the couple completed their\n    acrimonious divorce in 1982 they had blown most of the $40\n    million they had made. When Reddy\u2019s performance of the song at\n    the 1981 Miss World contest infuriated feminists, she\n    responded: \"Let them step forward and pay my rent and I'll stay\n    home. What I'm doing is advertising a product I wouldn't\n    use.\"", "#text": "You'll Never Eat Lunch in This Town Again"}, "#text": "The song brought greater exposure to Reddy, paving the way\n    for a succession of hit singles. It also generated tremendous\n    wealth, which the couple flaunted with a gaudy lifestyle of\n    mansions, limousines, jewelry and speedboats. In her tell-all\n    Hollywood book,"}, "Expelled from the US in 1971 because of work-permit\n    problems, Ray Burton was forced to watch the song's stellar\n    rise in the US from a distance. Things became so bad he was\n    forced to live on unemployment benefits. \"It could have been\n    the launching pad for a writing and singing career,\" he said.\n    \"They took advantage of the fact I wasn't there.\"", "He claimed he was forced to take legal action against the\n    singer in 1998 to recover a portion of songwriter royalties\n    that had been withheld from him since 1972. He said: \"I got\n    some money out of it, but nothing like it would have been in\n    the '70s when it was riding high.\"", {"i": {"#tail": ". \"Neither of us had any idea the song\n    would become what it became. About 10 years ago he got in touch\n    with me because he was in financial difficulties. I felt sorry\n    for him and reinstated his songwriter royalties. His passport\n    problems ended any hope he had of a career in the States and\n    somehow that bitterness got transferred to me. I wish him well.\n    I bear him no animosity.\"", "#text": "Sunday Magazine"}, "#text": "Reddy disputes Burton's claims. \"There was a buyout 25 or 30\n    years ago,\" she told"}, "Today he performs again in venues on the Queensland Gold\n    Coast, where he lives. Sometimes he includes it in his set,\n    raising a laugh from audiences by saying, \"Here's a song I\n    wrote in the '70s, with a twist.\" He sings it as, \"She is\n    woman, hear her roar\".", {"i": [{"#tail": "and a Jessica Williams dance\n    version from a 1999 film,", "#text": "My Best Friend\u2019s Wedding"}, {"#tail": ". It was covered by The Dan Band on their CD", "#text": "Trick"}, {"#tail": "and also inspired a one-hour music\n    special by the group,", "#text": "The Dan Band Live"}, {"#tail": ". It has been\n    used in TV commercials for a sports footwear chain and a\n    female-oriented cable TV network, but a pitch about 2003 by\n    Coors beer (\"with a gigantic amount of money,\" Reddy says) was\n    rebuffed. \"I'm not in the drug-dealing business,\" she says. \"I\n    don't care how much money they offer me.\" For some years Reddy\n    tired of talking about the song, frustrated that out of her\n    35-year music career it was all the media remembered her for.\n    In recent years a hint of revisionism has crept in, prompted by\n    the discovery that her lyrics had been included in history\n    textbooks in US schools. Reddy, who says her singing career is\n    over, last performed the song in October 2002, using it to\n    conclude a world farewell concert in Edmonton. It was an\n    emotional night. \"I had no idea what the song was destined to\n    become,\" she said. \"If I'd known, I would have been far too\n    intimidated to have written it.\"", "#text": "Dan Finnerty & The Dan Band: I Am Woman"}], "#text": "Interest in the song has been revived by its use in the 1997\n    Julia Roberts film"}, "The song was recorded by Paul Weston and Jo Stafford, in the\n    guise of untalented duo Jonathan & Darlene Edwards. The\n    couple gave the song their characteristic treatment--deliberate\n    wrong notes, shifting tempo and style, and mismatched\n    percussion.", "In 2006, Burger King reworked the lyrics for a commercial\n    titled \"Manthem\" extolling the virtues of large burgers over\n    small \"chick food\" plates. [1] [2]", "In March 2007, Rush Limbaugh starting using this song in a\n    parody form for his \"John Edwards Update\" on his radio show\n    after a New York Times reporter said that Edwards could be the\n    first woman president.", {"i": [{"#tail": "and on September 2, 2008 it was played by the\n    school band in episode 10 of", "#text": "Swingtown"}, {"#tail": ".", "#text": "The Secret Life of the American Teenager"}], "#text": "On July 3, 2008, the song was played in the fifth episode of\n    the CBS series"}, "The style of the title has become iconic and has inspired\n    other songs, such as 'I Am Cow' by The Arrogant Worms and poems\n    including 'I Am Pigeon' by Flying Lemming."]}, "artist": "Helen Reddy", "lengths": {"length": "3:04"}, "title": "I Am Woman", "recorded": "1972", "label": "Capitol", "producers": {"producer": "Jay Senter"}, "released": "August 1972", "writers": {"writer": ["Ray Burton", "Helen Reddy"]}, "formats": {"format": "7\""}, "weeks": {"week": "1972-12-09"}}}