{"top-song": {"album": "Free and Easy", "genres": {"genre": "easy listening"}, "descr": {"p": ["\"Angie Baby\" is a popular song that was a number-one U.S.\n    hit for Australian singer Helen Reddy. It hit #1 on the\n    Billboard Hot 100 chart at the end of December of 1974 and\n    became one of Reddy's biggest-selling singles. The song also\n    topped the U.S. adult contemporary chart, the singer's fifth #1\n    on this chart.", "The song's cryptic lyrics have inspired a number of listener\n    theories as to what the song is really about, and Reddy has\n    refused to comment on what the true storyline of the song is,\n    partly because she has said she enjoys hearing other listeners'\n    interpretations. Reddy has also said that \"Angie Baby\" was the\n    one song she never had to push radio stations into playing.", "Singer/songwriter Alan O'Day finally revealed in 1998 that\n    the \"crazy\" heroine in the song had \"magic power\" and \"special\n    abilities\", and that he had deliberately blurred the lines\n    between fantasy and reality. However, he still declined to give\n    a detailed explanation of what happened to the boy in the song.\n    Reddy herself had joked that the boy had become \"a sound wave\",\n    an explanation that O'Day later refuted.", "In an article he wrote in 2006, O'Day said the song took\n    three months to write. Originally it was loosely based on the\n    character in the Beatles\u2019 \"Lady Madonna\". In order to make the\n    character more interesting, he decided to make her abnormal,\n    and he thought of a young next door neighbor girl he had known\n    who had seemed \"socially retarded.\" O'Day said he also thought\n    to his own childhood, since as an only child who was often ill,\n    many of his days were spent in bed with a radio to keep him\n    company. He named the character Angie, probably inspired by the\n    Rolling Stones' song \"Angie\". Originally the character was just\n    supposed to be mentally \"slow,\" but while writing the song,\n    O'Day showed it to his therapist, who pointed out that the\n    character's reactions in the song were not those of a retarded\n    person, so O'Day changed the lyric from \"slow\" to \"touched,\"\n    and the character switched from retarded to \"crazy.\" This\n    expanded to her living in a dream world of lovers, inspired by\n    the songs on her radio. When a \"neighbor boy with evil on his\n    mind\" tries to enter her room to take advantage of the girl, he\n    is instead drawn into her reality, with weird and unexpected\n    consequences. The intent was to show that the Angie character\n    had more power than he or the listener expected; she literally\n    shrank him down into her radio, where he remained as her slave\n    whenever she desired him to come out.", "Not everyone understood the meaning of O'Day's lyrics, and\n    when the song was released, it inspired a great deal of\n    speculation as to its true meaning. The song was compared to\n    Bobbie Gentry\u2019s \"Ode To Billie Joe\" (which had a mystery about\n    \"something\" thrown off the Tallahatchie Bridge). Some also\n    thought of it as a \"Women's Lib\" song along the line of Reddy's\n    other hits, like her other #1's, \"I Am Woman\" and \"Delta Dawn,\"\n    though O'Day says that that was not his intent, and that he was\n    not consciously making a public statement.", "The song was also featured as the sole Helen Reddy track as\n    part of a promotional-only compilation album issued by Capitol\n    Records entitled \"The Greatest Music Ever Sold\" (Capitol\n    SPRO-8511/8512), which was distributed to record stores during\n    the 1976 Holiday season as part of Capitol's \"Greatest Music\n    Ever Sold\" campaign, promoting 15 \"Best Of\" albums that were\n    released by the record label.", "\"Angie Baby\" became Helen Reddy's first charting single in\n    the British Isles reaching #5 in both the UK and Ireland in\n    February 1975; Reddy would chart again once in both nations\n    with \"I Can't Say Goodbye to You\" - (#43 UK/ #16 Ireland) - in\n    1981. [1] \"Angie Baby\" was also Reddy's final major hit in her\n    native Australia at #13.", {"i": {"#tail": ". \"Angie Baby\" has also been recorded by\n    Barbara Dickson.", "#text": "Appetizers"}, "#text": "Alan O' Day recorded his composition for his 1977 album"}]}, "artist": "Helen Reddy", "lengths": {"length": "3:29"}, "title": "Angie Baby", "label": "Capitol", "producers": {"producer": "Joe Wissert"}, "released": "1974", "writers": {"writer": "Alan O'Day"}, "formats": {"format": "7\""}, "weeks": {"week": "1974-12-28"}}}