{"top-song": {"weeks": {"week": ["1969-06-28", "1969-07-05"]}, "artist": "Henry Mancini", "descr": {"p": ["\"Love Theme from Romeo and Juliet\", also known as \"A Time\n    for Us\", is an instrumental arranged by Henry Mancini. It was a\n    number-one pop hit in the United States during the year 1969.\n    It topped the Billboard Hot 100 singles chart on June 28, 1969,\n    and remained there for two weeks.", {"i": {"#tail": ", which starred Leonard Whiting and\n    Olivia Hussey. Rearranged by Mancini, the song started\n    competing with rock and roll songs from The Beatles and the\n    Rolling Stones on an Orlando, Florida radio station and spread\n    from there. It faced stiff opposition from some radio states\n    for being too soft. Those stations had to change their mind\n    when the song become number one.", "#text": "Romeo and Juliet"}, "#text": "The melody is the theme from the movie"}, "This release also topped the U.S. easy listening chart for\n    eight weeks."]}, "title": "Love Theme from Romeo and Juliet"}}