{"top-song": {"album": "The Beat of the Brass", "genres": {"genre": "Pop"}, "descr": {"p": ["\"This Guy's in Love with You\" is a song written by Burt\n    Bacharach and Hal David and recorded by Herb Alpert. Although\n    known primarily for his trumpet playing as the leader of the\n    Tijuana Brass, Alpert sang lead vocals on this solo recording,\n    arranged by Bacharach.", {"i": [{"#tail": "). In response to numerous viewer\n    telephone calls, the song was released as a single and reached\n    #1 on the U.S. Billboard Hot 100 in June of that year,\n    remaining in the top position for four weeks. It was not only\n    Alpert's first #1 record, but it was also the first #1 record\n    for his A&M record label. The song also spent an impressive\n    ten weeks at #1 on the adult contemporary chart, which at the\n    time was referred to as the \"Easy Listening\" chart. For the\n    single's B-side, Alpert chose \"A Quiet Tear,\" an album track\n    from his first album in 1962,", "#text": "The Beat of the Brass"}, {"#tail": ".", "#text": "The Lonely Bull"}], "#text": "Alpert originally sang \"This Guy's in Love with You\" on a\n    1968 television special ("}, "Eleven years later Alpert would become the first (and only)\n    artist to reach the top of the Hot 100 with both a vocal\n    performance and an instrumental performance (\"Rise\", 1979).", "Larry Goldings Trio cover the tune on the album 'Sweet\n    Science'"]}, "artist": "Herb Alpert", "lengths": {"length": "4:01"}, "title": "This Guy's in Love with You", "label": "A&M Records", "released": "April 1968", "writers": {"writer": ["Burt Bacharach", "Hal David"]}, "formats": {"format": "7\""}, "weeks": {"week": ["1968-06-22", "1968-06-29", "1968-07-06", "1968-07-13"]}}}