{"top-song": {"album": "Rise", "genres": {"genre": "Pop"}, "descr": {"p": [{"i": {"#tail": "and released as a single in 1979. It reached number\n    one on the U.S. Billboard Hot 100 in October of that year and\n    remained in the top position for two weeks. Herb Alpert thus\n    became the first (and only) artist to reach the top of the Hot\n    100 with a vocal performance (\"This Guy's in Love with You\",\n    1968) as well as an instrumental performance. \"Rise\" also spent\n    one week atop the adult contemporary chart. \"Rise\" was\n    successful on the other charts: It peaked at number four on the\n    soul chart. . and number seventeen on the disco chart. .The\n    recording also received a Grammy Award for Best Pop\n    Instrumental Performance.", "#text": "Rise"}, "#text": "\"Rise\" is a song written by Andy Armer and Randy Badazz\n    Alpert, and first recorded by trumpeter Herb Alpert. The\n    instrumental track was included on Alpert's solo album"}, {"i": {"#tail": ", decided to use \"Rise\" as the musical\n    backdrop for the rape of Laura Webber by Luke Spencer. For\n    several weeks afterward, the recording was played on the show\n    to evoke the memory of Luke's act. The added exposure in an\n    extremely popular program boosted sales to the point of selling\n    more than one million copies.", "#text": "General Hospital"}, "#text": "\"Rise\" was originally recorded as an uptempo dance song,\n    however, Herb and Randy tried slowing the tempo down to 100bpm.\n    Upon release, the song received an unexpected burst of\n    promotion: Jill Phelps, musical director of the ABC soap opera"}, "Shortly after \"Rise\" became a hit in the United States, it\n    became a hit in the United Kingdom when British disk jockeys\n    were playing import copies of the record at the wrong speed\n    (American 12-inch singles are played at 33 revolutions per\n    minute, the same as an LP, while British and European 12-inch\n    singles are played as 45 RPM).", {"i": {"#tail": "starring Amitabh Bachchan and Neetu Singh, Neetu\n    Singh teaches Amitabh some dance moves to this song. The song\n    almost plays full length as Amitabh masters disco dancing.", "#text": "Yaarana"}, "#text": "In the 1981 Hindi movie"}, "A sample of \"Rise\" is the entire musical groove of the 1997\n    #1 world-wide hit song, \"Hypnotize\", recorded by The Notorious\n    B.I.G. and co-produced by Sean \"Puffy\" Combs. The sample is\n    credited on both the single, \"Hypnotize\" and in the liner notes\n    for the Notorious B.I.G's album, \"Life After Death\".", "In 1999, Brazilian saxophonist Leo Gandelman did a remake of\n    \"Rise\" for his album \"Brazilian Soul\"."]}, "artist": "Herb Alpert", "lengths": {"length": "7:35"}, "title": "Rise", "label": "A&M", "producers": {"producer": ["Herb Alpert", "Randy Badazz Alpert"]}, "released": "1979", "writers": {"writer": ["Andy Armer", "Randy Badazz Alpert"]}, "formats": {"format": ["7\"", "12-inch single"]}, "weeks": {"week": ["1979-10-20", "1979-10-27"]}}}