{"top-song": {"weeks": {"week": "1965-08-07"}, "artist": "Herman's Hermits", "descr": {"p": ["\"I'm Henery the Eighth, I Am\" (also \"I'm Henery the VIII, I\n    Am\" or \"I'm Henry VIII, I Am\"; spelled \"Henery\" in references\n    to the Herman's Hermits version) is a 1910 British music hall\n    song by Fred Murray and R. P. Weston. It was a signature song\n    of music hall star Harry Champion and became the\n    fastest-selling song in history to that point when revived in\n    1965 by Herman's Hermits, becoming the group's second\n    number-one on the Hot 100 chart. The lead solo on the Hermits'\n    version was played by the group's lead guitarist Derek \"Lek\"\n    Leckenby.", "In the well-known chorus, Henery explains that his wife had\n    been married seven times before:", {"i": ["I'm Henery the Eighth, I am,,", {"#tail": ",", "#text": "Henery the Eighth I am, I am!"}, {"#tail": ",", "#text": "I got married to the widow next door,"}, {"#tail": ",", "#text": "She'd been married seven times before."}, {"#tail": ",", "#text": "And every one was an Henery"}, {"#tail": ",", "#text": "She wouldn't have a Willie or a Sam"}, {"#tail": ",", "#text": "I'm her eighth old man named Henery"}, {"#tail": ",", "#text": "Henery the Eighth, I am!"}]}, "According to one source, Champion \"used to fire off [the\n    chorus] at tremendous speed with almost desperate gusto, his\n    face bathed in sweat and his arms and legs flying in all\n    directions.\" In later versions recorded by Champion, \"Willie\"\n    is changed to \"William\" because the former is a slang term for\n    the penis in Britain.", "The song is often sung in a Cockney accent.", "The Herman's Hermits version consists of the chorus sung\n    three times. Between the first two choruses, Peter Noone calls\n    out, \"Second verse, same as the first!\"", "This song was recorded (in 1961) and extensively performed\n    live by the british star Joe Brown, who revived the song and\n    made it largely known in the pop world. His version has two\n    choruses either side of his guitar solo. He performs it live\n    still today.", "Earlier sources usually spell the name \"Henery\" (as do some\n    old sources when referring to the historical King of England),\n    and the music requires the name \"Henery\" to be pronounced as\n    three syllables. The sheet music for the 1965 Herman's Hermits\n    revival, however, presented the name as \"Henry\", as do sources\n    referring to this version.", {"i": {"#tail": ", the ghost Sam (Patrick Swayze) pesters Oda Mae\n    Brown (Whoopi Goldberg) into taking a message to his girlfriend\n    by singing this song over and over again in a bad English\n    accent all night long, keeping her awake. His girlfriend Molly\n    (Demi Moore) later reveals that Sam used this tactic to get her\n    to agree to go out with him.", "#text": "Ghost"}, "#text": "In the 1990 movie"}, {"i": [{"#tail": "episode", "#text": "Simpsons"}, {"#tail": ", but with much different lyrics.\n    Homer is playing King Henry VIII of England and substituting\n    many words to state he is eating multiple course meals.", "#text": "Margical History Tour"}], "#text": "Homer Simpson sings this song in the"}, {"i": {"#tail": ", Spike threatens to haunt Dracula with\n    an endless singing of the song.", "#text": "Spike vs. Dracula"}, "#text": "In the comic book"}]}, "title": "I'm Henry VIII, I Am"}}