{"top-song": {"weeks": {"week": ["1965-05-01", "1965-05-08", "1965-05-15"]}, "artist": "Herman's Hermits", "descr": {"p": [{"i": {"#tail": ", a British TV play of 1963.", "#text": "The Lads"}, "#text": "\"Mrs Brown, You've Got a Lovely Daughter\" is a popular song\n    written by Trevor Peacock. It was originally sung by actor Sir\n    Tom Courtenay in"}, "The best-known version of the song is by Herman's Hermits,\n    who took it to number one on the U.S. Billboard Hot 100 in\n    April 1965. Herman's Hermits had two U.S. number-ones, the\n    other being \"I'm Henry VIII, I Am\". The band never released\n    them as singles in Britain. \"Mrs Brown, You've Got a Lovely\n    Daughter\" was recorded as an afterthought in two takes and\n    featured unique muted rhythm guitar by Keith Hopwood and\n    heavily accented vocals by Peter Noone with backing from Karl\n    Green and Keith Hopwood. The band never dreamed it would be a\n    single let alone hit number one in the U.S.(Hopwood pers.\n    correspondence.) According to Pete Noone, the song was well\n    known to British bands; it would often be performed at birthday\n    parties, substituting the name of the girl whose party was\n    being celebrated, i.e. \"Mrs. Smith\" or \"Mrs. Jones\" instead of\n    \"Mrs. Brown\".", "The song was released in Japan on Odeon records, a\n    subsidiary of Toshiba, as OR-1272. It was backed by the song\n    Wonderful World.", "Herman's Hermits also featured in a film of the same name,\n    and recorded an album in 1968 with the same title."]}, "title": "Mrs. Brown, You've Got a Lovely Daughter"}}