{"top-song": {"album": "Hi-Five", "genres": {"genre": "R&B"}, "descr": {"p": "\"I Like the Way (The Kissing Game)\" is the title of a\n    number-one pop and R&B single by Hi-Five. The hit song\n    spent one week at number-one on the US Billboard Hot 100 and\n    two weeks at number-one on the US R&B chart Sampled by SWV\n    (Coming Home)"}, "artist": "Hi-Five", "title": "I Like the Way (The Kissing Game)", "recorded": "1991", "producers": {"producer": "Teddy Riley"}, "released": "1991", "writers": {"writer": ["Teddy Riley", "Bernard Belle", "David Way"]}, "weeks": {"week": "1991-05-18"}}}