{"top-song": {"album": "Beach Boys' Party!", "genres": {"genre": "Rock and roll"}, "descr": {"p": [{"i": {"#tail": ".", "#text": "For other uses of the term \"Alley Oop\", see Alley Oop\n    (disambiguation)"}}, {"i": "Beach Boys' Party!", "#text": "from the album"}, "\"Alley Oop\" is a song written by Dallas Frazier. The song,\n    heavily inspired by the V. T. Hamlin-created comic strip of the\n    same name, was first recorded by Frazier as a country tune in\n    1957.", "The Hollywood Argyles recorded the song in 1960 and hit\n    number one on the Hot 100. It was produced by Gary S. Paxton.\n    The lead vocalist on the track was Norm Davis. He was paid a\n    one-time fee of $25 for his work on the single. He is currently\n    a poet and poetry teacher in Rochester, New York.", "This version of the story is contested by Gary Paxton.\n    Paxton writes:", "Also in 1960, The Dyno-Sores and Dante & The Evergreens\n    took versions of the song to numbers 59 and 15, respectively,\n    on the Hot 100 chart. Both Dante & The Evergreens' and the\n    Argyles' versions were credited as number ones in Cashbox\n    magazine's singles chart.", {"i": {"#tail": ". The British satirical art rock/pop\n    group, The Bonzo Dog Doo-Dah Band, recorded a version of \"Alley\n    Oop\", which was released as their second single in October\n    1966. It was also performed by Dave Van Ronk and the Hudson\n    Dusters on their self-titled album, released in 1967.", "#text": "Beach Boys' Party!"}, "#text": "The Beach Boys recorded and released their version on their\n    1965 album"}, {"i": {"#tail": "., George Thorogood also did a version of\n    this song and was on the Live CD that was released February 15,\n    1989.", "#text": "Bachelor Party"}, "#text": "Actress-singer Darlene Love recorded a version of the song\n    for the 1984 film"}]}, "artist": "Hollywood Argyles", "lengths": {"length": "2:56"}, "title": "Alley Oop", "recorded": "September 16, 1965 , Western Studios", "label": "Capitol", "producers": {"producer": "Brian Wilson"}, "released": "November 8, 1965", "weeks": {"week": "1960-07-11"}}}