{"top-song": {"album": "The \"Chirping\" Crickets", "genres": {"genre": "Rock and roll"}, "descr": {"p": ["\"That'll Be the Day\" is a song written by Buddy Holly and\n    Jerry Allison and recorded by various artists including The\n    Crickets and Linda Ronstadt. It was also the first song to be\n    recorded (just as a demonstration disc) by The Quarrymen the\n    skiffle group that subsequently became The Beatles. Although\n    Norman Petty was given a co-writing credit on it, he was not\n    actually involved in the composition, but only in the\n    production of this well-known recording.", {"i": {"#tail": "was playing. Wayne's frequently-used,\n    world-weary catchphrase, \"That'll be the day.\" inspired the\n    young musicians.", "#text": "The Searchers"}, "#text": "The song had its genesis in a trip to the movies by Holly,\n    Allison and Sonny Curtis in June 1956. The John Wayne film"}, "The version of this song that became a number-one hit on the\n    1957 \"Best Sellers in Stores\" chart in magazine was recorded\n    eight months later, at the Norman Petty studios in Clovis, New\n    Mexico, on February 25, 1957, and issued on the Brunswick\n    Records label three months later. The song also went to number\n    two on the R&B chart.", "Because Holly had signed a recording contract with Decca he\n    was contractually prohibited from re-recording any of the songs\n    recorded during the 1956 Nashville sessions for five years,\n    even if Decca never released them. To dodge this, producer\n    Norman Petty credited The Crickets as the artist on this new\n    recording of \"That'll Be the Day\" to shield Buddy from possible\n    legal action. Ironically, Brunswick Records was a subsidiary of\n    Decca Records. Once the cat was out of the bag, Decca re-signed\n    Holly to another of its subsidiaries, Coral Records, so he\n    ended up with two recording contracts. His group efforts would\n    be issued by Brunswick, and his solo recordings would be on\n    Coral.", {"i": {"#tail": ", which was issued on November\n    27, 1957. The song is considered a classic in the rock and roll\n    genre and is listed at #39 on Rolling Stone's list of The 500\n    Greatest Songs of All Time.", "#text": "The \"Chirping\" Crickets"}, "#text": "The re-recorded version of \"That'll Be the Day\" was released\n    by Brunswick Records on May 27, 1957, and is featured on the\n    debut album by The Crickets,"}, {"i": {"#tail": "in 1995. Norman Petty sold the publishing\n    rights to the Buddy Holly catalogue to Paul McCartney in\n    1979.", "#text": "Anthology 1"}, "#text": "In 1958, the song was the first track ever recorded by The\n    Quarrymen, who later became The Beatles; their rendition,\n    intended just as a demonstration disc, was issued officially on\n    the Beatles"}, {"i": [{"#tail": ". The single made it to number 11 on\n    the", "#text": "Hasten Down the Wind"}, {"#tail": "Pop Singles chart and number 27 on the\n    Billboard Country Singles chart.", "#text": "Billboard"}], "#text": "Linda Ronstadt covered the song on 1976's Grammy award\n    winning"}, {"i": {"#tail": ".", "#text": "Teenage Head"}, "#text": "The Flamin' Groovies covered \"That'll be the Day\" in 1972;\n    their rendition is on the reissue of their album"}, {"i": {"#tail": "(Decca LP LK4878, 1967).", "#text": "Two of a Kind"}, "#text": "Paul and Barry Ryan covered the song on their debut album"}, {"i": {"#tail": ".", "#text": "Castaways"}, "#text": "Overboard has a rendition on their 2008 album"}]}, "artist": "\"Honeycomb\" Jimmie Rodgers", "lengths": {"length": "2:16"}, "title": "That'll Be the Day \" The Crickets", "recorded": "February 25, 1957, Clovis, New Mexico", "producers": {"producer": "Norman Petty"}, "released": "May 27, 1957 (USA) , September 10, 1957 (UK)", "writers": {"writer": ["Buddy Holly", "Jerry Allison", "Norman Petty"]}, "formats": {"format": ["45 rpm", "78 rpm"]}, "weeks": {"week": "1957-09-23"}}}