{"top-song": {"weeks": {"week": "1957-10-14"}, "artist": "\"Honeycomb\" Jimmie Rodgers", "descr": {"p": ["\"Wake Up Little Susie\" is a popular song written by Felice\n    and Boudleaux Bryant and published in 1957.", {"i": [{"#tail": "country chart and got to number two on the UK\n    Singles Chart. The song was ranked at #311 on the", "#text": "Billboard"}, {"#tail": "magazine's list of The 500 Greatest Songs\n    of All Time.", "#text": "Rolling Stone"}], "#text": "The song is best known in a recording by The Everly\n    Brothers, issued by Cadence Records as catalog number 1337. The\n    song reached number one on the Pop chart and the Cash Box Best\n    Selling Records chart, despite having been banned from Boston\n    radio stations for lyrics that, at the time, were considered\n    suggestive. \"Wake Up Little Susie\" also spent seven weeks atop\n    the"}, "In an appearance on The Oprah Winfrey Show during the 2000\n    U.S. presidential election, Governor George W. Bush named \"Wake\n    Up Little Susie\" as his favorite song.", "The song is written from the point of view of a high school\n    boy to his girlfriend, Susie. In the song, the two go out on a\n    date to a drive-in movie theater, only to fall asleep during\n    the movie. They do not wake up until 4 o'clock in the morning,\n    well after the 10 o'clock curfew. They then contemplate the\n    reactions of her parents and their friends.", {"i": "\"didn't have much of a plot.\"", "#text": "Although banned in such places as Boston, the song does not\n    state that Susie and her boyfriend had sexual relations.\n    Indeed, it strongly implies that they did not; the couple\n    simply fell asleep because they were bored by the movie. One\n    line in the lyrics states that the movie"}]}, "title": "Wake Up Little Susie \" Everly Brothers"}}