{"top-song": {"weeks": {"week": "1974-07-06"}, "artist": "Hues Corporation", "descr": {"p": ["\"Rock the Boat\" is a disco song by the group Hues\n    Corporation in 1974. It is sometimes considered the first disco\n    record to reach number one on the Billboard Hot 100 in the\n    United States, though some consider this distinction to go to\n    \"Love's Theme\" by Love Unlimited Orchestra (earlier that same\n    year) or even The Sound Of Philadelphia (TSOP) by MFSB. \"Rock\n    the Boat\" was written by Waldo Holmes, who also wrote the\n    Blacula songs.", {"i": [{"#tail": "(an edited version later\n    appeared on certain editions of the band's follow-up album,\n    1974's", "#text": "Freedom for the Stallion"}, {"#tail": "). and was released as the second single\n    from the album in early 1974 to follow-up", "#text": "Rockin' Soul"}, {"#tail": "s title song, which had peaked at #63 on the\n    Hot 100. Initially, \"Rock the Boat\" appeared as though it would\n    flop, as months went by without any radio airplay or sales\n    activity. Not until the song became a disco/club favorite in\n    New York did Top 40 radio finally pick up on the song, leading\n    the record to finally enter the Hot 100 and zip up the chart to\n    #1 in July of 1974. The record also reached the top 10 in the\n    United Kingdom. It is a heavy airplay favorite on oldie and\n    adult-contemporary stations today.", "#text": "Stallion'"}], "#text": "\"Rock the Boat\" was first featured on the Hues Corporation's\n    1973 album,"}, {"i": {"#tail": "by Fred Bronson,\n    the lone female member of the group, H. Ann Kelly, had\n    originally been pegged to sing lead, but this idea was\n    discarded out of fear that groups with female lead singers were\n    less commercially viable. The song also features an important\n    post-Motown performance of James Jamerson.", "#text": "The Billboard Book of Number One Hits"}, "#text": "The song features a lead vocal by Fleming Williams, who left\n    the Hues Corporation shortly after the song was recorded.\n    According to"}, "\"Rock the Boat\" was covered in 1982 by the Dutch/American\n    singer Forrest Thomas. His version also made the U.K. top five\n    and the top 10 of the American Dance/Disco chart. Jacob Miller\n    and the Inner Circle cut a Reggae version of the song in\n    1974.", "0"]}, "title": "Rock the Boat"}}