{"top-song": {"album": "Back\n  to the Future: Music From the Motion Picture Soundtrack", "genres": {"genre": "Pop / Rock"}, "descr": {"p": [{"i": [{"#tail": ". It gave the band their first\n    number-one hit on the U.S. Billboard Hot 100, their second\n    number-one hit on the U.S. Top Rock Tracks chart, and was a top\n    ten hit on the UK Singles Chart, where it appeared on UK\n    editions of the band's fourth studio album,", "#text": "Back to the Future"}, {"#tail": ". The song was nominated for an Academy Award at\n    the 58th Academy Awards.", "#text": "Fore!"}], "#text": "\"The Power of Love\" is the title of a 1985 single by Huey\n    Lewis and the News written for and featured in the 1985\n    blockbuster film"}, {"i": [{"#tail": "as Marty McFly (Michael J. Fox)\n    skateboards to school, then when he and his band played the\n    song for a Battle of the Bands auditions (which Lewis, himself,\n    is judging, and tells Marty's group that they \"are just too\n    darn loud\"), and later when Marty returns to his neighborhood.\n    In the sequel,", "#text": "Back to the Future"}, {"#tail": ", the 2015 version of Marty\n    attempts to play the song on his guitar just after being fired,\n    but ends up playing it very poorly due to his damaged hand from\n    his 1985 accident with a Rolls-Royce. Finally, it can be\n    briefly heard playing in the car where Needles and his buddies\n    are driving when Needles challenges Marty to the\n    fate-determining car race near the end of", "#text": "Back to the Future Part II"}, {"#tail": ".", "#text": "Back to the Future Part III"}], "#text": "The song appears early in"}, "The music video shows the band playing in a nightclub with\n    Dr. Emmett Brown (Christopher Lloyd) showing up in his\n    DeLorean, apparently after time-traveling, and a couple\n    stealing it for a joy ride."]}, "artist": "Huey Lewis and the News", "lengths": {"length": "3:53"}, "title": "The Power of Love", "label": "Chrysalis", "producers": {"producer": "Huey Lewis and the News"}, "released": "1985", "writers": {"writer": ["Huey Lewis", "Chris Hayes", "Johnny Colla"]}, "formats": {"format": ["7-inch", "12-inch"]}, "weeks": {"week": ["1985-08-24", "1985-08-31"]}}}