{"top-song": {"album": "Fore!", "genres": {"genre": "Rock"}, "descr": {"p": ["\"Jacob's Ladder\" is a 1986 song, written by Bruce Hornsby\n    and his brother John Hornsby, that was recorded by Huey Lewis\n    and the News and became a number-one hit on the Billboard Hot\n    100 in 1987.", "Set in Birmingham, Alabama, the song marries the Biblical\n    image of Jacob's Ladder to someone who rejects proselytizing\n    evangelists, and is instead struggling to get through life one\n    day at a time:", {"i": {"#tail": ". It was the third single released from the album,\n    and topped the Billboard Hot 100 chart for a week in March\n    1987.", "#text": "Fore!"}, "#text": "The song was given by Hornsby to his friend Lewis, and it\n    appeared on the group's September 1986 album"}, "A music video was filmed, of the band performing the song in\n    a live concert.", {"i": [{"#tail": ". It became part of his concert\n    repertoire as well; a live bluegrass-influenced version (very\n    different from the version on", "#text": "Scenes from the Southside"}, {"#tail": ") appears on the 2006 album", "#text": "Scenes from the Southside"}, {"#tail": ", which Hornsby performed with\n    his brother John.", "#text": "Intersections (1985\u20132005)"}], "#text": "Bruce Hornsby later recorded his own rendition of the song,\n    characteristically a little less pop, to appear on his 1988\n    album,"}]}, "artist": "Huey Lewis and the News", "lengths": {"length": "3:33"}, "title": "Jacob's Ladder", "recorded": "1986", "label": "Chrysalis", "producers": {"producer": "Huey Lewis and the News"}, "released": "1987", "writers": {"writer": ["Bruce Hornsby", "John Hornsby"]}, "formats": {"format": "7\" single"}, "weeks": {"week": "1987-03-14"}}}