{"top-song": {"album": "Fore!", "genres": {"genre": "Rock"}, "descr": {"p": [{"i": {"#tail": ". The song spent three weeks at number one on the\n    Billboard Hot 100 from September 20, 1986, through October 10,\n    1986. The single was the band's second number-one hit on the\n    Hot 100 chart, following \"The Power of Love\" in 1985. The song\n    reached number 12 on the UK Singles Chart.", "#text": "Fore!"}, "#text": "\"Stuck with You\" is the title of a hit single by Huey Lewis\n    and the News, written by guitarist Chris Hayes and lead singer\n    Huey Lewis, from 1986. It was the first single from the band's\n    fourth album,"}, "The music video for \"Stuck with You\" was filmed in the\n    Bahamas and features Keely Shaye Smith. The island that Lewis\n    and Smith wind up on is a small island about ten miles from\n    Paradise Island in Nassau. The video was filmed on land, on\n    water, underwater and from the air. The band, the crew and all\n    the extras used in the island BBQ scene had to stay on a barge\n    moored off the island so that they wouldn't be seen.", "The video was directed by Edd Griles, who had previously\n    directed the band's video for \"The Heart of Rock & Roll\" as\n    well as Cyndi Lauper's \"Girls Just Want to Have Fun\" and \"Time\n    After Time\"."]}, "artist": "Huey Lewis and the News", "lengths": {"length": "4:29"}, "title": "Stuck with You", "recorded": "1986", "label": "Chrysalis", "producers": {"producer": "Huey Lewis and the News"}, "released": "1986", "writers": {"writer": ["Chris Hayes", "Huey Lewis"]}, "formats": {"format": "7\" Vinyl record"}, "weeks": {"week": ["1986-09-20", "1986-09-27", "1986-10-04"]}}}