{"top-song": {"album": "The Promise\n  of a Future", "genres": {"genre": "Jazz"}, "descr": {"p": ["\"Grazing in the Grass\" is an instrumental composed by\n    Philemon Hou and first recorded by the South African trumpeter\n    Hugh Masekela. It is recognizable by its prominent cowbell\n    part. Released in the United States as a single in 1968, it\n    became one of the few instrumentals to reach the #1 spot on the\n    Billboard Hot 100 chart. .", "\"Grazing in the Grass\" was inspired by an earlier Masekela\n    recording, \"Mr. Bull No. 5\". Hou, an actor and singer, came up\n    with the melody while the backing track was already being\n    recorded. The session was held at Gold Star Studios in\n    Hollywood.", {"i": {"#tail": ". It is also a staple in the repertoire\n    of New Orleans brass bands.", "#text": "The Lion King 1\u00bd"}, "#text": "The Friends of Distinction recorded a vocal cover version of\n    the tune in 1969 which was also a Top Ten pop and R&B hit,\n    reaching #3 on the former and #5 on the latter. . The group's\n    Harry Elston penned lyrics for the song and sang lead on\n    it.\"Grazing in the Grass\" has been recorded by many other\n    musicians, including Chet Atkins, Boney James, Rick Braun,\n    Willie Mitchell, The Monitors, Meco, and cc: DIVA. In 2004 it\n    was covered by Raven-Symon\u00e9; her version was played on Radio\n    Disney but never received a general commercial release as a\n    single for airplay in other venues. The video for her version\n    features her and dancing extras interacting with scenes from"}, {"i": {"#tail": ". Also, a sample can be heard\n    in Sugar Ray's 1999 single \"Every Morning\".", "#text": "Ain't a Damn Thing Changed"}, "#text": "\"Grazing in the Grass\" was sampled by the hip hop duo Nice\n    & Smooth on the track \"One, Two and One More Makes Three\"\n    from their album"}]}, "artist": "Hugh Masekela", "lengths": {"length": "2:38"}, "title": "Grazing in the Grass", "recorded": "March 12, 1968", "label": "Uni , 55066", "producers": {"producer": "Stewart Levine"}, "released": "May 1968", "writers": {"writer": "Philemon Hou"}, "formats": {"format": "7\""}, "weeks": {"week": ["1968-07-20", "1968-07-27"]}}}