{"top-song": {"album": "Here Comes\n  the Hotstepper", "genres": {"genre": ["Dancehall", "Reggae fusion", "Rap", "Reggae"]}, "descr": {"p": ["\"Here Comes the Hotstepper\" is a dancehall song by musician\n    Ini Kamoze, co-written with Richard Winsland and recorded in\n    1994. It extrapolates the well-known \"na na na na na...\" chorus\n    from the song \"Land of a Thousand Dances\" by Cannibal and the\n    Headhunters, later covered by Wilson Pickett. To date it is\n    Kamoze's only US number-one hit. It also made the UK Top 5,\n    peaking at number 4.", {"i": {"#tail": "and a music video with footage from the\n    film was released and included on the U.S. VHS release of the\n    movie.", "#text": "Pr\u00eat-\u00e0-Porter"}, "#text": "The song was particularly popular in fashion shows of the\n    1990s. It was also featured in"}, "\"Here Comes the Hotstepper\" samples various tracks."]}, "artist": "Ini Kamoze", "lengths": {"length": "4:13"}, "title": "Here Comes the Hotstepper", "label": "Columbia", "producers": {"producer": "Salaam Remi"}, "released": "November 18, 1994", "writers": {"writer": ["Ini Kamoze", "Chris Kenner", "Kenton Nix", "Salaam Remi"]}, "weeks": {"week": ["1994-12-17", "1994-12-24"]}}}