{"top-song": {"album": "Kick", "genres": {"genre": "Rock"}, "descr": {"p": [{"i": {"#tail": "as well as the first single from the album released\n    worlwide. It was also the only single of the band's to reach #1\n    on the Hot 100. It also achieved their highest peak at number\n    two on the UK Singles Chart, however this peak was only reached\n    after a re-release of the single in November 1988. On its first\n    run on the UK Charts in October 1987, it stalled at No. 58.\n    While it would arguably become the band's signature song, it\n    was one of the last songs recorded for the album.", "#text": "Kick"}, "#text": "\"Need You Tonight\" is the fourth song on INXS's 1987 album"}, {"i": {"#tail": ", Andrew Farriss said that the\n    famous riff to the song appeared suddenly in his head while\n    waiting for a cab to go to the airport to fly to Hong Kong. He\n    asked the cab driver to wait a couple of minutes while he\n    grabbed something from his motel room. In fact, he went up to\n    record the riff and came back down an hour later with a tape to\n    a very annoyed driver. This riff was later described as\n    sounding like a cross between Keith Richards and Prince.", "#text": "INXS: Story to Story"}, "#text": "In INXS's official autobiography,"}, "The song is a much more electronic track than most of the\n    band's material before or after, combining sequencers with\n    regular drum tracks and a number of tracks of layered guitars.\n    To approximate the sound on the recorded track, the band often\n    utilizes click tracks for a frequent synthesizer chord as well\n    as rim shots heard throughout the song.", {"i": {"#tail": "album, the song is linked to the next song, entitled\n    either \"Mediate\" or \"Meditate\" depending on the pressing of the\n    album. On some compilations, the two tunes appear together and\n    on others, only \"Need You Tonight\" appears (rarely, if ever,\n    has \"Mediate\" appeared on its own).", "#text": "Kick"}, "#text": "On the"}, "The song is also notable for its promotional music video\n    which combined live action and different kinds of animation.\n    Directed by Richard Lowenstein, the video was actually \"Need\n    You Tonight / Mediate\", as it combined two songs from the\n    album. Lowenstein claimed that the particular visual effects in\n    \"Need You Tonight\" were created by cutting up 35mm film and\n    photocopying the individual frames, before re-layering those\n    images over the original footage.", "For \"Mediate\", it segues into a tribute to Bob Dylan's\n    \"Subterranean Homesick Blues\". The members flip cue cards with\n    words from the song, followed by a Kirk Pengilly saxophone\n    solo. Beneath the lyric \"a special date\" in the \"Mediate\"\n    portion of the video, the cue card shown reads \"9-8-1945\". This\n    refers to the date 9 August 1945 which was the date the atomic\n    bomb was dropped on Nagasaki, Japan. As the date is in the\n    Australian format, with the day first and month second,\n    American observers sometimes confuse the date for 8 September\n    1945.", "The video won five MTV Video Music Awards including Video of\n    The Year and was ranked at number twenty-one on MTV's countdown\n    of the 100 greatest videos of all time.", "Static Revenger/Koishii & Hush Mixes, Remixes", {"i": {"#tail": ". Because it was the only hit\n    single from the album, the band was publicly considered one-hit\n    wonders until \"Voodoo Child\" reached #4 in 2005.", "#text": "We Know What You're Up To"}, "#text": "Rogue Traders covered and remixed \"Need You Tonight\" and\n    released it as a single in Australia. The song was renamed \"One\n    of My Kind\", where it reached #10 on the Australian Top 100\n    Singles Chart, becoming their first top-10 hit. \"One of My\n    Kind\" is the second single released by the Rogue Traders for\n    their debut album"}, "The music video is set in a dance party where the lizard on\n    the single cover wanders around looking for a girl of his kind.\n    He finds one looking lonely. The two sit together and he\n    singles the line 'you're one of my kind' before the video\n    ends.", "Maxi CD single", "12\" vinyl", "The single spent 15 weeks in the charts, 9 of which were in\n    the top 50. The single also topped the ARIA Dance chart."]}, "artist": "INXS", "lengths": {"length": "3:00"}, "title": "Need You Tonight", "label": "Atlantic records , Mercury Records , WEA", "producers": {"producer": "Chris Thomas"}, "released": "September 23, 1987 , June 1, 2005 (remixes)", "writers": {"writer": ["Andrew Farriss", "Michael Hutchence"]}, "formats": {"format": ["12\" single", "7\" single", "CD single", "Cassette"]}, "weeks": {"week": "1988-01-30"}}}