{"top-song": {"album": "What a\n  Feelin'Flashdance soundtrack", "genres": {"genre": ["Pop rock", "Dance-pop", "Euro-Disco", "New Wave"]}, "descr": {"p": [{"i": {"#tail": ", written by Giorgio Moroder, Keith Forsey,\n    Irene Cara and which was performed by Cara.,", "#text": "Flashdance"}, "#text": "\"Flashdance... What a Feeling\" is an Academy Award winning\n    song from the 1983 film"}, "In addition to topping the Billboard Hot 100 and earning a\n    platinum record in 1983, \"Flashdance... What a Feeling\" won the\n    Academy Award for Best Original Song and the Golden Globe Award\n    for Best Original Song in 1984. Despite the title, the word\n    \"Flashdance\" is never used in the lyrics. The instrumental\n    backing tracks of the song make extensive use of\n    synthesizers.", "\"Flashdance......What a Feeling\" was originally recorded by\n    Joe Esposito before Irene Cara was asked to rerecord, since it\n    would be from a women persective.", {"i": [{"#tail": ", and Irene Cara's second solo album,", "#text": "Flashdance"}, {"#tail": ". The song also won the Grammy Award for\n    Best Pop Vocal Performance, Female in 1984. It was also\n    nominated for Record of the Year.", "#text": "What a Feelin'"}], "#text": "The song has appeared on the original soundtrack album of"}, "A variation of the song was used as the basis of an Apple\n    corporate video in 1984. The music was slightly different, and\n    the lyrics were changed from \"What a Feeling\" to \"We are\n    Apple\".", {"i": [{"#tail": "\" precede the lines \"", "#text": "If I only could take all the love that you give, and escape\n    to a world crystal clear"}, {"#tail": "\".\n    There is also a second instrumental break with a guitar\n    solo.", "#text": "Well I hear the music, close my eyes, feel the rhythm"}], "#text": "There are additional lyrics in the 12-inch single version of\n    the song. The lines \""}, {"i": "Billboard's All Time Top 100.", "#text": "The song ranks at #26 on"}, "In the UK, the song spent one week at #2 on the chart dated\n    July 5, 1983, being kept off the top position by the Rod\n    Stewart's song \"Baby Jane.\" The song was the 25th best-selling\n    single of 1983 in the UK.", "The song was the number 3 single of the year (1983) on\n    Billboard's year-end chart. American Top 40 ranked it as the\n    number two song of 1983.", "The soundtrack album has the version that is usually played\n    by radio stations. The song appears twice in the film, during\n    the opening title sequence and as the backing for Alex's\n    audition routine in the final sequence. Both of these versions\n    were recorded specially for the film, and have different\n    arrangements from the album version.", "Irene Cara's song was used in an Australian Beer Commercial.\n    It depicts a man auditioning for a job as a beer brewer and\n    uses a similar dance routine that was used in the film. The\n    advertisement was for Carlton Draught beer.", {"i": {"#tail": "has been used in advertisements for\n    heartburn relief medicine Gaviscon.", "#text": "What a Feeling"}, "#text": "Since the early 2000s,"}]}, "artist": "Irene Cara", "lengths": {"length": "3:55"}, "title": "Flashdance... What a Feeling", "recorded": "1983", "label": "Casablanca Records", "producers": {"producer": "Giorgio Moroder"}, "released": "April 3, 1983 , 2001 (re-released)", "writers": {"writer": ["Giorgio Moroder (music)", "Keith Forsey (lyrics)", "Irene Cara (lyrics)"]}, "formats": {"format": ["12\" single", "7\" single"]}, "weeks": {"week": ["1983-05-28", "1983-06-04", "1983-06-11", "1983-06-18", "1983-06-25", "1983-07-02"]}}}