{"top-song": {"album": "Shaft", "genres": {"genre": ["Soul", "proto-disco", "funk"]}, "descr": {"p": [{"i": [{"#tail": ". The theme was released as a single (shortened and\n    edited from the longer album version) two months after the\n    movie's soundtrack by Stax Records' Enterprise label. \"Theme\n    from", "#text": "Shaft"}, {"#tail": "\" went to number one on the Billboard Hot 100 in\n    the United States in November 1971. The song was also\n    well-received by adult audiences, reaching number six on\n    Billboard's Easy Listening (later Adult Contemporary)\n    chart.", "#text": "Shaft"}], "#text": "\"Theme from Shaft\", written and recorded by Isaac Hayes in\n    1971, is the soul- and funk-styled theme song to the\n    Metro-Goldwyn-Mayer film"}, {"i": [{"#tail": "\" won the Academy Award for Best Original Song,\n    with Hayes becoming the first African American to win that\n    honor (or any Academy Award in a non-acting category). Since\n    then, the song has appeared in numerous television shows,\n    commercials, and other movies, including the 2000 remake of ,\n    for which Hayes re-recorded the song without making any changes\n    to it. \"Theme from", "#text": "Shaft"}, {"#tail": "\" is sometimes considered more iconic than the\n    movie for which it was written.", "#text": "Shaft"}], "#text": "The following year, \"Theme from"}, {"i": [{"#tail": "score after", "#text": "Shaft"}, {"#tail": "producer Joel Freeman promised him an audition for\n    the lead role. He never got the chance to audition, but kept\n    his end of the deal anyway. Director Gordon Parks also had a\n    hand in composing the theme, describing the character of John\n    Shaft (the \"black private dick/who's a sex machine/to all the\n    chicks\") to Hayes and explaining that the song had to\n    familiarize the audience with him. Hayes recorded the rhythm\n    parts on the theme first, scored the entire rest of the film,\n    then returned to the theme song.", "#text": "Shaft"}], "#text": "In 2000, Hayes told National Public Radio that he had only\n    agreed to write and record the"}, "The song begins with a sixteenth-note hi-hat ride pattern,\n    played by Willie Hall, which was drawn from a break on Otis\n    Redding's \"Try A Little Tenderness\", a Stax record on which\n    Hayes had played. Also featuring heavily in the intro is\n    Charles Pitts' guitar, which uses a wah-wah effect common in\n    1970s funk; the riff had originally been written for an\n    unfinished Stax song. The synthesized keyboard is played by\n    Hayes. Even on the edited single version, the intro lasts for\n    more than two and a half minutes before any vocals are\n    heard.", "The lyrics describe John Shaft's coolness, courage, and sex\n    appeal, and Hayes' lead vocals are punctuated by a trio of\n    female backup singers. At one famous moment, Hayes calls Shaft\n    \"a bad mother\u2014\" before the backup singers (one of whom is Tony\n    Orlando & Dawn's Telma Hopkins) interrupt the implied\n    profanity with the line \"Shut yo' mouth!\" Hayes immediately\n    defends himself by replying that he's \"only talking about\n    Shaft,\" with the back-up vocalists replying, \"We can dig it.\"\n    Other well-known passages include \"You're damn right!\" also\n    uttered by Hayes, and \"He's a complicated man/but no one\n    understands him/but his woman/John Shaft.\"", {"i": {"#tail": "(until it was demonstrated that the song had\n    indeed been played on television before).", "#text": "The Simpsons"}, "#text": "The song was considered very racy for its time; as late as\n    1990, censors at the Fox Network thought it too risqu\u00e9 to be\n    sung on"}, "The song was not intended to be a single, but the success of\n    the film and the popularity of the track in nightclubs led to a\n    45 record of the theme being released on Enterprise Records two\n    months after the soundtrack. Within two months, it hit #1 on\n    the Billboard Hot 100 and stayed there a second week. The song\n    had an enormous influence on the disco and soul music of the\n    decade.", {"i": {"#tail": "\" as part of the Academy Awards ceremony in his\n    trademark chainmail vest, but accepted the award later that\n    night wearing a tuxedo. Hayes dedicated his historic win to his\n    grandmother, Rushia Wade, who joined him onstage to accept the\n    award. In addition, Hayes, Rev. Jesse Jackson, and the Stax\n    staff dedicated Hayes' win to the black community at an\n    Operation PUSH rally following the Academy Awards.", "#text": "Shaft"}, "#text": "In 1972, Hayes performed \"Theme from"}, {"i": [{"#tail": "\" live at the Wattstax concert in Los Angeles Film\n    footage of this performance was recorded for Mel Stuart's\n    documentary film of the concert, but was cut before the film's\n    release due to legal complications with MGM, who would not\n    allow Hayes to perform his", "#text": "Shaft"}, {"#tail": "songs in any other film until 1976. A 2003\n    remastered version of the", "#text": "Shaft"}, {"#tail": "film reinstates Hayes' performance of \"Theme\n    from", "#text": "Wattstax"}, {"#tail": "\".", "#text": "Shaft"}], "#text": "Later that year, Hayes performed \"Theme from"}, {"i": {"#tail": ", starring Samuel L. Jackson, in 2000, Hayes\n    rerecorded the theme for the new film.", "#text": "Shaft"}, "#text": "When John Singleton directed an updated version of"}, "(the rerecorded version was based on the 1978 disco 12\" mix\n    titled Shaft II).", {"i": [{"#tail": ",", "#text": "The Fresh Prince of Bel-Air"}, {"#tail": ",", "#text": "The Simpsons"}, {"#tail": ",", "#text": "Sesame Street"}, {"#tail": ",", "#text": "Scrubs"}, {"#tail": ",", "#text": "The X-Files"}, {"#tail": ",", "#text": "Mystery Science Theater 3000"}, {"#tail": ",", "#text": "Father Ted"}, {"#tail": ", and", "#text": "Histeria!"}, {"#tail": ". On", "#text": "The Wire"}, {"#tail": "a parodied version of the song, \"Cookie\n    Disco\", was about Cookie Monster, dressed as Isaac Hayes, who\n    ends up eating the set. The song was featured in the film", "#text": "Sesame Street"}, {"#tail": ", where the lead character Slade\n    is a parody on Shaft (Issac Hayes was in the film in a\n    different role). The 1989 comedy film", "#text": "I'm Gonna Git You Sucka"}, {"#tail": "(co-written by and starring \"Weird Al\" Yankovic)\n    features a mock trailer segment on television parodying the\n    movie", "#text": "UHF"}, {"#tail": "called", "#text": "Gandhi"}, {"#tail": ", set to music meant to resemble the", "#text": "Gandhi II"}, {"#tail": "theme. A 1998 Burger King marketing campaign\n    featured Hayes singing a retooled version of the song, with\n    lyrics now alluding to Mr. Potato Head, who is seen dancing on\n    the piano that Hayes plays. In the series Two and a Half Men,\n    there are references occainsionally of the song, including one\n    episode where Alan, Herb, Gordon, and another guy are seen\n    singing the song as a barbershop quartet.", "#text": "Shaft"}], "#text": "The song has been played or parodied in television shows\n    including"}, "Sammy Davis Jr recorded a cover version of this song with\n    extended lyrics, and a version by Eddy & The Soul Band was\n    a hit in the 1980s."]}, "artist": "Isaac Hayes", "lengths": {"length": ["3:15 (single edit)", "4:34 (album version)"]}, "title": "Theme from Shaft", "label": "Stax , STXS-2010", "producers": {"producer": "Isaac Hayes"}, "released": "September 1971", "writers": {"writer": "Isaac Hayes"}, "formats": {"format": ["7\" single", "45 RPM"]}, "weeks": {"week": ["1971-11-20", "1971-11-27"]}}}