{"top-song": {"album": "Pain\n  Is Love", "genres": {"genre": ["R&B", "Pop"]}, "descr": {"p": ["\"Always on Time\" is the platinum selling 2001 number-one\n    single for rapper Ja Rule featuring Ashanti , produced by Irv\n    Gotti. The music was written by 7 Aurelius, Ja Rule and Irving\n    Lorenzo. The song became both Ashanti's first Hot 100 number\n    one single and Ja Rule's second.", "The song spent 2 weeks at the top of the Billboard Hot 100\n    from February 23, 2002. It was followed by another Ja Rule\n    duet, \"Ain't It Funny\" by Jennifer Lopez featuring Ja Rule.", "In 2009 it was named the 33rd most successful song of the\n    2000s, on the Billboard Hot R&B/Hip Songs of the Decade\n    Chart."]}, "artist": "Ja Rule featuring Ashanti", "title": "Always on Time", "recorded": "2001", "label": "Murder Inc. / Def Jam", "producers": {"producer": "Irv Gotti"}, "released": "October 30, 2001", "writers": {"writer": null}, "formats": {"format": "CD single"}, "weeks": {"week": ["2002-02-23", "2002-03-02"]}}}