{"top-song": {"album": "Sam Cooke", "genres": {"genre": "Soul"}, "descr": {"p": [{"i": {"#tail": "Pop and R&B singles charts. The record\n    established Cooke as a mainstream R&B singer, apart from\n    his gospel roots.", "#text": "Billboard"}, "#text": "\"You Send Me\" is a 1957 single by R&B singer-songwriter\n    Sam Cooke. The song was his first secular single released\n    through Keen Records, an imprint of RCA Victor Records. (His\n    first non-gospel single, \"Lovable,\" was released earlier that\n    year under a pseudonym.) Released in September 1957, the record\n    became an instant hit, topping the charts on both the"}, "At the same time a rendition was also released by Teresa\n    Brewer, which reached #8 on the pop charts.", {"i": [{"#tail": "magazine's", "#text": "Rolling Stone"}, {"#tail": ".", "#text": "The 500 Greatest Songs of All Time"}], "#text": "Since its release, the song has become a landmark record of\n    the soul genre, which Cooke helped create. It was named as one\n    of the 500 most important rock and roll recordings by the Rock\n    & Roll Hall of Fame. In 2005, the song was voted #115 by\n    representatives of the music industry and press in"}, "The song has been covered by a number of artists, including\n    Nat King Cole, The Drifters, The Everly Brothers, Jos\u00e9\n    Feliciano, Aretha Franklin, The Supremes, Otis Redding, Sam\n    & Dave, Percy Sledge, Van Morrison, Steven Houghton and the\n    Steve Miller Band. In the United Kingdom, Rod Stewart released\n    this song as part of a medley with \"Bring It on Home to Me\" and\n    charted it on the UK Singles Chart at #7 as a double A-side\n    with \"Farewell\". The Dixie Chicks released their version of the\n    song on their 1992 independent release, \"Little Ol'\n    Cowgirl\"."]}, "artist": "\"Jailhouse Rock\" Elvis Presley", "lengths": {"length": "2:43"}, "title": "You Send Me \"/ \" Summertime, Pt 1 \" Sam Cooke", "recorded": "June 1, 1957", "label": "Keen Records", "producers": {"producer": "Bumps Blackwell"}, "released": "September 7, 1957", "writers": {"writer": "Sam Cooke"}, "formats": {"format": ["45 rpm", "78 rpm"]}, "weeks": {"week": "1957-12-02"}}}