{"top-song": {"album": "Back to\n  Bedlam", "genres": {"genre": ["Pop rock", "folk rock"]}, "descr": {"p": [{"i": [{"#tail": "(2004). It was released as the third\n    single from the album in 2005. In the UK and Australia the song\n    reached number one and number two respectively. When released\n    as the debut single from", "#text": "Back to Bedlam"}, {"#tail": "in Canada and the U.S., it reached number\n    one on both charts and received widespread airplay. In 2006,\n    the song won an Ivor Novello Award for airplay, and it holds\n    the honour of being the only song by a British artist to top\n    the Latin America Top 40. The song has sold 625,000 copies in\n    the UK as stated by the Official UK Charts Company.", "#text": "Back to Bedlam"}], "#text": "\"You're Beautiful\" is a pop rock song co-written by British\n    singer James Blunt, Sacha Skarbek and Amanda Ghost for Blunt's\n    debut album"}, {"i": [{"#tail": "films, although Blunt refuses to confirm or\n    deny this. On 8 March 2006 episode of the Oprah Winfrey\n    program, Blunt said of the song, \"It's kind of miserable. It\n    was about seeing my ex-girlfriend on the Underground in London\n    with her new man, who I didn't know existed. She and I caught\n    eyes and lived a lifetime in that moment, but didn't do\n    anything about it and haven't seen each other since.\" Several\n    versions of the song exist. One lyrical version has an explicit\n    word in it (\"", "#text": "Harry Potter"}, {"#tail": "\")\n    which was released on", "#text": "She could see from my face that I was fucking high"}, {"#tail": "and most of the \"You're Beautiful\"\n    singles. The radio edit of the song replaces the explicit\n    lyric, changing it to \"", "#text": "Back to Bedlam"}, {"#tail": "\".\n    Acoustic, live and DVD versions have also been released.\n    However, because of the word in question, the album was given a\n    Parental Advisory sticker.", "#text": "She could see from my face that I was flying high"}], "#text": "Newspapers have claimed that \"You're Beautiful\" is about a\n    former girlfriend of Blunt's, Dixie Chassay, casting director\n    for the"}, "When asked about the song, Blunt responded, \"It's probably\n    one of the least meaningful songs on the album and by no means\n    people's favourite. The album is like a book covering various\n    aspects of life in a specific order.\"", "In an interview with HitQuarters, co-writer Sacha Skarbek\n    said their collaboration on the song began when Blunt brought\n    the title and the approach of the chorus to a songwriting\n    session. Skarbek's contribution largely focused on the music\n    aspect to the track, contributing chord ideas for the verses,\n    honing the melodies, and making sure the song stuck to, \"a\n    couple of key hooks rather than making it too complicated.\"", "The music video for \"You're Beautiful\" was directed by Sam\n    Brown. The video shows Blunt committing suicide, following a\n    Japanese tradition of removing one's shoes and contents of\n    clothing prior to jumping from a great height. Blunt removes\n    the upper portion of his clothing in a cold, bare, snowy\n    setting and places all of his personal belongings on the\n    ground. Whilst he does this, seagulls circle overhead like\n    buzzards. At the end of the video, he jumps off a cliff and\n    lands into the depths of icy water while he sings the lyrics:\n    \"But it's time to face the truth, I will never be with\n    you\".", {"i": [{"#tail": "to identify the 10 most annoying songs,\n    this song was ranked seven. In another poll by the British\n    tabloid", "#text": "Rolling Stone"}, {"#tail": "it was voted the most irritating song of all\n    time.", "#text": "The Sun"}], "#text": "In a poll conducted by"}, "\"You're Beautiful\" is Blunt's most successful single release\n    to date. It was also his first successful single, and reached\n    number one in ten countries across the world, including the\n    United Kingdom, the United States, Spain, Canada, and the\n    Netherlands. The song peaked within the top five in Australia,\n    France, and Germany.", "\"You're Beautiful\" accomplished a feat rarely seen on the\n    modern UK Singles Chart by ascending the chart following its\n    d\u00e9but. Released on 30 May 2005, it entered at number twelve on\n    5 June and reached number one six weeks later where it remained\n    for five consecutive weeks. The last song to d\u00e9but outside of\n    the top ten and climb to number one was The Outhere Brothers'\n    \"Boom Boom Boom\" (1995). The highest position \"You're\n    Beautiful\" reached in Australia was number two, where it stayed\n    for two consecutive weeks.", {"i": [{"#tail": "song to reach the top of the U.S. Billboard\n    Hot 100 since Nickelback's \"How You Remind Me\" in 2001.\n    However, \"Hollaback Girl\" by Gwen Stefani has also been\n    credited for that accomplishment, but due to its hip-hop based\n    influences, it's been disputed. This also became the first\n    single by a British artist to reach number one since Elton\n    John's \"Candle in the Wind 1997\" (1997). It achieved success on\n    the", "#text": "American Idol"}, {"#tail": "Pop 100, Hot Digital Songs, Adult Contemporary,\n    and Adult Top 40 formats.", "#text": "Billboard"}], "#text": "In November 2005, \"You're Beautiful\" was released in North\n    America where it achieved widespread success. In Canada, it\n    ascended to number one (where it remained for four consecutive\n    weeks) twenty-two weeks following its d\u00e9but on the BDS Airplay\n    chart. In the United States, it d\u00e9buted at number eighty-eight\n    before reaching number one seventeen weeks later. It replaced\n    Beyonc\u00e9's \"Check on It\" and itself was replaced by Ne-Yo's \"So\n    Sick\". The song became the first non-urban or"}, "It has been certified six-fold platinum in the U.S. for\n    digital sales of 1,200,000 copies.", "At the 2007 Grammy Awards this single received three\n    nominations: Record of the Year, Song of the Year and Best Male\n    Pop Vocal Performance [2] winning none. For the video the\n    singer won the MTV Award for Best Male Video and Best\n    Cinematography.", {"i": {"#tail": ". Titled \"It's Bloody Cold\", it featured Jon\n    Culshaw as Blunt sitting in the snow and jumping into a\n    swimming pool in an attempt to be seen as cool by the other\n    major British singers (Robbie Williams, Noel Gallagher, Liam\n    Gallagher, Morrissey and Craig David are explicitly named among\n    these). It also claimed that the name \"James Blunt\" is Cockney\n    rhyming slang.", "#text": "Dead Ringers"}, "#text": "A parody of the song was made by the British sketch-show"}, "\"Weird Al\" Yankovic composed and recorded a parody of\n    \"You're Beautiful\" entitled \"You're Pitiful\", intended for\n    release on his twelfth album. Yankovic had done so with\n    permission from Blunt himself. However, Blunt's label, Atlantic\n    Records, chose to forbid Yankovic from releasing his parody.\n    Yankovic removed the song from his album to avoid conflict with\n    the record label, and in June 2006 posted it as a free download\n    on his own website. [3]", {"i": {"#tail": "did a parody of the song titled \"My\n    Testicles\".", "#text": "Moron Life"}, "#text": "The Internet Sketch Comedy show"}, {"i": [{"#tail": ". Nicole Parker played a narcissistic James Blunt\n    and wore a prosthetic male torso when it came time to strip off\n    her shirts during the song.", "#text": "MADtv"}, {"#tail": "renamed the song to \"I'm Beautiful\".", "#text": "MADtv"}], "#text": "The song and video were parodied on the sketch show,"}, "The song has also been parodied in an office setting: \"My\n    Cubicle\", created by comedy website Morning Sidekick. Several\n    versions are circulating, one audio-only, one with a video\n    showing the lyrics on a blank background, and several\n    fan-created music videos in which an actor acts out the actions\n    in the lyrics. [4]", "The Amateur Transplants performed a parody to the song for\n    their album Unfit to Practise, titled \"Beautiful Song\".", "Jared Leto and Shannon Leto of 30 Seconds to Mars joked\n    around with the song in a clip for MTV2 while inside a car.\n    Jared sang the song as \"I'm Beautiful\"", "Blunt has recorded an appearance for Season 38 of Sesame\n    Street, in which he sings a parody titled \"My Triangle.\"", "Music video by Kevin Sage named \"She Was Beautiful\" is a\n    parody of the song.", "A parody of the song titled 'You're Beauteous' appeared on\n    Cartoon Network. It uses scenes from The Marvelous\n    Misadventures of Flapjack.", "These are the formats and track listings of major single\n    releases of \"You're Beautiful\"."]}, "artist": "James Blunt", "lengths": {"length": ["3:34 (Album Version)", "3:22 (Single Version)"]}, "title": "You're Beautiful", "label": "Atlantic records", "producers": {"producer": "Tom Rothrock"}, "released": "May 30, 2005 \u00a0(2005-05-30) , (See release history\n  )", "writers": {"writer": ["James Blunt", "Sacha Skarbek", "Amanda Ghost"]}, "formats": {"format": ["CD single (worldwide)", "7\" single ( UK )", "Digital download ( U.S. )"]}, "weeks": {"week": "2006-03-11"}}}