{"top-song": {"album": "It's Real", "genres": {"genre": ["R&B", "Pop", "Adult contemporary"]}, "descr": {"p": ["\"I Don't Have the Heart\" is the title of a popular song that\n    was written by Allan Rich and Jud Friedman and recorded by\n    American pop-R&B singer James Ingram.", {"i": {"#tail": ", \"I Don't Have the Heart\" reached the top of\n    the Hot 100 chart on October 20, 1990. The ballad remained at\n    #1 for one week. Singer Stacy Lattisaw recorded the song as\n    well, and her version was released on Motown Records at the\n    same time as Ingram's, although it was not as commercially\n    successful. According to songwriter Rich, \"the record company\n    was not behind her.\"", "#text": "It's Real"}, "#text": "Released as the fourth single from Ingram's 1989 album"}]}, "artist": "James Ingram", "lengths": {"length": "4:14"}, "title": "I Don't Have the Heart", "recorded": "1989", "label": "Warner Bros. Records", "producers": {"producer": ["Thom Bell", "James Ingram"]}, "released": "1990", "writers": {"writer": ["Allan Rich", "Jud Friedman"]}, "weeks": {"week": "1990-10-20"}}}