{"top-song": {"album": "Mud Slide Slim and the Blue Horizon", "genres": {"genre": "Rock / Pop rock"}, "descr": {"p": [{"i": [{"#tail": "of 1971, but was made famous by James Taylor's\n    cover version the same year. Taylor's rendition, released as a\n    single from his own 1971 album", "#text": "Tapestry"}, {"#tail": ", reached number 1 on\n    the Billboard Hot 100 and number 4 on the UK Singles Chart, and\n    won Grammy Awards both for Taylor (Best Pop Vocal Performance,\n    Male) and King (Song of the Year).", "#text": "Mud Slide Slim and the Blue Horizon"}], "#text": "\"You've Got a Friend\" is a Grammy Award winning song from\n    1971. The song, written by Carole King, was included in her\n    album"}, {"i": {"#tail": ".", "#text": "Dusty in Memphis"}, "#text": "The song was recorded also during 1971 by Dusty Springfield,\n    a recording that predates Taylor's version. It was recorded for\n    her third album for Atlantic Records, but a dispute with the\n    company meant the album was unreleased. The song was left\n    unissued until 1999, when it was issued as a bonus track for\n    the Rhino Records deluxe re-release of"}, {"i": [{"#tail": "album and the posthumously released", "#text": "Live"}, {"#tail": ".", "#text": "These Songs For You, Live!"}], "#text": "Another soulful, gospel-tinged live version was recorded by\n    Donny Hathaway on his 1972's"}, "The Brand New Heavies with vocals by Siedah Garrett covered\n    the song in 1997. This song did not appear on the US version of\n    the album.", "UK CD Single BNCDP 10", "UK CD Single 570 013-2", {"i": {"#tail": "concert on April 14, 1998. The event took\n    place in New York City's Beacon Theatre. The entire concert was\n    released on CD and DVD on October 6, 1998. Mariah Carey and\n    Aretha Franklin also participated with this event.", "#text": "VH1 Divas Live"}, "#text": "\"You've Got a Friend\" was performed by C\u00e9line Dion, Shania\n    Twain, Gloria Estefan and Carole King at the"}, {"i": {"#tail": ", after \"(You Make Me Feel Like) A Natural\n    Woman.\" It peaked at number 74 on the Belgian Flanders Airplay\n    chart.", "#text": "VH1 Divas Live"}, "#text": "\"You've Got a Friend\" was issued as the second radio single\n    to promote"}, "European promotional CD single", "A number of other artists have covered \"You've Got a\n    Friend.\" A partial list includes:"]}, "artist": "James Taylor", "lengths": {"length": "4:29"}, "title": "You've Got a Friend", "label": "Warner Bros.", "producers": {"producer": "Peter Asher"}, "released": "1971", "writers": {"writer": "Carole King"}, "formats": {"format": "7\" Vinyl"}, "weeks": {"week": "1971-07-31"}}}