{"top-song": {"album": "Surf City (#7314)", "genres": {"genre": ["surf rock", "pop"]}, "descr": {"p": ["\"Surf City\" is a surf song which, as recorded by Jan and\n    Dean, was a #1 hit record in July 1963 for two weeks.", "The first draft of the song, with the working title \"Goody\n    Connie Won't You Come Back Home\", was written by Brian Wilson\n    of The Beach Boys. He gave it to Jan Berry and Dean Torrence of\n    Jan and Dean who finished writing and recording it with Wilson\n    in the early 1960s. Although Torrence contributed several\n    important phrases to the song and kept the original lyrics,\n    which were scanned and appear on the official Jan and Dean\n    website, Torrence never insisted that his name should be\n    recognized on the label as one of the authors of the song and\n    his contribution is often overlooked.", "\"Surf City\" became the first surf song to reach number one\n    on the U.S. Billboard Hot 100 in 1963. The song also crossed to\n    #3 on Billboard's R&B charts. In 1991, after moving to the\n    city of Huntington Beach, California, Torrence went on to help\n    convince elected officials that his new home town should be\n    officially nicknamed \"Surf City\". The name was embraced and,\n    and as of 2009, more than 65 businesses in the city include\n    \"Surf City\" as part of their name.", "Torrence was also part of the team that developed the Surf\n    City USA brand championed by the Huntington Beach Conference\n    and Visitors Bureau.", {"i": [{"#tail": ". The Go-Go's sang a cover version at", "#text": "Acid Eaters"}, {"#tail": "(2001). They\n    substituted the lyrics \"Two girls for every boy\" with \"Two boys\n    for every girl\". The Meteors sang a cover version as well.", "#text": "An All-Star Tribute to Brian Wilson"}], "#text": "The Ramones covered \"Surf City\" on their album"}]}, "artist": "Jan and Dean", "lengths": {"length": "2:42"}, "title": "Surf City", "label": "Liberty Records (#55580)", "producers": {"producer": "Jan Berry"}, "released": "June 1963", "writers": {"writer": ["Brian Wilson", "Jan Berry", "Dean Torrence"]}, "formats": {"format": "vinyl single"}, "weeks": {"week": ["1963-07-20", "1963-07-27"]}}}