{"top-song": {"album": "Miami Vice\n  soundtrack", "genres": {"genre": "Electronic"}, "descr": {"p": [{"i": [{"#tail": ". It was first presented as part of the\n    television broadcast of the show in September 1984 and released\n    as a single in 1985, peaking at the number one spot on the\n    Billboard Hot 100. It is the last instrumental to have topped\n    the chart to date. It also peaked at number 5 in the UK. In\n    1986, it won Grammy Awards for \"Best Instrumental Composition\"\n    and \"Best Pop Instrumental Performance.\" This song, along with\n    Glenn Frey's number-two hit \"You Belong to the City\", put the", "#text": "Miami Vice"}, {"#tail": "soundtrack on the top of the U.S. album chart\n    for eleven weeks in 1985, making it the most successful TV\n    soundtrack of all time until 2006 when Disney Channel's", "#text": "Miami Vice"}, {"#tail": "beat its record.", "#text": "High School Musical"}], "#text": "The musical piece Miami Vice Theme was created and performed\n    by Jan Hammer as the theme to the television series"}, {"i": {"#tail": "pilot episode, made as a two-hour TV movie,\n    did not originally have a theme, but the musical sounds and\n    notation that would become the theme were present as background\n    score. When the series got picked up, Hammer created the sixty\n    second version of the theme. The synth-guitar lead was missing\n    in the aired version of the pilot and the first batch of\n    episodes, and this unfinished version of the theme has remained\n    attached to those episodes, even on the DVD video box set\n    released in 2005.", "#text": "Miami Vice's"}}, "The theme is also remembered as the song played during the\n    first few three-point competitions at the NBA All-Star Weekend,\n    including the one in 1986 where Larry Bird famously walked into\n    the locker room and told all his competitors they were playing\n    for second place.", {"i": {"#tail": ". (From 1992\n    until 1996, an announcer would introduce the show during the\n    music bed, saying, \"From Washington D. C., Radio Free D.C.,\n    with G. Gordon Liddy\".)", "#text": "Radio Free D. C.: The G. Gordon Liddy Show"}, "#text": "From 1992 until 1997, it was used as the theme music for\n    Westwood One's"}, "The music video of the theme is a mini-episode of the TV\n    series with Hammer as a fugitive on the run from James \"Sonny\"\n    Crockett and Ricardo Tubbs. Throughout majority of the video,\n    Hammer performs the theme in front of a projector screen\n    playing footage from the TV series - including scenes of the\n    Vice duo chasing him. In the end of the video, he boards a\n    helicopter and escapes from Crockett's sight."]}, "artist": "Jan Hammer", "lengths": {"length": "2:26"}, "title": "Miami Vice Theme", "recorded": "1984", "label": "MCA Records", "producers": {"producer": "Jan Hammer"}, "released": "1985", "weeks": {"week": "1985-11-09"}}}