{"top-song": {"album": "janet.", "genres": {"genre": ["R&B", "pop", "new jack swing"]}, "descr": {"p": [{"i": {"#tail": "(1993). Released as the album's lead single in\n    April 1993, the Grammy Award-winning song became Jackson's\n    biggest number-one single ever in the United States, staying\n    atop the Hot 100 for eight weeks.", "#text": "janet."}, "#text": "\"That's the Way Love Goes\" is a song by American singer\n    Janet Jackson from her fifth studio album,"}, {"i": [{"#tail": ", the mood was a stark contrast to her previous\n    album", "#text": "janet."}, {"#tail": ". Jackson was not\n    excited about the track the first time she heard it, so Jam and\n    Lewis gave her a tape of it just as she was leaving for a\n    Christmas vacation in 1992 and asked her to listen to it for a\n    couple of weeks. When she returned in January 1993, she told\n    the producers, \"You know that track you did? I love it. It's\n    absolutely the bomb\", according to", "#text": "Janet Jackson's Rhythm Nation 1814"}, {"#tail": "magazine. Jackson came up with the title, and\n    the first draft had the lovelorn tone one would expect from\n    such a title. Then she called Jam at two in the morning to tell\n    him she was taking a different direction, casting the lyrics in\n    a more seductive light. \"If\" was the original choice for the\n    lead single by Virgin. However, Jam and Lewis argued otherwise.\n    \"Everybody was talking about\", says Jam. \"To me, your first\n    single should say, 'Welcome to the album. If you like this,\n    check out the rest.' And we really felt 'That's the Way Love\n    Goes' was in keeping with the spirit of the rest of the album.\n    And since it went to number one, we proved that we were right!\"\n    \"If\" was eventually released as the second single from the\n    album.", "#text": "Billboard"}], "#text": "\"That's the Way Love Goes\", written and produced by Jackson\n    and Jimmy Jam and Terry Lewis, contains a sample of James\n    Brown's 1974 number-one R&B hit \"Papa Don't Take No Mess\".\n    As the lead single from"}, "In 1994, the track earned Jackson her second Grammy Award\n    for Best R&B Song, and was also nominated for Best Female\n    R&B Vocal Performance.", "Since then, the song has been covered by Norman Brown, 'N\n    Sync, Chantay Savage, Deborah Cox, and Brownstone.", {"i": [{"#tail": "A remix of the song entitled CJ FXTC Club Mix\n    appears on her 1995 remix album", "#text": "janet."}, {"#tail": ".", "#text": "janet. Remixed"}], "#text": "Jackson performed the song as a medley with \"If\" at the 1993\n    MTV Video Music Awards; the audio recording of which appears on\n    the limited edition double disc edition of"}, "Jackson has performed the song on all of her tours,\n    including the janet. Tour, The Velvet Rope Tour, All for You\n    Tour, and Rock Witchu Tour.", {"i": {"#tail": "s list of The 500 Greatest Songs Since You Were\n    Born.", "#text": "Blender'"}, "#text": "\"That's the Way Love Goes\" was ranked number 427 on"}, {"#text": "\"That's the Way Love Goes\" is set in common time with a key\n    of G minor. Jackson's vocal chords ranges between the tonal\n    nodes of high-tone F", "sub": [{"#tail": "to low-tone Bb", "#text": "3"}, {"#tail": ". The song is in a medium tempo of 100 beats per\n    minute with the chord progression being set like Am\u2013E\u2013Gb.", "#text": "4"}]}, "\"That's the Way Love Goes\" debuted at number fourteen on the\n    U.S. Hot 100. Two weeks later, a day before Jackson's\n    twenty-seventh birthday, May 16, 1993 it became Jackson's sixth\n    number one on the Hot 100, eleventh number one on the Hot\n    R&B/Hip-Hop Songs, and ninth number one on the Hot Dance\n    Club Play. The single is also Jackson's biggest hit on the Hot\n    100 Airplay, where it spent ten weeks at number one. This song\n    is Jackson's most successful single in the U.S. to date.\n    Internationally, it reached number one in Canada, Australia,\n    and New Zealand; the top five in the United Kingdom, the\n    Netherlands, and Finland; and the top ten in Germany, Sweden,\n    Denmark, and Ireland. The song also went on to top the European\n    Hot 100 Singles chart because of its high peaks across\n    Europe.", {"i": [{"#tail": ", the 1996 compilation", "#text": "janet."}, {"#tail": ", the limited bonus-DVD edition of\n    2001's", "#text": "Design of a Decade"}, {"#tail": ", and 2004's", "#text": "All for You"}, {"#tail": ".", "#text": "From janet. to Damita Jo: The Videos"}], "#text": "The video was directed by Jackson's ex-husband Ren\u00e9\n    Elizondo, Jr. in March 1993. Set in a loft, Jackson is depicted\n    amongst her friends who persuade her to play her new song.\n    Jackson performs the song, being interrupted by Tish who pauses\n    it to tell her, \"Yo, this is slamming!\" Tish plays the tape and\n    everyone there begins to dance along to it. The video also\n    features then-unknown Jennifer Lopez as Jackson's backup\n    dancer. \"That's the Way Love Goes\" was nominated for three MTV\n    Video Music Awards in 1993: Best Female Video, Best Dance\n    Video, and Best Choreography. The video is featured on the 1994\n    compilation"}, {"i": "janet.", "#text": "An alternate version of the video, the One Take Version, is\n    set in the same hotel room and is a single take focusing solely\n    on Jackson. It appears exclusively on the 1994 VHS video\n    compilation"}, "N*SYNC paid tribute to the video exclusively on MTV Icon,\n    where they covered a shortened version of the song in a similar\n    setting."]}, "artist": "Janet Jackson", "lengths": {"length": "4:25"}, "title": "That's the Way Love Goes", "recorded": "December 1992 \u2013 January 1993 , Flyte Tyme Studios , (\n  Edina , Minnesota )", "label": "Virgin", "producers": {"producer": ["Janet Jackson", "Jimmy Jam and Terry Lewis"]}, "released": "April 20, 1993", "writers": {"writer": ["Janet Jackson", "James Harris III", "Terry Lewis", "James Brown", "Fred Wesley", "John Starks", "Charles Bobbit"]}, "formats": {"format": ["CD single", "CD maxi single", "cassette single", "7\" single", "12\" maxi single"]}, "weeks": {"week": ["1993-05-15", "1993-05-22", "1993-05-29", "1993-06-05", "1993-06-12", "1993-06-19", "1993-06-26", "1993-07-03"]}}}