{"top-song": {"album": "The Velvet Rope", "genres": {"genre": ["Dance-pop", "house"]}, "descr": {"p": [{"i": {"#tail": "(1997). Produced by Jackson and Jimmy Jam\n    and Terry Lewis, it was released as the album's second single,\n    and achieved commercial success worldwide by selling over 6\n    million copies, and to date, the song is Jackson's best selling\n    single.", "#text": "The Velvet Rope"}, "#text": "\"Together Again\" is a song by American singer Janet Jackson\n    from her sixth studio album,"}, {"i": [{"#tail": ". Originally written as a ballad, the\n    track was re-arranged as a dance song. The song became\n    Jackson's eighth number one on the Hot 100\u2014the only U.S.\n    chart-topper from", "#text": "The Velvet Rope"}, {"#tail": "\u2014and peaked at number eight on the Hot\n    R&B/Hip-Hop Songs chart. The single sold nearly six million\n    copies worldwide, and became one of the biggest-selling singles\n    from a female artist in the history of the UK Singles Chart,\n    where it peaked at number four. The song is Jackson's biggest\n    international single, reaching the top five and the top ten in\n    many countries.", "#text": "The Velvet Rope"}], "#text": "The song was a tribute from Jackson to friends who had\n    recently passed from AIDS, as stated on album booklet of"}, "Jackson has performed the song on all of her tours since its\n    release, as the closing number, The Velvet Rope Tour and All\n    for You Tour while the Rock Witchu Tour saw it moved to the\n    middle of the setlist. Also, this song was in the ending of\n    \"Janet Megamix 04\".", {"#text": "\"Together Again\" is set in common time with a key of C\n    major. Jackson's vocal chords ranges between the tonal nodes of\n    high-tone A", "sub": [{"#tail": "to low-tone D", "#text": "3"}, {"#tail": ". The song is in a moderate tempo of 120 beats per\n    minute with the chord progression being set like\n    C\u2013Gm6\u2013Bm\u2013A\u2013Dm\u2013Gm\u2013Dm.", "#text": "5"}]}, {"i": [{"#tail": "(after the radio-only U.S. single \"Got\n    'til It's Gone\"), the single was highly anticipated. Before its\n    official release it was enjoying heavy airplay in North\n    America. Some weeks after its release it debuted at number nine\n    on the", "#text": "The Velvet Rope"}, {"#tail": "Hot 100 chart dated December 20, 1997, before\n    becoming her eighth number-one single on January 31, 1998,\n    spending two weeks at number one, fourteen weeks inside the top\n    ten, and a total of forty-six weeks on the chart. In Canada it\n    peaked at number two and stayed in the top ten for many weeks,\n    becoming one of her biggest hits there, even surpassing the\n    success of some of her six Canadian number-one singles, due to\n    its staying power on the chart.", "#text": "Billboard"}], "#text": "As the first official single from her album"}, {"i": {"#tail": "to top the charts of several countries\n    throughout Europe and worldwide. It is her best-selling single\n    to date.", "#text": "The Velvet Rope"}, "#text": "In the United Kingdom the song entered the UK Singles Chart\n    in December 1997 at number four and spent ten weeks inside the\n    top ten; it is Jackson's biggest hit to date in the UK, with\n    sales of over three quarters of a million. It achieved massive\n    success in the rest of Europe as well, topping the Dutch Top 40\n    and the European Hot 100 Singles and charting inside the top\n    five and the top ten of most of the European countries. The\n    single's massive commercial and radio success helped"}, {"i": [{"#tail": "and the 2004 video compilation", "#text": "All for You"}, {"#tail": ".", "#text": "From janet. to Damita Jo: The Videos"}], "#text": "Two videos were produced for the song. The one for the album\n    version was directed by Seb Janiak and is a dance video that\n    shows Jackson and her dancers performing in a futuristic\n    African paradise where people are seen living side by side with\n    wild animals such as elephants, giraffes, and wildcats. In the\n    scene where Jackson appears to be hugging herself, dancer Nikki\n    Pantenburg served as Jackson's body double. This version\n    received a nomination for Best Dance Video at the 1998 MTV\n    Video Music Awards. The one for the Deeper Remix was directed\n    by Ren\u00e9 Elizondo, Jr. and depicts Jackson in an apartment\n    remembering a friend in the video. Both videos are featured on\n    the DVD edition of 2001's"}]}, "artist": "Janet", "lengths": {"length": ["5:01 (album version)", "4:07 (radio edit)"]}, "title": "Together Again", "recorded": "1997", "label": "Virgin", "producers": {"producer": ["Janet Jackson", "Jimmy Jam and Terry Lewis"]}, "released": "December 2, 1997", "writers": {"writer": ["Janet Jackson", "James Harris III", "Terry Lewis", "Ren\u00e9 Elizondo", "Jr."]}, "formats": {"format": ["CD single", "CD maxi single", "cassette single", "cassette maxi single", "12\" maxi single", "7\" single"]}, "weeks": {"week": ["1998-01-31", "1998-02-07"]}}}