{"top-song": {"album": "All for You", "genres": {"genre": ["Dance-pop", "R&B"]}, "descr": {"p": [{"i": {"#tail": "(2001). Released as the album's lead single\n    in March 2001, the song went on to top the Hot 100 for seven\n    weeks, and also reached the top five and the top ten of the\n    majority of the charts. \"All for You\" remains Jackson's last\n    Hot 100 number-one single so far.", "#text": "All for You"}, "#text": "\"All for You\" is a song by American R&B and pop singer\n    Janet Jackson from her seventh studio album,"}, "The song is based upon a sample from Change's 1980 song \"The\n    Glow of Love\"\u2014composed by Mauro Malavasi and David Romani, with\n    lyrics by Wayne Garfield\u2014, which featured lead vocals by Luther\n    Vandross. It made history by being the first single ever to be\n    added to every major format of radio on the day of its release.\n    The song became Jackson's tenth number one on the Hot 100,\n    staying there for seven weeks, in addition of topping the Hot\n    R&B/Hip-Hop Songs and Hot Dance Club Play charts. It became\n    the longest-running number-one single on the Hot 100 of 2001.\n    To date it is Jackson's latest song to top the charts. The song\n    was also an international success, reaching number one in\n    Canada and charting inside the top ten of almost all European\n    countries and the top five in Australia and New Zealand. The\n    song won several music awards, including a 2002 Grammy Award\n    for Best Dance Recording.", "Jackson performed the song on the All for You Tour and Rock\n    Witchu Tour.", {"#text": "\"All for You\" is set in common time with a key of G major.\n    Jackson's vocal chords ranges between the tonal nodes of G", "sub": [{"#tail": "to E", "#text": "3"}, {"#tail": ". The song is in a moderate tempo of 112 beats per\n    minute with the chord progression being set like\n    Em\u2013Am\u2013D\u2013Em\u2013Am.", "#text": "5"}]}, "The video, directed by Dave Meyers, takes place in a\n    colorful two-dimensional world. Released in March 2001, it\n    revolves around Jackson flirting with a man whom she first\n    meets on the subway. Jackson and her dancers perform\n    high-octane choreography throughout the video which also\n    features a dance break containing samples of a few different\n    songs: her sister Rebbie Jackson's 1984 song \"Centipede\",\n    Jackson's own 1986 hit song \"The Pleasure Principle\", her 1998\n    single \"Go Deep\", and Shannon's 1983 song \"Let the Music Play\".\n    The video ends with Jackson spotting the same man near a\n    nightclub, who smiles at her; she waves at him before turning\n    to leave.", {"i": [{"#tail": "\u2014which also contains an exclusive live\n    performance of the song from mtvICON\u2014as well as the 2004 DVD", "#text": "All for You"}, {"#tail": ".", "#text": "From janet. to Damita Jo: The Videos"}], "#text": "The video was nominated for Video of the Year, Best Female\n    Video, Best Dance Video, and Best Choreography at the 2001 MTV\n    Video Music Awards. It appears on the DVD edition of"}]}, "artist": "Janet Jackson", "lengths": {"length": ["5:30 (album version)", "4:24 (radio edit)"]}, "title": "All for You", "recorded": "2000; Flyte Tyme Studios , ( Edina , Minnesota\n  )", "label": "Virgin", "producers": {"producer": ["Janet Jackson", "Jimmy Jam and Terry Lewis"]}, "released": "December 13, 2000 (airplay) , March 13, 2001\n  (CD)", "writers": {"writer": ["Janet Jackson", "James Harris III", "Terry Lewis", "David Romani", "Wayne Garfield", "Mauro Malavasi"]}, "formats": {"format": ["CD single", "CD maxi single", "12\" single"]}, "weeks": {"week": ["2001-04-14", "2001-04-21", "2001-04-28", "2001-05-05", "2001-05-12", "2001-05-19", "2001-05-26"]}}}