{"top-song": {"album": "janet.", "genres": {"genre": ["Pop", "R&B"]}, "descr": {"p": [{"i": {"#tail": "(1993). Written and produced by Jackson, James\n    Harris III, and Terry Lewis, the ballad was released as the\n    album's third single in October 1993. \"Again\" topped the U.S.\n    Hot 100 in late 1993 and received a nomination for the Academy\n    Award for Best Original Song.", "#text": "janet."}, "#text": "\"Again\" is a song by American singer Janet Jackson from her\n    fifth studio album,"}, {"i": [{"#tail": ". While not included on its soundtrack\n    album, the song was nominated for Best Original Song at the\n    66th Academy Awards, where Jackson performed the song live. The", "#text": "Poetic Justice"}, {"#tail": "jazz-funky track \"Funky Big Band\" appears on the\n    single as a B-side. A French version of the song was also\n    recorded by Jackson and appears on the CD single as well as the\n    limited edition of the", "#text": "janet."}, {"#tail": "album. The track became her seventh number one on\n    the Hot 100 chart, staying atop for two weeks.", "#text": "janet."}], "#text": "Based on a lost love, \"Again\" was included as the closing\n    song to her 1993 box-office film debut in"}, "Jackson has performed the song on all of her tours,\n    including the janet. Tour, The Velvet Rope Tour, All for You\n    Tour, and Rock Witchu Tour.", {"#text": "\"Again\" is set in common time with a key of C major.\n    Jackson's vocal chords ranges between the tonal nodes of\n    high-tone G", "sub": [{"#tail": "to low-tone D", "#text": "3"}, {"#tail": ". The song is in a moderate tempo of 64 beats per\n    minute with the chord progression being set like C\u2013Am\u2013C\u2013G/F\u2013G\n    in the first verse and C\u2013Em\u2013Am\u2013G/F in the chorus.", "#text": "5"}]}, {"i": [{"#tail": "playing on a television. The original\n    video appears on the 1994 compilation", "#text": "Poetic Justice"}, {"#tail": "and the 2004 DVD", "#text": "janet."}, {"#tail": ", while the", "#text": "From janet. to Damita Jo: The Videos"}, {"#tail": "version is included on the 2001 DVD\n    edition of", "#text": "Poetic Justice"}, {"#tail": ".", "#text": "All for You"}], "#text": "The music video for the song was directed by Jackson's\n    then-husband Ren\u00e9 Elizondo, Jr. It features actor Gary Dourdan\n    as Jackson's lost love, with Jackson writing in her diary as\n    she reminisces about her love through flashbacks. The alternate\n    version of the video contains scenes from"}, "The song was sampled by Iyaz on his 2010 single, \"Solo.\""]}, "artist": "Janet Jackson", "lengths": {"length": "3:47"}, "title": "Again", "recorded": "Fall 1992; Flyte Tyme Studios , ( Edina , Minnesota\n  )", "label": "Virgin", "producers": {"producer": ["Janet Jackson", "Jimmy Jam and Terry Lewis"]}, "released": "October 12, 1993", "writers": {"writer": ["Janet Jackson", "James Harris III", "Terry Lewis"]}, "formats": {"format": ["CD single", "CD maxi single", "cassette single", "cassette maxi single", "7\" single", "12\" maxi single"]}, "weeks": {"week": ["1993-12-11", "1993-12-18"]}}}