{"top-song": {"album": "Control", "genres": {"genre": ["Dance-pop", "R&B"]}, "descr": {"p": [{"i": {"#tail": "(1986). The song\u2014written by Jackson and Jimmy Jam\n    and Terry Lewis and produced by Jam and Lewis\u2014is about a person\n    who finds relief and fun in a lover. It is Jackson's first\n    number-one hit on the Hot 100, and also became a top ten hit\n    (peaking at #10) in the United Kingdom.", "#text": "Control"}, "#text": "\"When I Think of You\" is the third single from Janet\n    Jackson's third studio album,"}, "The song was resurrected in 1995 when released on two\n    limited-edition CD single formats in the United Kingdom, one\n    containing remixes by Deep Dish and Heller & Farley, and\n    the other containing remixes by David Morales. That same year\n    the remixes were included on certain releases of \"Runaway\".", "The song has been performed on all of Jackson's tours.", {"i": {"#tail": "Hot 100. It also reached number three on the\n    Hot R&B/Hip-Hop Songs and number one on the Hot Dance Club\n    Play in 1986. \"When I Think of You\" was the thirty-second\n    biggest Hot 100 single of 1986, as well as the forty-seventh\n    biggest Hot R&B/Hip-Hop Songs single of 1986 and the\n    twenty-second biggest Hot Dance Club Play single of 1986.", "#text": "Billboard"}, "#text": "The single became Jackson's first number-one hit on the Hot\n    100 chart. After \"When I Think of You\" reached number one, it\n    made Jackson and her brother Michael Jackson the first, and so\n    far, only siblings to both have solo number-one hits on the Hot\n    100. At the time she was twenty years old, making Jackson the\n    youngest artist since Stevie Wonder to top the"}, "Jackson has performed the song on the Rhythm Nation 1814\n    Tour, janet. Tour, The Velvet Rope Tour, All for You Tour, and\n    Rock Witchu Tour.", {"i": {"#tail": ", which stars David Bowie and Sade\n    Adu. The style is that the video is assumed to be one long\n    take, but in fact it is five smaller takes. Although fluid in\n    nature, obvious mistakes can be seen in the edits, especially\n    when she comes out of the back door of the club, and a\n    photographer takes her picture. The flash acts as an edit, but\n    the people in the background are in quite different positions\n    before and after the flash. Two of Jackson's nephews, TJ and\n    Taryll Jackson make an cameo in the video.", "#text": "Absolute Beginners"}, "#text": "The music video finds Jackson going around a neighborhood.\n    Each location she visits has the same mysterious man in\n    different costumes saying a brief statement to her and then\n    vanishing as she turns around. The director of \"When I Think of\n    You\", Julien Temple, would later direct Jackson's \"Alright\"\n    video, and both videos have a similar style. \"When I Think of\n    You\" has only five cuts. The video is quite similar to the\n    opening segment of Temple's 1986 film"}, {"i": {"#tail": ".", "#text": "Discipline"}, "#text": "The Dance Remix was used for the video. The video was made\n    available on the iTunes Store on February 1, 2007. Jackson\n    would later repeat the same type of format for her video \"Rock\n    with U\" from 2008's"}]}, "artist": "Janet Jackson", "lengths": {"length": "3:57"}, "title": "When I Think of You", "recorded": "October 1985", "label": "A&M", "producers": {"producer": "Jimmy Jam and Terry Lewis"}, "released": "July 28, 1986 (U.S.) , July 1986 (UK) , November 4,\n  1986 (South Africa)", "writers": {"writer": ["James Harris III", "Terry Lewis", "Janet Jackson"]}, "formats": {"format": ["7\" single", "12\" maxi single", "CD single"]}, "weeks": {"week": ["1986-10-11", "1986-10-18"]}}}