{"top-song": {"album": "Janet Jackson's Rhythm Nation 1814", "genres": {"genre": ["R&B", "pop", "New jack swing"]}, "descr": {"p": [{"i": {"#tail": "(1989). It topped the\n    Hot 100 chart for one week.", "#text": "Janet Jackson's Rhythm Nation 1814"}, "#text": "\"Love Will Never Do (Without You)\" is the seventh single\n    from American R&B-pop singer Janet Jackson's fourth studio\n    album,"}, "The song became Jackson's fifth number-one single on the Hot\n    100, the final of seven top five singles from the album, making\n    her the only artist to achieve seven top five singles from one\n    album. The success of \"Love Will Never Do (Without You)\" also\n    helped the album to become the only in history to produce\n    number one hits on the Billboard Hot 100 in three separate\n    calendar years\u2014\"Miss You Much\" in 1989, \"Escapade\" and \"Black\n    Cat\" in 1990, and \"Love Will Never Do (Without You)\" in\n    1991\u2014and the only album in the history of the Hot 100 to have\n    seven top 5 hit singles.[25][26]", {"i": [{"#tail": ". Although being one of the\n    album's last singles, it was one of the first songs recorded\n    for", "#text": "Design of a Decade 1986/1996"}, {"#tail": ". The song's\n    background vocals were recorded in late 1988, while Jackson\n    recorded the lead vocals in January 1989.", "#text": "Janet Jackson's Rhythm Nation 1814"}], "#text": "In 1996, the song was remixed by Roger Sanchez. The Single\n    Edit was included on the international release of Jackson's\n    1996 greatest hits compilation"}, {"i": {"#tail": ", they thought about\n    possibly getting Prince, Johnny Gill, Ralph Tresvant, or anyone\n    else working with them at the time. However, there was no\n    concrete plan. During the recording of the first verse, Jimmy\n    Jam tells Jackson, \"Sing it low like some guy would sing it.\"\n    As a result, they kept the idea of her singing the first verse\n    in a low octave but go an octave up on the second verse.", "#text": "The Billboard Book of Number 1 Hits"}, "#text": "Jimmy Jam and Terry Lewis tooled on the idea of making this\n    song a duet. According to Fred Bronson's"}, "Jackson has performed the song on most of her tours\n    including the janet. Tour, The Velvet Rope Tour, All for You\n    Tour, and Rock Witchu Tour.", "Singer Macy Gray sang the song live as a tribute to Janet\n    Jackson during MTV's Icon special in 2002.", "The video was directed by photographer Herb Ritts in\n    September 1990. Jackson originally planned to wear a dress for\n    the video, but Ritts envisioned Jackson in nothing more than a\n    black top and a pair of jeans. The video features cameos by\n    Calvin Klein underwear models Antonio Sab\u00e0to, Jr.(no longer\n    models for Calvin Klein) and Djimon Hounsou.", {"i": {"#tail": "s The 100 Top Music Videos, seventy-two on\n    VH1's 100 Greatest Videos, and eighty-eight on MTV's 100\n    Greatest Videos Ever Made.", "#text": "Rolling Stone'"}, "#text": "The video won for Best Female Video and was nominated for\n    Best Choreography and Best Art Direction at the 1991 MTV Video\n    Music Awards. It ranked thirteen on"}, {"i": {"#tail": "video compilation. On April\n    27, 2007, the video was made available on iTunes.", "#text": "Design of a Decade 1986/1996"}, "#text": "Two versions of the video were produced, one in\n    black-and-white, and the other colorized, both of which appear\n    on the"}]}, "artist": "Janet Jackson", "lengths": {"length": ["4:30 (Single Version)", "5:50 (Album Version)"]}, "title": "Love Will Never Do (Without You)", "recorded": "1988-1989 , Flyte Tyme Studios , ( Minneapolis ,\n  Minnesota )", "label": "A&M", "producers": {"producer": "Jimmy Jam and Terry Lewis"}, "released": "October 2, 1990 (UK) , November 5, 1990\n  (U.S.)", "writers": {"writer": ["James Harris III", "Terry Lewis"]}, "formats": {"format": ["7\" single", "12\" maxi single", "CD single", "cassette single"]}, "weeks": {"week": "1991-01-19"}}}