{"top-song": {"album": "Nutty Professor II:\n  The Klumps SoundtrackAll for You", "genres": {"genre": ["Dance-pop", "R&B"]}, "descr": {"p": [{"i": [{"#tail": ". Released as a single in\n    July 2000, the track later appeared on Jackson's seventh studio\n    album,", "#text": "Nutty Professor II: The Klumps"}, {"#tail": "(2001).", "#text": "All for You"}], "#text": "\"Doesn't Really Matter\" is a song recorded by American\n    R&B-pop singer Janet Jackson for the soundtrack to the 2000\n    film"}, {"i": [{"#tail": ", in which Jackson\n    co-starred with actor Eddie Murphy. It became Jackson's ninth\n    number one on the Hot 100 and first in the 2000s, staying atop\n    for three weeks, and also making Jackson the first artist in\n    history to score number-one singles in the '80s, '90s, and\n    '00s. An alternate mix of the song was later included on\n    Jackson's seventh studio album, 2001's", "#text": "Nutty Professor II: The Klumps"}, {"#tail": ". Jackson performed this version at the 2000\n    MTV Video Music Awards. The song was used in the dance video\n    game", "#text": "All for You"}, {"#tail": ", and was covered in\n    Japanese by Hitomi Shimatani and re-titled \"Papillon\"\n    (Jackson's character's name). Jackson performed the song on her\n    All for You Tour and Rock Witchu Tour.", "#text": "Dance Dance Revolution SuperNova"}], "#text": "The song was the lead single from the Universal Pictures\n    film"}, {"i": [{"#tail": "and", "#text": "Jet Grind Radio"}, {"#tail": ". It was featured on MTV's", "#text": "Shenmue"}, {"#tail": "on June 28, 2000. The video was only\n    available on the enhanced CD single, and on the", "#text": "Making the Video"}, {"#tail": "DVD as part of an extra feature. It\n    was not released on any of Jackson's video compilations. Janet\n    Jackson discovered the lyrics in a notebook she found lying\n    around. She thought it would go well with the movie. She didn't\n    change anything about the song except the beat. The lyrics\n    stayed the same. The music video was featured on a VHS release\n    on", "#text": "Nutty Professor II"}, {"#tail": ".", "#text": "Nutty Professor II: The Klumps"}], "#text": "The music video, directed by Joseph Kahn, shows Jackson in\n    an abstract anime-based, futuristic Japan, featuring an AIBO\n    dog, morphing clothes, levitating platforms, and a futuristic\n    Acura vehicle. Also, behind her and her dancers screens show\n    various scenes from the Dreamcast games"}]}, "artist": "Janet", "lengths": {"length": ["4:58 (soundtrack version)", "4:25 ( All for You version)", "4:18 (Radio Edit)"]}, "title": "Doesn't Really Matter", "recorded": "February 2000 at Flyte Tyme Studios , ( Edina,\n  Minnesota )", "label": "Def Soul , Virgin", "producers": {"producer": ["Janet Jackson", "Jimmy Jam and Terry Lewis"]}, "released": "May 27, 2000 \u00a0(2000-05-27)", "writers": {"writer": ["Janet Jackson", "James Harris III", "Terry Lewis"]}, "formats": {"format": ["CD single", "cassette single", "12\" single", "7\" single"]}, "weeks": {"week": ["2000-08-26", "2000-09-02", "2000-09-09"]}}}