{"top-song": {"album": "Janet Jackson's\n  Rhythm Nation 1814", "genres": {"genre": ["R&B", "pop", "new jack swing"]}, "descr": {"p": [{"i": {"#tail": "(1989). The song was\n    written and produced by Jimmy Jam and Terry Lewis.", "#text": "Janet Jackson's Rhythm Nation 1814"}, "#text": "\"Miss You Much\" is the lead single from American R&B-pop\n    singer Janet Jackson's fourth studio album,"}, {"i": {"#tail": "Hot 100, where it stood for four weeks. The\n    song sold over four million copies, becoming the\n    biggest-selling song of 1989. Apart from the United States, the\n    song peaked at number one in Canada and managed to reach the\n    top twenty in Australia and many European countries.", "#text": "Billboard"}, "#text": "Much was riding on the song, as it would either prove or\n    disprove detractors of Jackson, who thought she was a fluke and\n    a one-hit-album wonder. As it happened, it became one of\n    Jackson's biggest-selling singles to date, hitting number one\n    on both the Hot 100 and Hot R&B/Hip-Hop Songs charts, and\n    becoming her second number-one hit on the"}, {"i": {"#tail": ". The song is about\n    Jackson's personal feelings about her father, and how the\n    tables are turned, that now he needs her. At the time of its\n    release there were reports that the B-side was the product of\n    Jackson's record labels pressure on her in an attempt to\n    produce specifically \"Control Part 2\" which reportedly was to\n    address the rumors that remained in the press regarding her\n    personal life and family. Jackson never caved in and followed\n    the alleged orders to produce the project beyond this single\n    track and therefore it is considered autobiographical and a\n    collectors' item.", "#text": "Janet Jackson's Rhythm Nation 1814"}, "#text": "Jackson was honored with two American Music Awards for\n    Favorite Soul/R&B Single and Favorite Dance Single for\n    \"Miss You Much\", and was nominated for Favorite Dance Artist\n    and a Grammy Award for Best Female R&B Vocal Performance.\n    The single also won a Soul Train Music Award for Best\n    R&B/Soul Single, Female. The single contains a B-side\n    called \"You Need Me\", an outtake from"}, "Jackson has performed the song on all of her tours,\n    including the Rhythm Nation 1814 Tour, janet. Tour, The Velvet\n    Rope Tour, All for You Tour, and Rock Witchu Tour.", {"i": {"#tail": "Hot 100 the week of September 2, 1989, and\n    basically soar to the number-one spot in five weeks, by October\n    7, 1989, where it remained for four weeks, easily becoming the\n    biggest hit of 1989 in terms of weeks at number one. (Phil\n    Collins would match this feat the week of December 23, 1989\n    with \"Another Day in Paradise\".)", "#text": "Billboard"}, "#text": "Heavy anticipation and pre-retail-single radio airplay\n    during the late summer of 1989 allowed \"Miss You Much\" to debut\n    at number forty-two on the"}, {"i": [{"#tail": ". The black-and-white video\n    begins with dancers hanging out at a pool hall gossiping about\n    Jackson and her boyfriend. Jackson enters the room and her\n    dancers look at her. One dancer asks Jackson what she has been\n    up to. She calls them nosey, and then demonstrates her love\n    through song and dance. The end of the video cuts out a final\n    dance routine performed with chairs. The chair routine can be\n    found on the", "#text": "Rhythm Nation 1814 Film"}, {"#tail": "CD and DVD.", "#text": "Rhythm Nation Compilation"}], "#text": "The video for \"Miss You Much\" was directed by Dominic Sena\n    and is a part of the"}]}, "artist": "Janet Jackson", "lengths": {"length": "4:12"}, "title": "Miss You Much", "recorded": "1988\u20131989 , Flyte Tyme Studios , ( Minneapolis ,\n  Minnesota )", "label": "A&M", "producers": {"producer": "Jimmy Jam and Terry Lewis"}, "released": "August 22, 1989", "writers": {"writer": ["James Harris III", "Terry Lewis"]}, "formats": {"format": ["7\" single", "12\" maxi single"]}, "weeks": {"week": ["1989-10-07", "1989-10-14", "1989-10-21", "1989-10-28"]}}}