{"top-song": {"album": "Janet Jackson's Rhythm\n  Nation 1814", "genres": {"genre": ["Hard rock", "Post-punk"]}, "descr": {"p": [{"i": {"#tail": "(1989).", "#text": "Janet Jackson's Rhythm Nation 1814"}, "#text": "\"Black Cat\" is the sixth single from American R&B-pop\n    singer Janet Jackson's fourth studio album,"}, "Unlike the R&B- and pop-infused songs that Jackson had\n    been releasing before, this song was strictly a rock and roll\n    production solely written by Jackson and co-produced with one\n    of the song's guitarists, Jellybean Johnson. The song became\n    Jackson's fourth chart-topper on the Hot 100.", "Jackson has performed the song on all of her tours,\n    including the Rhythm Nation 1814 Tour, janet. Tour, The Velvet\n    Rope Tour, All for You Tour, and Rock Witchu Tour.", "For the album version of \"Black Cat\", most of the guitar\n    lines were played by Dave Barry, including the intro, main\n    riff, and a memorable thematic solo. Barry consequently became\n    Janet Jackson's longtime touring guitarist. John McClain,\n    executive for A&M Records, provided the slide-guitar part,\n    while Jellybean Johnson played the funky guitar part that\n    punctuates the album version of the song. Although credited on\n    the album, Jesse Johnson provided a guitar solo that was not\n    used for the album version, but is featured in each of the\n    remixes.", "Several \"Black Cat\" remixes include Nuno Bettencourt on\n    rhythm guitar.", "The B-side on some of the releases features \"The 1814\n    Megamix\". Remixed by Alan Coulthard, it includes snippets of\n    Jackson's previous hit singles \"Alright\", \"Escapade\", \"Rhythm\n    Nation\", and \"Miss You Much\". The megamix does not appear on\n    any other release from Jackson.", {"i": [{"#tail": "and", "#text": "The Rhythm Nation Compilation"}, {"#tail": ". On April 27, 2007, the\n    video was released on the iTunes Store.", "#text": "Design of a Decade 1986/1996"}], "#text": "Directed by Wayne Isham, the video for \"Black Cat\" was a\n    concert video from her Rhythm Nation 1814 Tour. The video\n    appears on the video releases"}]}, "artist": "Janet Jackson", "lengths": {"length": "4:50"}, "title": "Black Cat", "recorded": "May 1989 , Flyte Tyme Studios , ( Minneapolis ,\n  Minnesota )", "label": "A&M", "producers": {"producer": ["Janet Jackson", "Jellybean Johnson"]}, "released": "August 28, 1990", "writers": {"writer": "Janet Jackson"}, "formats": {"format": ["7\" single", "12\" maxi single", "CD single", "cassette single"]}, "weeks": {"week": "1990-10-27"}}}