{"top-song": {"album": "Janet Jackson's Rhythm\n  Nation 1814", "genres": {"genre": ["R&B", "dance-pop"]}, "descr": {"p": [{"i": {"#tail": "(1989).", "#text": "Janet Jackson's Rhythm Nation 1814"}, "#text": "\"Escapade\" is the third single from American R&B-pop\n    singer Janet Jackson's fourth studio album,"}, "\"Escapade\" was inspired by the Martha & the Vandellas\n    1965 single \"Nowhere to Run\", which Jackson originally intended\n    to remake, but instead choose to record a new song with a\n    similar feel after a suggestion from producer Jimmy Jam.", "Written by Jackson, James Harris III, and Terry Lewis, the\n    song peaked at number one on the Hot 100 for three weeks in\n    early March 1990, becoming Jackson's third number-one single.\n    It also topped the Hot R&B/Hip-Hop Songs and Hot Dance Club\n    Play charts, and was certified gold by the RIAA.", "Jackson has performed the song on all of her tours,\n    including the Rhythm Nation 1814 Tour, janet. Tour, The Velvet\n    Rope Tour, All for You Tour, and Rock Witchu Tour.", "The music video for the song, directed by Peter Smillie,\n    takes place at a Mardi Gras-like carnival. On April 27, 2007,\n    the video was made available on the iTunes Store.", "The song was also featured on a Japan Airlines commercial in\n    1990.", {"#text": "\"Escapade\" is set in common time with a key of A major.\n    Jackson's vocal chords ranges between the tonal nodes of\n    high-tone Ab", "sub": [{"#tail": "to low-tone Eb", "#text": "3"}, {"#tail": ". The song is in a medium dance groove tempo of 120\n    beats per minute with the chord progression being set like\n    Am\u2013E\u2013Gb.", "#text": "5"}]}]}, "artist": "Janet Jackson", "lengths": {"length": "4:44"}, "title": "Escapade", "recorded": "1989; Flyte Tyme Studios , ( Minneapolis , Minnesota\n  )", "label": "A&M", "producers": {"producer": "Jimmy Jam and Terry Lewis"}, "released": "January 18, 1990 (U.S.) , March 3, 1990 (UK)", "writers": {"writer": ["Janet Jackson", "James Harris III", "Terry Lewis"]}, "formats": {"format": ["7\" single", "12\" maxi single"]}, "weeks": {"week": ["1990-03-03", "1990-03-10", "1990-03-17"]}}}