{"top-song": {"weeks": {"week": ["1971-03-20", "1971-03-27"]}, "artist": "Janis Joplin", "descr": {"p": [{"i": {"#tail": ". The song was recorded only a few days before her\n    death in October 1970.", "#text": "Pearl"}, "#text": "\"Me and Bobby McGee\" is a song written by Kris Kristofferson\n    and Fred Foster, originally performed by Roger Miller. Janis\n    Joplin notably covered the song on the album"}, "Some sources state that Gordon Lightfoot issued the first\n    recorded version. Another story tells how Kristofferson popped\n    his head into the studio with freshly written verses as Roger\n    Miller was recording the song. Regardless, Miller was the first\n    artist to have a hit with the song, peaking with it at #12 on\n    the US country charts in 1969. Lightfoot's version hit #13 pop,\n    and #1 country in his native Canada in 1970. In a 2008\n    autobiography, Don Reid and Harold Reid of the Statler Brothers\n    say Kristofferson promised it to them, but when they later\n    inquired about recording it, they learned Miller had already\n    cut the song. The Reids say there were no hard feelings, and\n    were happy about Miller's success with the song. The song was\n    later included on a Statler Brothers album, but was not\n    released as a single.", {"i": {"#tail": "album. Kristofferson had sung the song for Joplin,\n    and singer Bob Neuwirth taught it to her. Kristofferson,\n    however, did not know she had covered it until after her death\n    (the first time he heard it was the day after she died).\n    Joplin's version topped the charts to become her only number\n    one single and only the second posthumous number one single in\n    rock & roll history (the first was \"(Sittin' on) the Dock\n    of the Bay\" by Otis Redding). In 2004, the Janis Joplin version\n    of this song was ranked #148 on Rolling Stone's list of the 500\n    Greatest Songs of All Time.", "#text": "Pearl"}, "#text": "Janis Joplin also covered the song on her 1971"}, {"i": [{"#tail": ". The\n    Janis Joplin version was used prominently in the epilogue of\n    Rainer Werner Fassbinder's epic film of", "#text": "Message to Love: The Isle of Wight Festival 1970"}, {"#tail": ".", "#text": "Berlin Alexanderplatz"}], "#text": "Kristofferson performed the song live at the Isle of Wight\n    Festival 1970 and a CD and DVD of the event were issued 30\n    years later as"}, "In the original version of the song, Bobby is a woman; Janis\n    Joplin, who was a lover and a friend of Kristofferson's from\n    the beginning of her career to her death, changed the sex and a\n    few of the lyrics in her cover. Kristofferson states he did not\n    write this song for her, but the song is associated with her.\n    Especially, he has said, in the line, \"Somewhere near Salinas,\n    Lord, I let her slip away.\"", "The line about \"Bobby and I Sang the Blues\", was adopted by\n    Don Mcclean for the song \"American Pie\" when he met a girl who\n    \"Sang the Blues\", hoping for some \"Happy News\", but \"She just\n    smiled and turned away\".", "The line: \"Freedom is just another word for nothing left to\n    lose/ But nothing ain't worth nothing but it's free\", is listed\n    in Bartlett's Familiar Quotations under Kris Kristofferson's\n    name.", "Other artists"]}, "title": "Me and Bobby McGee"}}