{"top-song": {"album": "Jason Der\u00fclo", "genres": {"genre": "R&B"}, "descr": {"p": ["\"Whatcha Say\" is the debut single by American recording\n    artist Jason Der\u00fclo. It was produced by J. R. Rotem with\n    additional production by German producer Fuego and heavily\n    samples the song \"Hide and Seek\" by Imogen Heap. \"Whatcha Say\"\n    topped the U.S. Hot 100 in the United States.", "Jason Der\u00fclo recorded a new French-English version with\n    Fanny J, a singer from French Guiana. A new music video has\n    also been released.", {"i": {"#tail": "wrote: \"For fans of Imogen Heap's \"Hide and\n    Seek,\" the new Jason DeRulo single \"Whatcha Say\"\u2014which\n    liberally samples from the song and even uses Heap's chorus as\n    his own chorus\u2014may be hard to swallow. But DeRulo weaves easily\n    in and out of Heap's parts and matches his AutoTuned vocals to\n    hers pretty well to craft a catchy, if derivative, little\n    number.\" Upon its November 2009 UK release, noted R&B\n    writer Pete Lewis of 'Blues & Soul' described the single as\n    \"Blending pounding beats and Derulo's rich, soulful vocals with\n    an instantly-infectious pop hook sampled from alternative/indie\n    songstress Imogen Heap\".", "#text": "Newsday"}, "#text": "\"Whatcha Say\" received mixed reviews. Glenn Gamboa of"}, {"i": {"#tail": ", in the episode \"Treasure of Serena Madre\",\n    which premiered on November 30, 2009.", "#text": "Gossip Girl"}, "#text": "The song was performed live by Derulo on Thanksgiving Day in\n    Philadelphia for the 90th anniversary of the 6abc IKEA\n    Thanksgiving Day Parade. The song was also featured on the\n    popular teen show,"}, "The music video was released as the free video of the week\n    on iTunes on October 27, 2009. In the music video, Der\u00fclo is\n    seen cuddling on the couch inside a home penetrated by sunny\n    lights with his love interest, and later on during the video,\n    he is outside her door, waiting impatiently for her to forgive\n    him, and begging her to let him in. Which follows the lyrics in\n    his song, \"So let me in, give me another chance...\" The music\n    video premiered on Monday, November 16 on MTV's AMTV. A music\n    video was also released for the acoustic version, with J.R.\n    Rotem playing the piano.", "The \"Whatcha Say EP\" was released on October 23, 2009. It\n    features various remixes of the song along with the original\n    and acoustic version of the song.", "\"Whatcha Say\" debuted on the Hot 100 at fifty four in the\n    issue dated August 29, 2009. It reached number one in the issue\n    dated November 14, 2009. The song also reached the number-one\n    spot on the Canadian Nielsen SoundScan Digital Songs chart.\n    \"Whatcha Say\" entered and peaked on the UK Singles Chart on\n    November 22, 2009 at #3.", "Radio hosts, JJ & Ean from Malaysia English radio\n    station, Hitz.fm, created a parody entitled \"How To Pay\""]}, "artist": "Jason DeRulo", "lengths": {"length": "3:42"}, "title": "Whatcha Say", "recorded": "2009", "label": "Beluga Heights , Warner Bros.", "producers": {"producer": ["J. R. Rotem", "Addtl. production Fuego"]}, "released": "May 5, 2009 (U.S. digital) , August 3, 2009 (U.S.\n  radio) , November 16, 2009 (UK)", "writers": {"writer": ["Jason Der\u00fclo", "Kisean Anderson", "J-Lex", "Jonathan Rotem", "Imogen Heap"]}, "formats": {"format": "Digital download"}, "weeks": {"week": "2009-11-14"}}}