{"top-song": {"album": "The\n  Blueprint 3", "genres": {"genre": "Hip hop"}, "descr": {"p": [{"i": [{"#tail": "on his Roc Nation label. The song is an\n    anthemic ode to both artists' native New York City, featuring a\n    sample of \"Love on a Two-Way Street\" by The Moments. Jay-Z and\n    Keys performed the song at the 2009 MTV Video Music Awards, as\n    well as the American Music Awards of 2009. It is also the plate\n    music for New York Yankees shortstop Derek Jeter, and it was\n    used in the trailer for", "#text": "The Blueprint 3"}, {"#tail": ".", "#text": "Sex and the City 2"}], "#text": "\"Empire State of Mind\" is a song by hip hop artist Jay-Z,\n    featuring guest contribution of R&B and soul\n    singer-songwriter Alicia Keys. The song was released as the\n    third single from Jay-Z's eleventh studio album"}, {"i": {"#tail": "and was ranked the second best song of\n    2009 by Rolling Stone.", "#text": "Pazz & Jop"}, "#text": "The single has been commercially successful in the United\n    States. It peaked at number one on the Hot 100 for five weeks,\n    becoming Jay-Z's first number-one single on the chart as a lead\n    artist. \"Empire State of Mind\" reached number 2 on the UK\n    Singles Chart on October 4, 2009. The song also reached number\n    2 on the Irish Singles Chart on September 25, 2009 with no\n    official release. The song was named \"Song of The Year\" at The\n    Village Voice's"}, {"i": {"#tail": "and peaked at number 4 on the UK\n    Singles Chart.", "#text": "The Element of Freedom"}, "#text": "Alicia Keys has recorded an answer song to 'Empire State of\n    Mind' titled 'Empire State of Mind (Part II) Broken Down', it\n    features on the album"}, "\"Empire State of Mind\" is an anthemic hip hop song with\n    influences of electropop and orchestra pop. It features a\n    sample of \"Love on a Two-Way Street\" by The Moments. The title\n    is a reference to New York's eponym \"The Empire State\", and may\n    also be a reference to Billy Joel's \"New York State of Mind\".\n    Jay-Z's former rival Nas titled a song on his 1994 debut album,\n    Illmatic, \"N.Y. State of Mind\". The song is an anthem to\n    Jay-Z's hometown, New York City. The song also mentions NBA\n    superstars LeBron James and Dwyane Wade and teams New York\n    Knicks and New Jersey Nets. It states that New York is \"the\n    home of the hip hop\", namechecking Afrika Bambaataa, a DJ from\n    the South Bronx, New York who was instrumental in the early\n    development of hip hop throughout the 1970s & 80s.", "\"Empire State of Mind\" was originally created by\n    singer-songwriter-producer Angela Hunte, a Brooklyn native,\n    along with writing partner Jane't \"Jnay\" Sewell-Ulepic. Hunte\n    grew up in the same building \u2014 560 State Street, an address\n    which is mentioned in the song \u2014 where Jay-Z lived, but they\n    had never collaborated on a song before.", "The track's creation was inspired during an overseas trip\n    Hunte and Sewell-Ulepic made to London in February, both\n    feeling nostalgic. Hunte was sick during that summer while\n    Sewell-Ulepic's mother was ill. Hunte recalls, \"We said to\n    ourselves, 'we complain so much about New York -- about the\n    busy streets, about the crowds and the pushing, about the\n    subway system -- but I would trade that for anything right\n    now.' Before we left the hotel that night, we knew we would\n    write a song about our city.\"", {"i": {"#tail": ".", "#text": "Distant Relatives"}, "#text": "It was reported that fellow New York MC Nas, who himself has\n    a song called \"N.Y. State of Mind\", was supposed to be featured\n    on the song but declined because of a busy touring schedule, an\n    ongoing divorce case with his ex-wife Kelis, and his continuing\n    work with Damian Marley on their collaboration album titled"}, {"i": {"#tail": ". Contrary to previous reports,\n    the sequel does not feature Jay-Z.", "#text": "The Element of Freedom"}, "#text": "Jay-Z stated in an interview that after hearing the piano\n    loops, he immediately thought of Keys and wanted her to be\n    featured. Keys recalls, \"There was a first phone call, and Jay\n    hit me up like, 'I feel like I have this record that's going to\n    be the anthem of New York.'\" Keys later recorded the sequel to\n    the song called \"Empire State of Mind (Part II) Broken Down\",\n    which is included on Keys' fourth studio album,"}, "In February 2010, Jay-Z has revealed that Mary J. Blige was\n    initially considered for Alicia Keys' feature on 'Empire State\n    Of Mind'. He has admitted that he was \"two seconds away\" from\n    phoning Blige to appear on the record's chorus. He said that\n    the second choice for the track's vocals was Keys. He said that\n    using Blige on the song would have been a safe move but said\n    that that the combination of Keys' sound and piano talent had\n    struck a chord with him.", "The song is played in the key of F# Major at a tempo of\n    87bpm. The vocal range is A#3-C#5.", {"i": [{"#tail": "titled \"The Debarted\". It was also featured\n    on", "#text": "Gossip Girl"}, {"#tail": "for a Madison Square Garden episode shot\n    there.", "#text": "WWE Raw"}], "#text": "The song received airplay from numerous radio stations and\n    gained a huge number of downloads, especially after the 2009\n    MTV Video Music Awards. The song was released as the third\n    single from the album to Rhythmic Airplay on October 19, 2009,\n    the same day as Alicia Keys's single \"Doesn't Mean Anything\".\n    The song was featured on episode 12 of the third season of"}, {"i": [{"#tail": "writer Greg Kot commended Jay-Z for his\n    ability to perform with cameos, and called the song \"Empire\n    State of Mind\" \"the sound of Jay-Z cruising for pop hits\".", "#text": "Los Angeles Times"}, "Newsday", {"#tail": "described Alicia Keys's cameo as \"lusty bellowing\".\n    Pitchfork Media stated \"the piledriver hooks of 'Run This Town'\n    and 'Empire State of Mind' are content to annoy their way to\n    ubiquity\". PopMatters called the song \"yet another chance for\n    Jay to show love for his city, but it remains interesting\n    thanks to a fantastic Al Shux beat and celebratory hook from\n    Alicia Keys . Above all, it\u2019s a chance for the Marcy emcee to\n    show off shades of a new flow while not losing you for a\n    second\".", "#text": "NME"}, "Rolling Stone"], "#text": "\"Empire State of Mind\" received generally positive reception\n    from most music critics. Allmusic stated \"The king of the\n    crossovers here is 'Empire State of Mind,' a New York\n    flag-waver with plenty of landmark name-dropping that turns\n    into a great anthem with help on the chorus from Alicia Keys.", "span": [{"#tail": "s Glenn Gamboa said\n    that Jay-Z declares \"'I'm the new Sinatra' - and when he pushes\n    for change\" on the song.", "#text": "'"}, {"#tail": "s Jody Rosen called\n    it a \"pallid New York shout-out\".", "#text": "'"}]}, {"i": [{"#tail": "perceived a maturity by Jay-Z in the song, and\n    wrote that \"The upper-crust landmarks he now references are a\n    far cry from the grimy Marcy Projects sights that he once\n    detailed, something that perhaps is to be expected from the\n    self-described 'new Sinatra.'\" Alluding to the classic \"Theme\n    from New York, New York\" anthem, Hip Hop Is Read similarly\n    commented: \"Frank Sinatra, move ova, make room for Hova. This\n    is by far the best offering on The Blueprint 3\".", "#text": "USA Today"}, {"#tail": "described the song's sound as\n    \"anthemic club pop\" and called Keys's chorus line \"singalong\".\n    About.com called \"Empire State of Mind\" the album's apex, while\n    commending Alicia Keys for her \"excellent display of some\n    unusually strong vocals\". Slant Magazine", "#text": "The Daily Telegraph"}, {"#tail": "called it an \"orchestral rap ballad\"., and", "#text": "The Times"}, "The Guardian"], "#text": "Steve Jones of", "span": [{"#tail": "s William McBee\n    described it as a \"glittering paean to the Big Apple with\n    Alicia Keys soaring skyscraper-level on the hook and Jay\n    putting on for his city\". Smoking Section called \"Empire State\n    of Mind\" an \"antithesis to Nas\u2019 'NY State Of Mind,'\u009das he\n    presents the city that never sleeps as the ultimate proving\n    ground for those who can escape it\u2019s trappings\".", "#text": "'"}, {"#tail": "s Alexis Petridis\n    described its chorus as \"incredible, breezy pop\".", "#text": "'"}]}, {"i": {"#tail": ", the Best Hip Hop Single by iTunes, and\n    the best single of 2009 by The Village Voice's 37th annual Pazz\n    & Jop critics' poll. Pitchfork Media ranked it #44 in its\n    year-end recap.", "#text": "Rolling Stone"}, "#text": "The song was ranked 8th best song of 2009 by MTV,\n    second-best song of 2009 by"}, {"i": {"#tail": ". Because of scheduling\n    conflicts, Roc Nation singer Bridget Kelly performed in Alicia\n    Keys' place (with the exception of the MTV Video Music\n    Awards).", "#text": "Friday Night with Jonathan Ross"}, "#text": "\"Empire State of Mind\" was first performed at Jay-Z's\n    \"Answer the Call\" benefit concert in Madison Square Garden on\n    September 11, 2009, where it was the opening song. The song was\n    then performed live at the 2009 MTV Video Music Awards on\n    September 13, 2009, where it closed the awards. Also, Jay-Z\n    performed the song on September 18, 2009 during a live\n    performance on"}, "The song became an anthem for the New York Yankees during\n    their championship run in 2009. Yankee shortstop and captain,\n    Derek Jeter, used the song as his entrance music before every\n    at-bat. It was performed live by Jay-Z and Alicia Keys in\n    Yankee Stadium before Game 2 of the 2009 World Series. Jay-Z\n    also performed the song with Bridget Kelly at the Yankees'\n    World Series victory ceremonies in New York City Hall on\n    November 6, 2009.", "The song is used by World Wrestling Entertainment in video\n    packages highlighting their Madison Square Garden appearances.\n    Jay-Z and Bridget Kelly also sang \"Empire State of Mind\" at the\n    MTV EMA in Berlin, Germany in November 2009. The song was also\n    performed by Jay-Z and Alicia Keys at the American Music Awards\n    on November 22, 2009. While accepting an American Music Award\n    for the song, Jay-Z finished off his thank you speech with the\n    phrase \"Men lie, Women lie, Numbers don't\" and then laughed,\n    which many believed to be a shot at fellow rap artist 50\n    Cent.", {"i": {"#tail": ".", "#text": "The X Factor"}, "#text": "On November 29, 2009 Keys performed the song's chorus in a\n    medley alongside \"Doesn't Mean Anything\" and \"No One\" on the UK\n    TV show"}, {"i": {"#tail": "as a guest. Following an interview\n    with host Stephen Colbert, she performed the song with Colbert\n    taking Jay-Z's place. The lyrics to Jay-Z's rap were rewritten\n    into a tribute to the upper middle class area, which Colbert\n    had accused Keys of ignoring during the interview.", "#text": "The Colbert Report"}, "#text": "On December 15, 2009 Keys appeared on"}, "On February 16, 2010 Jay-Z and Keys performed the song\n    together at the UK Brit awards.", {"i": {"#tail": "countdown.", "#text": "Notarized: Top 100 Videos of 2009"}, "#text": "The music video was filmed on October 1, 2009, in Harlem,\n    Times Square, and around Ground Zero of New York City, and\n    shows Yankee Stadium, the Empire State Building, the Chrysler\n    Building and Ebbets Field. The video was directed by Hype\n    Williams. It premiered on Jay-Z's official YouTube channel on\n    October 30, 2009. It ranked at #6 on BET's"}, "The song debuted on the Hot 100 at number 50, with more than\n    40,000 downloads. Leaping from 23 to 1 on the Hot Digital Songs\n    the following week, it hit number 5 on the Hot 100 in its\n    second week on the chart. With that big jump, the song became\n    Jay Z's sixteenth top 10 hit and Keys's ninth top 10 hit. The\n    song was the first single on which Jay-Z performed as a lead\n    artist to hit number one on the Hot 100, though he has had\n    previous Hot 100 number ones as a featured artist. Overall, it\n    is the fourth \"Hot 100\" number one hit for both artists. The\n    song stayed at number one for five weeks, and was the final\n    number-one single of the 2000s.", "\"Empire State of Mind\" entered the UK Singles Chart at #15\n    on 20 September, 2009. In the next week, it climbed to #3, and\n    then one further place to #2, held off the top spot by Taio\n    Cruz with \"Break Your Heart\". The song also peaked at #2 on the\n    UK R&B Chart based on downloads alone, no promotion and, at\n    that time, no music video. As of March 28, 2010 it has spent 28\n    weeks inside the UK top 40.", {"i": {"#tail": ", the acoustic version of the song\n    debuted at #55 in the U.S.", "#text": "The Element of Freedom"}, "#text": "After the release of Keys's album,"}, "The Song has so far sold over 3.000.000 units and remains in\n    the Top 20 Digital songs", "Source:"]}, "artist": "Jay-Z and Alicia Keys", "lengths": {"length": ["4:37 (album version)", "3:18 (radio edit)"]}, "title": "Empire State of Mind", "recorded": "2009 ; Roc The Mic Studios, Oven Studios , ( New York\n  City , New York )", "label": "Roc Nation , Atlantic", "producers": {"producer": ["Al Shux", "Janet \"Jnay\" Sewell-Ulepic", "Angela Hunte"]}, "released": "October 20, 2009 (Single)", "writers": {"writer": ["S. Carter", "A. Shuckburgh", "A. Keys", "A. Hunte", "J. Sewell-Ulepic"]}, "formats": {"format": "Digital download"}, "weeks": {"week": ["2009-11-28", "2009-12-05", "2009-12-12", "2009-12-19", "2009-12-26"]}}}