{"top-song": {"album": "All or\n  Nothing", "genres": {"genre": ["Pop", "R&B", "Dance-pop"]}, "descr": {"p": [{"i": {"#tail": ". In other markets, including the UK, the\n    song serves as Jay Sean's lead single from what will be his\n    third studio album there. The single features American rapper\n    and label mate Lil Wayne and is produced by J-Remy and Bobby\n    Bass. \"Down\" is the seventh-best selling single of 2009, having\n    sold more than three million digital copies in the United\n    States alone, and has been certified Platinum in several\n    countries. The song has sold six million copies worldwide, and\n    also received a large airplay of two billion listener\n    impressions on radio worldwide.", "#text": "All or Nothing"}, "#text": "\"Down\" is a song by British artist Jay Sean. The song was\n    released in North America as his debut single from his debut\n    album there,"}, "The track was released to US radio on May 31, 2009 and on\n    iTunes on June 30, 2009. \"Down\" hit #1 on the Billboard Hot 100\n    chart in the issue dated October 17, 2009, knocking The Black\n    Eyed Peas off the top of the chart after their 26 week reign at\n    #1. This made Jay Sean the first British act to score a\n    Billboard Hot 100 number-one single since Coldplay's \"Viva la\n    Vida\" in 2008, and the fourth British act overall this decade.\n    The song has also made him \"the first UK Urban act ever to top\n    Billboard's Hot 100\", the ninth (second British) male solo\n    performer to top the US charts with his debut single in the US,\n    and the first British act to have reached #1 in the US and not\n    in the UK with a song since Seal's \"Kiss From A Rose\" in 1995.\n    It is also the best-selling single by a British/European male\n    artist in North America since Elton John's \"Candle in the Wind\"\n    in 1997, the first single by a solo artist of Asian origin to\n    top the US charts, and the first by an British Asian artist in\n    general since Freddie Mercury in 1980.", "On October 15, 2008, at the MOBO Awards, Jay Sean announced\n    that he had signed with the American hip hop record label Cash\n    Money Records. He explained, \u201cIt\u2019s always been a dream for me\n    to sign to an American label. And it\u2019s great to be accepted by\n    the best in the game.\u201d", {"i": {"#tail": "without Lil Wayne, alongside\n    \"War\". The CEO of Cash Money Ronald \"Slim\" Williams liked the\n    track, played it to Wayne and wanted Wayne to be on the track;\n    Wayne loved it and added a new verse on the track.", "#text": "My Own Way: Deluxe Edition"}, "#text": "It was rumoured that his first single in the US would be a\n    remix of the single, \"Tonight\" featuring Lil Wayne. In fact, a\n    remix had not been produced but the song \"Down\" which was\n    originally recorded in December 2008. The song was written by\n    Jay Sean with Jared Cotter, J Perkins and producers J-Remy and\n    Bobby Bass. The track was originally for"}, "Sean told MTV News that he recorded this song in 90 minutes,\n    after which he received a call from Ronald \"Slim\" Williams. He\n    recalled: \"Slim called me up and was like, 'Yo, man, there's\n    something wrong on the second verse that just doesn't sound\n    right.' I was like, 'Really? What?' He played the song. All of\n    a sudden I heard Wayne's Auto-Tune stuff, and I'm like, 'OK.\n    What's going on? Right! That's Lil Wayne on my song right now!'\n    That day was brilliant.\"", "\"The news was on, everything was depressing and we were like\n    'look at this man \u2014 everything's so down in the dumps. Why\n    don't we write a song to take everyone's mind away from being\n    down?'\" explains Sean about how the track came about during a\n    late night recording session in Miami's Hit Factory studio.\n    According to Sean, \"Wayne heard it, fell in love and dropped a\n    verse on it,\" which resulted in the up-tempo summer record\n    peppered with Wayne's gritty pipes.", "Of the song, Jay Sean said, \"I'm a very positive, optimistic\n    person and thought let me write a song about the idea that if\n    you've got someone special in your life then nothing else\n    really matters, how you need to appreciate the little things.\n    The title is a play on the word 'down.' That's why Lil Wayne\n    says, 'Are you down like the economy.' It's a fun, very easy\n    track something to pump in your car\". Lil Wayne said,\n    \"Everybody is used to what Cash Money is, and that\u2019s why he has\n    a new sound. It\u2019s for the ladies. We\u2019re used to getting in your\n    face... and now we are getting more mature here\".", "The BBC reports that Jay Sean is \"The Most Successful Male\n    U.K. Urban artist in U.S chart history\". \"I want to do my best\n    to represent the UK in America and let people really understand\n    that it doesn't matter if we're from a little place called\n    Hounslow. As long as you work hard and strive to do you best\n    and make good music, and of course with a bit of luck, it is\n    possible,\" Jay told the BBC. The success of \"Down\" has also led\n    to Sean being considered the most successful European urban\n    artist in North America.", {"i": {"#tail": "on October 17, 2009 with\n    Justin Timberlake.", "#text": "\"The Justin Timberlake and Friends Concert Benefiting\n    Shriners Hospitals For Children\""}, "#text": "When the track topped the Billboard Hot 100, Jay Sean was on\n    stage with labelmate Lil Wayne, on the first night of the US\n    rapper's London concert tour. Before he returned to the US, Jay\n    Sean was asked, \"How does it feel to have the top song of the\n    week?\", and replied, \"This is insane. It's just incredible to\n    have reached #1 with my first release in America. It's\n    difficult for me to put into words. My head is spinning. I've\n    been grinding hard for the last seven years releasing records\n    independently and now to have the biggest record in the USA\n    this week. It's just a dream come true.\" The second time the\n    song hit #1, he was performing at"}, {"i": {"#tail": "were filmed. The video was completed\n    in Miami, with Jay Sean heading to the US to finish the video\n    with Lil Wayne on May 20, 2009. The video features Hispanic\n    American model Korrina Rico as the lead lady, dancers, bright\n    blue lights and bottles. The video was produced by Shurwin\n    Beckford and directed by Richard Pengelley for Jayded\n    Entertainment/Guerilla Hype/Hey Buddy and edited by Jamie Mac\n    and Adam Wood. During the rap break, Lil Wayne is seen wearing\n    a red t-shirt with the word 'COMMUNIST' in white capitalized\n    letters. The prelude of his previous single \"Ride It\" can be\n    heard in the music video as the introduction to this song.", "#text": "The Golden Compass"}, "#text": "The music video for \"Down\" was produced alongside the video\n    for \"Written On Her\". The \"Down\" video was first shot in London\n    on April 24, 2009, with Cash Money crew without Lil Wayne. The\n    video was shot over two days. The Buckinghamshire mansion\n    featured is Hedsor House, an enormous private mansion and park\n    where Mark Ronson hosted his 33rd birthday and where scenes for\n    the feature film"}, "On July 23, 2009, the video premiered on Jay Sean's YouTube\n    page; it was the #1 most viewed music video on YouTube for its\n    first two weeks and had over 5 million views as of December 24,\n    2009. During the week of August 10, 2009, the music video was\n    featured as iTunes' Free Music Video of the Week. The video was\n    added to MTV's rotation on August 5, 2009 include MTV Hits and\n    MTV America. The video was also added to the Universal Music\n    Group's channel where the video had more than 20 million views\n    as of November 23, 2009. The video was added to the Island\n    Records channel where his UK fans can see the video, which had\n    around 5 million views as of December 20, 2009. The video was\n    also added to the Jay Sean Vevo channel, where it has more than\n    46 million views as of March 15, 2010.", {"i": [{"#tail": "gave the song a positive review, stating that\n    Jay Sean's \"melodic vocals [...] resonate with impressive tonal\n    clarity\".", "#text": "Billboard"}, {"#tail": "gave the song a score of 91/100. Alex MacGregor\n    of UK Mix gave the song 4 out of 5 stars, stating that it \"is\n    actually a creditable offering of world beating R&B pop\n    that reminds the listener of some of the better moments in\n    Usher's back catalogue.\"", "#text": "Billboard"}], "#text": "Ginger Clements from"}, {"i": [{"#tail": "(US), which debuted at\n    #5 on the 200. It has also been included in", "#text": "Now That's What I Call Music! 32"}, {"#tail": "(UK),", "#text": "Now That's What I Call Music! 74"}, {"#tail": "and the Australian compilation", "#text": "Clubland 16"}, {"#tail": ". The song has also been featured in the \"Canon\"\n    episode of", "#text": "So Fresh: The Hits of Summer 2010 & The Best Of\n    2009"}, {"#tail": ".", "#text": "Melrose Place"}], "#text": "\"Down\" has been included in various compilation albums,\n    including"}, {"i": {"#tail": "by the a capella group Nota. After Nota went\n    on to win the contest during the finale, Sean himself made an\n    appearance, performing \"Down\" with the group in the show's\n    ending. DJ Bikram Keith and DJ Vix made a \"Desi Remix\" to\n    \"Down\". The single was also include on DJ Earworm's mash-up of\n    all the Top 25 Billboard hits of the year. The title \"Urban\n    Desi Boy of 2009\" was given to Jay Sean by DesiHits. On Grammy\n    Awards 2010 where Jay Sean was, told Taylor Swift that \"Down\"\n    was her favorite song of 2009.", "#text": "The Sing-Off"}, "#text": "According to data released by Google, \"Down\" is one of the\n    top five most searched-for songs of 2009 on the internet.\n    \"Down\" has been used and covered in numerous user videos on\n    YouTube, including a breast cancer awareness video by the\n    Providence St. Vincent Medical Center. A cover version of the\n    song was also performed on Episode 2 of"}, {"i": {"#tail": "Year-End Pop Songs of 2009. Later in the month,\n    it appeared at #4 on Z100's Top 100 Songs of 2009. It also\n    appeared on VH1's Top 40 Music Videos of 2009 List at #20.\n    Having sold more than three million digital copies in the\n    United States alone, \"Down\" is the seventh-best selling single\n    of 2009, in a year noted for having the highest record sales of\n    all time. To date, it has sold six million copies\n    worldwide.", "#text": "Billboard"}, "#text": "In early December 2009, the song appeared at #20 on the\n    Year-End Hot 100 singles of 2009 and at #14 on the"}, "After the track leaked on web 21 May 2009 did Jay Sean\n    perform the \"Without Rap\" version of the track for the first\n    time live in Chicago. He has also performed the track on Macy's\n    Thanksgiving Day Parade, in Toronto, on Jimmy Kimmel Live, on\n    Madison Square Garden, alongside \"Do You Remember\", on The\n    Wendy Williams Show, on BBC 1Xtra Live 2009, a \"Acoustic\n    version\" for Billboard.com and Yahoo! Music, and the \"Candle\n    Light Remix\" for BBC Radio 1.", {"i": {"#tail": ", \"Down\" debuted at #27 on August 22,\n    2009, and reached #1 on October 24, 2009, his first AT40 entry\n    to peak at the top. On the Canadian Hot 100, it debuted at #40\n    for the week of August 17, 2009, and peaked at #3 in the week\n    of October 15, 2009. The song also peaked at #1 on Pop Songs,\n    #1 on Radio Songs, #1 on Rhythmic Top 40, #2 on Digital Songs,\n    #3 on Ringtones, and, one week before it was charted on the Hot\n    100, debuted-peaked at #4 on Heatseekers Songs.", "#text": "American Top 40"}, "#text": "\"Down\" debuted at #72 on the Billboard Hot 100 for the chart\n    week of August 6, 2009, and stayed at #2 for three weeks. After\n    fourteen weeks on the chart, the song reached number one for\n    the chart week ending October 17, 2009, making Jay Sean the\n    first Indian-origin (and Asian-origin in general) solo artist\n    to achieve a #1 single in the US. \"Down\" ended the Black Eyed\n    Peas' 26-week reign at the #1 spot on the Hot 100. Furthermore,\n    \"Down\" had managed to top one of the most competitive weeks in\n    the US charts this decade, with the top five titles (Sean's\n    \"Down\", Miley Cyrus' \"Party in the U.S.A.\", Jay-Z's \"Run This\n    Town\", Jason DeRulo's \"Whatcha Say\", and Black Eyed Peas' \"I\n    Gotta Feeling\") being \"separated by the tightest point margin\n    in more than six years.\" After spending a week at the top spot,\n    \"Down\" was succeeded by Britney Spears' \"3\", but the following\n    week, it reached #1 again. On the"}, {"i": [{"#tail": "singles\n    chart, \"Down\" debuted at #18, and after six weeks the song\n    peaked at #2 (where it spent four weeks) for the week of\n    November 5, 2009. On", "#text": "Recording Industry Association of New Zealand"}, {"#tail": ", \"Down\" debuted at #52 and, in its\n    second week, peaked at #29 beginning November 5, 2009, where it\n    spent ten weeks at that position. In Switzerland, for the week\n    of October 8, 2009, the song debuted on the Swiss Music Charts\n    at #65 and peaked at #57 five weeks later. The single debuted\n    at #9 on October 22, 2009 on the Norwegian Singles Chart, and\n    after two weeks the song peaked at #5. In the UK, although\n    \"Down\" charted highly, it did not reach the same level of\n    success as it did in the US market. \"Down\" entered and peaked\n    at #3 on the UK Singles Chart and spent one week at #1 on the\n    UK R&B Chart. It is his highest charting single in the UK\n    since \"Stolen\" charted at #4 in 2004.", "#text": "Sverigetopplistan"}], "#text": "On the"}, "On Austrian Singles Chart debuted the song at #70, for the\n    week beginning of November 5, 2009, and peaked at #52. On the\n    Australian ARIA Charts, the song debuted at #9 that same week\n    and peaked at #2 three weeks later. On the Belgian Singles\n    Chart, the song peaked at #2. The song debuted at #9 on the\n    European Hot 100 and at #94 on the Japan Hot 100 during the\n    week dated November 9, 2009. It has so far peaked at #79 on the\n    Japan Hot 100 on the week dated March 6, 2010. The song debuted\n    on the French SNEP chart at #19 on February 27, 2010.", "Jay Sean knocked the Black Eyed Peas out of the top spot on\n    the U.S. Hot 100 for the week ending October 7, 2009. That\n    makes him the first Indian-origin solo artist to top the U.S.\n    charts with a debut single. His first single (American-debut\n    single) with Cash Money Records and Universal Music Group\n    became his first #1 on U.S. Billboard Hot 100 and first single\n    to sell more than two million copies in America, and the second\n    for featured artist Lil Wayne who first led for five weeks last\n    year with \"Lollipop\" at #1 on Billboard Hot 100.", "\"Down\" entered the UK Singles Chart on 1 November 2009 at\n    #3, and #1 on the R&B Chart becoming Sean's highest\n    charting positions on both charts.", "The song has sold 6,000,000 copies worldwide.", {"span": [{"#text": "\"", "strong": {"#tail": "\"\u00a0\u00b7", "#text": "Down"}}, "\"Do You\n      Remember\"\u00a0\u00b7", "\"War\""]}]}, "artist": "Jay Sean featuring Lil Wayne", "lengths": {"length": ["3:32 (Single version/Album version)", "3:15 (Without Rap)"]}, "title": "Down", "recorded": "Dec. 2008 \u2013 Mar. 2009", "label": "Cash Money / Universal Republic", "producers": {"producer": "J-Remy & Bobby Bass"}, "released": "May 31, 2009 ( U.S. Airplay) , (see release history\n  )", "writers": {"writer": ["K. Jhooti", "D. Carter", "J-Remy", "Bobby Bass", "Jared Cotter & J Perkins"]}, "formats": {"format": ["Digital download", "CD"]}, "weeks": {"week": ["2009-10-17", "2009-10-31"]}}}