{"top-song": {"album": "Harper Valley PTA", "genres": {"genre": "Country"}, "descr": {"p": ["\"Harper Valley PTA\" is a country music song written by Tom\n    T. Hall. It was a major hit single for country singer Jeannie\n    C. Riley in 1968, and crossed over to the pop charts as well,\n    eventually selling over six million copies as a single, making\n    Riley the first woman ever to top the U.S. pop and country\n    singles charts with the same song. (Her accomplishment would\n    not be repeated until 1981, when Dolly Parton topped the\n    country and pop singles charts with \"9 to 5\".)", {"i": {"#tail": "/ And you're all Harper Valley\n    hypocrites.\"", "#text": "Peyton Place"}, "#text": "The song tells the story of a junior high student who is\n    sent home with a note to her widowed single mother from the\n    Parent-Teacher Association (PTA) of the school decrying her\n    scandalous behavior by small-town standards. The mother decides\n    to speak to a meeting of the PTA where she addresses various\n    episodes of misbehavior on the part of several of its members,\n    concluding, \"This is just a little"}, "In an interview, Hall admitted his inspiration for the song\n    was passing by the Harpeth Valley Elementary School in\n    Bellevue, Tennessee, not far from his then-home in Franklin. He\n    liked the sound of the name and decided to write a song using a\n    similar place name. He also reportedly wrote the song about\n    Olive Hill, Kentucky where Hall grew up.", "The song was later the inspiration for a 1978 motion picture\n    and a 1981 television series, both starring Barbara Eden,\n    playing the heroine of the song, Stella Johnson.", "Other songs on the album tell more about some of the people\n    who are members of the Harper Valley P.T.A., including Mayor\n    Harper and Widow Jones.", "Jeannie C. Riley's recording of the song won her a Grammy\n    for the Best Country Vocal Performance, Female."]}, "artist": "Jeannie C. Riley", "lengths": {"length": "3:16"}, "title": "Harper Valley PTA", "label": "Plantation", "producers": {"producer": "Shelby Singleton"}, "released": "1968", "writers": {"writer": "Tom T. Hall"}, "weeks": {"week": "1968-09-21"}}}