{"top-song": {"album": "J to tha L-O!: The Remixes and Exodus", "genres": {"genre": ["Pop", "R&B", "hip hop"]}, "descr": {"p": [{"i": [{"#tail": "(2002). The song was also\n    included on the 2002 compilation album", "#text": "J to tha L-O!: The Remixes"}, {"#tail": "as well as on Ja Rule's\n    greatest hits album", "#text": "Irv Gotti Presents: The Inc."}, {"#tail": ".", "#text": "Exodus"}], "#text": "\"Ain't It Funny (Murder Remix)\" is a song by American singer\n    Jennifer Lopez, featuring American rappers Ja Rule and\n    Caddillac Tah. Written by Lopez, Cory Rooney, Ja Rule,\n    Caddillac Tah, Ashanti, and 7 Aurelius, it was released in 2002\n    as the lead single from Lopez's remix album,"}, {"i": {"#tail": "Hot 100 from March 9, and followed another Ja\n    Rule duet, \"Always on Time\" with Ashanti. Ashanti's \"Foolish\"\n    replaced it at the number-one spot. Ashanti also appears in the\n    video alongside Lopez, Ja Rule, Irv Gotti, Caddillac Tah, and\n    other Inc. members.", "#text": "Billboard"}, "#text": "The single topped the U.S. Hot 100 becoming Lopez's third\n    number-one single and Ja Rule's third number-one single; it\n    also peaked at number four in the United Kingdom. Caddillac Tah\n    also performs on the song and appears on the song's music\n    video, and even has a longer part than Ja Rule. The remix\n    samples Craig Mack's 1994 hit \"Flava in Ya Ear\". The song spent\n    six weeks at the top of the"}, {"i": [{"#tail": ", and was also a single of its own. It was written\n    by Cory Rooney for the soundtrack to Lopez's film", "#text": "J.Lo"}, {"#tail": ", but it was felt that the timbales\n    gave it too much of a Latin sound, and the song was not used\n    for the soundtrack. After the success of \"I'm Real (Murder\n    Remix)\", a previous Lopez\u2013Ja Rule collaboration, they decided\n    to remix \"Ain't It Funny\" as a duet and release it as a\n    follow-up. Unlike \"I'm Real\", the two versions of \"Ain't It\n    Funny\" were released on different dates, and so charted\n    separately. The songs also charted separately because", "#text": "The Wedding Planner"}, {"#tail": "instituted a new chart policy.", "#text": "Billboard"}], "#text": "The original version of the song, \"Ain't It Funny\", appears\n    on Lopez's second studio album, 2001's"}, "In the Murder Inc. studio then-upcoming artist Ashanti\n    dropped by the studio. \"Everyone was there and Ja (Rule) was on\n    the floor playing video games, and they had the beat playing in\n    the background. Chris Gotti, Irv Gotti's brother, said 'Ja's\n    supposed to be writing this record for J-Lo, but it doesn't\n    look like he's going to be doing anything tonight. Why don't\n    you go in there and see what's happening?' So that's exactly\n    what I did\", says Ashanti, who wrote two verses and demoed the\n    new \"Ain't It Funny\" for Lopez. Ashanti recalled, \"I got a call\n    from Gotti in Los Angeles. He asked me to write another\n    verse[...] I had to write it over the phone and two-way Irv the\n    lyrics.\"", "The video is in two parts which frequently interchange back\n    and forth throughout the song. The first part of the video\n    shows Lopez having a small party in her home with guests\n    including Ja Rule and Ashanti. This part of the video is from\n    the point of view of the guy who is being mentioned in the\n    song. His face is not seen, and Lopez addresses the camera\n    throughout this section of the video. This section begins with\n    the guy knocking on the door, Lopez inviting him in, and then\n    eventually showing him the door when she sees him attempting to\n    look/flirt with other women at the party. As he leaves, she\n    goes on entertaining the other guests.", "The second part of the video involves scenes with Lopez and\n    Ja Rule in a white room, Ja Rule in a recording studio in\n    Lopez's home, Lopez sitting in a chair singing bits of the\n    song, and Lopez and Ja Rule singing the parts of the final\n    verse against a gold backdrop."]}, "artist": "Jennifer Lopez featuring Ja Rule", "lengths": {"length": ["3:52 [Album Version]", "3:42 [Video Mix]"]}, "title": "Ain't It Funny", "recorded": "2001; Sony Music Studios , ( New York City , New York\n  )", "label": "Epic", "producers": {"producer": ["Irv Gotti", "7 Aurelius"]}, "released": "December 11, 2001", "writers": {"writer": ["Ashanti", "Cory Rooney", "Irv Gotti", "7 Aurelius", "Ja Rule", "Caddillac Tah"]}, "formats": {"format": ["CD single", "12\" maxi single"]}, "weeks": {"week": ["2002-03-09", "2002-03-16", "2002-03-23", "2002-03-30", "2002-04-06", "2002-04-13"]}}}