{"top-song": {"album": "On the\n  6", "genres": {"genre": ["Dance-pop", "R&B"]}, "descr": {"p": [{"i": {"#tail": "(1999). Released in 1999, the single peaked at\n    number one in the United States, becoming Lopez's first\n    number-one single; it also peaked at number four in the United\n    Kingdom. The song is well-known for its voyeuristic music\n    video.", "#text": "On the 6"}, "#text": "\"If You Had My Love\" is the lead single from Jennifer\n    Lopez's debut album,"}, "The song was written by Rodney Jerkins, Fred Jerkins III,\n    LaShawn Daniels, and Cory Rooney and produced by Rodney\n    Jerkins. In her debut single, Lopez is on the brink of sealing\n    a relationship with a man she is interested in. However, before\n    they can become a couple, she lays out some ground terms: she\n    won't tolerate cheating and she needs to feel true love or it's\n    \"got to end\". She also wonders if he knew if his love was\n    untrue, would he lie to her and still call her \"baby\". Her\n    insecurities build up to the point where Lopez questions, \"If\n    you had my love, and I gave you all my trust, would you comfort\n    me?\".", "\"If You Had My Love\" debuted on the U.S. Hot 100 the week of\n    May 15, 1999, jumping from number sixty-four to number eight\n    two weeks later. The single reached the top spot on June 12,\n    1999, and stayed there for five consecutive weeks. The single\n    was one of the most popular dance-pop singles of the summer of\n    1999, remaining in the top ten for fifteen weeks.", "The music video, directed by Paul Hunter in April 1999,\n    begins with a man (Adam Rodriguez) logging onto his personal\n    computer. When prompted by a search bar, he enters the term\n    \"Jennifer Lopez\" and is redirected to a website, \"Jennifer\n    Lopez Online\". Clicking on the link, he is then transported\n    through the Internet (which is displayed by special effects\n    emulating binary numbers). After arriving, a figure in white\n    walks across a room filled with cameras recording action: it\n    turns out to be Lopez in a hallway. From the privacy of his\n    computer, the man then redirects to a new page where Lopez is\n    now seen in the living room and crawling over a table.", "The man is not alone in his voyeuristic actions as patrons\n    of an Internet cafe and a little girl logging in from her own\n    computer, watches Lopez, streaming live, on \"Internet TV\". The\n    man then clicks on a room showing Lopez in the bathroom,\n    singing whilst checking her reflection in the mirror.\n    Worldwide, Lopez's feed is being streamed live to a nightclub\n    and to other users with laptops. The man then clicks on the\n    dance option and is once again entered through the special\n    effect binary. Lopez then proceeds to perform a series of\n    dances (including jazz, house, and Latin soul) as the song\n    moves into a remixed (Pablo Flores Remix) portion. The man then\n    zooms in on Lopez's skirt, as she dances to Latin music.", "He then raises the sexual intonation again by requesting a\n    scene in which Lopez is taking a shower (although she is never\n    seen nude). Garage workers who had been watching this soon turn\n    their heads to Lopez and pay no attention to their burning car\n    as they glue their eyes to the screen. A new user is\n    introduced, and it is implied that he throws his computer\n    underwater to \"turn down the heat\" (so to speak). He then\n    continues to watch her there.", "The video received four nominations at the 1999 MTV Video\n    Music Awards: Best Female Video, Best Dance Video, Best Pop\n    Video, and Best New Artist."]}, "artist": "Jennifer Lopez", "lengths": {"length": "4:25"}, "title": "If You Had My Love", "recorded": "January 1999, New York City, NY", "label": "Epic", "producers": {"producer": "Darkchild"}, "released": "May 11, 1999", "writers": {"writer": ["Rodney Jerkins", "Fred Jerkins III", "LaShawn Daniels", "Cory Rooney"]}, "formats": {"format": ["CD single", "CD maxi single", "cassette single", "12\" maxi single"]}, "weeks": {"week": ["1999-06-12", "1999-06-19", "1999-06-26", "1999-07-03", "1999-07-10"]}}}