{"top-song": {"album": "This Is Me... Then", "genres": {"genre": ["Pop", "R&B"]}, "descr": {"p": [{"i": [{"#tail": "(2002). The song reached number one in\n    the United States and New Zealand, and entered the top five and\n    the top ten in several countries. After the success of \"All I\n    Have\" with LL Cool J, the track was later included on the\n    re-issue of his album", "#text": "This Is Me... Then"}, {"#tail": ".", "#text": "10"}], "#text": "\"All I Have\" is a song by American singer Jennifer Lopez,\n    featuring American rapper LL Cool J. Written by Lopez, Makeba\n    Riddick, Curtis Richardson, and Ron G and produced by Cory\n    Rooney, Ron G, and Dave McPherson, it was released in early\n    2003 as the second single from Lopez's third studio album,"}, "The song is based around a sample from Debra Laws' 1981 song\n    \"Very Special\", written by Lisa Peters and William Jeffrey. It\n    was originally intended to be titled \"I'm Good\", but was\n    changed because it sounded too similar to her 2001 hit \"I'm\n    Real\".", "The music video for the single was shot in New York City in\n    November 2002 and released in January 2003. It features Lopez\n    and LL as former lovers now broken up. The two recall the good\n    and bad times while dealing with being alone for the holidays.\n    Lopez shows up to LL's house with a gift. With him not there,\n    she puts the gift under the tree. He later sees the gift under\n    the tree and realizes it was from Lopez. He opens the gift and\n    sees a golden key. Upset at the relationship being over, he\n    throws the key in the fireplace while a tearful Lopez gets help\n    from her friends with her things. The video was shot right\n    before Thanksgiving, but did not premiere on television until\n    after Christmas.", "On the U.S. Hot 100, \"All I Have\" debuted at number\n    twenty-five the last charting week of 2002, which was December\n    28, easily becoming the highest-debuting song of that year.\n    \"All I Have\" made impressive strides on the survey, reaching\n    the penthouse by February 8, 2003, where it remained for four\n    weeks, becoming Lopez's fourth Hot 100 number-one single and\n    the first for LL. The single was one of the most popular pop\n    and R&B singles of the spring of 2003, remaining in the top\n    ten for twelve weeks, nineteen weeks on the top thirty, and\n    twenty-one weeks on the top fifty. Moreover, it charted inside\n    the top five in the United Kingdom, the Netherlands,\n    Switzerland, and Australia and the top ten in Canada and\n    Ireland.", "In March 2003, Debra Laws sued Sony Music Entertainment/Epic\n    Records in the United States District Court for the Central\n    District of California, claiming that the use of samples from\n    \"Very Special\" without her consent (even though the writers of\n    \"Very Special\" and Elektra Entertainment Group\u2014successor to\n    Elektra/Asylum Records, which had released the original\n    recording of \"Very Special\"\u2014had given their consent to the use\n    of the samples) violated her statutory and common law right of\n    publicity under California law. In November 2003, Judge Lourdes\n    Baird granted Sony Music's motion for summary judgment on the\n    ground that Laws's state law claims were preempted by Section\n    301 of the United States Copyright Act. In 2006, that decision\n    was affirmed by the United States Court of Appeals for the\n    Ninth Circuit."]}, "artist": "Jennifer Lopez featuring LL Cool J", "lengths": {"length": "4:14"}, "title": "All I Have", "recorded": "October 16-17, 2002", "label": "Epic", "producers": {"producer": ["Cory Rooney", "Ron G", "Dave McPherson"]}, "released": "February 11, 2003", "writers": {"writer": ["Jennifer Lopez", "Makeba Riddick", "Curtis Richardson", "Ron G", "Lisa Peters", "William Jeffrey"]}, "formats": {"format": ["CD single", "12\" single"]}, "weeks": {"week": ["2003-02-08", "2003-02-15", "2003-02-22", "2003-03-01"]}}}