{"top-song": {"album": "J.Lo", "genres": {"genre": ["Dance-pop", "R&B"]}, "descr": {"p": [{"i": [{"#tail": "(2001), and the other is \"I'm Real (Murder Remix)\",\n    which features rapper Ja Rule of The Inc. Records (formerly\n    known as Murder Inc. Records), included on the special edition\n    of", "#text": "J.Lo"}, {"#tail": ", Lopez's remix album,", "#text": "J.Lo"}, {"#tail": "(2002), and Ja Rule's third\n    studio album,", "#text": "J to tha L-O!: The Remixes"}, {"#tail": "(2001). The remix contains an interpolation\n    of the Mary Jane Girls' 1983 song \"All Night Long\" written by\n    Rick James. Both versions reached number one on the U.S. Hot\n    100 on September 8, 2001 (the U.S. number-one single during the\n    September 11, 2001 terrorist attacks), and remained there for\n    five non-consecutive weeks. Ja Rule had been brought in after\n    the moderate U.S. performance of \"Play\", the second single from", "#text": "Pain Is Love"}, {"#tail": ". Singer Ashanti (also on The Inc.) also provided\n    backing vocals on the Murder Remix. The two songs are\n    essentially different songs with the same title.", "#text": "J.Lo"}], "#text": "\"I'm Real\" is the name of two songs by Jennifer Lopez. One\n    is the song taken from her second studio album,"}, "The music video for \"I'm Real\" followed the release of the\n    single in the U.S. It depicts Lopez driving a motorcycle\n    throughout the highway. The video also featured a cameo\n    appearance by underwear model Travis Fimmel and a dance-break\n    (to \"More Bounce to the Ounce\" by Zapp) with Lopez's soon-to-be\n    husband Cris Judd appearing as the lead dancer. The video for\n    the \"I'm Real (Murder Remix)\" featured Ja Rule and Irv Gotti,\n    and won the award for Best Hip-Hop Video at the 2002 MTV Video\n    Music Awards.", "Despite the success of \"I'm Real\", there was a bit of\n    controversy over the use of the single's sample and the\n    structure of the song. The song contains an uncredited sample\n    from Yellow Magic Orchestra's 1978 version of Martin Denny's\n    1959 song \"Firecracker\" (while the remix on the other hand\n    officially interpolates the Mary Jane Girls' 1983 song \"All\n    Night Long\"). There have been reports that the \"Firecracker\"\n    sample was originally planned to be used for Mariah Carey's\n    \"Loverboy\". According to the music publisher of \"Firecracker\",\n    Carey called to license a sample of the song which had never\n    been sampled before and within a month Lopez called to do the\n    same. Carey felt that former husband and music executive at\n    Sony Music (Columbia Records), Tommy Mottola, was interfering\n    with her career by arranging for the sample to go to Lopez.\n    Upset by the conduct of Lopez and her ex-husband, Carey\n    featured a reference to the song on her single \"Loverboy\", her\n    first single released by her then-record company, Virgin\n    Records. The verse can be heard in Da Brat's rap section, where\n    she sings, \"Hate on me, much as you want to, you can't do what\n    the fuck I do, bitches be, emulating me daily\" over the melody\n    of \"Firecracker\". The word \"bitch\" was used in the song, but\n    when the song aired on the radio, the word \"bitch\" was deleted\n    and the song was cut down to three minutes and fifteen seconds\n    long.", {"i": {"#tail": "magazine that Mottola contacted him with instructions\n    to create a song that sounded exactly like a song he had made\n    with Carey for the soundtrack entitled \"If We\" also featuring\n    Ja Rule.", "#text": "XXL"}, "#text": "Irv Gotti, who produced the remix of \"I'm Real\" featuring Ja\n    Rule, openly admitted during an interview with"}, "Furthermore, some in the African American community were\n    outraged by Lopez's use of the word \"nigga\" in the Murder\n    Remix.", {"i": [{"#tail": "Hot 100. In 2009 the single was named the 30th\n    most successful song of the 2000s, on the", "#text": "Billboard"}, {"#tail": "Hot 100 Songs of the Decade.", "#text": "Billboard"}], "#text": "\"I'm Real (Murder Remix)\" debuted on the U.S. Hot 100 at\n    number sixty-six the week of July 7, 2001. By its fourth week,\n    the song had reached the top twenty, fueled by increasing\n    airplay of the single. By September 8, 2001, the single topped\n    the chart, dislodging Alicia Keys' \"Fallin'\" from a three-week\n    stint at number one. \"I'm Real\" spent the next three charting\n    weeks at the summit, and was subsequently knocked out of the\n    top spot by \"Fallin'\", which boasted an additional three\n    consecutive weeks at number one. After three weeks stalled at\n    number two, \"I'm Real\" returned to number one again for a final\n    two weeks, through October 27, 2001. \"I'm Real (Murder Remix)\"\n    was a staple on R&B/hip hop and pop radio during the summer\n    and fall of 2001, spending fifteen weeks on the top five of the"}, {"i": {"#tail": "policy in 2002. Afterwards, airplay of\n    identically named songs but with substantially different\n    melodies was not combined when computing chart positions.\n    Lopez's follow-up was \"Ain't It Funny (Murder Remix)\", another\n    Ja Rule-featured remix, which also reached number one on the\n    Hot 100.", "#text": "Billboard"}, "#text": ", The chart position of the Murder Remix was boosted by\n    radio play of the album track, which led to complaints of\n    unfairness and change of"}]}, "artist": "Jennifer Lopez featuring Ja Rule", "lengths": {"length": "4:57"}, "title": "I'm Real", "recorded": "2000 , Sony Music Studios , ( New York City , New York\n  )", "label": "Epic", "producers": {"producer": ["Tory Oliver", "Cory Rooney"]}, "released": "October 16, 2001", "writers": {"writer": ["Jennifer Lopez", "Troy Oliver", "Cory Rooney", "L.E.S"]}, "formats": {"format": "CD single"}, "weeks": {"week": ["2001-09-08", "2001-09-15", "2001-09-22", "2001-10-20", "2001-10-27"]}}}