{"top-song": {"album": "You Don't Mess\n  Around with Jim", "genres": {"genre": "Folk rock"}, "descr": {"p": ["\"Time in a Bottle\" was a posthumous number-one hit for\n    singer-songwriter Jim Croce, reaching the top of the charts in\n    December 1973, three months after his death in a plane\n    crash.", {"i": [{"#tail": ". The following year Croce\n    would shoot to fame with his hit single \"Bad Bad Leroy Brown\",\n    just months before the September 20 plane crash.", "#text": "You Don't Mess Around with Jim"}, {"#tail": "was later used as the title for a\n    compilation album of Croce's love songs.", "#text": "Time in a Bottle"}], "#text": "The song was originally written for Croce's son, A.J., and\n    appeared on his first album in 1972,"}, {"i": {"#tail": ", starring Desi Arnaz Jr. and Season\n    Hubley.", "#text": "She Lives!"}, "#text": "The song started receiving widespread airplay in the fall of\n    1973, after it was featured in an ABC TV movie,"}]}, "artist": "Jim Croce", "lengths": {"length": "2:30"}, "title": "Time in a Bottle", "recorded": "1972", "label": "ABC Records", "writers": {"writer": "Jim Croce"}, "weeks": {"week": "1973-12-29"}}}