{"top-song": {"album": "Life and\n  Times", "genres": {"genre": ["Folk", "Folk rock"]}, "descr": {"p": [{"i": {"#tail": ", the song was a Number One pop hit for\n    him, spending two weeks at the top of the Billboard Hot 100 in\n    July 1973. Croce was nominated for two 1973 Grammy awards in\n    the Pop Male Vocalist and Record of the Year categories for\n    \"Bad, Bad Leroy Brown\".", "#text": "Life and Times"}, "#text": "\"Bad, Bad Leroy Brown\" is the title of a song written by\n    American folk rock singer Jim Croce. Released as part of his\n    1973 album"}, "The song is about a man from the south side of Chicago who,\n    due to his size and attitude, has a reputation as the \"baddest\n    man in the whole damn town.\" One day, in a bar, he makes a pass\n    at a pretty, married woman, whose jealous husband proceeds to\n    beat Leroy brutally in the ensuing brawl.", "Croce tells a nearly identical story (tough guy who\n    everybody fears is brutally beaten when he meets an even\n    tougher guy) in his hit single \"You Don't Mess Around With\n    Jim.\"", "His inspiration for the song was a friend he met in his\n    brief time in the Army:", "Croce explained the chorus reference to Leroy Brown being\n    \"meaner than a junkyard dog\":", "Pro wrestler Junkyard Dog is said to have got his ring name\n    from this song.", {"i": {"#tail": ", released a year after Croce\n    died.", "#text": "Sheer Heart Attack"}, "#text": "The song inspired Queen vocalist Freddie Mercury (who cited\n    Croce as one of his artistic inspirations) to write the song\n    \"Bring Back That Leroy Brown\" for the band's third album,"}, "\"Bad, Bad Leroy Brown\" was released in April 1973 and peaked\n    at number one on the American charts three months later. It was\n    still on the charts on September 20 when Croce died in a plane\n    crash in Natchitoches, Louisiana. It also reached #19 on the\n    Australian (Go-Set) Singles Chart in 1973.", {"i": {"#tail": "(though in her version she changed the song's\n    locale from Chicago to Nashville). The song was also covered by\n    punk rock band The Max Levine Ensemble.", "#text": "Dolly!"}, "#text": "Frank Sinatra recorded a cover version of the song, which\n    reached number 83 on the pop charts. Country music artist\n    Anthony Armstrong Jones released a cover on Epic Records in\n    1973, reaching #33 on the U.S. country charts with it. Dolly\n    Parton performed the song twice on her 1976-77 TV series"}]}, "artist": "Jim Croce", "lengths": {"length": "3:02"}, "title": "Bad, Bad Leroy Brown", "recorded": "1972", "label": "ABC Records", "released": "April 1973", "writers": {"writer": "Jim Croce"}, "formats": {"format": "45"}, "weeks": {"week": ["1973-07-21", "1973-07-28"]}}}