{"top-song": {"weeks": {"week": ["1942-05-16", "1942-05-23", "1942-05-30", "1942-06-06", "1942-06-13"]}, "artist": "Jimmy Dorsey", "descr": {"p": ["\"Tangerine\" is a popular song. The music was written by\n    Victor Schertzinger, the lyrics by Johnny Mercer. The song was\n    published in 1941.", {"i": {"#tail": ", produced by Paramount Pictures, directed\n    by Schertzinger, and starring Dorothy Lamour, William Holden,\n    Eddie Bracken, singer Cass Daley, and Betty Hutton in her\n    feature film debut.", "#text": "The Fleet's In"}, "#text": "It was introduced in the 1942 movie,"}, {"i": {"#tail": "charts on April 10, 1942 and lasted 15 weeks on\n    the chart, peaking at #1. A disco instrumental version by the\n    Salsoul Orchestra revived the song, bringing it into the top\n    twenty in 1976.", "#text": "Billboard"}, "#text": "The most popular recorded version of the song was made by\n    the Jimmy Dorsey Orchestra with vocalists Helen O'Connell and\n    Bob Eberly. The recording was released by Decca Records as\n    catalog number 4123. The record first reached the"}, {"i": {"#tail": ".", "#text": "Whipped Cream & Other Delights"}, "#text": "Herb Alpert & The Tijuana Brass recorded a\n    leisurely-paced version of the song for their album"}, {"i": "Star Trek III: The Search for Spock.", "#text": "The tune was featured as background music in the movie"}, "The Pet Milk company used the melody for a 1960s liquid diet\n    product called Sego. The opening line \"Tangerine, she is all\n    they say\" was replaced by \"There she goes, she's a Sego girl.\"\n    The tune later became the jingle for Pillsbury's Figurines, a\n    diet aid, during the 1970s."]}, "title": "Tangerine"}}