{"top-song": {"weeks": {"week": "1944-03-04"}, "artist": "Jimmy Dorsey", "descr": {"p": ["\"B\u00e9same Mucho\" is a Spanish language song written in 1940 by\n    Mexican songwriter Consuelo Vel\u00e1zquez.", "According to Vel\u00e1zquez herself , she wrote this song even\n    though she had never been kissed yet at the time, and kissing\n    as she heard was considered a sin.", {"i": {"#tail": "by Enrique Granados.", "#text": "Goyescas"}, "#text": "She was inspired by the aria \"Quejas, o la Maja y el\n    Ruise\u00f1or\" from the Spanish 1916 opera"}, "B\u00e9same, b\u00e9same mucho,, Como si fuera esta noche la \u00faltima\n    vez., B\u00e9same, b\u00e9same mucho,, Que tengo miedo a perderte,\n    perderte despu\u00e9s., , Quiero tenerte muy cerca,, Mirarme en tus\n    ojos, verte junto a m\u00ed., Piensa que tal vez ma\u00f1ana, Yo ya\n    estar\u00e9 lejos, muy lejos de t\u00ed., , B\u00e9same, b\u00e9same mucho,, Como\n    si fuera esta noche la \u00faltima vez., B\u00e9same, b\u00e9same mucho,, Que\n    tengo miedo a perderte, perderte despu\u00e9s.", "Kiss me, kiss me a lot,, As if tonight was the last time.,\n    Kiss me, kiss me a lot,, I fear to lose you, to lose you\n    afterward., , I want to have you very close,, See myself in\n    your eyes, see you next to me., Think that maybe tomorrow, I'll\n    be far, far away from you., , Kiss me, kiss me a lot,, As if\n    tonight was the last time., Kiss me, kiss me a lot,, I fear to\n    lose you, to lose you afterward.", {"i": [{"#tail": "instead of the original", "#text": "perderte otra vez"}, {"#tail": ".", "#text": "perderte despues"}], "#text": "Many interpretations use"}, {"i": {"#tail": ".", "#text": "perderte depues"}, "#text": "In a video from \"TV Mexicana\" from that time Consuelo\n    Vel\u00e1zquez plays the piano herself and the singer sings"}, {"i": {"#tail": "means \"to lose you in the future\".\n    Considering Vel\u00e1zquez was 15 when she wrote the song, this\n    sentence reflects less experience and an innocent feeling.", "#text": "Perderte despues"}}, {"i": {"#tail": "means \"to lose you again\". This may\n    have been modified to touch a more grown-up, experienced\n    audience.", "#text": "Perderte otra vez"}}, "The lyrics were translated into English by Sunny Skylar. The\n    phrase \"b\u00e9same mucho\" can be translated into English as \"kiss\n    me a lot\".", "\"B\u00e9same Mucho\" is also known by translated names such as\n    \"Kiss Me Much\", \"Kiss Me a Lot\", \"Kiss Me Again and Again\",\n    \"Embrasse-Moi\", \"Stale Ma Bozkavaj\", \"Suutele minua\" and\n    \"Szeretlek \u00e9n\".", "Emilio Tuero was the first to record the song. It is\n    believed by some sources to be the most recorded song of all\n    time.", {"i": [{"#tail": ",", "#text": "Great Expectations"}, {"#tail": ",", "#text": "Let It Be"}, {"#tail": ",", "#text": "A toda m\u00e1quina"}, {"#tail": ",", "#text": "Moon Over Parador"}, {"#tail": ",", "#text": "Arizona Dream"}, {"#tail": ",", "#text": "Moscow Does Not Believe In Tears"}, {"#tail": ",", "#text": "The Naked Gun 2\u00bd: The Smell of Fear"}, {"#tail": ",", "#text": "In Good Company"}, {"#tail": ",", "#text": "Paid"}, {"#tail": ",", "#text": "Juno"}, {"#tail": ",", "#text": "Mona Lisa Smile"}, {"#tail": ".", "#text": "Mivtza Savta, Ljubav i drugi zlo\u010dini and Niravana by Gabriel\n    Salvatores"}], "#text": "The composition has been used on the soundtrack of numerous\n    films including"}, {"i": {"#tail": ".", "#text": "The One and Only Maynard Ferguson"}, "#text": "In 2007, Composer/Arranger and Jazz Trombonist Steve Wiest\n    was nominated for a Grammy for Best Instrumental Arrangement\n    for his version of \"Besame Mucho\" that was recorded by Maynard\n    Ferguson on"}, "In Jan. 2010, at the 52nd Grammy Awards, Herb Alpert was\n    nominated for Best Pop Instrumental Performance."]}, "title": "B\u00e9same Mucho (Kiss Me Much)"}}