{"top-song": {"weeks": {"week": ["1963-10-12", "1963-10-19", "1963-10-26", "1963-11-02", "1963-11-09"]}, "artist": "Jimmy Gilmer and the Fireballs", "descr": {"p": [{"i": [{"#tail": ". \"Sugar Shack\" also hit the UK at #45 on the", "#text": "Billboard"}, {"#tail": "chart.", "#text": "Record Retailer"}], "#text": "\"Sugar Shack\" is a song written in 1962 by Keith McCormack\n    and his aunt, Fay Voss. The song was recorded in 1963 by Jimmy\n    Gilmer & the Fireballs at Norman Petty Studios in Clovis,\n    New Mexico. \"Sugar Shack\" hit #1 on both the Billboard Hot 100\n    (where it spent five weeks from October 12 to November 9, 1963)\n    and on the Cashbox charts (where it spent three weeks from\n    October 19 to November 2, 1963). \"Sugar Shack\", also has the\n    distinction of being the last single to make it to number one\n    on the Billboard R&B chart, because Billboard magazine\n    published no R&B chart for fourteen months between the\n    period of late November, 1963 to late January, 1965. . On\n    November 29, 1963 the song received RIAA certification for\n    selling over a million copies, earning gold record status, and\n    was the number one single of the year according to"}, "In addition, \"Sugar Shack\" is the name of a new song written\n    by Mike Gordon and appearing on the 2009 album Joy by\n    Phish."]}, "title": "Sugar Shack"}}