{"top-song": {"genres": {"genre": ["Popular", "Classical"]}, "descr": {"p": ["\"Amapola\" is a popular song, written by Spanish composer\n    Joseph LaCalle with Spanish lyrics although the English\n    language lyrics were written by Albert Gamse.", {"i": {"#tail": "charts on March 14, 1941 and lasted 14 weeks on\n    the chart, peaking at #1.", "#text": "Billboard"}, "#text": "Though the song was published in 1924, the most popular\n    recorded version was made nearly two decades later by the Jimmy\n    Dorsey Orchestra with vocalists Helen O'Connell and Bob Eberly.\n    The recording was released by Decca Records as catalog number\n    3629. The record first reached the"}, "Another version, with vocals in English, was recorded by\n    Spike Jonesand his City Slickers in the unforgettable comic\n    style of his band. The flip-side was Jones Polka, a\n    drinking-song, sung in a strong European accent.", "Japanese singer Noriko Awaya also released her version of\n    the song in 1937. Amapola was also played during the Three\n    Tenors concert in Rome in 1990.", "The song is also sung by Andrea Bocelli in his 2006 album\n    Amore and by Paul Potts in his 2007 debut album One Chance.", {"i": {"#tail": "(1984).", "#text": "Once Upon a Time in America"}, "#text": "An instrumental version of the piece formed an important\n    leitmotif in the gangster film"}, {"i": "Spanish version (original)", "#text": "AMAPOLA"}, "Amapola (English lyrics by Albert Gamse)"]}, "artist": "Jimmy Dorsey", "lengths": {"length": "4.49"}, "title": "Amapola (Pretty Little Poppy)", "recorded": "1941", "label": "???", "writers": {"writer": ["Music: Joseph LaCalle", null, "English lyrics: Albert Gamse"]}, "weeks": {"week": ["1941-03-29", "1941-04-05", "1941-04-12", "1941-04-19", "1941-04-26", "1941-05-03", "1941-05-10", "1941-05-17", "1941-05-24", "1941-05-31"]}}}