{"top-song": {"weeks": {"week": ["1961-11-06", "1961-11-13", "1961-11-20", "1961-11-27", "1961-12-04"]}, "artist": "Jimmy Dean", "descr": {"p": ["\"Big Bad John\" is a country song originally performed by\n    Jimmy Dean and composed by Dean and Roy Acuff. Released in\n    September 1961, by the beginning of November it went to number\n    one on the Billboard Hot 100 and won Dean the 1962 Grammy Award\n    for Best Country & Western Recording.", "The song and its sequel tell a story typical of American\n    folklore, reminiscent of Paul Bunyan or John Henry.", {"i": {"#tail": "was also the title of a 1990 television\n    movie starring Dean.", "#text": "Big Bad John"}}, {"i": {"#tail": "\"). He\n    supposedly came from New Orleans, where he killed a man over a\n    Cajun woman.", "#text": "He stood six foot six and weighed two forty-five"}, "#text": "The song tells the story of a mysterious and quiet miner who\n    earned the nickname Big John because of his height, weight and\n    muscular physique (\""}, {"i": [{"#tail": "\", then \"", "#text": "grabbed a saggin' timber, gave out with a groan / and like a\n    giant oak tree just stood there alone"}, {"#tail": "\", opening a passage and allowing the\n    other miners to escape the mine. Although the miners were about\n    to reenter the mine with the equipment necessary to save John,\n    the mine fully collapsed and John died in the depths of the\n    mine. The mine itself was never reopened, but a marble stand\n    was placed in front of it, with the words \"", "#text": "gave a mighty shove"}, {"#tail": "\" written on it. (Some versions of the song change the\n    last line to \"lies a big, big man\" to replace what was at the\n    time considered to be borderline profane language.)", "#text": "At the bottom of this mine lies one hell of a man - Big\n    John"}], "#text": "One day, a support timber cracked at the mine where John\n    worked. The situation looked hopeless until John \""}, {"i": {"#tail": "\". The sequel's events\n    are more exaggerated than the first, extending the story into\n    the realm of tall tales.", "#text": "one hundred and ten grandchildren"}, "#text": "Its 1962 sequel, \"The Cajun Queen\", describes the arrival of\n    \"Queenie\", Big John's Cajun Queen, who rescues John from the\n    mine and marries him. Eventually, they have \""}, "In June 1962, the story continued (and evidently concludes)\n    with the arrival of \"Little Bitty Big John\", (the flip side to\n    \"Steel Men\" on Columbia 4-42483), learning about his Father's\n    act of heroism.", "\"Big Bad John\" was at number one on the pop chart for five\n    weeks, on the country chart for two, and on the adult\n    contemporary music chart for ten in the U.S. It was also a\n    number-two hit in the United Kingdom. The song was nominated\n    for the Grammy Award for Record of the Year and Best Male Solo\n    Vocal Performance.", {"i": {"#tail": ", where\n    the song first appeared, reached number twenty-three in the pop\n    charts. The song was the B-side of \"I Won't Go Huntin' with You\n    Jake\", but ended up becoming much more popular than the\n    latter.", "#text": "Big Bad John and Other Fabulous Songs and Tales"}, "#text": "Dean's LP"}, "Columbia Records was considering dropping Dean before the\n    release of this million-selling single, as he hadn't had a hit\n    in years. Dean wrote the song on a flight from New York to\n    Nashville because he realized he needed a fourth song for his\n    recording session.", "There are varying accounts as to who was the inspiration for\n    the character of Big John. The fact is an actor he met in a\n    summer stock play, John Minto (born in San Francisco) who was\n    6'5\" was the inspiration for the song.", "Country pianist Floyd Cramer, who was hired to play piano on\n    the song, came up with the idea to use a hammer and a piece of\n    steel instead. This became a distinctive characteristic of the\n    recording.", {"i": [{"#tail": "\", was deemed too controversial, so in the version that\n    was most often heard on the radio, one could hear \"", "#text": "At the bottom of this mine lies one hell of a man - Big\n    John"}, {"#tail": "\" instead.", "#text": "At the bottom of this mine lies a big, big man - Big\n    John"}], "#text": "There are several known recordings of the song by Dean.\n    Notably, there are two different versions of the inscription on\n    the marble stand in front of the mine. The original, \""}, "The refrain was also used to end the Jimmy Dean song\n    \"PT-109\", referring to John F. Kennedy.", "Political candidates have run ads that parody Big Bad John,\n    retaining the music while substituting lyrics that support\n    their particular political bids.", "In Texas Senator John Cornyn's 2008 parody, he presented\n    himself as a maverick politician, seeking a return to the\n    Senate to fight to set things right. \"You see I'm from Texas\n    and we do things quick / And the way this place [the Senate] is\n    run is about to make me sick\", the ad states. Several ads were\n    released by Democrats refuting some of the claims made in the\n    song about John.", "In the same year, the Democratic National Committee parodied\n    the song in an ad that targeted presidential candidate John\n    McCain. The ad dubbed McCain \"Exxon John\" while highlighting\n    U.S. $2-million in contributions by Exxon-Mobil to McCain's\n    campaign, as well as the supposed role of Big Oil lobbyists in\n    his campaign.", "Artists that have covered the song include:", {"i": {"#tail": ". Three Men and a Tenor's version is\n    notable in that the verses are sung instead of recited.", "#text": "Listen to the Music"}, "#text": "Michigan-based a cappella quartet Three Men and a Tenor also\n    covered the song on their 2002 album"}, "San Diego-based Deadbolt's cover of the song includes an\n    extra verse following the traditional ending.", "Qu\u00e9b\u00e9cois talk-show host R\u00e9al Gigu\u00e8re recorded a joual\n    version of this song, renamed Gros Jambon which has become a\n    quasi-folkloric song in Quebec."]}, "title": "Big Bad John"}}