{"top-song": {"weeks": {"week": "1952-12-27"}, "artist": "Jimmy Boyd", "descr": {"p": ["\"I Saw Mommy Kissing Santa Claus\" is a Christmas song with\n    music and lyrics by Tommie Connor.", {"i": [{"#tail": "charts in 1952, and on the", "#text": "Billboard"}, {"#tail": "chart at the beginning of the following year.\n    The song was commissioned by Neiman Marcus to promote the\n    store's Christmas card for the year, which featured an original\n    sketch by artist Perry Barlow, who drew for", "#text": "Cash Box"}, {"#tail": "for many decades.", "#text": "The New Yorker"}], "#text": "The original recording by Jimmy Boyd reached number one on\n    the"}, "Jimmy Boyd's record was condemned by the Roman Catholic\n    Church in Boston when it was released on the grounds it mixed\n    kissing with Christmas, ignoring the fact that mistletoe, under\n    which many couples kiss, is traditionally hung on many ceilings\n    at Christmas. Boyd, age thirteen, was photographed meeting with\n    the Archdiocese to explain the song. After the meeting, the ban\n    was lifted.", "The song describes a scene where a child creeps down from\n    his bedroom to see his mother kissing \"Santa Claus\" (presumably\n    his father dressed in a Santa Claus costume) underneath the\n    mistletoe.", "Popular versions of the song were done by the Ronettes and\n    the Jackson 5. John Mellencamp and the Secret Chiefs 3 have\n    also covered it."]}, "title": "I Saw Mommy Kissing Santa Claus"}}