{"top-song": {"descr": {"p": ["\"If You Wanna Be Happy\" is a song recorded by Jimmy Soul,\n    written by Frank Guida. It hit number one on the Billboard Hot\n    100 on May 18, 1963, as well as the R&B singles chart. The\n    song is based on the calypso \"Ugly Woman\" by Roaring Lion. It\n    was issued on Guida's S.P.Q.R. label and distributed by London\n    Records, and in the UK on EMI's Stateside label. The original\n    single lists a running time of 2:14, some later releases are\n    sightly longer due to a longer fade-out.", {"i": [{"#tail": "(1990) and", "#text": "Mermaids"}, {"#tail": "(1997).", "#text": "My Best Friend's Wedding"}], "#text": "The song is featured in the films"}, "The band Rocky Sharpe and The Replays released a cover\n    version of the song in 1983. The artists/bands Kid Creole and\n    the Coconuts, Joe Dolce, The Skatalites and Barnes & Barnes\n    have released cover versions as well.", "The song was also sampled by Canadian Synth-Pop group Kon\n    Kan in the track \"Could Have Said I Told You So\", taken from\n    their second album entitled Syntonic."]}, "artist": "Jimmy Soul", "lengths": {"length": "2:14"}, "title": "If You Wanna Be Happy", "label": "S.P.Q.R./ London Records", "released": "1963", "writers": {"writer": "Guida"}, "weeks": {"week": ["1963-05-18", "1963-05-25"]}}}