{"top-song": {"weeks": {"week": ["1941-08-30", "1941-09-06", "1941-09-13", "1941-09-20"]}, "artist": "Jimmy Dorsey", "descr": {"p": ["\"Green Eyes\" is a popular song, originally written in\n    Spanish under the title \"Aquellos Ojos Verdes\" (\"Those Green\n    Eyes\") by Adolfo Utrera and Nilo Men\u00e9ndez. The English\n    translation was made by Eddie Rivera and Eddie Woods in\n    1929.", {"i": {"#tail": "charts on May 9, 1941 and lasted 21 weeks on\n    the chart, peaking at #1. Since \"Maria Elena\" was also a #1\n    hit, this was a major double-sided hit recording.", "#text": "Billboard"}, "#text": "The English version of the song was a hit for the Jimmy\n    Dorsey orchestra. The recording was made on March 19, 1941 with\n    vocals by Helen O'Connell and Bob Eberly and released by Decca\n    Records as catalog number 3698. The flip side was \"Maria\n    Elena.\" The record first reached the"}, {"i": {"#tail": ".", "#text": "When Johnny Comes Marching Home"}, "#text": "Gloria Jean sang the Spanish lyrics to \"Aquellos Ojos\n    Verdes\" in the 1943 film,"}, {"i": {"#tail": ", in pivotal scenes just prior to the fatal\n    shooting of his character, George Reeves.", "#text": "Hollywoodland"}, "#text": "Ben Affleck also sang the Spanish version, in the 2006 film,"}, "R&B group, the Ravens, had regional success with a 1955\n    revival.", "Allan Sherman recorded a version titled \"Green Stamps\", a\n    parody of S&H Green Stamps. During the recording session\n    (according to the liner notes on the album), Sherman had a talk\n    with the college types who hadn't heard of \"Green Eyes.\" He\n    said it was, like the Bossa Nova, once a red-hot tune by Helen\n    O'Connell. He asked, \"Any of you remember red-hot Helen\n    O'Connell?\" (About half did.)", "The version written for English audiences varies from the\n    Spanish. The Big Band version typically had a male voice\n    singing these words, followed by a female voice singing the\n    same words, with the exception of the last line. This is one\n    version:", "(Male voice)", "(Female voice)"]}, "title": "Green Eyes (Aquellos Ojos Verdes)"}}