{"top-song": {"weeks": {"week": "1952-09-13"}, "artist": "Jo Stafford", "descr": {"p": ["\"You Belong to Me\" is a pop music ballad from the 1950s. The\n    singer reminds his/her lover that, whatever exotic locales and\n    sights he/she experiences, \"you belong to me\". It is credited\n    to three writers: Pee Wee King, Chilton Price, and Redd\n    Stewart. Price wrote most of the song, and ceded equal credit\n    to the other two in exchange for their work in promoting it.\n    King and Stewart did rearrange the song because it was written\n    as a war song during World War II and changed the title to \"You\n    Belong To Me\" along with arranging the music. Price had\n    previously had success with another hit which she had written,\n    \"Slow Poke\", under a similar arrangement with the two men.", "The original version of the song was recorded by Sue\n    Thompson on Mercury's country label. It was soon covered by\n    Patti Page, whose version was issued by Mercury as catalog\n    number 5899, with \"I Went to Your Wedding\" (a bigger Patti Page\n    hit, reaching #1) on the flip side. It entered the Billboard\n    chart on August 22, 1952, and lasted 12 weeks on the chart,\n    peaking at #4.", "A cover version by Jo Stafford became the most popular\n    version. Issued by Columbia Records as catalog number 39811, it\n    was Stafford's greatest hit, topping the charts in both the\n    United States and the United Kingdom (the first song by a\n    female singer to top the UK chart). It first entered the US\n    chart on August 1, 1952 and remained there for 24 weeks. In the\n    UK, it appeared in the first ever UK chart of November 14, 1952\n    (then a top 12) and reached number 1 on January 16, 1953, being\n    only the second record to top such chart, remaining in the\n    chart for a total of 19 weeks. Another cover version, by Dean\n    Martin, released by Capitol Records as catalog number 2165, was\n    also in play at that time. This version first entered the chart\n    on August 29, 1952, and remained on the chart for 10 weeks,\n    reaching #12. All the versions were combined in the rankings on\n    the Cash Box charts, and the song reached #1 on those charts as\n    well, lasting on the chart for more than half a year.", {"i": [{"#tail": "but was eventually left off as an\n    outtake, the recording only surfacing two years later in the\n    soundtrack for the 1994 movie", "#text": "Good as I Been to You"}, {"#tail": ".", "#text": "Natural Born Killers"}], "#text": "In 1958 the song crossed over into rock for the first time\n    on the Capitol album \"Gene Vincent Rocks and the Blue Caps\n    Roll.\" A later version of the song, by The Duprees, also made\n    the Billboard Top 10, reaching #7 in 1962. It was recorded by\n    many other pop vocalists, including Patsy Cline and Bing\n    Crosby. A solo acoustic version was recorded by Bob Dylan for\n    the 1992 album"}, {"i": [{"#tail": "alongside romantic scenes of Ally McBeal and\n    Billy Thomas. A version by Jason Wade was part of the\n    soundtrack to the 2001 animated film", "#text": "Ally McBeal"}, {"#tail": ". Rocker Tori Amos also sang the classic for the\n    Julia Roberts film", "#text": "Shrek"}, {"#tail": "in 2003. Actress Rose McGowan sang it on\n    the soundtrack for the", "#text": "Mona Lisa Smile"}, {"#tail": "segment of the 2007 movie", "#text": "Planet Terror"}, {"#tail": ". While onscreen, Bette Midler sings a\n    fragment of the song (to Nick Nolte) in the 1986 comedy", "#text": "Grindhouse"}, {"#tail": ".", "#text": "Down and Out in Beverly Hills"}], "#text": "The song has also appeared on many soundtracks. Vonda\n    Shepard's cover was used frequently on the TV series"}, {"i": {"#tail": ", as a tribute to his wife who had died\n    from cancer two days before.", "#text": "American Idol"}, "#text": "On February 1, 2007, a short rendition of the song was sung\n    by 64-year-old Sherman Pore as an audition piece for the\n    television show"}, "Mary Higgins Clark references the song throughout her novel\n    of the same name which was published by Pocket on April 1st\n    1999."]}, "title": "You Belong to Me"}}