{"top-song": {"weeks": {"week": "1954-03-13"}, "artist": "Jo Stafford", "descr": {"p": ["\"Make Love to Me\" may refer to one of two different\n    songs.", "With music by Paul Mann and Stephan Weiss, and lyrics by Kim\n    Gannon, it was recorded in 1942 by Helen Forrest with the Harry\n    James Orchestra. It has also been performed by Ella Fitzgerald\n    and Julie London.", "A 1954 popular song with words and music written by a larger\n    team than normally is known to collaborate on a song: Bill\n    Norvas, Alan Copeland, and the New Orleans Rhythm Kings,\n    comprising Leon Rappolo, Paul Mares, Ben Pollack, George\n    Brunies, Mel Stitzel, and Walter Melrose. The melody was\n    derived from a 1923 song, \"Tin Roof Blues\", composed by the New\n    Orleans Rhythm Kings.", "The best-known version of the song was recorded by Jo\n    Stafford on December 8, 1953 (released by Columbia Records as\n    catalog number 40143, with the flip side \"Adi-Adios Amigo\",)\n    and in 1954 the #1 position on the Billboard chart went back\n    and forth between this record and Doris Day's \"Secret Love\"\n    (See 1954 in music#US No. 1 hit singles). On Cash Box\n    magazine's charts, however, the song only reached #2. The same\n    year, the song was covered in the United Kingdom by Alma Cogan\n    and Billie Anthony.", "The recording by Alma Cogan was released in 1954 by HMV as\n    catalog number 7M 196. The flip side was \"Said the Little\n    Moment\".", "Other covers were recorded by:", {"i": {"#tail": ".", "#text": "Croonin'"}, "#text": "The song was also included on Anne Murray's\n    tribute-to-the-fifties album,"}]}, "title": "Make Love to Me"}}