{"top-song": {"genres": {"genre": "Rock"}, "descr": {"p": ["\"I Love Rock 'n Roll\" is a rock song written in 1975 by Alan\n    Merrill and Jake Hooker of The Arrows, who recorded the first\n    released version. The song was later made famous by the hit\n    version recorded by Joan Jett & the Blackhearts in\n    1981.", "The song was originally recorded and released by the Arrows\n    in 1975 on RAK Records, with lead vocals by Alan Merrill and\n    produced by Mickie Most. In an interview with Songfacts,\n    Merrill said he wrote it as \"a knee-jerk response to The\n    Rolling Stones' It's Only Rock 'n Roll (But I Like It).'\" This\n    version was first released as a B-side, but was soon\n    re-recorded and flipped to A-side status on a subsequent\n    pressing of the record. Although not a chart hit in its\n    original version as a result of non-existent promotion by the\n    band's label, the song has come to worldwide prominence due to\n    very successful cover versions that have been recorded.", {"i": [{"#tail": "when she was touring England with The\n    Runaways in 1976. She first recorded the song in 1979 with two\n    of the Sex Pistols: Steve Jones and Paul Cook. This first\n    version was not released until 1993 in Flashback. In 1981, Jett\n    re-recorded the song, this time with her band, The Blackhearts.\n    Early copies of the album, which was released just before\n    Christmas 1981, featured the Christmas song \"Little Drummer\n    Boy\" but, since it made little sense to have such a song on an\n    album outside the holiday period, it was quickly replaced with\n    \"Oh Woe is Me\". This recording became a U.S. Billboard Hot 100\n    number-one single for seven weeks, effectively launching Jett's\n    solo career. The single was certified platinum by the Recording\n    Industry Association of America, representing two million\n    records shipped. This success propelled Jett's", "#text": "The Arrows Show"}, {"#tail": "album to number two on the Billboard\n    200.", "#text": "I Love Rock 'n Roll"}], "#text": "Joan Jett saw the Arrows perform \"I Love Rock 'n Roll\" on\n    their weekly television series"}, "\"I Love Rock 'n Roll\"'s gritty, black-and-white music video\n    received heavy play from the then-young MTV network. In it,\n    Jett and the Blackhearts travel to a small, dingy bar and\n    proceed to excite the drunken crowd by performing the song and\n    yelling out its famous chorus. A snippet of Jett's 1981 hit,\n    \"Bad Reputation,\" is featured at the beginning of the video.\n    Jett followed \"I Love Rock 'n Roll\" up with another cover \u2014 her\n    version of Tommy James and the Shondells' \"Crimson and Clover\"\n    was a top-ten U.S. hit. The video was originally in color, but\n    it was converted to black and white due to the way Joan Jett\n    felt her red leather jacket looked in color.", "In 1983, \"Weird Al\" Yankovic released a parody of Jett's\n    version, titled \"I Love Rocky Road\", which appeared on his\n    self-titled debut album. Besides the song using Jett's version\n    for the music, a music video was also released modeled after\n    Jett's video.", "Jett's version has received many accolades, including:", {"i": [{"#tail": "and", "#text": "Guitar Hero"}, {"#tail": ". The original version made an\n    appearance in", "#text": "Karaoke Revolution Party"}, {"#tail": ".", "#text": "Guitar Hero: Greatest Hits"}], "#text": "Also, cover versions of Jett's version have appeared in two\n    music video games:"}, "In 1993 Joan Jett & The Blackhearts made another music\n    video for the song as part of the Wayne's World 2 soundtrack.\n    In the video appear several scenes from the movie with Mike\n    Myers and Dana Carvey mixed with Joan and her band playing in a\n    concert.", {"i": [{"#tail": "during the second quarter of 2002, except in the\n    USA. The song was used in her 2002 movie", "#text": "Britney"}, {"#tail": ". Spears's character, Lucy, performs it in a\n    karaoke bar. Spears said of the song, \"They asked me to sing\n    karaoke in the movie", "#text": "Crossroads"}, {"#tail": "and I've actually sung I Love Rock 'n' Roll in\n    a lot of clubs that I've been to.\"", "#text": "Crossroads"}], "#text": "\"I Love Rock 'n' Roll\" is the fourth European single\n    released internationally by pop singer Britney Spears from the\n    album"}, "Spears has publicly admitted the original song to be one of\n    her favorites. Spears listened to The Arrows' original Mickie\n    Most-produced version just before she recorded the song,\n    according to her Jive A&R man Steve Lunt. When promoting\n    the single's release she infamously attributed the hit version\n    of the song to Pat Benatar instead of Jett, although she claims\n    this was a remark made in sarcasm rather than a mistake.", "Directed by Chris Applebaum, the music video for \"I Love\n    Rock 'n' Roll\" features Spears in a tight-fitting leather\n    getup. Straightforward, it features Spears jamming in a large\n    red room, complete with her own band, a stack of speakers, and\n    flashing lights. She crawls along on the floor, and plays air\n    guitar before smashing the speakers with a real guitar. Spears\n    also dances on a rotating motorcycle and gets covered with\n    confetti. The Director's Cut version of the video was later\n    leaked; it included previously unseen scenes from the video.The\n    Bar where it was shot is called The Inn, in Long Beach , New\n    York.", "\"I Love Rock 'n' Roll\" failed to make the top ten in most\n    countries. However, the track was not a total flop as it made\n    at least top forty placement in most regions. The song was\n    moderately successful in the UK, where it peaked at number\n    thirteen (which, at the time, was her lowest peak for a single\n    released there, until \"Break the Ice\" only managed to reach\n    number fifteen in 2008). The single sold a total of 51,000\n    copies. The single also got Gold certification in Australia\n    despite missing the top ten.", "\"I Love Rock 'n Roll\" is an often-covered song, and has been\n    notably recorded by such artists as:"]}, "artist": "Joan Jett and the Blackhearts", "lengths": {"length": "2:48"}, "title": "I Love Rock 'n' Roll", "recorded": "1975", "label": "RAK Records", "producers": {"producer": "Mickie Most"}, "released": "1975", "writers": {"writer": ["Alan Merrill", "Jake Hooker"]}, "formats": {"format": "7\" single"}, "weeks": {"week": ["1982-03-20", "1982-03-27", "1982-04-03", "1982-04-10", "1982-04-17", "1982-04-24", "1982-05-01"]}}}