{"top-song": {"album": "G.I.\n  Blues", "genres": {"genre": "Blues"}, "descr": {"p": [{"i": {"#tail": ". The song was a hit for Presley in the United\n    Kingdom, making number one for six weeks, but wasn't released\n    as a single in the USA until November 1964 (as B-side to \"Blue\n    Christmas\"). Presley was pipped to the post in the U.S. by Joe\n    Dowell's cover version, which made number one at the end of\n    August 1961, knocking Bobby Lewis' Tossin' and Turnin' off the\n    number one chart after 7 weeks. Elvis performed the song live\n    during his Dinner Show concert at the Hilton Hotel in Las Vegas\n    in 1975. The recording is available on the Elvis Presley live\n    album, Dinner At Eight.", "#text": "G.I. Blues"}, "#text": "\"Wooden Heart (Muss I Denn)\" is a song best known for\n    featuring in the 1960 Elvis Presley film"}, "\"Wooden Heart\", created by Fred Wise, Ben Weisman, Kay\n    Twomey and German bandleader Bert Kaempfert, was based on a\n    German folk song, \"Mu\u00df i' denn zum St\u00e4dtele hinaus\". \"Wooden\n    Heart\" features several lines from the original folk song,\n    written in the German dialect Swabian. Bobby Vinton recorded\n    his version in 1975 with those lines translated into\n    Polish.", "The Elvis Presley version featured two parts in German, the\n    first one is the first four lines of \"Mu\u00df i' denn zum St\u00e4dtele\n    hinaus\", whereas the second part appears towards the end and is\n    based on a translation of the English version (therefore not\n    appearing in the original German folk lyrics). This part being\n    \"Sei mir gut, Sei mir gut, Sei mir wie du wirklich sollst, Wie\n    du wirklich sollst....\" This literally means \"Be good to me, Be\n    good to me, Be to me how you really should, How you really\n    should....\"", "\"Wooden Heart\" was covered by Tom Petty and the\n    Heartbreakers in 1993. It was released in their 1995 Playback\n    box set on disc six, \"Nobody's Children\".", {"i": {"#tail": ", \"The first album I ever owned,\" Petty says.\n    In 1995 Petty arranged for his family to take a private tour of\n    Graceland, and for the Heartbreakers to record at Sun Studios.\n    \"I am the true Elvis fan. The music meant so much to me. I\n    really have to give him credit for saving my life on so many\n    levels.", "#text": "G.I. Blues"}, "#text": "Another Elvis song from the same session, this one a track\n    from"}, {"i": "Playback box set liner notes", "#text": "-Tom Petty,"}]}, "artist": "Joe Dowell", "lengths": {"length": "2:03"}, "title": "Wooden Heart (Muss I Denn)", "recorded": "April 28, 1960", "label": "RCA", "released": "1960", "writers": {"writer": ["Fred Wise", "Ben Weisman", "Kay Twomey", "Bert Kaempfert"]}, "formats": {"format": ["7\"", "45rpm"]}, "weeks": {"week": "1961-08-28"}}}