{"top-song": {"album": "My Name Is\n  Joe", "genres": {"genre": ["R&B", "Hip-hop"]}, "descr": {"p": {"i": {"#tail": ".", "#text": "Double Take"}, "#text": "\"Stutter\" is a 2000 song by American R&B singer Joe. The\n    original version of the song was produced by Roy \"Royalty\"\n    Hamilton and Teddy Riley. Written by Roy \"Royalty\" Hamilton and\n    Ernest E. Dixon. A remix by Soulstar features rapper Mystikal,\n    and was a number-one hit on the Billboard Hot 100 in the United\n    States for four weeks in 2001. The song refers to Joe's\n    girlfriend \"stuttering\" because she is lying to him about\n    having an affair. The song samples \"Passin' Me By\" by The\n    Pharcyde.The song was featured in the 2001 film,"}}, "artist": "Joe featuring Mystikal", "title": "Stutter", "recorded": "2000 \u00a0(2000)", "producers": {"producer": ["Roy \"Royalty\" Hamilton", "Teddy Riley"]}, "released": "January 9, 2001 \u00a0(2001-01-09)", "writers": {"writer": ["Ernest E. Dixon", "Roy \"Royalty\" Hamilton"]}, "weeks": {"week": ["2001-02-24", "2001-03-03", "2001-03-10", "2001-03-17"]}}}