{"top-song": {"album": "An Officer and a Gentleman Original Soundtrack", "genres": {"genre": "Pop"}, "descr": {"p": [{"i": {"#tail": ". Written by Jack Nitzsche and\n    Buffy Sainte-Marie, with lyrics by Will Jennings, it was\n    performed by Joe Cocker and Jennifer Warnes.", "#text": "An Officer and a Gentleman"}, "#text": "\"Up Where We Belong\" is a song from the 1982 film"}, "The single, released by Island Records in 1982, became a\n    number one on the U.S. Billboard Hot 100 on November 6, 1982\n    and kept the position for three weeks, also reaching number 7\n    in the UK, where the film was less popular.", "\"Up Where We Belong\" won the Golden Globe Award for Best\n    Original Song and the Academy Award for Best Original Song in\n    1983. It also won the BAFTA Film Awards for Best Original Song\n    in 1984. Cocker and Warnes also won the Grammy Award for Best\n    Pop Performance by a Duo or Group with Vocal in 1983 for their\n    rendition of this song.", {"i": {"#tail": "and the TV special of the same\n    name.", "#text": "Up Where We Belong"}, "#text": "The song's composer, Buffy Sainte-Marie, did a cover of the\n    song for her album"}, {"i": {"#tail": ", saying, \"The song is no\n    good. It isn't a hit.\"", "#text": "An Officer and a Gentleman"}, "#text": "Producer Don Simpson unsuccessfully demanded \"Up Where We\n    Belong\" to be cut from"}, {"i": [{"#tail": "Original Soundtrack, and was\n    later released as part of", "#text": "An Officer and a Gentleman"}, {"#tail": "(1993).", "#text": "The Best of Joe Cocker"}], "#text": "The song was part of the"}, "In 1991, it was re-released as a Jennifer Warnes CD-single\n    alongside \"First We Take Manhattan\" and \"(I've Had) The Time of\n    My Life\".", "The song also featured in the TV advertising campaign for\n    Rover's 200 Series range on its launch in 1989."]}, "artist": "Joe Cocker and Jennifer Warnes", "lengths": {"length": "3:58"}, "title": "Up Where We Belong", "recorded": "1982", "label": "Island Records", "released": "1982", "writers": {"writer": ["Jack Nitzsche", "Buffy Sainte-Marie", "Will Jennings"]}, "formats": {"format": ["CD", "Casette"]}, "weeks": {"week": ["1982-11-06", "1982-11-13", "1982-11-20"]}}}