{"top-song": {"weeks": {"week": ["1962-01-27", "1962-02-03", "1962-02-10"]}, "artist": "Joey Dee and the Starliters", "descr": {"p": ["\"Peppermint Twist\" is a song written by Joey Dee and Henry\n    Glover, recorded and released by Joey Dee and the Starliters in\n    1961. Capitalizing on the Twist dance craze and the nightclub\n    in which Dee performed (\"The Peppermint Lounge\"), the song hit\n    number one on the U.S. Billboard Hot 100 in early 1962. The\n    original recording of the song was considered too long for\n    release on a 45 rpm single, so it was split into two parts. It\n    was this first part, \"Peppermint Twist (Part 1)\" which became\n    the No. 1 hit; the mostly instrumental second half of the\n    recording is rarely heard today.", "\"Peppermint Twist\" replaced Chubby Checker's \"The Twist,\"\n    the song that sparked the Twist craze, at the number one\n    position. A version by Bill Haley & His Comets was recorded\n    for Armed Forces Radio in 1962, but was not released until\n    2000.", "The lead singer in the Starliters' version is David Brigati,\n    whose brother, Eddie Brigati, was a singer for the 60's hit pop\n    group, the (Young) Rascals.", "The song was later covered by Dee Dee Sharp, the classic\n    rock band Sweet, et al.", "The Joey Dee and the Starliters recording features in the\n    film \"American Graffiti\" (1973)."]}, "title": "Peppermint Twist - Part I"}}