{"top-song": {"descr": {"p": [{"i": {"#tail": "Hot 100 in the United States. The song also\n    reached number one in the UK in 1960.", "#text": "Billboard"}, "#text": "\"Running Bear\" is a song written by J. P. Richardson (aka\n    The Big Bopper) sung most famously by Johnny Preston in 1959.\n    Preston first sang the song in 1959 with background vocals by\n    Richardson and George Jones, and it was number one for three\n    weeks in January 1960 on the"}, "Richardson was a friend of Preston and offered \"Running\n    Bear\" to him after hearing him perform in a club. Preston\n    recorded the song at the Gold Star Studios in Houston, Texas in\n    1958. The session's producer was Bill Hall with Preston on\n    vocals, Link Davis on saxophone. Richardson, Hall, and Jones\n    performed the song's Indian chants.", "Preston was signed to Mercury Records, and \"Running Bear\"\n    was released in August 1959, seven months after Richardson's\n    death in the plane crash that also killed Buddy Holly and\n    Ritchie Valens.", "\"Running Bear\" tells the story of Running Bear, a \"young\n    Indian brave\", and Little White Dove, an \"Indian maid\". The two\n    are in love but are separated by two factors:", {"i": {"#tail": ".\"", "#text": "Now they'll always be together / In their happy hunting\n    ground"}, "#text": "The two, desiring to be together despite their obstacles and\n    the risks for navigating the river, dive into the raging river\n    to unite. After sharing a passionate kiss, they are pulled down\n    by the swift current and drown. The lyrics tell the rest: \""}, {"i": {"#tail": "Hot Country Singles chart was a cover version\n    of \"Running Bear.\"", "#text": "Billboard"}, "#text": "During the late 1960s and early 1970s, Sonny James enjoyed\n    an unprecidented streak of success with his commercially\n    released singles, many of them covers of previous pop hits. One\n    of his 16 consecutive No. 1 singles on the"}, "Released in April 1969, \"Running Bear\" topped the Hot\n    Country Singles chart in mid-June and spent three weeks at No.\n    1. The song soon became one of James' most popular recordings\n    of his career."]}, "artist": "Johnny Preston", "lengths": {"length": "2:39"}, "title": "Running Bear", "label": "Mercury Records", "producers": {"producer": "Bill Hall"}, "writers": {"writer": "J. P. Richardson"}, "weeks": {"week": ["1960-01-18", "1960-01-25", "1960-02-01"]}}}