{"top-song": {"album": "St.\n  Elmo's Fire soundtrack", "genres": {"genre": ["Rock", "Ballad"]}, "descr": {"p": ["\"St. Elmo's Fire (Man in Motion)\" is a song recorded by John\n    Parr. It hit number one on the Billboard Hot 100 on 7 September\n    1985 and peaked at number six in the UK, Parr's home\n    country.", {"i": [{"#tail": "and became a number-one hit for John Parr\n    around the world and provided many awards and a Grammy\n    nomination. Several members of Toto appear on the record.\n    Strangely, this hit song did", "#text": "St. Elmo's Fire"}, {"#tail": "also appear on a John Parr album.", "#text": "not"}], "#text": "The song was originally written by David Foster and John\n    Parr for the Canadian athlete Rick Hansen, who at the time was\n    going around the world in his wheelchair to raise awareness for\n    spinal cord injuries. His journey was called the \"Man in Motion\n    Tour.\" The song was used as the theme song for the film"}, {"i": {"#tail": ", \"Sideshow Bob Roberts\"; it is supposedly a\n    favorite song of Lisa Simpson.", "#text": "The Simpsons"}, "#text": "The song is briefly heard in an episode of"}, {"i": {"#tail": ".", "#text": "Cheap Seats"}, "#text": "The line \"Gonna be your man in motion\" is repeated by Jason\n    Sklar in an episode of"}, {"i": {"#tail": ".", "#text": "The Brothers Solomon"}, "#text": "It was featured heavily in the 2007 movie"}, "The song is briefly heard in an episode of The Facts Of\n    Life.", {"i": {"#tail": "looking sadly through the foggy windows\n    of a run-down and fire-damaged version of the St. Elmo's Bar\n    set. The Canadian version of the video intersperses images of\n    Hansen's trek.", "#text": "St. Elmo's Fire"}, "#text": "The music video features all seven of the main cast of the\n    film"}, {"i": {"#tail": ", which was released in 1995.", "#text": "Still Got It"}, "#text": "It was remade by REO Speedwagon in 1989. REO Speedwagon's\n    guitarist, Dave Amato, re-created the song on his solo album,"}, "The Ventures performed an instrumental cover version of the\n    song on their 2006 album, Major Motion Picture.", "It was remixed by Tommyknockers in May 2006 with the title\n    \"New Horizon\", which hit #43 in Britain, but failed to chart in\n    the United States.", "2-4GROOVES worked a version of the song in 2006 that was\n    heavily remixed. It was titled \"Writing on the Wall\"."]}, "artist": "John Parr", "title": "St. Elmo's Fire (Man in Motion)", "recorded": "1985", "label": "Atlantic Records", "producers": {"producer": "David Foster"}, "released": "June 1985 \u00a0(1985-06)", "writers": {"writer": ["David Foster", "John Parr"]}, "formats": {"format": "7\""}, "weeks": {"week": ["1985-09-07", "1985-09-14"]}}}