{"top-song": {"genres": {"genre": "Country"}, "descr": {"p": ["\"The Battle of New Orleans\" is the name of a song written by\n    Jimmie Driftwood. The song details the 1815 Battle of New\n    Orleans from the perspective of an American fighting alongside\n    Andrew Jackson against British forces, but the tone is\n    lighthearted. It has been recorded by many artists, but the one\n    most often associated with this song is Johnny Horton. His\n    version topped the Billboard Hot 100 in 1959 (see 1959 in\n    music).", {"i": {"#tail": "magazine's rankings of the top songs in the\n    first fifty years of the Billboard Hot 100 chart, \"The Battle\n    of New Orleans\" was ranked as the twenty-eighth song overall\n    and the number-one country song to appear on the chart.", "#text": "Billboard"}, "#text": "In"}, "The melody has its roots in a well-known American fiddle\n    tune \"The 8th of January\", which was the date of the Battle of\n    New Orleans. Jimmie Driftwood, a school principal in Arkansas\n    with a passion for history, set a historical account of the\n    battle to this music in an attempt to get students interested\n    in learning history. It worked, and Driftwood became well known\n    in the region for his historical songs. He was \"discovered\" in\n    the late 1950s by Don Warden, and eventually signed to a\n    recording contract by RCA, for whom he recorded 12 songs in\n    1958, including \"The Battle of New Orleans\".", "\"The Battle of New Orleans\" is often played during North\n    American sporting events, and is commonly heard during home\n    games of the NHL's Calgary Flames.", "As noted, Johnny Horton's 1959 version is the best-known\n    recording of the song, which omits the mild expletives and much\n    of the historical references in the original. Horton also\n    recorded an alternative version for release in British\n    Commonwealth countries which had more favorable lyrics toward\n    the British. The word \"British\" was replaced with \"Rebels\",\n    along with a few other differences.", "Many other artists have recorded this song. Notable versions\n    include the following:", "Country parodists Homer and Jethro had a hit when they\n    parodied \"The Battle of New Orleans\" with their song \"The\n    Battle of Kookamonga.\" The single was released in 1959 and\n    featured production work by Chet Atkins. In this version, the\n    scene shifts from a battleground to a campground, with the\n    combat being changed to the Boy Scouts chasing after the Girl\n    Scouts."]}, "artist": "Johnny Horton", "lengths": {"length": "2:33"}, "title": "The Battle of New Orleans", "label": "Columbia", "released": "1959", "writers": {"writer": "Jimmie Driftwood"}, "weeks": {"week": ["1959-06-01", "1959-06-08", "1959-06-15", "1959-06-22", "1959-06-29", "1959-07-06"]}}}