{"top-song": {"album": "Back Home\n  Again", "genres": {"genre": ["singer/songwriter", "Adult contemporary"]}, "descr": {"p": ["\"Annie's Song\" is a song recorded and written by\n    singer-songwriter John Denver. It was his second number one\n    song in the USA, occupying that spot for two weeks in July\n    1974. It also went to number one in the UK, where it was\n    Denver's only major hit single (many of Denver's American hits\n    were more familiar in the UK through cover versions by other\n    artists).", "\"Annie's Song\" was written as an ode to Denver's then-wife,\n    Annie Denver (n\u00e9e Martell). Denver \"wrote this song in about\n    ten-and-a-half minutes one day on a ski lift\" to the top of\n    Bell Mountain in Aspen, Colorado, as the physical exhilaration\n    of having \"just skied down a very difficult run\" and the\n    feeling of total immersion in the beauty of the colors and\n    sounds that filled all senses inspired him to think about his\n    wife.", "The song has since become a wedding standard and an\n    expression of love for many people, due to its grand imagery\n    and the fact it could apply to anyone (Annie is not mentioned\n    by name in any part of the song).", {"i": {"#tail": "in 1980,\n    called \"Farewell to John Denver\". The track contained a few\n    bars of Eric Idle impersonating John Denver singing \"Annie's\n    Song\" with joke lyrics: \"you came on my pillow...\" (followed by\n    the sound of the singer being strangled) and was removed from\n    subsequent pressings of the album on legal advice (reports\n    differ as to whether it had to do with the licensing of\n    \"Annie's Song\" or the depiction of the popular singer being\n    murdered), and was replaced by an apology spoken by Terry\n    Jones. Later CD releases of the album, however, reinstated the\n    John Denver track.", "#text": "Monty Python's Contractual Obligation Album"}, "#text": "Monty Python did a send-up of the song on their"}, "Its tune is used in the UK by \"The Greasy Chip Butty Song\",\n    the main chant of fans of Sheffield United football club."]}, "artist": "John Denver", "lengths": {"length": "2:58"}, "title": "Annie's Song", "label": "RCA", "producers": {"producer": "Milt Okun"}, "released": "June, 1974", "writers": {"writer": "John Denver"}, "formats": {"format": "vinyl record"}, "weeks": {"week": ["1974-07-27", "1974-08-03"]}}}