{"top-song": {"weeks": {"week": "1952-11-22"}, "artist": "Johnny Standley", "descr": {"p": [{"i": {"#tail": "chart in 1952, reaching number one. It sold\n    over one million copies, and was awarded a gold disc.", "#text": "Billboard"}, "#text": "\"It's in the Book\" is a recorded comic monologue, partly\n    sung, partly an exhortation in the manner of a revivalist\n    preacher on the subject of Little Bo-Peep. It was marketed as a\n    pop song, and made the"}, "It was written by Johnny Standley and Art Thorsen (BMI Work\n    #744156) and released by Standley on the Capitol label.", {"i": {"#tail": ".", "#text": "The Last Picture Show"}, "#text": "The recording can be heard in the background in the final\n    scene of the 1971 film,"}]}, "title": "It's in the Book (Parts 1 & 2)"}}