{"top-song": {"weeks": {"week": ["1968-01-20", "1968-01-27"]}, "artist": "John Fred and His Playboy Band", "descr": {"p": {"i": {"#tail": "by Fred Bronson,\n    the song was inspired by Fred's listening to \"Lucy in the Sky\n    with Diamonds\" and mistakenly believing that the lyrics to the\n    song were \"Lucy in disguise with diamonds.\" Coincidentally, it\n    went on to knock \"Hello, Goodbye,\" another Beatles tune, off\n    the #1 spot on the Billboard Hot 100 for two weeks in January\n    1968. However, it also stuck Fred with a novelty act image he\n    was never able to shake. Nevertheless, the song remains a\n    favorite on oldies-oriented radio stations.", "#text": "The Billboard Book of Number One Hits"}, "#text": "\"Judy in Disguise (With Glasses)\" was a hit for the\n    Louisiana-based John Fred and His Playboy Band in early 1968.\n    The song, co-written with bandmate Andrew Bernard, was a parody\n    of The Beatles' hit, \"Lucy in the Sky with Diamonds.\" According\n    to"}}, "title": "Judy in Disguise (With Glasses)"}}