{"top-song": {"album": "Windsong", "genres": {"genre": ["country", "pop"]}, "descr": {"p": ["\"I'm Sorry\" is a song written and recorded by American\n    country-folk singer-songwriter John Denver. Released in 1975,\n    it was his final number-one hit released during his career.", {"i": {"#tail": "Hot Country Singles chart. \"I'm Sorry\" also\n    reached number one on the easy listening chart that same\n    year.", "#text": "Billboard"}, "#text": "The song, an apology for forsaken love, first reached number\n    one on the Billboard Hot 100 chart in September 1975. Six weeks\n    later, it topped the"}, "The flip side of \"I'm Sorry\" was \"Calypso\", and like its\n    A-side, it enjoyed substantial radio airplay on Top 40\n    stations."]}, "artist": "John Denver", "lengths": {"length": "3:32"}, "title": "I'm Sorry\" / \"Calypso", "recorded": "1975", "label": "RCA Records", "released": "July 1975 ( U.S. )", "writers": {"writer": "John Denver"}, "formats": {"format": "7\""}, "weeks": {"week": "1975-09-27"}}}