{"top-song": {"album": "No Brakes", "genres": {"genre": "Pop"}, "descr": {"p": [{"i": {"#tail": ". It peaked at number one on the Billboard Hot\n    100 during the week of September 22, 1984, and number nine on\n    the UK Singles Chart.", "#text": "No Brakes"}, "#text": "\"Missing You\" is a song by British musician John Waite and\n    was included in the album"}, {"i": [{"#tail": ", and released it\n    to country music radio in 2007. The re-recording peaked at #34\n    on the Hot Country Songs chart. It was also featured in the\n    popular 1980s inspired video game", "#text": "A Hundred Miles or More: A Collection"}, {"#tail": "and the second episode of the\n    TV series Miami Vice (\"Heart of Darkness\" - originally aired\n    September 28, 1984).", "#text": "Grand Theft Auto: Vice City"}], "#text": "John Waite re-recorded the song with country/bluegrass\n    artist Alison Krauss which appeared on her album"}, {"i": {"#tail": ". When Waite's original version of\n    \"Missing You\" topped Billboard's Hot 100 in late 1984, the song\n    that it knocked out of a 3-week reign at the top was none other\n    than Tina Turner's \"What's Love Got to Do with It\". Turner's\n    version of Waite's \"Missing You\" hit #12 in the UK and #84 in\n    the U.S.", "#text": "Wildest Dreams"}, "#text": "This song was also recorded by Tina Turner in 1996, and was\n    released as the third single from the album"}, {"i": {"#tail": "album.", "#text": "Wildest Dreams"}, "#text": "The single \"Missing You\" included an edited single version\n    of the track, an alternative mix and certain formats also the\n    European non-album track \"The Difference Between Us\", later\n    featured on the U.S. edition of the"}, "\"Missing You\" was recorded by American folk-pop musician\n    David Wilcox for his 1994 album \"Big Horizon.\"", "The song was also recorded by Evan Dando and Tom Morgan as a\n    part of Triple J's Live at The Wireless.", {"i": {"#tail": "album; their version peaked at #15 on the\n    country chart.", "#text": "Tightrope"}, "#text": "It was also recorded by country music duo Brooks & Dunn\n    in 1999 on their"}, {"i": {"#tail": ".", "#text": "Still the Same... Great Rock Classics of Our Time"}, "#text": "Another cover came from Rod Stewart in 2006 on his album,"}, "A cover has also been made by actor/musician Tyler Hilton,\n    exclusively for the soundtrack of One Tree Hill.", {"i": {"#tail": ".", "#text": "You and Me"}, "#text": "Declan Galbraith recorded a cover version on his album"}]}, "artist": "John Waite", "lengths": {"length": "4:01"}, "title": "Missing You", "label": "EMI", "producers": {"producer": ["John Waite", "David Thoener", "Gary Gersh"]}, "released": "1984", "writers": {"writer": ["John Waite", "Mark Leonard", "Chas Sandford"]}, "formats": {"format": ["Cassette", "vinyl"]}, "weeks": {"week": "1984-09-22"}}}