{"top-song": {"weeks": {"week": "1945-07-28"}, "artist": "Johnny Mercer", "descr": {"p": [{"i": {"#tail": ", where it was sung by Judy Garland. It\n    won the Academy Award for Best Original Song.", "#text": "The Harvey Girls"}, "#text": "\"On the Atchison, Topeka and the Santa Fe\" is a popular song\n    which refers to the Atchison, Topeka and Santa Fe Railway. It\n    was written for the 1946 movie,"}, "The music was written by Harry Warren, and the lyrics by\n    Johnny Mercer. The song was published in 1944, but the most\n    popular recordings were made the next year.", "Charting versions were recorded by Mercer, Bing Crosby, the\n    Tommy Dorsey Orchestra, and Judy Garland and the Merry\n    Macs."]}, "title": "On the Atchison, Topeka and the Santa Fe"}}