{"top-song": {"album": "Back Home Again", "genres": {"genre": ["country", "pop"]}, "descr": {"p": ["\"Thank God I'm a Country Boy\", also known as \"Country Boy\"\n    is a song written by John Martin Sommers and recorded by\n    singer/songwriter John Denver.", {"i": [{"#tail": ". A version recorded live at the\n    Universal Amphitheatre in Los Angeles was included on his 1975\n    album", "#text": "Back Home Again"}, {"#tail": ".", "#text": "An Evening With John Denver"}], "#text": "The song was originally included on Denver's 1974 album"}, {"i": {"#tail": "Hot Country Singles and Billboard Hot\n    100 charts. The song topped both charts for one week each,\n    first the country chart (on May 31), and the Hot 100 chart a\n    week later.", "#text": "Billboard magazine"}, "#text": "The live version was released as a single and went to No. 1\n    on both the"}, {"i": {"#tail": "Hot Country Singles charts. Denver's two-sided\n    hit \"I'm Sorry\"/\"Calypso\" also received that distinction.", "#text": "Billboard"}, "#text": "\"Thank God I'm a Country Boy\" was one of six songs released\n    in 1975 that topped both the Billboard Hot 100 and"}]}, "artist": "John Denver", "lengths": {"length": ["3:13 (1974 studio version)", "3:40 (live version)"]}, "title": "Thank God I'm a Country Boy", "recorded": "1974", "label": "RCA Records", "released": "March 1975", "writers": {"writer": "John Sommers"}, "formats": {"format": "7\""}, "weeks": {"week": "1975-06-07"}}}