{"top-song": {"genres": {"genre": "Rock and roll"}, "descr": {"p": [{"i": [{"#tail": "Hot 100 and on the", "#text": "Billboard"}, {"#tail": "Canadian Chart on November 1966.", "#text": "RPM"}], "#text": "\"Poor Side of Town\" is a song by Johnny Rivers, that reached\n    number one on the"}, "It was a very important record for Johnny Rivers and\n    represented a change of his initial music (characterized by a\n    Go Go sound), that provided him with his early hits and\n    acclaim. With \"Poor Side of Town\", Rivers moved into the\n    pop-soul style.", "The melody is a soulful version of California-based pop,\n    with some strong folk elements as well. Marty Paich provided\n    the song's string arrangement.", "In his 2006 live album Eels with Strings: Live at Town Hall,\n    Mark Oliver Everett (better known as Eels) recorded an acoustic\n    version of the song backed by a mini orchestra."]}, "artist": "Johnny Rivers", "lengths": {"length": ["3:48 (album)", "3:03 (single)"]}, "title": "Poor Side of Town", "released": "1966", "writers": {"writer": ["Johnny Rivers", "Lou Adler"]}, "weeks": {"week": "1966-11-12"}}}