{"top-song": {"album": "Walls and Bridges", "genres": {"genre": "Rock"}, "descr": {"p": [{"i": {"#tail": ". It was Lennon's only American solo\n    number one song during his lifetime. The recording featured\n    Elton John on harmony vocals and piano. While in the studio,\n    Elton bet Lennon that the song would top the charts, and such\n    was Lennon's skepticism that Elton secured from him a promise\n    to appear on stage at one of his performances should the record\n    indeed hit number one. When the record did achieve that feat,\n    Lennon appeared at Elton John's Thanksgiving performance at\n    Madison Square Garden on November 28, 1974", "#text": "Walls and Bridges"}, "#text": "\"Whatever Gets You Thru the Night\" is a song on John\n    Lennon's 1974 album", "span": {"#tail": ". It would be his last major concert appearance.\nLennon was the last member of The Beatles to achieve his first\nnumber one solo hit.", "#text": "(", "span": {"#tail": ")", "#text": "1974-11-28"}}}, "The inspiration for the song came from late-night\n    television. In December, 2005, May Pang told Radio Times: \"At\n    night he (John Lennon) loved to channel-surf, and he would pick\n    up phrases from all the shows. One time, he was watching\n    Reverend Ike, a famous black evangelist, who was saying, \"Let\n    me tell you guys, it doesn't matter, it's whatever gets you\n    through the night.\" John loved it and said, \"I've got to write\n    it down or I'll forget it.\" He always kept a pad and pen by the\n    bed. That was the beginning of 'Whatever Gets You thru the\n    Night'.\"", {"i": {"#tail": "album.", "#text": "Band On the Run"}, "#text": "This wasn't Lennon's first choice for a single. It was\n    actually chosen by Capitol Records vice president Al Coury, who\n    had recently worked his singles 'magic' with Paul McCartney's"}, {"i": {"#tail": "album.", "#text": "Instant Karma: The Amnesty International Campaign to Save\n    Darfur"}, "#text": "In 2007, Yoko Ono granted Amnesty International the\n    opportunity to have a number of bands cover John Lennon's solo\n    songbook, which includes this song. Los Lonely Boys and Les\n    Trois Accords performed it as the second single from the"}, "The musicians who performed on the original recording were\n    as follows:", {"span": ["1969: \"Give Peace a\n      Chance\"\u00a0\u00b7", "\"Cold Turkey\"\u00a0\u00b7", "1970: \"Instant\n      Karma!\"\u00a0\u00b7", "\"Mother\"\u00a0\u00b7", "1971: \"Power to the\n      People\"\u00a0\u00b7", "\"Imagine\"\u00a0\u00b7", "\"Happy Xmas (War Is\n      Over)\"\u00a0\u00b7", "1972 \"Happy Xmas (War Is\n      Over)\"\u00a0\u00b7", "\"Woman Is the Nigger of the\n      World\"\u00a0\u00b7", "1973: \"Mind Games\n      \"\u00a0\u00b7", {"#text": "1974: \"", "strong": {"#tail": "\"\u00a0\u00b7", "#text": "Whatever Gets You thru the Night"}}, "1975: \"#9\n      Dream\"\u00a0\u00b7", "\"Stand by Me\"\u00a0\u00b7", "\"Imagine\"\u00a0\u00b7"]}, {"span": ["1980: \"(Just Like) Starting\n      Over\"\u00a0\u00b7", "\"Happy Xmas (War Is\n      Over)\"\u00a0\u00b7", "\"Give Peace a\n      Chance\"\u00a0\u00b7", "\"Imagine\"\u00a0\u00b7", "1981: \"Woman\"\u00a0\u00b7", "\"Watching the\n      Wheels\"\u00a0\u00b7", "\"Happy Christmas (War Is\n      Over)\"\u00a0\u00b7", "1982: \"Love\"\u00a0\u00b7", "1984: \"Nobody Told\n      Me\"\u00a0\u00b7", "\"Borrowed\n      Time\"\u00a0\u00b7", "\"I'm Stepping\n      Out\"\u00a0\u00b7", "\"Every Man Has a Woman Who\n      Loves Him\"\u00a0\u00b7", "1985: \"Jealous\n      Guy\"\u00a0\u00b7", "1988 \"Imagine\"\u00a0\u00b7", "\"Jealous Guy\"\u00a0\u00b7", "1999 \"Imagine\"\u00a0\u00b7", "\"Happy Xmas (War Is\n      Over)\""]}]}, "artist": "John Lennon", "lengths": {"length": "3:27"}, "title": "Whatever Gets You thru the Night", "label": "Apple Records", "producers": {"producer": "John Lennon"}, "released": "October 4, 1974 \u00a0(1974-10-04) ( UK )", "writers": {"writer": "John Lennon"}, "formats": {"format": "7\""}, "weeks": {"week": "1974-11-16"}}}