{"top-song": {"album": "Grease OST", "genres": {"genre": "Pop rock"}, "descr": {"p": [{"i": {"#tail": ". It was performed by John Travolta and Olivia\n    Newton-John.", "#text": "Grease"}, "#text": "\"You're the One That I Want\" is a song written by John\n    Farrar for the 1978 film version of the musical"}, {"i": {"#tail": "soundtrack to top the U.S. and UK pop charts. It\n    reached #1 on the U.S. Hot 100 for one week in June 1978, where\n    it sold over 2 million copies. It also topped the UK Singles\n    Chart for nine weeks in the summer of 1978 and, as of 2008, is\n    still the sixth best-selling single ever in the UK where it has\n    sold over 1,975,000 copies. A re-released version of the single\n    reached #4 in the UK in 1998, the twentieth anniversary of the\n    film's debut.", "#text": "Grease"}, "#text": "The single was a huge international hit, reaching no.1 in\n    several countries. It was the first of two songs from the"}, {"i": {"#tail": ", and \"You're the\n    One That I Want\" was recorded as a duet by Craig McLachlan and\n    Deborah Gibson (Epic UK 659 522, released July 1993). In part\n    due to a routine promotional push, this cover version scored\n    big on the UK singles charts, peaking at number thirteen.", "#text": "Grease - Original London Cast Recording"}, "#text": "In 1993, Epic Records released a soundtrack album in the UK,"}, "Other cover versions and appearances in other media\n    include:"]}, "artist": "John Travolta and Olivia Newton-John", "lengths": {"length": "2:49"}, "title": "You're the One That I Want", "label": "RSO Records", "producers": {"producer": "John Farrar"}, "released": "1978", "writers": {"writer": "John Farrar"}, "weeks": {"week": "1978-06-10"}}}