{"top-song": {"album": "Welcome Back", "genres": {"genre": "Rock"}, "descr": {"p": [{"i": {"#tail": ". Written and recorded by former\n    Lovin' Spoonful frontman John Sebastian, it reached number-one\n    on the Billboard Hot 100 chart for one week in the spring of\n    1976 after only five weeks on the chart (the show had become an\n    instant ratings success upon its premiere the previous Fall).\n    The song also topped the Hot Adult Contemporary Singles Chart\n    and #93 on Hot Country Songs.", "#text": "Welcome Back, Kotter"}, "#text": "\"Welcome Back\" is a well known record that was the theme\n    song of the 1970s American television sitcom"}, {"i": [{"#tail": ". Sach's agent, Dave Bendet, also represented\n    Sebastian and arranged for a meeting between the two. The\n    producers liked the song so much that they changed the name of\n    the sitcom to", "#text": "Kotter"}, {"#tail": ". Co-produced by Steve Barri and\n    Sebastian, the song eventually sold over one million\n    copies.", "#text": "Welcome Back, Kotter"}], "#text": "TV producer Alan Sachs wanted a Lovin' Spoonful-like theme\n    song for a new ABC sitcom entitled"}, "The song was sampled by rapper Ma$e for his song, also\n    titled \"Welcome Back\". Also by hip hop group Onyx in their song\n    \"Slam harder\"."]}, "artist": "John Sebastian", "lengths": {"length": "2:51"}, "title": "Welcome Back", "recorded": "1976", "label": "Reprise", "producers": {"producer": ["Steve Barri", "John Sebastian"]}, "released": "March, 1976", "writers": {"writer": "John Sebastian"}, "formats": {"format": "7\" single"}, "weeks": {"week": "1976-05-08"}}}