{"top-song": {"album": "Cry", "genres": {"genre": "Pop"}, "descr": {"p": ["\"Cry\" is the title of a 1951 popular song written by\n    Churchill Kohlman. The song was first recorded by Ruth Casey on\n    the Cadillac label. The biggest hit version was recorded in New\n    York City by Johnnie Ray and The Four Lads on October 16,\n    1951.", "The recording was released by Okeh Records as catalog number\n    6840. It was a No.1 hit on the Billboard magazine chart that\n    year, and one side of one of the biggest two-sided hits, as the\n    flip side, \"The Little White Cloud that Cried,\" reached No.2 on\n    the Billboard chart. The Johnnie Ray recording also hit number\n    one on the R&B Best Sellers lists and the flip side, \"The\n    Little White Cloud that Cried,\" peaked at number six.", {"i": {"#tail": "Hot Country Singles chart. It also\n    charted in the Top 20 on the U.S. Adult Contemporary\n    Charts.", "#text": "Billboard magazine"}, "#text": "Lynn Anderson had major success in the country music market\n    with her 1972 version, released on Columbia Records, which hit\n    No.1 on the Cashbox country charts, and No. 3 on the"}, {"i": {"#tail": "Hot Country Singles chart.", "#text": "Billboard magazine"}, "#text": "Crystal Gayle had her own hit version of the song in 1986,\n    taking it to No. 1 on the"}, "Dutch singer/comedian Andr\u00e9 van Duin had a Dutch Top 40\n    number one hit in 1982 with a Dutch version of the song titled\n    \"Als je huilt\". When he performed this song on TV he used a\n    special pair of glasses which sprayed water (tears) into the\n    audience ."]}, "artist": "Johnnie Ray and The Four Lads", "title": "Cry", "label": "Okeh", "released": "1951", "writers": {"writer": "Churchill Kohlman"}, "formats": {"format": ["7\" 45", "10\" 78"]}, "weeks": {"week": "1952-01-05"}}}