{"top-song": {"album": "Double\n  Fantasy", "genres": {"genre": "Rock"}, "descr": {"p": [{"i": {"#tail": "album. The B-side was Yoko Ono's \"Kiss\n    Kiss Kiss\". It was released as a single on 24 October 1980 and\n    reached number one in both the USA and UK two weeks after he\n    was murdered. It is his biggest solo American hit, staying at\n    #1 for five weeks. (When Lennon was shot in New York City on 8\n    December 1980 the single was at #3 in the US and the following\n    week reached the summit.) In the UK it had peaked at #8 in the\n    charts and had fallen out of the Top 20 before Lennon's death\n    propelled it to #1, making an unprecedented #21 to #1 move. By\n    6 January 1981 there were 3 Lennon songs in the UK top 5, a\n    feat never achieved before or since.", "#text": "Double Fantasy"}, "#text": "\"(Just Like) Starting Over\" is a song written and performed\n    by John Lennon for his"}, {"i": {"#tail": ", and the first new recording Lennon had\n    released since 1975. It was chosen by Lennon not because it was\n    the best track on the album, but because it was the most\n    appropriate following his five year absence from the recording\n    industry. He referred to it during production as the \"Elvis /\n    Orbison\" track, as he \"tongue in cheek\" impersonated their\n    vocal styles. The uplifting bell at the intro of the song\n    serves as the antidote to the morose bell sound which opens\n    Lennon's first solo album, Lennon seeing it as him having come\n    full circle.", "#text": "Double Fantasy"}, "#text": "This was the first single released from"}, {"i": {"#tail": "sessions. \u201cWe didn\u2019t hear it until the\n    last day of rehearsal,\u201d producer Jack Douglas said in 2005.\n    Lennon finished the song while on holiday in Bermuda, and\n    recorded it at The Hit Factory in New York City just weeks\n    later. The original title was to be \"Starting Over\". \"(Just\n    Like)\" was added at the last minute because a country song of\n    the same title was recently released by Tammy Wynette.", "#text": "Double Fantasy"}, "#text": "Although its origins were in unfinished older compositions\n    like \"Don\u2019t Be Crazy\" and \"My Life\", it was one of the last\n    songs to be completed in time for the"}, "While commercial releases of the song (original 45rpm\n    singles, LP's and Compact Discs) run a length of 3 minutes and\n    54 seconds, promotional 12\" vinyl singles originally issued to\n    radio stations feature a longer version, officially running at\n    4 minutes and 17 seconds. This version extends the coda\n    fadeout, and is highly desired by collectors, as it has not\n    appeared on any CD reissue or compilation.", {"i": [{"#tail": "The Flaming Lips recorded\n    a version for the benefit album", "#text": "Billboard's All Time Top Songs."}, {"#tail": ".", "#text": "Instant Karma: The Amnesty International Campaign to Save\n    Darfur"}], "#text": "It is listed at #53 on"}]}, "artist": "John Lennon", "lengths": {"length": "3:54"}, "title": "(Just Like) Starting Over", "recorded": "1980", "label": "Geffen Records", "producers": {"producer": ["John Lennon", "Yoko Ono", "Jack Douglas"]}, "released": "24 October 1980", "writers": {"writer": "John Lennon"}, "formats": {"format": ["7\"", "Cassette"]}, "weeks": {"week": ["1981-01-03", "1981-01-10", "1981-01-17", "1981-01-24"]}}}