{"top-song": {"album": "American\n  Fool", "genres": {"genre": "Heartland rock"}, "descr": {"p": [{"i": {"#tail": ". It was chosen by RIAA as one of the Songs\n    of the Century. The single spent four weeks at number one on\n    the Billboard Hot 100 in 1982, and, to date, is the biggest hit\n    single ever for Mellencamp, especially with its accompanying\n    music video directed by Bruce Gowers.", "#text": "American Fool"}, "#text": "\"Jack & Diane\" is a 1982 hit song written and performed\n    by American singer-songwriter, John Mellencamp, then performing\n    as \"John Cougar\". It appears on Mellencamp's album"}, {"i": {"#tail": "(a 1961 movie starring Natalie\n    Wood and Warren Beatty). \"'Jack & Diane' was a terrible\n    record to make. When I play it on guitar by myself, it sounds\n    great; but I could never get the band to play along with me.\n    That's why the arrangement's so weird. Stopping and starting,\n    it's not very musical.\" Mellencamp has also stated that the\n    clapping wasn't supposed to be included in the finished song.\n    It was recorded with the clapping in order to help keep tempo\n    and then it was to be removed. However, he realized the song\n    didn't work without it.", "#text": "Splendor in the Grass,"}, "#text": "According to Mellencamp, \"'Jack & Diane' was written\n    after watching"}, {"i": {"#tail": "about an interracial couple.", "#text": "Cuttin' Heads"}, "#text": "The song's tone and lyrics are evocative of a nostalgia for\n    the novelty of youth, influenced in part by Mellencamp's own\n    life experiences. Mellencamp has stated in interviews that\n    \"Jack and Diane\" was originally about an interracial couple,\n    but he realized that in the early '80s there could be backlash\n    over such a song. Later on, he would make the title track on\n    his 2001 album"}, {"i": {"#tail": "album, and in particularly the song \"Jack\n    & Diane\". \"I owe Mick Ronson the hit song, 'Jack &\n    Diane'. Mick was very instrumental in helping me arrange that\n    song, as I'd thrown it on the junk heap. Ronson came down and\n    played on three or four tracks and worked on the American Fool\n    record for four or five weeks. All of a sudden, for 'Jack &\n    Diane', Mick said 'Johnny, you should put baby rattles on\n    there.' I thought, 'What the @$%&! does put baby rattles on\n    the record mean? So he put the percussion on there and then he\n    sang the part 'let it rock, let it roll' as a choir-ish-type\n    thing, which had never occurred to me. And that is the part\n    everybody remembers on the song. It was Ronson's idea.\"", "#text": "American Fool"}, "#text": "In 1982, Mick Ronson worked with John Mellencamp on his"}, "A very similar riff is in Tracy Chapman's song \"Fast Car\" as\n    in \"Jack and Diane.\""]}, "artist": "John Cougar", "lengths": {"length": "3:45 (Edit)"}, "title": "Jack and Diane", "recorded": "1982", "label": "Riva Records", "released": "1982", "writers": {"writer": "John Mellencamp"}, "formats": {"format": "45 Record"}, "weeks": {"week": ["1982-10-02", "1982-10-09", "1982-10-16", "1982-10-23"]}}}