{"top-song": {"album": "Eargasm", "genres": {"genre": ["Soul", "Disco"]}, "descr": {"p": [{"i": {"#tail": "R&B chart in the U.S. It was also the first\n    single to be certified platinum by the RIAA. The single was\n    Taylor's first for Columbia Records, where Taylor signed after\n    his long-time label, Stax Records, went bankrupt. The song was\n    produced by Taylor's longtime producer, Don Davis. Among the\n    guests on the song were three members of Parliament-Funkadelic:\n    bassist Bootsy Collins, keyboardist Bernie Worrell and\n    guitarist Glen Goins, and Dawn's Telma Hopkins.", "#text": "Billboard"}, "#text": "\"Disco Lady\" is a 1976 single for Johnnie Taylor that went\n    on to become his biggest hit. It spent four weeks at number one\n    on the Hot 100 and six weeks on the"}, "\"Disco Lady\" is the first Hot 100 number-one hit to include\n    the word \"disco\", though there had been several disco songs\n    that had already reached number one."]}, "artist": "Johnnie Taylor", "lengths": {"length": "4:27 (album version) 4:20 (single version)"}, "title": "Disco Lady", "label": "Columbia", "producers": {"producer": "Don Davis"}, "released": "1976", "writers": {"writer": ["Harvey Scales", "Albert Vance", "Don Davis"]}, "formats": {"format": "7\" 45 RPM"}, "weeks": {"week": ["1976-04-03", "1976-04-10", "1976-04-17", "1976-04-24"]}}}