{"top-song": {"album": "I Can See\n  Clearly Now", "genres": {"genre": "Pop - Reggae"}, "descr": {"p": ["\"I Can See Clearly Now\" is a song written and recorded by\n    Johnny Nash. It was a single from the album of the same name\n    and achieved success in the United States and the United\n    Kingdom when it was released in 1972. It was covered by many\n    artists throughout the years, including a 1993 hit version by\n    Jimmy Cliff.", "The song's extremely optimistic lyrics, an unabashedly\n    upbeat tempo in D-major, and a quick, sustained midway\n    crescendo, contrasted against minor key hits popular at the\n    same time, such as \"Nights In White Satin,\" \"I'll Be Around,\"\n    \"Witchy Woman,\" and \"Papa Was A Rolling Stone.\" Nash thus\n    joined Elvis Presley, Chuck Berry, and Rick Nelson as 1950s\n    rock pioneers each having his last Hot 100 top 10 success in\n    late 1972.", "It is a common misconception that the song was written\n    and/or previously performed by Bob Marley, possibly based on\n    the fact that The Wailers were the backing band on Nash's\n    original recording. Marley wrote Nash's next single, \"Stir It\n    Up\". Nash wrote this song himself and recorded it in London\n    with members of The Average White Band.", "After making modest chart advances for a month, the RIAA\n    certified gold single unexpectedly took only two weeks to vault\n    from #20 to #5 to #1 on the Billboard Hot 100 on November 4,\n    1972, remaining atop this chart for four weeks, and also spent\n    four weeks atop the adult contemporary chart.", {"i": {"#tail": ". It was released as a single in 1994,\n    becoming a comeback hit for him, reaching #18 on the Billboard\n    Hot 100.", "#text": "Cool Runnings"}, "#text": "Reggae singer Jimmy Cliff recorded a cover of the song for\n    the 1993 movie"}, {"i": [{"#tail": ". The song also appears in various other\n    films, such as", "#text": "Cool Runnings"}, {"#tail": ",", "#text": "Grosse Pointe Blank"}, {"#tail": ",", "#text": "The Break-up"}, {"#tail": ",", "#text": "Thelma & Louise"}, {"#tail": ",", "#text": "Antz"}, {"#tail": ",", "#text": "Deep Blue Sea"}, {"#tail": ",", "#text": "Envy"}, {"#tail": ",", "#text": "Hitch"}, {"#tail": "s Far Far Away Idol, and Jennifer's body, as\n    well in a 2009 advertisement for Lipton in the Middle East and\n    Russia.", "#text": "Shrek 2'"}], "#text": "The song experienced a revival in popularity again in 1993\n    when Jimmy Cliff recorded a version for the soundtrack of the\n    film"}, "It has also been covered by", "It is also a perennial favorite for several a cappella\n    groups, including The Coats and University of Oregon's On the\n    Rocks, or the European a cappella formation \"Klapa Sinj &\n    Ida Ajdukovic\"."]}, "artist": "Johnny Nash", "lengths": {"length": "2:45"}, "title": "I Can See Clearly Now", "label": "Epic", "released": "1972", "writers": {"writer": "Johnny Nash"}, "formats": {"format": "7\" single"}, "weeks": {"week": ["1972-11-04", "1972-11-11", "1972-11-18", "1972-11-25"]}}}