{"top-song": {"album": "Poems,\n  Prayers & Promises", "genres": {"genre": "Soft rock"}, "descr": {"p": ["\"Sunshine on My Shoulders\" is the title of a song recorded\n    and co-written by American singer/songwriter John Denver. It\n    was released as a single in 1973 and went to number one on the\n    Billboard Hot 100 chart in the U.S. in early 1974.", {"i": {"#tail": ") which ran for three months during the summer\n    of 1974. The short-lived series began where the movie left off\n    with the young widowed father (Cliff DeYoung) raising his\n    stepdaughter (Elizabeth Cheshire).", "#text": "Sunshine"}, "#text": "A television movie titled \"Sunshine\", shown on NBC in 1973,\n    used the song as a theme. The movie starred Cliff DeYoung and\n    Cristina Raines. It told the story of a young mother in love\n    and dying. High ratings prompted a TV series (dubbed just"}, "Denver described how he wrote \"Sunshine on My Shoulders\": \"I\n    wrote the song in Minnesota at the time I call 'late winter,\n    early spring'. It was a dreary day, gray and slushy. The snow\n    was melting and it was too cold to go outside and have fun, but\n    God, you're ready for spring. You want to get outdoors again\n    and you're waiting for that sun to shine, and you remember how\n    sometimes just the sun itself can make you feel good. And in\n    that very melancholy frame of mind I wrote \"Sunshine On My\n    Shoulders.\"", "It was originally the B-side of one of his earlier songs,\n    \"I'd Rather Be a Cowboy.\" As the Vietnam War came to an end,\n    the song took on a new significance and began to receive\n    airplay on adult contemporary radio stations. It entered the\n    Billboard Hot 100 at number 90 on January 26, 1974 and moved\n    into the number one spot nine weeks later, remaining at #1 for\n    one week. The song also topped the adult contemporary chart for\n    two weeks in 1974.", "The song inspired an illustrated children's book by\n    Christopher Canyon.", "The song was covered by Canadian singer/songwriter Carly Rae\n    Jepsen on her debut album.", "The song is briefly heard in a Raisin Bran commercial."]}, "artist": "John Denver", "lengths": {"length": "5:10"}, "title": "Sunshine on My Shoulders", "label": "RCA", "producers": {"producer": "Milt Okun"}, "released": "1973", "writers": {"writer": ["John Denver", "Dick Kniss", "Mike Taylor"]}, "formats": {"format": "vinyl record"}, "weeks": {"week": "1974-03-30"}}}