{"top-song": {"album": "Blaze of\n  Glory", "genres": {"genre": "Rock"}, "descr": {"p": [{"i": {"#tail": "Album Rock Tracks chart. \"Blaze of Glory (Theme\n    from Young Guns II)\" also topped the ARIA music chart in\n    Australia for a total of six weeks, and reached No. 13 on the\n    UK Singles Chart.", "#text": "Billboard"}, "#text": ", \"Blaze of Glory (Theme from Young Guns II)\" is a song by\n    Jon Bon Jovi which reached No. 1 on the Hot 100 chart in 1990,\n    his only chart-topper away from his band Bon Jovi. The song\n    also reached No. 1 on the"}, "The song remains a crowd favorite with Bon Jovi fans,\n    despite the fact that the song wasn't released as one of the\n    band's singles.", "The song was also notable for the performance of rock legend\n    Jeff Beck on guitar.", {"i": {"#tail": ".", "#text": "Blender Magazine"}, "#text": "In October 2005, \"Blaze of Glory (Theme from Young Guns II)\"\n    was voted as \"Best Song to Ride a Horse to in Slow Motion\" by"}, {"i": [{"#tail": ", for which it was originally recorded. It\n    later appeared as the title track on his solo album", "#text": "Young Guns II"}, {"#tail": ". Next, it appeared on", "#text": "Blaze of Glory"}, {"#tail": ", Bon Jovi's", "#text": "Cross Road"}, {"#tail": "album. Finally, it appeared on Bon Jovi's\n    live DVD", "#text": "Greatest Hits"}, {"#tail": ". It was sung by Phil Stacey on", "#text": "Live From London"}, {"#tail": ".", "#text": "American Idol"}], "#text": "It first appeared in the motion picture"}, {"i": {"#tail": ", where Jason Biggs' character is\n    told by a babysitter he has been \"Shot down.... in a blaze of\n    glory\" after insulting the woman he was about to go out on a\n    date with.", "#text": "My Best Friend's Girl"}, "#text": "The song is referenced in the 2008 romantic comedy"}, {"i": {"#tail": "season 3.", "#text": "Storm Chasers"}, "#text": "In 2009, the song became the theme song for"}]}, "artist": "Jon Bon Jovi", "lengths": {"length": "5:35"}, "title": "Blaze of Glory", "recorded": "1990", "label": "Vertigo Records", "producers": {"producer": "Danny Kortchmar and Jon Bon Jovi"}, "released": "1990", "writers": {"writer": "Jon Bon Jovi"}, "formats": {"format": "CD Single"}, "weeks": {"week": "1990-09-08"}}}