{"top-song": {"weeks": {"week": "1952-11-29"}, "artist": "Joni James", "descr": {"p": ["\"Why Don't You Believe Me?\" is a popular song written by Lew\n    Douglas, King Laney, and Roy Rodde and published in 1952.", "A recording by Joni James (MGM Records catalog number 11333)\n    reached #1 on the Billboard charts in 1952. Competing versions\n    by Patti Page (Mercury Records catalog number 70025, reaching\n    chart position #4) and Margaret Whiting (Capitol Records\n    catalog number 2292, reaching chart position #29) also charted\n    in 1952. The b-side to Page's version was the well-known song\n    Conquest. On the Cash Box Best-Selling Record list, where all\n    versions were combined, the song also reached #1 that year.", "A later version by The Duprees reached #37 in 1963. Donna\n    Stark (RCI Records catalog number 2341) reached #92 on the\n    Billboard country music charts in 1980."]}, "title": "Why Don't You Believe Me?"}}