{"top-song": {"album": "FutureSex/LoveSounds", "genres": {"genre": ["R&B", "dance-pop", "electropop"]}, "descr": {"p": [{"i": {"#tail": "(2006). It was released on July 7,\n    2006, by Jive Records as the lead single from the album. The\n    song was co-written and produced by Timberlake, Timbaland, and\n    Nate \"Danja\" Hills.", "#text": "FutureSex/LoveSounds"}, "#text": "\"SexyBack\" is a song by American singer\u2013songwriter Justin\n    Timberlake from his second studio album,"}, "Discussing \"SexyBack\", Timberlake revealed that he went\n    \"left\", singing the song in a rock style, not an R&B style.\n    He described the song as musicians David Bowie and David Byrne\n    \"covering\" James Brown's 1970 song \"Sex Machine\". The track\n    features Timbaland on backing vocals, while Timberlake's voice\n    is processed with distorted vocals. The instrumentation used in\n    the song includes a pounding bass beat, electronic chords, and\n    beat box sounds. \"SexyBack\" received mixed reception from\n    critics.", {"i": [{"#tail": "magazine's other component charts, including\n    the", "#text": "Billboard"}, {"#tail": "Pop 100, Hot Dance Airplay, and Hot Digital\n    Songs charts, and entered the top ten on most singles charts.\n    Internationally, it became Timberlake's first single to reach\n    number one in the UK Singles Chart. In Australia, the track was\n    Timberlake's second number one single, spending two consecutive\n    weeks at the top. \"SexyBack\" was certified three-times platinum\n    by the Recording Industry Association of America (RIAA) and\n    six-times platinum by Canadian Recording Industry Association\n    (CRIA).", "#text": "Billboard"}], "#text": "\"SexyBack\" became Timberlake's first number one single on\n    the Hot 100, staying seven weeks at the top spot. It also\n    topped several of"}, "The track won Best Dance Recording at the 2007 Grammy\n    Awards. In addition, the song won Timberlake the People's\n    Choice Award for Favorite R&B song and the Male Artist of\n    the Year at the 2007 MTV Video Music Awards. The music video\n    was filmed in June 2006; Timberlake decided to work with\n    director Michael Haussman based on the latter's work on\n    Madonna's 1994 music video \"Take a Bow\".", {"i": [{"#tail": ", the follow-up to his 2002 album", "#text": "FutureSex/LoveSounds"}, {"#tail": ". Within three weeks, \"SexyBack\" was one of\n    several songs that were recorded. In September 2006, Timberlake\n    told", "#text": "Justified"}, {"#tail": "that \"SexyBack\" was the \"second or third\n    song\" he did with Timbaland in a list of 10 songs they recorded\n    for the album. \"It was just an experiment gone right from the\n    sort of synthesizer influence to the distorted vocals\", said\n    Timberlake. \"It's one of the songs that the more you listen to\n    it its just hook after hook after hook. Its just one of those\n    'flow off the top of your head' tracks, in terms of melody. We\n    wanted to keep it lose and not too rehearsed, it's one of those\n    very experimental records though.\" Timberlake revealed to MTV\n    News that he went \"left\", regarding going more rock, not in how\n    he developed the song, but in the way he sang the song. \"I\n    wanted to sing the song like a rock and roll singer, not an\n    R&B singer. That's the approach.\"", "#text": "The Weekend Mail"}], "#text": "\"SexyBack\" was written and produced by Justin Timberlake,\n    Timbaland, and Nate \"Danja\" Hills. In December 2005, Timberlake\n    began working on his second album,"}, {"i": [{"#tail": ". \"I listened to the radio for a few months and\n    thought, 'All this sounds like shit, what do I want to hear?'.\n    That's really all I did. Everything's [", "#text": "Justified"}, {"#tail": "] got so repetitive, everything sounds the same. I\n    had to create something unique otherwise there's no point\n    putting it out.\"", "#text": "sic"}], "#text": "In another interview, Timberlake said that he modeled\n    himself on musicians David Bowie and Prince, and described the\n    song as Bowie and David Byrne \"covering\" James Brown's 1970\n    song \"Sex Machine\" and concluded with, \"That's all of my\n    influences for that song.\" Timberlake himself said that the\n    song \"doesn't qualify as rock or straight funk\" and that he was\n    happy with the description \"club funk\". In another interview he\n    said he was \"keen for a new musical direction\" following the\n    release of his first album,"}, {"i": {"#tail": ". The song is composed in the key of C major\n    and is set in time signature of common time with a tempo of 116\n    beats per minute. The song features an unabashed 4/4 beat, a\n    pounding bass beat and electronic sounds, and does not include\n    Timberlake's \"famous falsetto\". The song's musicscape includes\n    two-note dirty electronic riffs, \"leapfrogging keyboards\", beat\n    box sound, and incorporates the \"same leaky faucet\" sounds of\n    musician Obie Trice's 2004 song \"The Setup\". In addition, the\n    track features Timbaland on backing vocals.", "#text": "The Observer"}, "#text": "\"SexyBack\" is an \"urgent, pulsing track, a cocktail of\n    soaring, distorted vocals and heavy, electronic chords threaded\n    together with rap\", according to Camilla Long from"}, "Timberlake's voice in the song is processed, slowed down to\n    where his voice is unrecognizable, with muffled vocals. The\n    song also features Timberlake's \"low register distorted\n    vocals.\" Timberlake revealed that the vocals in the song were\n    influenced by Prince. In further discussion of the song,\n    Timberlake said that the chorus was \"very James Brown-ish, call\n    out and repeat, like 'Sex Machine'.\" He wrote the track \"from\n    top to bottom. 'I'm bringing sexy back, yeah! I'm bringing. .\n    .' It's a very physical song, meant to provoke\u00a0... sexual\n    dance. 'Sex Machine' is the closest reference.\" Timberlake said\n    that the lyric, \"bringing sexy back\", was one of the first\n    lines he came up with. In addition, he admitted that the song\n    was not going to be titled \"SexyBack\", saying, \"We weren't\n    originally going to call it 'SexyBack'. I definitely didn't\n    think it would become the most worn-out phrase of 2006. It just\n    sounded like a nice opening to the song.\"", {"i": [{"#tail": "noted that Timberlake sings about whips\n    and chains, while Bill Lamb of About.com said the song has a\n    \"bit of s&m tease about shackles and whips\". Furthermore,", "#text": "The Detroit News"}, {"#tail": "'s Martin Turenne said that\n    Timberlake is \"shackled to the bedpost, invites the crack of\n    his mistress's whip.\" Ben Williams of", "#text": "The Georgia Straight"}, {"#tail": "magazine wrote that Timberlake had been working\n    on his pickup lines, with \"You see these shackles baby I'm your\n    slave\u2009/\u2009I'll let you whip me if I misbehave.\" Jason Bracelin of\n    the", "#text": "New York"}, {"#tail": "reported that Timberlake sings\n    about \"threatening to steal your girl.\" Charlie Brooker for", "#text": "Las Vegas Review-Journal"}, {"#tail": ", in regards to the lyric, \"them other\n    fuckers don't know how to act\", wrote that Timberlake's\n    translation is of him telling everyone in the world that they\n    are a \"clueless fornicator\". Further in his report, Brooker\n    opined that Timberlake \"threatens us\" by using \"language so\n    offensive\" with the line, \"You motherfuckers, watch how I\n    attack\". In addition, Brooker noted that the line, \"If that's\n    your girl you'd better watch your back\", as Timberlake stating\n    his intention to meddle in the private affairs of others. Barry\n    Schwartz of", "#text": "The Guardian"}, {"#tail": "noted that the song features \"pillow talk\", in\n    reference of the song's \"sex-crazed lyrics\".", "#text": "Stylus"}], "#text": "Adam Graham of"}, {"i": [{"#tail": "magazine review of the album, contributor Katy\n    Kroll wrote that Timberlake \"claims to be bringing 'sexy' back\n    to pop music, and indeed he is. You can almost feel beads of\n    sweat rolling off the title track and 'SexyBack' featuring\n    Timbaland\". Chris Willman of", "#text": "Billboard"}, {"#tail": "was complimentary towards Timbaland,\n    producer of the song, writing that Timbaland offers \"tougher,\n    trickier rhythms, minimal live playing, a plethora of hip-hop\n    cameos, and a self-consciously hard, edgy club sensibility\" to\n    \"SexyBack\". Russell Baillie of", "#text": "Entertainment Weekly"}, {"#tail": "noted, \"The producer's angular\n    synthesizer crunch is all over it \u2013 at best on the single\n    'SexyBack' where they dispense with a chorus, leaving the song\n    sustained by its vocal fireworks, electrofunk and Timberland's\n    repeated declaration that 'I'm bringing sexy back.", "#text": "The New Zealand Herald"}, {"#tail": "wrote that the song was a \"raunchy club banger\n    that slyly suppresses\" Timberlake's customary falsetto. He\n    continues, \"it's introduced a new phrase into the pop cultural\n    lexicon\". Glenn Gamboa of", "#text": "The Age"}, {"#tail": "was complimentary towards the song, writing that\n    it was \"Timberlake at his best, mainstreaming a combination of\n    the wild, edgy dance-pop style of Basement Jaxx with Missy\n    Elliott's more experimental hip-hop to create a boldly\n    inventive sound that still pleases the masses.\"", "#text": "Newsday"}], "#text": "In the", "span": {"#tail": "\" PopMatters'\n    contributor Quentin B. Huff wrote that \"SexyBack\" was the\n    \"fraternal twin\" to Nelly Furtado's 2006 song \"Promiscuous\".\n    Andrew Murfett of", "#text": "'"}}, {"i": [{"#tail": "wrote: \"...'SexyBack', a twitchy,\n    emaciated track that shot to the top of the charts and also\n    became an irritating catchphrase. (Suddenly everyone was\n    bringing AdjectiveBack.)\" Dagny Salas of", "#text": "The New York Times"}, {"#tail": "commented that Timberlake and\n    Timbaland trade ridiculous lines, with \"Get your sexy on/Go\n    ahead, be gone with it\" and \"Dirty babe/You see these\n    shackles/Baby I\u2019m your slave/I\u2019ll let you whip me if I\n    misbehave.\" Salas continued in her review that it was not a\n    song that should be good, \"but does that really matter when\n    it\u2019s Good in the way that songs are during the summer [...]\n    That kind of good makes songs like 'SexyBack' completely\n    irresistible.\" Matt Burns of", "#text": "North by Northwestern"}, {"#tail": "wrote, \"Take the polarizing summer single\n    'SexyBack', a repetitive song with little structure that\n    doesn't know when to stop, all centered on a ridiculous\n    declaration. Somehow, it works.\"", "#text": "The Post"}, {"#tail": "'s Michael Greenwald reported that\n    \"SexyBack\" was \"lyrically, musically and vocally the weakest\n    song\" on the album. A writer of", "#text": "The Diamondback"}, {"#tail": "was not impressed with the\n    song and concluded, with", "#text": "The State Journal-Register"}, {"#tail": "'s No. 1 since 'Hollaback Girl'\". Guy Blackman\n    of", "#text": "Billboard"}, {"#tail": "wrote: \"The distorted vocals and stilted\n    production of first single 'Sexyback' make Timberlake's claim\n    to be 'bringing sexy back'\u00a0... seem almost laughable.\"", "#text": "The Sunday Age"}, {"#tail": "put it on its end-of-the-decade,\n    \"best-of\" list, saying, \"Justin Timberlake We didn't even know\n    that sexy was missing until 2006. We're just happy Justin\n    brought it back safe and sound.\"", "#text": "Entertainment Weekly"}], "#text": "Kelefa Sanneh of", "span": {"#tail": "'SexyBack' is the\n    most annoyingly dumb song to hit", "#text": "\""}}, "Upon the song's release, it received divided opinions, which\n    pleased Timberlake. \"This is such a departure from the first\n    record,\" said Timberlake. \"More people might like it, less\n    people might like it, but you can't call me a chicken.\"\n    Timberlake performed \"SexyBack\" and \"My Love\" as a medley for\n    the opening of the 2006 MTV Video Music Awards. In addition, he\n    performed the song at the Victoria's Secret Fashion Show. The\n    song won the People's Choice Award for Favorite R&B song at\n    the 2007 awards ceremony. At the 49th Grammy Awards, \"SexyBack\"\n    won a Grammy Award in the category of Best Dance Recording. At\n    the 2007 MTV Video Music Awards, Timberlake won Male Artist of\n    the Year for \"SexyBack\", \"Let Me Talk To You / My Love\", and\n    \"What Goes Around.../...Comes Around\".", {"i": [{"#tail": "Hot 100 from his", "#text": "Billboard"}, {"#tail": "album. The single spent seven\n    consecutive weeks at the number one position on the Hot 100. In\n    addition to the Hot 100, \"SexyBack\" also topped the following", "#text": "Futuresex/Lovesounds"}, {"#tail": "charts: Hot Dance Airplay, Hot Dance Club Play,\n    Hot Dance Singles Sales, Pop 100 Airplay, Pop 100, and Top 40\n    Mainstream mainstream charts. \"SexyBack\" was certified\n    three-times Platinum by the Recording Industry Association of\n    America (RIAA). This song made the then-seventh-biggest jump to\n    number one in the", "#text": "Billboard"}, {"#tail": "Hot 100 history, climbing thirty spots from\n    number 31 landing it at the summit of the chart on September 9,\n    2006. In a Nielsen SoundScan report, the song sold 250,000 as a\n    digital download.", "#text": "Billboard"}], "#text": "\"SexyBack\" was commercially successful in the United States.\n    The single debuted at number 90 in July 2006, on the Hot 100.\n    From number 31, it propelled to number one the following week.\n    \"SexyBack\" became Timberlake's first consecutive number one hit\n    on the"}, "In the United Kingdom, \"SexyBack\" debuted at number 13 on\n    the UK Singles Chart based solely on download sales one week\n    prior to its physical release, and ascended to the top of the\n    chart the following week, becoming Timberlake's first UK number\n    one single. On the Australian ARIA Charts, \"SexyBack\" debuted\n    at number one and spent two consecutive weeks at the top\n    becoming Timberlake's second number one single there (after\n    \"Rock Your Body\" reached the summit in 2003), and has been\n    certified two-times Platinum by ARIA Charts. Also, in Canada\n    and Austria, the single has peaked at number three and number\n    five respectively, becoming his most successful single tied\n    with his third released single \"What Goes Around.../...Comes\n    Around\" in both nations. It has also been certified six-times\n    Platinum in Canada.", "In Sweden, \"SexyBack\" peaked at number four, while in France\n    it peaked at number eight becoming Timberlake's first top ten\n    hit from the album, and would later score two more top ten\n    singles with \"My Love\" and \"What Goes Around.../...Comes\n    Around\". The song has also peaked at number one in Germany,\n    Ireland, New Zealand and Norway, and has peaked at number two\n    in Switzerland and Belgium.", "The music video for \"SexyBack\" was directed by Michael\n    Haussman and features Spanish actress Elena Anaya. The video\n    was filmed in June 2006 and shot in a luxury building in\n    Barcelona, Spain. In discussion of the video filmed in\n    Barcelona, Timberlake said: \"Obviously we went for the\n    architecture, the exteriors, the interiors \u2014 the vibe in Spain\n    is different than anywhere else in the world. It's so cool to\n    shoot there, but the girls are also pretty hot, so that doesn't\n    hurt either.\"", {"i": {"#tail": "on July 25, 2006.", "#text": "Making the Video"}, "#text": "Timberlake decided to work with director Michael Haussman,\n    following his work on Madonna's 1994 music video for \"Take a\n    Bow\". \"It's one of my favorite videos Madonna's ever done,\"\n    Timberlake said. \"Even today, I still remember the visuals, the\n    images, how he captured her. A lot of times, Madonna seems like\n    she's the person in control, and in that video, she seemed\n    vulnerable. It was a cool thing to see.\" The video was first\n    shown on MTV's"}, "The video starts off with a cable car looking over a large\n    city (Barcelona, from the West looking East) and switches to a\n    luxurious-looking hotel in Pla\u00e7a de Catalunya with Elena Anaya\n    taking off her sweater. It then cuts to Timberlake in a\n    different room; then to a club scene and Timberlake in front of\n    a white background. The video alternates between those four\n    viewpoints, with Timberlake and Anaya seeming to be spies in\n    the hotel room and strangers in the club. At a certain point,\n    Timberlake goes over to Anaya's room by jumping over to her\n    balcony. Then when Anaya goes to check it out, Timberlake traps\n    her and they have sex. In the club, it ends with Timberlake\n    cornering Anaya in a bathroom stall. In the hotel room scene,\n    Timberlake leaves by the same way he entered and moments later\n    jumps back to the balcony before an explosion ensues. It ends\n    with the figure of Anaya sitting in a chair beside a small\n    television in which a kiss is frozen on the screen.", {"i": {"#tail": "by American rock band Poison. British soul\n    singer Corinne Bailey Rae recorded a jazz/swing version whilst\n    appearing on BBC Radio 1's Live Lounge in 2007.", "#text": "Poison'd!"}, "#text": "The indie rock band Rock Plaza Central, favored by Pitchfork\n    Media, gained attention for their radically different cover of\n    \"SexyBack\", with brass-and-banjo roots-rock stylings. It was\n    released as a promotional single and a bonus track on the\n    Wal-Mart version of the 2007 cover album"}, "UK CD1", "UK CD1", "CD Single", "CD - Dance Mixes"]}, "artist": "Justin Timberlake", "lengths": {"length": "4:02 (Album version)"}, "title": "SexyBack", "label": "Jive", "producers": {"producer": ["Timbaland", "Justin Timberlake", "Danja"]}, "released": "July 7, 2006 \u00a0(2006-07-07)", "writers": {"writer": ["Justin Timberlake", "Timbaland", "Nate \"Danja\" Hills"]}, "formats": {"format": ["Digital download", "CD single"]}, "weeks": {"week": ["2006-09-09", "2006-09-16", "2006-09-23", "2006-09-30", "2006-10-07", "2006-10-14", "2006-10-21"]}}}